ISO-10303-21;
HEADER;
FILE_DESCRIPTION (( 'STEP AP214' ),
    '1' );
FILE_NAME ('PJ-320D-A.STEP',
    '2023-01-26T11:02:56',
    ( '' ),
    ( '' ),
    'SwSTEP 2.0',
    'SolidWorks 2021',
    '' );
FILE_SCHEMA (( 'AUTOMOTIVE_DESIGN' ));
ENDSEC;

DATA;
#1 = FILL_AREA_STYLE ('',( #1394 ) ) ;
#2 = CARTESIAN_POINT ( 'NONE',  ( 2.649999999999999911, 2.499999977648260430, -3.050000000000000266 ) ) ;
#3 = DIRECTION ( 'NONE',  ( 0.000000000000000000, 0.000000000000000000, 1.000000000000000000 ) ) ;
#4 = DIRECTION ( 'NONE',  ( 0.000000000000000000, 1.000000000000000000, -2.220446049250315053E-16 ) ) ;
#5 = AXIS2_PLACEMENT_3D ( 'NONE', #444, #437, #1218 ) ;
#6 = EDGE_CURVE ( 'NONE', #1753, #23, #492, .T. ) ;
#7 = VECTOR ( 'NONE', #578, 999.9999999999998863 ) ;
#8 = VECTOR ( 'NONE', #383, 1000.000000000000000 ) ;
#9 = VECTOR ( 'NONE', #1496, 1000.000000000000000 ) ;
#10 = FACE_OUTER_BOUND ( 'NONE', #1809, .T. ) ;
#11 =( GEOMETRIC_REPRESENTATION_CONTEXT ( 3 ) GLOBAL_UNCERTAINTY_ASSIGNED_CONTEXT ( ( #1203 ) ) GLOBAL_UNIT_ASSIGNED_CONTEXT ( ( #1330, #1603, #1161 ) ) REPRESENTATION_CONTEXT ( 'NONE', 'WORKASPACE' ) );
#12 = DIRECTION ( 'NONE',  ( 0.000000000000000000, -1.000000000000000000, 0.000000000000000000 ) ) ;
#13 = LINE ( 'NONE', #644, #1939 ) ;
#14 = VECTOR ( 'NONE', #1137, 1000.000000000000000 ) ;
#15 = EDGE_LOOP ( 'NONE', ( #1335, #850, #846 ) ) ;
#16 = LINE ( 'NONE', #1904, #332 ) ;
#17 = ADVANCED_FACE ( 'NONE', ( #254 ), #1367, .T. ) ;
#18 = ORIENTED_EDGE ( 'NONE', *, *, #71, .T. ) ;
#19 = CARTESIAN_POINT ( 'NONE',  ( -0.3499999999999999778, 0.000000000000000000, 8.673617379884030542E-16 ) ) ;
#20 = DIRECTION ( 'NONE',  ( 0.000000000000000000, -1.000000000000000000, 2.220446049250315546E-16 ) ) ;
#21 = CARTESIAN_POINT ( 'NONE',  ( 2.649999999999999911, -1.490116125109352103E-08, -3.050000000000000266 ) ) ;
#22 = CARTESIAN_POINT ( 'NONE',  ( -6.049999999999999822, 7.000000000000000000, 3.050000000000000266 ) ) ;
#23 = VERTEX_POINT ( 'NONE', #1996 ) ;
#24 = AXIS2_PLACEMENT_3D ( 'NONE', #1903, #1123, #331 ) ;
#25 = DIRECTION ( 'NONE',  ( 0.000000000000000000, 1.000000000000000000, -2.220446049250315053E-16 ) ) ;
#26 = AXIS2_PLACEMENT_3D ( 'NONE', #319, #175, #1704 ) ;
#27 = LINE ( 'NONE', #1748, #404 ) ;
#28 = ADVANCED_FACE ( 'NONE', ( #1079 ), #898, .F. ) ;
#29 = SURFACE_STYLE_FILL_AREA ( #696 ) ;
#30 = DIRECTION ( 'NONE',  ( 0.000000000000000000, -1.000000000000000000, 0.000000000000000000 ) ) ;
#31 = DIRECTION ( 'NONE',  ( 0.000000000000000000, 0.000000000000000000, -1.000000000000000000 ) ) ;
#32 = ORIENTED_EDGE ( 'NONE', *, *, #110, .F. ) ;
#33 = PRODUCT ( 'PJ-320D-A', 'PJ-320D-A', '', ( #1001 ) ) ;
#34 = CARTESIAN_POINT ( 'NONE',  ( 4.750000000000000000, 0.000000000000000000, 2.000000134110449856 ) ) ;
#35 = LINE ( 'NONE', #185, #828 ) ;
#36 = ORIENTED_EDGE ( 'NONE', *, *, #1402, .T. ) ;
#37 = EDGE_LOOP ( 'NONE', ( #251, #520, #380, #392 ) ) ;
#38 = VECTOR ( 'NONE', #1912, 1000.000000000000000 ) ;
#39 = PLANE ( 'NONE',  #1175 ) ;
#40 =( LENGTH_UNIT ( ) NAMED_UNIT ( * ) SI_UNIT ( .MILLI., .METRE. ) );
#41 = EDGE_CURVE ( 'NONE', #1705, #1299, #918, .T. ) ;
#42 = VECTOR ( 'NONE', #684, 1000.000000000000000 ) ;
#43 = MANIFOLD_SOLID_BREP ( 'NONE', #1383 ) ;
#44 = VECTOR ( 'NONE', #943, 1000.000000000000114 ) ;
#45 = CARTESIAN_POINT ( 'NONE',  ( -7.849999999978259702, -0.3000000000433820091, 9.339751194755460751E-16 ) ) ;
#46 = EDGE_CURVE ( 'NONE', #584, #182, #2016, .T. ) ;
#47 = AXIS2_PLACEMENT_3D ( 'NONE', #2019, #1243, #1869 ) ;
#48 = ORIENTED_EDGE ( 'NONE', *, *, #1681, .T. ) ;
#49 = DIRECTION ( 'NONE',  ( -1.000000000000000000, 0.000000000000000000, 0.000000000000000000 ) ) ;
#50 = DIRECTION ( 'NONE',  ( 0.000000000000000000, -1.000000000000000000, 2.220446049250315053E-16 ) ) ;
#51 = VERTEX_POINT ( 'NONE', #1241 ) ;
#52 = CARTESIAN_POINT ( 'NONE',  ( -4.349999999999999645, 0.000000000000000000, 8.673617379884030542E-16 ) ) ;
#53 = MANIFOLD_SOLID_BREP ( 'NONE', #661 ) ;
#54 = CARTESIAN_POINT ( 'NONE',  ( -3.350000000000000089, -1.490116125109352103E-08, -3.050000000000000266 ) ) ;
#55 = CARTESIAN_POINT ( 'NONE',  ( -1.000000000000000000, 5.000000000000000000, -3.050000000000000266 ) ) ;
#56 = ORIENTED_EDGE ( 'NONE', *, *, #1862, .T. ) ;
#57 = EDGE_CURVE ( 'NONE', #1160, #413, #1733, .T. ) ;
#58 = DIRECTION ( 'NONE',  ( 0.000000000000000000, 0.000000000000000000, 1.000000000000000000 ) ) ;
#59 = VECTOR ( 'NONE', #471, 1000.000000000000000 ) ;
#60 = ORIENTED_EDGE ( 'NONE', *, *, #1922, .T. ) ;
#61 = AXIS2_PLACEMENT_3D ( 'NONE', #280, #1665, #248 ) ;
#62 = EDGE_CURVE ( 'NONE', #1962, #1753, #340, .T. ) ;
#63 = AXIS2_PLACEMENT_3D ( 'NONE', #710, #1619, #1007 ) ;
#64 = DIRECTION ( 'NONE',  ( 0.000000000000000000, -1.000000000000000000, 2.220446049250315053E-16 ) ) ;
#65 = DIRECTION ( 'NONE',  ( 0.000000000000000000, -1.000000000000000000, 0.000000000000000000 ) ) ;
#66 = LINE ( 'NONE', #1752, #1741 ) ;
#67 = VERTEX_POINT ( 'NONE', #161 ) ;
#68 = EDGE_CURVE ( 'NONE', #1974, #429, #177, .T. ) ;
#69 = DIRECTION ( 'NONE',  ( -1.000000000000000000, 0.000000000000000000, 0.000000000000000000 ) ) ;
#70 = PLANE ( 'NONE',  #233 ) ;
#71 = EDGE_CURVE ( 'NONE', #1057, #182, #1568, .T. ) ;
#72 = ORIENTED_EDGE ( 'NONE', *, *, #284, .F. ) ;
#73 = ORIENTED_EDGE ( 'NONE', *, *, #1111, .T. ) ;
#74 = EDGE_CURVE ( 'NONE', #1248, #230, #938, .T. ) ;
#75 = DIRECTION ( 'NONE',  ( 1.000000000000000000, 0.000000000000000000, 0.000000000000000000 ) ) ;
#76 = VECTOR ( 'NONE', #313, 1000.000000000000000 ) ;
#77 = ORIENTED_EDGE ( 'NONE', *, *, #1681, .F. ) ;
#78 = DIRECTION ( 'NONE',  ( -1.000000000000000000, 0.000000000000000000, 0.000000000000000000 ) ) ;
#79 = CIRCLE ( 'NONE', #998, 0.3750000000000000000 ) ;
#80 = LINE ( 'NONE', #1645, #602 ) ;
#81 = CARTESIAN_POINT ( 'NONE',  ( -6.049999999999999822, 2.168404344971009854E-16, 1.260952021291850134 ) ) ;
#82 = ORIENTED_EDGE ( 'NONE', *, *, #1033, .T. ) ;
#83 = PRODUCT_DEFINITION_FORMATION_WITH_SPECIFIED_SOURCE ( 'ANY', '', #220, .NOT_KNOWN. ) ;
#84 = DIRECTION ( 'NONE',  ( 0.000000000000000000, -1.000000000000000000, 2.220446049250315053E-16 ) ) ;
#85 = VERTEX_POINT ( 'NONE', #1883 ) ;
#86 = ORIENTED_EDGE ( 'NONE', *, *, #776, .T. ) ;
#87 = EDGE_CURVE ( 'NONE', #195, #872, #166, .T. ) ;
#88 = ORIENTED_EDGE ( 'NONE', *, *, #1378, .F. ) ;
#89 = PLANE ( 'NONE',  #2029 ) ;
#90 = DIRECTION ( 'NONE',  ( 0.000000000000000000, -2.220446049250315053E-16, -1.000000000000000000 ) ) ;
#91 = ORIENTED_EDGE ( 'NONE', *, *, #1743, .F. ) ;
#92 = FACE_OUTER_BOUND ( 'NONE', #1944, .T. ) ;
#93 = VERTEX_POINT ( 'NONE', #1114 ) ;
#94 = VECTOR ( 'NONE', #667, 1000.000000000000000 ) ;
#95 = VERTEX_POINT ( 'NONE', #1734 ) ;
#96 = PLANE ( 'NONE',  #1412 ) ;
#97 = EDGE_CURVE ( 'NONE', #1710, #525, #1745, .T. ) ;
#98 = CARTESIAN_POINT ( 'NONE',  ( -6.049999999999999822, 0.000000000000000000, 8.673617379884030542E-16 ) ) ;
#99 = ORIENTED_EDGE ( 'NONE', *, *, #1354, .T. ) ;
#100 = ADVANCED_FACE ( 'NONE', ( #2034 ), #489, .T. ) ;
#101 =( LENGTH_UNIT ( ) NAMED_UNIT ( * ) SI_UNIT ( .MILLI., .METRE. ) );
#102 = DIRECTION ( 'NONE',  ( 0.000000000000000000, 1.000000000000000000, -2.220446049250315053E-16 ) ) ;
#103 = ORIENTED_EDGE ( 'NONE', *, *, #690, .F. ) ;
#104 = EDGE_LOOP ( 'NONE', ( #1320, #1874, #1312, #1942 ) ) ;
#105 = LINE ( 'NONE', #1803, #8 ) ;
#106 = ADVANCED_FACE ( 'NONE', ( #1438 ), #1876, .F. ) ;
#107 = DIRECTION ( 'NONE',  ( 0.000000000000000000, 0.000000000000000000, -1.000000000000000000 ) ) ;
#108 = VERTEX_POINT ( 'NONE', #498 ) ;
#109 = CARTESIAN_POINT ( 'NONE',  ( 5.750000000000000000, 0.2500000000000000000, 2.000000134110449856 ) ) ;
#110 = EDGE_CURVE ( 'NONE', #1090, #1327, #626, .T. ) ;
#111 = CYLINDRICAL_SURFACE ( 'NONE', #1088, 0.3750000000000000000 ) ;
#112 = VECTOR ( 'NONE', #1928, 1000.000000000000000 ) ;
#113 = ORIENTED_EDGE ( 'NONE', *, *, #159, .T. ) ;
#114 = ORIENTED_EDGE ( 'NONE', *, *, #1271, .F. ) ;
#115 = AXIS2_PLACEMENT_3D ( 'NONE', #2036, #1091, #1711 ) ;
#116 = ORIENTED_EDGE ( 'NONE', *, *, #421, .T. ) ;
#117 = EDGE_CURVE ( 'NONE', #1705, #1300, #973, .T. ) ;
#118 = PLANE ( 'NONE',  #1650 ) ;
#119 = CARTESIAN_POINT ( 'NONE',  ( 2.550000000000000266, -0.6999999999999999556, 6.705523029199020453E-08 ) ) ;
#120 = DIRECTION ( 'NONE',  ( 0.000000000000000000, 0.000000000000000000, 1.000000000000000000 ) ) ;
#121 = ORIENTED_EDGE ( 'NONE', *, *, #1402, .F. ) ;
#122 = EDGE_CURVE ( 'NONE', #1329, #1821, #458, .T. ) ;
#123 = DIRECTION ( 'NONE',  ( -1.000000000000000000, 0.000000000000000000, 0.000000000000000000 ) ) ;
#124 = APPLICATION_CONTEXT ( 'automotive_design' ) ;
#125 = ORIENTED_EDGE ( 'NONE', *, *, #1004, .T. ) ;
#126 = PLANE ( 'NONE',  #885 ) ;
#127 = CARTESIAN_POINT ( 'NONE',  ( -0.3499999999999999778, 2.499999977648260430, -3.050000000000000266 ) ) ;
#128 = DIRECTION ( 'NONE',  ( 0.000000000000000000, -1.000000000000000000, 2.220446049250315053E-16 ) ) ;
#129 = CARTESIAN_POINT ( 'NONE',  ( -4.450000000000000178, -0.5999999999999999778, 0.3750000670552305349 ) ) ;
#130 = LINE ( 'NONE', #1672, #1933 ) ;
#131 = AXIS2_PLACEMENT_3D ( 'NONE', #365, #1636, #31 ) ;
#132 = EDGE_CURVE ( 'NONE', #1256, #429, #637, .T. ) ;
#133 = STYLED_ITEM ( 'NONE', ( #1058 ), #43 ) ;
#134 = EDGE_CURVE ( 'NONE', #1100, #1256, #483, .T. ) ;
#135 = ORIENTED_EDGE ( 'NONE', *, *, #1970, .T. ) ;
#136 = LINE ( 'NONE', #296, #970 ) ;
#137 =( LENGTH_UNIT ( ) NAMED_UNIT ( * ) SI_UNIT ( .MILLI., .METRE. ) );
#138 = LINE ( 'NONE', #2002, #766 ) ;
#139 = DIRECTION ( 'NONE',  ( -1.000000000000000000, 0.000000000000000000, 0.000000000000000000 ) ) ;
#140 = ORIENTED_EDGE ( 'NONE', *, *, #971, .T. ) ;
#141 = VECTOR ( 'NONE', #623, 1000.000000000000000 ) ;
#142 = DIRECTION ( 'NONE',  ( -1.000000000000000000, 0.000000000000000000, 0.000000000000000000 ) ) ;
#143 = PRODUCT_DEFINITION_FORMATION_WITH_SPECIFIED_SOURCE ( 'ANY', '', #33, .NOT_KNOWN. ) ;
#144 = ORIENTED_EDGE ( 'NONE', *, *, #625, .F. ) ;
#145 = DIRECTION ( 'NONE',  ( -0.000000000000000000, 1.000000000000000000, 0.000000000000000000 ) ) ;
#146 = ADVANCED_FACE ( 'NONE', ( #1577 ), #1430, .F. ) ;
#147 = PLANE ( 'NONE',  #1982 ) ;
#148 = CARTESIAN_POINT ( 'NONE',  ( 2.649999999999999911, -1.000000000000000000, -3.050000000000000266 ) ) ;
#149 = LINE ( 'NONE', #1396, #1185 ) ;
#150 = DIRECTION ( 'NONE',  ( -1.000000000000000000, 0.000000000000000000, 0.000000000000000000 ) ) ;
#151 = DIRECTION ( 'NONE',  ( 0.000000000000000000, 0.000000000000000000, -1.000000000000000000 ) ) ;
#152 = VERTEX_POINT ( 'NONE', #658 ) ;
#153 = DIRECTION ( 'NONE',  ( 1.000000000000000000, 0.000000000000000000, 0.000000000000000000 ) ) ;
#154 = ADVANCED_FACE ( 'NONE', ( #838, #1776, #1020 ), #1487, .T. ) ;
#155 = ADVANCED_FACE ( 'NONE', ( #1168 ), #1297, .T. ) ;
#156 = MECHANICAL_DESIGN_GEOMETRIC_PRESENTATION_REPRESENTATION (  '', ( #133 ), #486 ) ;
#157 = CARTESIAN_POINT ( 'NONE',  ( -6.049999999999999822, 0.000000000000000000, 8.673617379884030542E-16 ) ) ;
#158 = PLANE ( 'NONE',  #1060 ) ;
#159 = EDGE_CURVE ( 'NONE', #1327, #1462, #526, .T. ) ;
#160 = AXIS2_PLACEMENT_3D ( 'NONE', #511, #1129, #1615 ) ;
#161 = CARTESIAN_POINT ( 'NONE',  ( 2.550000000000000266, 1.500000000000000000, 3.050000000000000266 ) ) ;
#162 = DIRECTION ( 'NONE',  ( 0.000000000000000000, -1.000000000000000000, 2.220446049250315053E-16 ) ) ;
#163 = CYLINDRICAL_SURFACE ( 'NONE', #1200, 0.3750000000000000000 ) ;
#164 = ORIENTED_EDGE ( 'NONE', *, *, #639, .T. ) ;
#165 = EDGE_CURVE ( 'NONE', #853, #1090, #1630, .T. ) ;
#166 = LINE ( 'NONE', #1410, #414 ) ;
#167 = CARTESIAN_POINT ( 'NONE',  ( -3.350000000000000089, 0.000000000000000000, -3.250000000000000000 ) ) ;
#168 = AXIS2_PLACEMENT_3D ( 'NONE', #1439, #324, #1717 ) ;
#169 = VECTOR ( 'NONE', #1751, 999.9999999999998863 ) ;
#170 = AXIS2_PLACEMENT_3D ( 'NONE', #920, #1699, #1424 ) ;
#171 = AXIS2_PLACEMENT_3D ( 'NONE', #1969, #1850, #2011 ) ;
#172 = CARTESIAN_POINT ( 'NONE',  ( -2.350000000000000089, 0.000000000000000000, -2.000000000000000000 ) ) ;
#173 = CARTESIAN_POINT ( 'NONE',  ( -6.049999999999999822, 4.299999999999999822, 1.330063606572921990E-16 ) ) ;
#174 = CARTESIAN_POINT ( 'NONE',  ( -6.049999999999999822, -1.000000000000000000, -3.050000000000000266 ) ) ;
#175 = DIRECTION ( 'NONE',  ( 0.000000000000000000, -2.220446049250315053E-16, -1.000000000000000000 ) ) ;
#176 = ORIENTED_EDGE ( 'NONE', *, *, #531, .T. ) ;
#177 = LINE ( 'NONE', #1135, #548 ) ;
#178 = EDGE_CURVE ( 'NONE', #381, #195, #439, .T. ) ;
#179 = CARTESIAN_POINT ( 'NONE',  ( 4.150000000000000355, 0.000000000000000000, -3.250000000000000000 ) ) ;
#180 = DIRECTION ( 'NONE',  ( 0.000000000000000000, -1.000000000000000000, 0.000000000000000000 ) ) ;
#181 = DIRECTION ( 'NONE',  ( 0.000000000000000000, 1.000000000000000000, -2.220446049250315053E-16 ) ) ;
#182 = VERTEX_POINT ( 'NONE', #996 ) ;
#183 = AXIS2_PLACEMENT_3D ( 'NONE', #1852, #1994, #120 ) ;
#184 = DIRECTION ( 'NONE',  ( -1.000000000000000000, 0.000000000000000000, 0.000000000000000000 ) ) ;
#185 = CARTESIAN_POINT ( 'NONE',  ( 6.049999999999999822, 0.000000000000000000, -3.050000000000000266 ) ) ;
#186 = ORIENTED_EDGE ( 'NONE', *, *, #74, .T. ) ;
#187 = DIRECTION ( 'NONE',  ( 1.000000000000000000, 0.000000000000000000, 0.000000000000000000 ) ) ;
#188 = CONTEXT_DEPENDENT_SHAPE_REPRESENTATION ( #2017, #1655 ) ;
#189 = EDGE_CURVE ( 'NONE', #892, #108, #1622, .T. ) ;
#190 = LINE ( 'NONE', #1140, #221 ) ;
#191 = LINE ( 'NONE', #1960, #767 ) ;
#192 = CARTESIAN_POINT ( 'NONE',  ( -6.049999999999999822, 5.299999999999999822, 3.342643564699624859E-17 ) ) ;
#193 = VERTEX_POINT ( 'NONE', #712 ) ;
#194 = CARTESIAN_POINT ( 'NONE',  ( 4.750000000000000000, 0.2500000000000000000, 2.000000134110449856 ) ) ;
#195 = VERTEX_POINT ( 'NONE', #1954 ) ;
#196 = SHAPE_REPRESENTATION ( 'PJ-320D-A', ( #640 ), #532 ) ;
#197 = ORIENTED_EDGE ( 'NONE', *, *, #293, .T. ) ;
#198 = VECTOR ( 'NONE', #1993, 1000.000000000000000 ) ;
#199 = DIRECTION ( 'NONE',  ( 0.000000000000000000, 0.000000000000000000, 1.000000000000000000 ) ) ;
#200 = VECTOR ( 'NONE', #263, 1000.000000000000000 ) ;
#201 = VERTEX_POINT ( 'NONE', #678 ) ;
#202 = EDGE_CURVE ( 'NONE', #1690, #1160, #388, .T. ) ;
#203 = VECTOR ( 'NONE', #1117, 1000.000000000000000 ) ;
#204 = DIRECTION ( 'NONE',  ( 0.000000000000000000, 0.000000000000000000, -1.000000000000000000 ) ) ;
#205 = LINE ( 'NONE', #1595, #2006 ) ;
#206 = VERTEX_POINT ( 'NONE', #1797 ) ;
#207 = ADVANCED_FACE ( 'NONE', ( #537 ), #1632, .T. ) ;
#208 = CARTESIAN_POINT ( 'NONE',  ( -6.049999999999999822, 0.6999999999999999556, 7.119305145408819865E-16 ) ) ;
#209 = DIRECTION ( 'NONE',  ( -1.000000000000000000, 0.000000000000000000, 0.000000000000000000 ) ) ;
#210 = ORIENTED_EDGE ( 'NONE', *, *, #1407, .T. ) ;
#211 = APPLICATION_PROTOCOL_DEFINITION ( 'draft international standard', 'automotive_design', 1998, #568 ) ;
#212 = ORIENTED_EDGE ( 'NONE', *, *, #217, .F. ) ;
#213 = CARTESIAN_POINT ( 'NONE',  ( 4.150000000000000355, 0.000000000000000000, -2.000000000000000000 ) ) ;
#214 = DIRECTION ( 'NONE',  ( -0.7071067811865474617, -0.7071067811865474617, 1.570092458683773688E-16 ) ) ;
#215 = DIRECTION ( 'NONE',  ( 0.000000000000000000, 1.000000000000000000, 0.000000000000000000 ) ) ;
#216 = ORIENTED_EDGE ( 'NONE', *, *, #1770, .T. ) ;
#217 = EDGE_CURVE ( 'NONE', #482, #853, #688, .T. ) ;
#218 = CARTESIAN_POINT ( 'NONE',  ( 5.250000000000000000, 1.665334388045225044E-16, 4.000000067055225372 ) ) ;
#219 = ORIENTED_EDGE ( 'NONE', *, *, #1561, .F. ) ;
#220 = PRODUCT ( 'PJ-320D-A', 'PJ-320D-A', '', ( #1915 ) ) ;
#221 = VECTOR ( 'NONE', #214, 1000.000000000000114 ) ;
#222 = ORIENTED_EDGE ( 'NONE', *, *, #1145, .T. ) ;
#223 = DIRECTION ( 'NONE',  ( 0.000000000000000000, 2.220446049250315053E-16, 1.000000000000000000 ) ) ;
#224 = CARTESIAN_POINT ( 'NONE',  ( 4.750000000000000000, 0.000000000000000000, 2.000000134110449856 ) ) ;
#225 = CARTESIAN_POINT ( 'NONE',  ( -8.050000000041748649, 2.500000000000000000, 3.122502256758249812E-16 ) ) ;
#226 = CYLINDRICAL_SURFACE ( 'NONE', #131, 0.3750000000000000000 ) ;
#227 = ORIENTED_EDGE ( 'NONE', *, *, #1271, .T. ) ;
#228 = CARTESIAN_POINT ( 'NONE',  ( -2.350000000000000089, 0.000000000000000000, -2.000000000000000000 ) ) ;
#229 = CARTESIAN_POINT ( 'NONE',  ( -6.049999999999999822, 2.000000000000000000, 4.232725281383409803E-16 ) ) ;
#230 = VERTEX_POINT ( 'NONE', #1178 ) ;
#231 = EDGE_CURVE ( 'NONE', #1068, #616, #1963, .T. ) ;
#232 = VERTEX_POINT ( 'NONE', #816 ) ;
#233 = AXIS2_PLACEMENT_3D ( 'NONE', #229, #1089, #648 ) ;
#234 = ORIENTED_EDGE ( 'NONE', *, *, #1997, .T. ) ;
#235 = PLANE ( 'NONE',  #631 ) ;
#236 = DIRECTION ( 'NONE',  ( 0.000000000000000000, -1.000000000000000000, 2.220446049250315053E-16 ) ) ;
#237 = CIRCLE ( 'NONE', #1390, 0.2750000000000000222 ) ;
#238 = DIRECTION ( 'NONE',  ( 0.000000000000000000, 1.000000000000000000, -2.220446049250315053E-16 ) ) ;
#239 = VERTEX_POINT ( 'NONE', #228 ) ;
#240 = VECTOR ( 'NONE', #1340, 1000.000000000000000 ) ;
#241 = FACE_OUTER_BOUND ( 'NONE', #597, .T. ) ;
#242 = EDGE_LOOP ( 'NONE', ( #416, #1764, #911, #1030 ) ) ;
#243 = CARTESIAN_POINT ( 'NONE',  ( 3.550000000000000266, 2.499999977648260430, -3.050000000000000266 ) ) ;
#244 = EDGE_CURVE ( 'NONE', #584, #1462, #1447, .T. ) ;
#245 = ORIENTED_EDGE ( 'NONE', *, *, #980, .T. ) ;
#246 = EDGE_CURVE ( 'NONE', #108, #369, #949, .T. ) ;
#247 = VERTEX_POINT ( 'NONE', #1315 ) ;
#248 = DIRECTION ( 'NONE',  ( 0.000000000000000000, 0.000000000000000000, 1.000000000000000000 ) ) ;
#249 = UNCERTAINTY_MEASURE_WITH_UNIT (LENGTH_MEASURE( 1.000000000000000082E-05 ), #40, 'distance_accuracy_value', 'NONE');
#250 = DIRECTION ( 'NONE',  ( 0.000000000000000000, 0.000000000000000000, -1.000000000000000000 ) ) ;
#251 = ORIENTED_EDGE ( 'NONE', *, *, #415, .T. ) ;
#252 = DIRECTION ( 'NONE',  ( 0.000000000000000000, 0.000000000000000000, -1.000000000000000000 ) ) ;
#253 = ORIENTED_EDGE ( 'NONE', *, *, #942, .F. ) ;
#254 = FACE_OUTER_BOUND ( 'NONE', #1336, .T. ) ;
#255 = AXIS2_PLACEMENT_3D ( 'NONE', #446, #1207, #1240 ) ;
#256 = VECTOR ( 'NONE', #1381, 1000.000000000000000 ) ;
#257 = VERTEX_POINT ( 'NONE', #1010 ) ;
#258 = LINE ( 'NONE', #1370, #256 ) ;
#259 = EDGE_CURVE ( 'NONE', #1715, #919, #848, .T. ) ;
#260 = COLOUR_RGB ( '',1.000000000000000000, 0.8117647058823529438, 0.5019607843137254832 ) ;
#261 = DIRECTION ( 'NONE',  ( 0.000000000000000000, 1.000000000000000000, -2.220446049250315053E-16 ) ) ;
#262 = ORIENTED_EDGE ( 'NONE', *, *, #1502, .T. ) ;
#263 = DIRECTION ( 'NONE',  ( 0.000000000000000000, 0.000000000000000000, -1.000000000000000000 ) ) ;
#264 = DIRECTION ( 'NONE',  ( -1.000000000000000000, 0.000000000000000000, 0.000000000000000000 ) ) ;
#265 = ORIENTED_EDGE ( 'NONE', *, *, #1779, .T. ) ;
#266 = SURFACE_STYLE_FILL_AREA ( #1832 ) ;
#267 = EDGE_LOOP ( 'NONE', ( #546, #1485, #1964, #461 ) ) ;
#268 = CARTESIAN_POINT ( 'NONE',  ( -0.3499999999999999778, 0.000000000000000000, -2.000000000000000000 ) ) ;
#269 = CARTESIAN_POINT ( 'NONE',  ( -0.3499999999999999778, 0.000000000000000000, -3.250000000000000000 ) ) ;
#270 = VECTOR ( 'NONE', #128, 1000.000000000000000 ) ;
#271 = EDGE_CURVE ( 'NONE', #539, #1160, #450, .T. ) ;
#272 = EDGE_LOOP ( 'NONE', ( #1816, #1865, #396, #1002 ) ) ;
#273 = VECTOR ( 'NONE', #107, 1000.000000000000000 ) ;
#274 = DIRECTION ( 'NONE',  ( 0.000000000000000000, 1.000000000000000000, -2.220446049250315053E-16 ) ) ;
#275 = CARTESIAN_POINT ( 'NONE',  ( 4.049999999999999822, 5.000000000000000000, -2.428612866367529439E-16 ) ) ;
#276 = ORIENTED_EDGE ( 'NONE', *, *, #316, .F. ) ;
#277 = EDGE_CURVE ( 'NONE', #1057, #1090, #826, .T. ) ;
#278 = DIRECTION ( 'NONE',  ( -1.000000000000000000, 0.000000000000000000, 0.000000000000000000 ) ) ;
#279 = EDGE_LOOP ( 'NONE', ( #1631, #1205, #1011, #549 ) ) ;
#280 = CARTESIAN_POINT ( 'NONE',  ( -7.849999999978259702, 2.500000000000000000, 3.122502256758249812E-16 ) ) ;
#281 = CARTESIAN_POINT ( 'NONE',  ( -4.450000000000000178, 0.000000000000000000, 6.705523044742150474E-08 ) ) ;
#282 = DIRECTION ( 'NONE',  ( -1.000000000000000000, 0.000000000000000000, 0.000000000000000000 ) ) ;
#283 = DIRECTION ( 'NONE',  ( 0.000000000000000000, -1.000000000000000000, 0.000000000000000000 ) ) ;
#284 = EDGE_CURVE ( 'NONE', #989, #1786, #1930, .T. ) ;
#285 = ORIENTED_EDGE ( 'NONE', *, *, #1694, .T. ) ;
#286 = VECTOR ( 'NONE', #517, 1000.000000000000000 ) ;
#287 = DIRECTION ( 'NONE',  ( 1.000000000000000000, 0.000000000000000000, 0.000000000000000000 ) ) ;
#288 = FACE_OUTER_BOUND ( 'NONE', #1491, .T. ) ;
#289 = DIRECTION ( 'NONE',  ( 0.000000000000000000, 0.000000000000000000, -1.000000000000000000 ) ) ;
#290 = DIRECTION ( 'NONE',  ( 0.000000000000000000, -1.000000000000000000, 2.220446049250315053E-16 ) ) ;
#291 = VERTEX_POINT ( 'NONE', #410 ) ;
#292 = LINE ( 'NONE', #627, #76 ) ;
#293 = EDGE_CURVE ( 'NONE', #152, #1940, #1279, .T. ) ;
#294 = AXIS2_PLACEMENT_3D ( 'NONE', #402, #142, #1387 ) ;
#295 = ORIENTED_EDGE ( 'NONE', *, *, #1638, .T. ) ;
#296 = CARTESIAN_POINT ( 'NONE',  ( 0.1499999999999974132, -1.665334388045225044E-16, -3.999999932944775072 ) ) ;
#297 = DIRECTION ( 'NONE',  ( 1.000000000000000000, 0.000000000000000000, 0.000000000000000000 ) ) ;
#298 = ORIENTED_EDGE ( 'NONE', *, *, #74, .F. ) ;
#299 = VECTOR ( 'NONE', #939, 1000.000000000000000 ) ;
#300 = VECTOR ( 'NONE', #238, 1000.000000000000000 ) ;
#301 =( NAMED_UNIT ( * ) PLANE_ANGLE_UNIT ( ) SI_UNIT ( $, .RADIAN. ) );
#302 = CARTESIAN_POINT ( 'NONE',  ( 4.049999999999999822, 1.500000000000000000, 3.050000000000000266 ) ) ;
#303 = STYLED_ITEM ( 'NONE', ( #1127 ), #1990 ) ;
#304 = ADVANCED_FACE ( 'NONE', ( #1055 ), #111, .T. ) ;
#305 = VERTEX_POINT ( 'NONE', #742 ) ;
#306 = DIRECTION ( 'NONE',  ( 1.000000000000000000, 0.000000000000000000, 0.000000000000000000 ) ) ;
#307 = DIRECTION ( 'NONE',  ( 0.000000000000000000, 0.000000000000000000, -1.000000000000000000 ) ) ;
#308 = EDGE_CURVE ( 'NONE', #1212, #1482, #1695, .T. ) ;
#309 = DIRECTION ( 'NONE',  ( 0.000000000000000000, -1.000000000000000000, 2.220446049250315053E-16 ) ) ;
#310 = CARTESIAN_POINT ( 'NONE',  ( 4.049999999999999822, 5.000000000000000000, 3.050000000000000266 ) ) ;
#311 = CARTESIAN_POINT ( 'NONE',  ( 3.649999999999999911, 2.499999977648260430, -3.050000000000000266 ) ) ;
#312 = ORIENTED_EDGE ( 'NONE', *, *, #1493, .F. ) ;
#313 = DIRECTION ( 'NONE',  ( 0.000000000000000000, 0.000000000000000000, 1.000000000000000000 ) ) ;
#314 = DIRECTION ( 'NONE',  ( 0.000000000000000000, 0.000000000000000000, 1.000000000000000000 ) ) ;
#315 = SURFACE_STYLE_USAGE ( .BOTH. , #1730 ) ;
#316 = EDGE_CURVE ( 'NONE', #2007, #596, #1966, .T. ) ;
#317 = LINE ( 'NONE', #1112, #169 ) ;
#318 = AXIS2_PLACEMENT_3D ( 'NONE', #870, #1181, #1510 ) ;
#319 = CARTESIAN_POINT ( 'NONE',  ( -8.050000000041748649, -1.000000000000000000, 4.000000067055225372 ) ) ;
#320 = AXIS2_PLACEMENT_3D ( 'NONE', #1121, #1714, #1742 ) ;
#321 = EDGE_LOOP ( 'NONE', ( #295, #144, #1391, #986 ) ) ;
#322 = VECTOR ( 'NONE', #64, 1000.000000000000000 ) ;
#323 = DIRECTION ( 'NONE',  ( 0.000000000000000000, 1.000000000000000000, 0.000000000000000000 ) ) ;
#324 = DIRECTION ( 'NONE',  ( 1.000000000000000000, 0.000000000000000000, 0.000000000000000000 ) ) ;
#325 = DIRECTION ( 'NONE',  ( 0.000000000000000000, 0.000000000000000000, -1.000000000000000000 ) ) ;
#326 = LINE ( 'NONE', #962, #44 ) ;
#327 = DIRECTION ( 'NONE',  ( 0.000000000000000000, -1.000000000000000000, 2.220446049250315546E-16 ) ) ;
#328 = ADVANCED_FACE ( 'NONE', ( #721 ), #1085, .F. ) ;
#329 = PLANE ( 'NONE',  #26 ) ;
#330 = ORIENTED_EDGE ( 'NONE', *, *, #1765, .F. ) ;
#331 = DIRECTION ( 'NONE',  ( 0.000000000000000000, 1.000000000000000000, 0.000000000000000000 ) ) ;
#332 = VECTOR ( 'NONE', #1746, 1000.000000000000000 ) ;
#333 = VECTOR ( 'NONE', #204, 1000.000000000000000 ) ;
#334 = VECTOR ( 'NONE', #1191, 1000.000000000000000 ) ;
#335 = DIRECTION ( 'NONE',  ( -1.000000000000000000, 0.000000000000000000, 0.000000000000000000 ) ) ;
#336 = CARTESIAN_POINT ( 'NONE',  ( 2.550000000000000266, -0.6999999999999999556, 6.705523029199020453E-08 ) ) ;
#337 = DIRECTION ( 'NONE',  ( -1.000000000000000000, 0.000000000000000000, 0.000000000000000000 ) ) ;
#338 = ADVANCED_FACE ( 'NONE', ( #909 ), #604, .F. ) ;
#339 = ORIENTED_EDGE ( 'NONE', *, *, #763, .T. ) ;
#340 = LINE ( 'NONE', #947, #1341 ) ;
#341 = FACE_OUTER_BOUND ( 'NONE', #1611, .T. ) ;
#342 = ORIENTED_EDGE ( 'NONE', *, *, #1833, .T. ) ;
#343 = EDGE_CURVE ( 'NONE', #752, #646, #1219, .T. ) ;
#344 = CARTESIAN_POINT ( 'NONE',  ( -4.349999999999999645, 2.500000000000000000, -2.550000000000000266 ) ) ;
#345 = FACE_OUTER_BOUND ( 'NONE', #1061, .T. ) ;
#346 = CARTESIAN_POINT ( 'NONE',  ( -3.350000000000000089, 0.000000000000000000, -2.550000000000000266 ) ) ;
#347 = ORIENTED_EDGE ( 'NONE', *, *, #57, .F. ) ;
#348 = VECTOR ( 'NONE', #349, 1000.000000000000000 ) ;
#349 = DIRECTION ( 'NONE',  ( -1.000000000000000000, 0.000000000000000000, 0.000000000000000000 ) ) ;
#350 = CARTESIAN_POINT ( 'NONE',  ( 0.6500000000000000222, 0.2500000000000000000, -2.000000000000000000 ) ) ;
#351 = ORIENTED_EDGE ( 'NONE', *, *, #953, .T. ) ;
#352 = ORIENTED_EDGE ( 'NONE', *, *, #1087, .T. ) ;
#353 = EDGE_LOOP ( 'NONE', ( #1189, #219, #1559, #356 ) ) ;
#354 = CARTESIAN_POINT ( 'NONE',  ( -6.049999999999999822, 5.000000000000000000, -2.428612866367529439E-16 ) ) ;
#355 = CARTESIAN_POINT ( 'NONE',  ( 2.649999999999999911, 2.499999977648260430, -3.050000000000000266 ) ) ;
#356 = ORIENTED_EDGE ( 'NONE', *, *, #421, .F. ) ;
#357 = CARTESIAN_POINT ( 'NONE',  ( -2.850000000000000089, -1.665334388045225044E-16, -3.999999932944775072 ) ) ;
#358 = EDGE_LOOP ( 'NONE', ( #1633, #505, #1607, #48 ) ) ;
#359 =( GEOMETRIC_REPRESENTATION_CONTEXT ( 3 ) GLOBAL_UNCERTAINTY_ASSIGNED_CONTEXT ( ( #1858 ) ) GLOBAL_UNIT_ASSIGNED_CONTEXT ( ( #101, #409, #768 ) ) REPRESENTATION_CONTEXT ( 'NONE', 'WORKASPACE' ) );
#360 = VECTOR ( 'NONE', #544, 1000.000000000000000 ) ;
#361 = CARTESIAN_POINT ( 'NONE',  ( 3.649999999999999911, 0.000000000000000000, -2.000000000000000000 ) ) ;
#362 = SURFACE_SIDE_STYLE ('',( #29 ) ) ;
#363 = ADVANCED_FACE ( 'NONE', ( #92 ), #1683, .T. ) ;
#364 = LINE ( 'NONE', #1627, #360 ) ;
#365 = CARTESIAN_POINT ( 'NONE',  ( -4.450000000000000178, 0.000000000000000000, 6.705523044742150474E-08 ) ) ;
#366 = LINE ( 'NONE', #1952, #1817 ) ;
#367 = EDGE_LOOP ( 'NONE', ( #412, #1991, #968, #1921 ) ) ;
#368 = DIRECTION ( 'NONE',  ( 0.000000000000000000, -1.000000000000000000, 2.220446049250315053E-16 ) ) ;
#369 = VERTEX_POINT ( 'NONE', #1344 ) ;
#370 = ORIENTED_EDGE ( 'NONE', *, *, #1765, .T. ) ;
#371 = DIRECTION ( 'NONE',  ( 0.9999999999999998890, 0.000000000000000000, 1.915863722628293921E-08 ) ) ;
#372 = ORIENTED_EDGE ( 'NONE', *, *, #493, .F. ) ;
#373 = LINE ( 'NONE', #834, #2004 ) ;
#374 = CARTESIAN_POINT ( 'NONE',  ( -4.450000000000000178, -0.5999999999999999778, -0.3749999329447699647 ) ) ;
#375 = ADVANCED_FACE ( 'NONE', ( #400 ), #1981, .F. ) ;
#376 = ORIENTED_EDGE ( 'NONE', *, *, #1049, .F. ) ;
#377 = DIRECTION ( 'NONE',  ( -1.000000000000000000, 0.000000000000000000, 0.000000000000000000 ) ) ;
#378 = CARTESIAN_POINT ( 'NONE',  ( -4.349999999999999645, 2.500000000000000000, -3.050000000000000266 ) ) ;
#379 = AXIS2_PLACEMENT_3D ( 'NONE', #1067, #730, #2012 ) ;
#380 = ORIENTED_EDGE ( 'NONE', *, *, #1132, .T. ) ;
#381 = VERTEX_POINT ( 'NONE', #915 ) ;
#382 = VECTOR ( 'NONE', #290, 1000.000000000000000 ) ;
#383 = DIRECTION ( 'NONE',  ( 0.000000000000000000, -1.000000000000000000, 2.220446049250315053E-16 ) ) ;
#384 = LINE ( 'NONE', #354, #333 ) ;
#385 = ORIENTED_EDGE ( 'NONE', *, *, #1833, .F. ) ;
#386 = CLOSED_SHELL ( 'NONE', ( #1654, #207, #1481, #802, #754, #1985, #304, #1366, #1676, #1729, #1443, #1601, #787, #728, #375, #674, #146, #1257, #916, #588, #1368, #485, #106, #957, #338, #1063, #328, #1393, #1211, #154, #1019, #677, #1048, #1920, #100, #908, #28, #1591, #1709, #387, #1807, #1663, #519, #1009, #543 ) ) ;
#387 = ADVANCED_FACE ( 'NONE', ( #241 ), #419, .T. ) ;
#388 = LINE ( 'NONE', #1649, #1600 ) ;
#389 = ORIENTED_EDGE ( 'NONE', *, *, #217, .T. ) ;
#390 = VERTEX_POINT ( 'NONE', #1829 ) ;
#391 = VECTOR ( 'NONE', #1251, 1000.000000000000000 ) ;
#392 = ORIENTED_EDGE ( 'NONE', *, *, #822, .F. ) ;
#393 = DIRECTION ( 'NONE',  ( 0.000000000000000000, -1.000000000000000000, 2.220446049250315053E-16 ) ) ;
#394 = VECTOR ( 'NONE', #1373, 1000.000000000000000 ) ;
#395 = CARTESIAN_POINT ( 'NONE',  ( -2.850000000000000089, 0.000000000000000000, -3.250000000000000000 ) ) ;
#396 = ORIENTED_EDGE ( 'NONE', *, *, #1754, .T. ) ;
#397 = AXIS2_PLACEMENT_3D ( 'NONE', #540, #662, #75 ) ;
#398 = LINE ( 'NONE', #1363, #566 ) ;
#399 = EDGE_CURVE ( 'NONE', #997, #1646, #130, .T. ) ;
#400 = FACE_OUTER_BOUND ( 'NONE', #1589, .T. ) ;
#401 = ORIENTED_EDGE ( 'NONE', *, *, #1075, .T. ) ;
#402 = CARTESIAN_POINT ( 'NONE',  ( -7.849999999978259702, 2.500000000000000000, 3.122502256758249812E-16 ) ) ;
#403 = EDGE_CURVE ( 'NONE', #1300, #1646, #896, .T. ) ;
#404 = VECTOR ( 'NONE', #335, 1000.000000000000000 ) ;
#405 = ORIENTED_EDGE ( 'NONE', *, *, #928, .T. ) ;
#406 = FACE_OUTER_BOUND ( 'NONE', #1684, .T. ) ;
#407 = CARTESIAN_POINT ( 'NONE',  ( -8.050000000041748649, 5.099999999979900167, -2.650657471247930153E-16 ) ) ;
#408 = VERTEX_POINT ( 'NONE', #1844 ) ;
#409 =( NAMED_UNIT ( * ) PLANE_ANGLE_UNIT ( ) SI_UNIT ( $, .RADIAN. ) );
#410 = CARTESIAN_POINT ( 'NONE',  ( 6.049999999999999822, 5.000000000000000000, 3.050000000000000266 ) ) ;
#411 = ORIENTED_EDGE ( 'NONE', *, *, #1875, .F. ) ;
#412 = ORIENTED_EDGE ( 'NONE', *, *, #122, .F. ) ;
#413 = VERTEX_POINT ( 'NONE', #426 ) ;
#414 = VECTOR ( 'NONE', #1597, 1000.000000000000000 ) ;
#415 = EDGE_CURVE ( 'NONE', #468, #206, #759, .T. ) ;
#416 = ORIENTED_EDGE ( 'NONE', *, *, #1132, .F. ) ;
#417 = DIRECTION ( 'NONE',  ( 0.000000000000000000, 0.000000000000000000, -1.000000000000000000 ) ) ;
#418 = EDGE_CURVE ( 'NONE', #67, #1248, #750, .T. ) ;
#419 = CONICAL_SURFACE ( 'NONE', #656, 2.799999999929695171, 0.7853981633974476129 ) ;
#420 = DIRECTION ( 'NONE',  ( 0.000000000000000000, 0.000000000000000000, -1.000000000000000000 ) ) ;
#421 = EDGE_CURVE ( 'NONE', #247, #564, #149, .T. ) ;
#422 = VECTOR ( 'NONE', #139, 1000.000000000000000 ) ;
#423 = ORIENTED_EDGE ( 'NONE', *, *, #893, .F. ) ;
#424 = DIRECTION ( 'NONE',  ( 0.000000000000000000, 0.000000000000000000, 1.000000000000000000 ) ) ;
#425 = CARTESIAN_POINT ( 'NONE',  ( 2.550000000000000266, -0.6999999999999999556, 0.2750000670552315007 ) ) ;
#426 = CARTESIAN_POINT ( 'NONE',  ( -6.049999999999999822, 0.000000000000000000, -1.260952021291850134 ) ) ;
#427 = VERTEX_POINT ( 'NONE', #1725 ) ;
#428 = ADVANCED_FACE ( 'NONE', ( #1095 ), #611, .T. ) ;
#429 = VERTEX_POINT ( 'NONE', #936 ) ;
#430 = LINE ( 'NONE', #1658, #1296 ) ;
#431 = STYLED_ITEM ( 'NONE', ( #1384 ), #1422 ) ;
#432 = VECTOR ( 'NONE', #1252, 1000.000000000000114 ) ;
#433 = EDGE_CURVE ( 'NONE', #1032, #1846, #589, .T. ) ;
#434 = AXIS2_PLACEMENT_3D ( 'NONE', #1284, #2028, #453 ) ;
#435 = CIRCLE ( 'NONE', #1585, 2.799999999999999822 ) ;
#436 = LINE ( 'NONE', #1076, #1617 ) ;
#437 = DIRECTION ( 'NONE',  ( 0.000000000000000000, 2.220446049250315053E-16, 1.000000000000000000 ) ) ;
#438 = ORIENTED_EDGE ( 'NONE', *, *, #1087, .F. ) ;
#439 = LINE ( 'NONE', #357, #687 ) ;
#440 = ORIENTED_EDGE ( 'NONE', *, *, #277, .T. ) ;
#441 = DIRECTION ( 'NONE',  ( 0.000000000000000000, -1.000000000000000000, 0.000000000000000000 ) ) ;
#442 = CARTESIAN_POINT ( 'NONE',  ( -8.050000000000000711, 1.500000000000000000, 3.050000000000000266 ) ) ;
#443 = PLANE ( 'NONE',  #1950 ) ;
#444 = CARTESIAN_POINT ( 'NONE',  ( -8.050000000041748649, -1.000000000000000000, -3.999999932944775072 ) ) ;
#445 = ADVANCED_FACE ( 'NONE', ( #1255 ), #329, .F. ) ;
#446 = CARTESIAN_POINT ( 'NONE',  ( 2.550000000000000266, 1.500000000000000000, 3.050000000000000266 ) ) ;
#447 = ORIENTED_EDGE ( 'NONE', *, *, #271, .F. ) ;
#448 = FILL_AREA_STYLE_COLOUR ( '', #586 ) ;
#449 = EDGE_LOOP ( 'NONE', ( #1096, #1036, #877, #423 ) ) ;
#450 = CIRCLE ( 'NONE', #1183, 2.799999999999999822 ) ;
#451 = PLANE ( 'NONE',  #115 ) ;
#452 = DIRECTION ( 'NONE',  ( 0.000000000000000000, 0.000000000000000000, -1.000000000000000000 ) ) ;
#453 = DIRECTION ( 'NONE',  ( 0.000000000000000000, -1.000000000000000000, 2.220446049250314560E-16 ) ) ;
#454 = LINE ( 'NONE', #425, #198 ) ;
#455 = DIRECTION ( 'NONE',  ( 0.000000000000000000, 0.000000000000000000, 1.000000000000000000 ) ) ;
#456 = EDGE_LOOP ( 'NONE', ( #1038, #447, #1199 ) ) ;
#457 = EDGE_CURVE ( 'NONE', #1013, #1637, #1564, .T. ) ;
#458 = LINE ( 'NONE', #1106, #685 ) ;
#459 = DIRECTION ( 'NONE',  ( -1.000000000000000000, 0.000000000000000000, 0.000000000000000000 ) ) ;
#460 = EDGE_CURVE ( 'NONE', #247, #1212, #1873, .T. ) ;
#461 = ORIENTED_EDGE ( 'NONE', *, *, #1075, .F. ) ;
#462 = LINE ( 'NONE', #1721, #832 ) ;
#463 = CARTESIAN_POINT ( 'NONE',  ( -6.049999999999999822, 2.500000000000000000, 3.122502256758249812E-16 ) ) ;
#464 = LINE ( 'NONE', #579, #1423 ) ;
#465 = FACE_OUTER_BOUND ( 'NONE', #561, .T. ) ;
#466 = CARTESIAN_POINT ( 'NONE',  ( 2.550000000000000266, 5.000000000000000000, 3.050000000000000266 ) ) ;
#467 = DIRECTION ( 'NONE',  ( 0.000000000000000000, 0.000000000000000000, 1.000000000000000000 ) ) ;
#468 = VERTEX_POINT ( 'NONE', #310 ) ;
#469 = VECTOR ( 'NONE', #274, 1000.000000000000000 ) ;
#470 = AXIS2_PLACEMENT_3D ( 'NONE', #965, #480, #955 ) ;
#471 = DIRECTION ( 'NONE',  ( 0.000000000000000000, -1.000000000000000000, 2.220446049250315053E-16 ) ) ;
#472 = AXIS2_PLACEMENT_3D ( 'NONE', #1452, #199, #1289 ) ;
#473 = ADVANCED_FACE ( 'NONE', ( #945 ), #1275, .T. ) ;
#474 = ADVANCED_FACE ( 'NONE', ( #1575 ), #158, .T. ) ;
#475 = VECTOR ( 'NONE', #314, 1000.000000000000000 ) ;
#476 = ORIENTED_EDGE ( 'NONE', *, *, #1238, .T. ) ;
#477 = CARTESIAN_POINT ( 'NONE',  ( 3.649999999999999911, -1.000000000000000000, -3.050000000000000266 ) ) ;
#478 = CARTESIAN_POINT ( 'NONE',  ( -8.050000000041748649, 0.5999999999580729604, 7.341349750426939916E-16 ) ) ;
#479 = CARTESIAN_POINT ( 'NONE',  ( -0.3499999999999999778, 0.000000000000000000, -2.550000000000000266 ) ) ;
#480 = DIRECTION ( 'NONE',  ( 1.000000000000000000, 0.000000000000000000, 0.000000000000000000 ) ) ;
#481 = DIRECTION ( 'NONE',  ( 0.000000000000000000, 0.000000000000000000, -1.000000000000000000 ) ) ;
#482 = VERTEX_POINT ( 'NONE', #622 ) ;
#483 = LINE ( 'NONE', #959, #1249 ) ;
#484 = DIRECTION ( 'NONE',  ( 0.000000000000000000, -1.000000000000000000, 2.220446049250315546E-16 ) ) ;
#485 = ADVANCED_FACE ( 'NONE', ( #1436 ), #2032, .F. ) ;
#486 =( GEOMETRIC_REPRESENTATION_CONTEXT ( 3 ) GLOBAL_UNCERTAINTY_ASSIGNED_CONTEXT ( ( #1536 ) ) GLOBAL_UNIT_ASSIGNED_CONTEXT ( ( #1544, #1973, #1355 ) ) REPRESENTATION_CONTEXT ( 'NONE', 'WORKASPACE' ) );
#487 = DIRECTION ( 'NONE',  ( 0.000000000000000000, -1.000000000000000000, 2.220446049250315546E-16 ) ) ;
#488 = EDGE_LOOP ( 'NONE', ( #825, #692, #234, #1497 ) ) ;
#489 = PLANE ( 'NONE',  #1441 ) ;
#490 = CARTESIAN_POINT ( 'NONE',  ( 3.649999999999999911, 0.000000000000000000, -3.250000000000000000 ) ) ;
#491 = DIRECTION ( 'NONE',  ( 0.000000000000000000, 0.000000000000000000, -1.000000000000000000 ) ) ;
#492 = CIRCLE ( 'NONE', #294, 2.800000000043385118 ) ;
#493 = EDGE_CURVE ( 'NONE', #1661, #992, #1543, .T. ) ;
#494 = DIRECTION ( 'NONE',  ( 1.000000000000000000, 0.000000000000000000, 0.000000000000000000 ) ) ;
#495 = EDGE_CURVE ( 'NONE', #408, #1974, #769, .T. ) ;
#496 = EDGE_LOOP ( 'NONE', ( #347, #1397, #988, #929 ) ) ;
#497 = EDGE_CURVE ( 'NONE', #872, #735, #13, .T. ) ;
#498 = CARTESIAN_POINT ( 'NONE',  ( -7.950000000000000178, 0.6999999999999999556, 7.119305145408819865E-16 ) ) ;
#499 = VECTOR ( 'NONE', #1404, 1000.000000000000000 ) ;
#500 =( GEOMETRIC_REPRESENTATION_CONTEXT ( 3 ) GLOBAL_UNCERTAINTY_ASSIGNED_CONTEXT ( ( #249 ) ) GLOBAL_UNIT_ASSIGNED_CONTEXT ( ( #40, #854, #820 ) ) REPRESENTATION_CONTEXT ( 'NONE', 'WORKASPACE' ) );
#501 = FACE_OUTER_BOUND ( 'NONE', #1983, .T. ) ;
#502 = PLANE ( 'NONE',  #1035 ) ;
#503 = PLANE ( 'NONE',  #160 ) ;
#504 = DIRECTION ( 'NONE',  ( 0.000000000000000000, 0.000000000000000000, 1.000000000000000000 ) ) ;
#505 = ORIENTED_EDGE ( 'NONE', *, *, #875, .T. ) ;
#506 = CARTESIAN_POINT ( 'NONE',  ( 6.049999999999999822, -2.235174198506050045E-08, -3.050000000000000266 ) ) ;
#507 = ORIENTED_EDGE ( 'NONE', *, *, #244, .F. ) ;
#508 = CARTESIAN_POINT ( 'NONE',  ( -2.850000000000000089, 0.000000000000000000, -2.000000000000000000 ) ) ;
#509 = ORIENTED_EDGE ( 'NONE', *, *, #1732, .T. ) ;
#510 = CARTESIAN_POINT ( 'NONE',  ( 3.649999999999999911, 0.2500000000000000000, -2.000000000000000000 ) ) ;
#511 = CARTESIAN_POINT ( 'NONE',  ( 3.649999999999999911, -2.235174198506050045E-08, -3.050000000000000266 ) ) ;
#512 = CARTESIAN_POINT ( 'NONE',  ( -6.049999999999999822, 2.500000000000000000, 3.122502256758249812E-16 ) ) ;
#513 = FACE_OUTER_BOUND ( 'NONE', #367, .T. ) ;
#514 = ORIENTED_EDGE ( 'NONE', *, *, #2021, .T. ) ;
#515 = AXIS2_PLACEMENT_3D ( 'NONE', #2003, #882, #583 ) ;
#516 = CIRCLE ( 'NONE', #951, 1.800000000000000044 ) ;
#517 = DIRECTION ( 'NONE',  ( 1.000000000000000000, 0.000000000000000000, 0.000000000000000000 ) ) ;
#518 = CARTESIAN_POINT ( 'NONE',  ( 2.550000000000000266, -0.6999999999999999556, 6.705523029199020453E-08 ) ) ;
#519 = ADVANCED_FACE ( 'NONE', ( #994 ), #226, .T. ) ;
#520 = ORIENTED_EDGE ( 'NONE', *, *, #1694, .F. ) ;
#521 = EDGE_CURVE ( 'NONE', #1549, #798, #205, .T. ) ;
#522 = ORIENTED_EDGE ( 'NONE', *, *, #991, .F. ) ;
#523 = CARTESIAN_POINT ( 'NONE',  ( -0.3499999999999999778, 0.2500000000000000000, -2.000000000000000000 ) ) ;
#524 = DIRECTION ( 'NONE',  ( 0.000000000000000000, -1.000000000000000000, 2.220446049250315053E-16 ) ) ;
#525 = VERTEX_POINT ( 'NONE', #346 ) ;
#526 = LINE ( 'NONE', #194, #1667 ) ;
#527 = VERTEX_POINT ( 'NONE', #81 ) ;
#528 = COLOUR_RGB ( '',0.2509803921568627416, 0.2509803921568627416, 0.2509803921568627416 ) ;
#529 = ORIENTED_EDGE ( 'NONE', *, *, #554, .T. ) ;
#530 = AXIS2_PLACEMENT_3D ( 'NONE', #1524, #1043, #881 ) ;
#531 = EDGE_CURVE ( 'NONE', #815, #85, #66, .T. ) ;
#532 =( GEOMETRIC_REPRESENTATION_CONTEXT ( 3 ) GLOBAL_UNCERTAINTY_ASSIGNED_CONTEXT ( ( #1040 ) ) GLOBAL_UNIT_ASSIGNED_CONTEXT ( ( #137, #1283, #1582 ) ) REPRESENTATION_CONTEXT ( 'NONE', 'WORKASPACE' ) );
#533 = DIRECTION ( 'NONE',  ( 0.000000000000000000, -1.000000000000000000, 2.220446049250315053E-16 ) ) ;
#534 = CARTESIAN_POINT ( 'NONE',  ( -4.349999999999999645, -1.000000000000000000, -3.050000000000000266 ) ) ;
#535 = CARTESIAN_POINT ( 'NONE',  ( 2.550000000000000266, -0.5999999999999999778, 6.705523029199020453E-08 ) ) ;
#536 = ORIENTED_EDGE ( 'NONE', *, *, #1563, .T. ) ;
#537 = FACE_OUTER_BOUND ( 'NONE', #1173, .T. ) ;
#538 = ORIENTED_EDGE ( 'NONE', *, *, #97, .T. ) ;
#539 = VERTEX_POINT ( 'NONE', #192 ) ;
#540 = CARTESIAN_POINT ( 'NONE',  ( 0.000000000000000000, 0.000000000000000000, 0.000000000000000000 ) ) ;
#541 = EDGE_LOOP ( 'NONE', ( #245, #372, #56, #1365, #1012, #840, #1929, #253, #995, #1147, #222, #1791, #1113, #538, #1437, #1664, #164, #509 ) ) ;
#542 = CARTESIAN_POINT ( 'NONE',  ( 5.049999999999999822, 2.500000000000000000, 3.122502256758249812E-16 ) ) ;
#543 = ADVANCED_FACE ( 'NONE', ( #836 ), #1673, .T. ) ;
#544 = DIRECTION ( 'NONE',  ( 0.000000000000000000, 0.000000000000000000, 1.000000000000000000 ) ) ;
#545 = DIRECTION ( 'NONE',  ( 0.000000000000000000, -2.220446049250315053E-16, -1.000000000000000000 ) ) ;
#546 = ORIENTED_EDGE ( 'NONE', *, *, #41, .F. ) ;
#547 = CARTESIAN_POINT ( 'NONE',  ( 0.1499999999999974132, 0.000000000000000000, -3.250000000000000000 ) ) ;
#548 = VECTOR ( 'NONE', #1097, 1000.000000000000000 ) ;
#549 = ORIENTED_EDGE ( 'NONE', *, *, #1282, .T. ) ;
#550 = ORIENTED_EDGE ( 'NONE', *, *, #639, .F. ) ;
#551 = VECTOR ( 'NONE', #1428, 1000.000000000000000 ) ;
#552 = ORIENTED_EDGE ( 'NONE', *, *, #1616, .F. ) ;
#553 = CARTESIAN_POINT ( 'NONE',  ( 5.250000000000000000, 0.2500000000000000000, 3.250000134110449856 ) ) ;
#554 = EDGE_CURVE ( 'NONE', #152, #1753, #824, .T. ) ;
#555 = LINE ( 'NONE', #567, #1295 ) ;
#556 = VERTEX_POINT ( 'NONE', #355 ) ;
#557 = VECTOR ( 'NONE', #887, 1000.000000000000000 ) ;
#558 = SURFACE_STYLE_USAGE ( .BOTH. , #907 ) ;
#559 = ADVANCED_FACE ( 'NONE', ( #513 ), #1628, .T. ) ;
#560 = CARTESIAN_POINT ( 'NONE',  ( 4.150000000000000355, -1.665334388045225044E-16, -3.999999932944775072 ) ) ;
#561 = EDGE_LOOP ( 'NONE', ( #1230, #841, #1018, #1463 ) ) ;
#562 = EDGE_CURVE ( 'NONE', #429, #1068, #1593, .T. ) ;
#563 = VECTOR ( 'NONE', #1472, 1000.000000000000000 ) ;
#564 = VERTEX_POINT ( 'NONE', #1917 ) ;
#565 = PLANE ( 'NONE',  #619 ) ;
#566 = VECTOR ( 'NONE', #1682, 1000.000000000000000 ) ;
#567 = CARTESIAN_POINT ( 'NONE',  ( 2.649999999999999911, 0.000000000000000000, 8.673617379884030542E-16 ) ) ;
#568 = APPLICATION_CONTEXT ( 'automotive_design' ) ;
#569 = ORIENTED_EDGE ( 'NONE', *, *, #1224, .F. ) ;
#570 = CIRCLE ( 'NONE', #1520, 2.799999999999999822 ) ;
#571 = LINE ( 'NONE', #1217, #200 ) ;
#572 = CARTESIAN_POINT ( 'NONE',  ( -3.350000000000000089, 0.000000000000000000, -2.000000000000000000 ) ) ;
#573 = ORIENTED_EDGE ( 'NONE', *, *, #1099, .T. ) ;
#574 = EDGE_CURVE ( 'NONE', #257, #51, #1414, .T. ) ;
#575 = CARTESIAN_POINT ( 'NONE',  ( 3.649999999999999911, 2.499999977648260430, -3.050000000000000266 ) ) ;
#576 = ORIENTED_EDGE ( 'NONE', *, *, #68, .F. ) ;
#577 = DIRECTION ( 'NONE',  ( 1.000000000000000000, 0.000000000000000000, 0.000000000000000000 ) ) ;
#578 = DIRECTION ( 'NONE',  ( 8.659560562354881089E-17, 0.7071067811865520136, -0.7071067811865431318 ) ) ;
#579 = CARTESIAN_POINT ( 'NONE',  ( 3.649999999999999911, 1.110223173517670005E-16, -3.999999932944775072 ) ) ;
#580 = ORIENTED_EDGE ( 'NONE', *, *, #497, .F. ) ;
#581 = FILL_AREA_STYLE_COLOUR ( '', #528 ) ;
#582 = FACE_OUTER_BOUND ( 'NONE', #279, .T. ) ;
#583 = DIRECTION ( 'NONE',  ( 0.000000000000000000, -2.220446049250315053E-16, -1.000000000000000000 ) ) ;
#584 = VERTEX_POINT ( 'NONE', #224 ) ;
#585 = EDGE_CURVE ( 'NONE', #1256, #408, #1474, .T. ) ;
#586 = COLOUR_RGB ( '',1.000000000000000000, 0.8117647058823529438, 0.5019607843137254832 ) ;
#587 = SURFACE_STYLE_FILL_AREA ( #1508 ) ;
#588 = ADVANCED_FACE ( 'NONE', ( #1465 ), #503, .F. ) ;
#589 = CIRCLE ( 'NONE', #1736, 0.3750000000000000000 ) ;
#590 = ORIENTED_EDGE ( 'NONE', *, *, #497, .T. ) ;
#591 = FACE_OUTER_BOUND ( 'NONE', #1196, .T. ) ;
#592 = DIRECTION ( 'NONE',  ( 0.000000000000000000, 0.000000000000000000, 1.000000000000000000 ) ) ;
#593 = FACE_OUTER_BOUND ( 'NONE', #1629, .T. ) ;
#594 = DIRECTION ( 'NONE',  ( 0.000000000000000000, 1.000000000000000000, -2.220446049250315053E-16 ) ) ;
#595 = DIRECTION ( 'NONE',  ( 0.000000000000000000, 1.000000000000000000, -2.220446049250315053E-16 ) ) ;
#596 = VERTEX_POINT ( 'NONE', #856 ) ;
#597 = EDGE_LOOP ( 'NONE', ( #711, #529, #1534, #1931 ) ) ;
#598 = CARTESIAN_POINT ( 'NONE',  ( 5.049999999999999822, 0.6999999999999999556, 7.119305145408819865E-16 ) ) ;
#599 = EDGE_CURVE ( 'NONE', #51, #257, #1737, .T. ) ;
#600 = LINE ( 'NONE', #1989, #867 ) ;
#601 = VECTOR ( 'NONE', #1094, 1000.000000000000000 ) ;
#602 = VECTOR ( 'NONE', #30, 1000.000000000000000 ) ;
#603 = AXIS2_PLACEMENT_3D ( 'NONE', #1550, #1081, #1571 ) ;
#604 = PLANE ( 'NONE',  #255 ) ;
#605 = ORIENTED_EDGE ( 'NONE', *, *, #71, .F. ) ;
#606 = VERTEX_POINT ( 'NONE', #1290 ) ;
#607 = FACE_OUTER_BOUND ( 'NONE', #924, .T. ) ;
#608 = DIRECTION ( 'NONE',  ( 0.000000000000000000, 0.000000000000000000, 1.000000000000000000 ) ) ;
#609 = EDGE_CURVE ( 'NONE', #108, #2005, #190, .T. ) ;
#610 = CARTESIAN_POINT ( 'NONE',  ( 2.550000000000000266, 0.000000000000000000, 6.705523029199020453E-08 ) ) ;
#611 = PLANE ( 'NONE',  #320 ) ;
#612 = EDGE_CURVE ( 'NONE', #919, #1065, #821, .T. ) ;
#613 = EDGE_LOOP ( 'NONE', ( #1353, #312, #514, #1286 ) ) ;
#614 = DIRECTION ( 'NONE',  ( 0.000000000000000000, 1.000000000000000000, 0.000000000000000000 ) ) ;
#615 = PLANE ( 'NONE',  #1854 ) ;
#616 = VERTEX_POINT ( 'NONE', #54 ) ;
#617 = VECTOR ( 'NONE', #150, 1000.000000000000000 ) ;
#618 = CARTESIAN_POINT ( 'NONE',  ( -7.850000000091950092, 5.299999999929700500, -3.094746680986520215E-16 ) ) ;
#619 = AXIS2_PLACEMENT_3D ( 'NONE', #1826, #236, #1347 ) ;
#620 = CARTESIAN_POINT ( 'NONE',  ( -2.350000000000000089, 0.2500000000000000000, -2.000000000000000000 ) ) ;
#621 = LINE ( 'NONE', #1254, #1747 ) ;
#622 = CARTESIAN_POINT ( 'NONE',  ( 4.750000000000000000, 0.000000000000000000, 4.000000067055225372 ) ) ;
#623 = DIRECTION ( 'NONE',  ( 1.000000000000000000, 0.000000000000000000, 0.000000000000000000 ) ) ;
#624 = ORIENTED_EDGE ( 'NONE', *, *, #159, .F. ) ;
#625 = EDGE_CURVE ( 'NONE', #1349, #901, #1783, .T. ) ;
#626 = LINE ( 'NONE', #1258, #1017 ) ;
#627 = CARTESIAN_POINT ( 'NONE',  ( 6.049999999999999822, 5.000000000000000000, 3.050000000000000266 ) ) ;
#628 = ORIENTED_EDGE ( 'NONE', *, *, #259, .F. ) ;
#629 = FACE_OUTER_BOUND ( 'NONE', #772, .T. ) ;
#630 = FILL_AREA_STYLE ('',( #1110 ) ) ;
#631 = AXIS2_PLACEMENT_3D ( 'NONE', #1802, #1163, #869 ) ;
#632 = CARTESIAN_POINT ( 'NONE',  ( 3.649999999999999911, -5.587935496265130075E-09, -3.050000000000000266 ) ) ;
#633 = MANIFOLD_SOLID_BREP ( 'NONE', #1026 ) ;
#634 = ORIENTED_EDGE ( 'NONE', *, *, #1875, .T. ) ;
#635 = AXIS2_PLACEMENT_3D ( 'NONE', #179, #1739, #282 ) ;
#636 = AXIS2_PLACEMENT_3D ( 'NONE', #119, #1206, #424 ) ;
#637 = LINE ( 'NONE', #1267, #1567 ) ;
#638 = CARTESIAN_POINT ( 'NONE',  ( 4.649999999999999467, 0.000000000000000000, -2.000000000000000000 ) ) ;
#639 = EDGE_CURVE ( 'NONE', #1068, #1100, #373, .T. ) ;
#640 = AXIS2_PLACEMENT_3D ( 'NONE', #774, #608, #1401 ) ;
#641 = CARTESIAN_POINT ( 'NONE',  ( 5.750000000000000000, 1.665334388045225044E-16, 4.000000067055225372 ) ) ;
#642 = SURFACE_STYLE_USAGE ( .BOTH. , #1539 ) ;
#643 = DIRECTION ( 'NONE',  ( 0.000000000000000000, 0.000000000000000000, -1.000000000000000000 ) ) ;
#644 = CARTESIAN_POINT ( 'NONE',  ( -2.850000000000000089, 0.2500000000000000000, -3.999999932944775072 ) ) ;
#645 = FACE_OUTER_BOUND ( 'NONE', #353, .T. ) ;
#646 = VERTEX_POINT ( 'NONE', #523 ) ;
#647 = DIRECTION ( 'NONE',  ( 0.000000000000000000, -1.000000000000000000, 2.220446049250315546E-16 ) ) ;
#648 = DIRECTION ( 'NONE',  ( 0.000000000000000000, 1.000000000000000000, 0.000000000000000000 ) ) ;
#649 = PRODUCT_RELATED_PRODUCT_CATEGORY ( 'part', '', ( #220 ) ) ;
#650 = ORIENTED_EDGE ( 'NONE', *, *, #1351, .F. ) ;
#651 = LINE ( 'NONE', #672, #1757 ) ;
#652 = ADVANCED_FACE ( 'NONE', ( #1338 ), #1657, .T. ) ;
#653 = DIRECTION ( 'NONE',  ( 0.000000000000000000, 0.000000000000000000, 1.000000000000000000 ) ) ;
#654 = CARTESIAN_POINT ( 'NONE',  ( -4.450000000000000178, 0.000000000000000000, 6.705523044742150474E-08 ) ) ;
#655 = PLANE ( 'NONE',  #1580 ) ;
#656 = AXIS2_PLACEMENT_3D ( 'NONE', #1506, #1533, #102 ) ;
#657 = ORIENTED_EDGE ( 'NONE', *, *, #1822, .T. ) ;
#658 = CARTESIAN_POINT ( 'NONE',  ( -8.050000000041748649, -0.09999999997989959810, 1.242425294747205988E-15 ) ) ;
#659 = CARTESIAN_POINT ( 'NONE',  ( -1.350000000000000089, -7.450580733966981073E-09, -2.550000000000000266 ) ) ;
#660 = CARTESIAN_POINT ( 'NONE',  ( 4.750000000000000000, 4.440891949608119353E-16, 4.000000067055225372 ) ) ;
#661 = CLOSED_SHELL ( 'NONE', ( #445, #652, #715, #1796, #1006, #17 ) ) ;
#662 = DIRECTION ( 'NONE',  ( 0.000000000000000000, 0.000000000000000000, 1.000000000000000000 ) ) ;
#663 = SURFACE_STYLE_USAGE ( .BOTH. , #362 ) ;
#664 = EDGE_CURVE ( 'NONE', #23, #1753, #1310, .T. ) ;
#665 = DIRECTION ( 'NONE',  ( 0.000000000000000000, 0.000000000000000000, 1.000000000000000000 ) ) ;
#666 = ORIENTED_EDGE ( 'NONE', *, *, #890, .F. ) ;
#667 = DIRECTION ( 'NONE',  ( 0.000000000000000000, 1.000000000000000000, -2.220446049250315053E-16 ) ) ;
#668 = CARTESIAN_POINT ( 'NONE',  ( -1.000000000000000000, 5.000000000000000000, 2.550000000000000266 ) ) ;
#669 = ORIENTED_EDGE ( 'NONE', *, *, #625, .T. ) ;
#670 = AXIS2_PLACEMENT_3D ( 'NONE', #610, #1104, #1879 ) ;
#671 = EDGE_LOOP ( 'NONE', ( #1894, #401, #476, #1000, #36, #1337, #1697, #1192, #216, #1656, #1045, #1399, #714, #370, #1413, #689 ) ) ;
#672 = CARTESIAN_POINT ( 'NONE',  ( -1.734723475976809855E-15, 0.000000000000000000, -2.550000000000000266 ) ) ;
#673 = CYLINDRICAL_SURFACE ( 'NONE', #737, 2.799999999999999822 ) ;
#674 = ADVANCED_FACE ( 'NONE', ( #1975 ), #89, .F. ) ;
#675 = CARTESIAN_POINT ( 'NONE',  ( -7.850000000091950092, -0.2999999999296955044, 1.276876223202950051E-15 ) ) ;
#676 = ORIENTED_EDGE ( 'NONE', *, *, #1314, .T. ) ;
#677 = ADVANCED_FACE ( 'NONE', ( #1213 ), #565, .F. ) ;
#678 = CARTESIAN_POINT ( 'NONE',  ( 0.6500000000000000222, 0.000000000000000000, -3.999999932944775072 ) ) ;
#679 = ORIENTED_EDGE ( 'NONE', *, *, #1527, .T. ) ;
#680 = LINE ( 'NONE', #691, #1167 ) ;
#681 = EDGE_LOOP ( 'NONE', ( #1596, #699, #550, #2009 ) ) ;
#682 = CARTESIAN_POINT ( 'NONE',  ( 4.750000000000000000, 0.2500000000000000000, 4.000000067055225372 ) ) ;
#683 =( NAMED_UNIT ( * ) SI_UNIT ( $, .STERADIAN. ) SOLID_ANGLE_UNIT ( ) );
#684 = DIRECTION ( 'NONE',  ( 1.000000000000000000, 0.000000000000000000, 0.000000000000000000 ) ) ;
#685 = VECTOR ( 'NONE', #4, 1000.000000000000000 ) ;
#686 = ORIENTED_EDGE ( 'NONE', *, *, #202, .F. ) ;
#687 = VECTOR ( 'NONE', #1808, 1000.000000000000000 ) ;
#688 = LINE ( 'NONE', #218, #1150 ) ;
#689 = ORIENTED_EDGE ( 'NONE', *, *, #399, .T. ) ;
#690 = EDGE_CURVE ( 'NONE', #735, #381, #717, .T. ) ;
#691 = CARTESIAN_POINT ( 'NONE',  ( -2.350000000000000089, 0.000000000000000000, -3.250000000000000000 ) ) ;
#692 = ORIENTED_EDGE ( 'NONE', *, *, #1777, .T. ) ;
#693 = SHAPE_REPRESENTATION_RELATIONSHIP ( 'NONE' , 'NONE' ,  #196, #876 ) ;
#694 = VERTEX_POINT ( 'NONE', #1529 ) ;
#695 = FACE_OUTER_BOUND ( 'NONE', #829, .T. ) ;
#696 = FILL_AREA_STYLE ('',( #975 ) ) ;
#697 = PLANE ( 'NONE',  #1749 ) ;
#698 = CARTESIAN_POINT ( 'NONE',  ( -0.3499999999999999778, 0.000000000000000000, -4.500000000000000000 ) ) ;
#699 = ORIENTED_EDGE ( 'NONE', *, *, #134, .F. ) ;
#700 = DIRECTION ( 'NONE',  ( 0.000000000000000000, 0.000000000000000000, 1.000000000000000000 ) ) ;
#701 = PLANE ( 'NONE',  #899 ) ;
#702 = ORIENTED_EDGE ( 'NONE', *, *, #1194, .T. ) ;
#703 = AXIS2_PLACEMENT_3D ( 'NONE', #243, #886, #1984 ) ;
#704 = ADVANCED_FACE ( 'NONE', ( #406 ), #1813, .T. ) ;
#705 = EDGE_LOOP ( 'NONE', ( #114, #1380 ) ) ;
#706 = VECTOR ( 'NONE', #162, 1000.000000000000000 ) ;
#707 = VECTOR ( 'NONE', #1530, 1000.000000000000000 ) ;
#708 = CARTESIAN_POINT ( 'NONE',  ( 2.550000000000000266, -0.6999999999999999556, 6.705523029199020453E-08 ) ) ;
#709 = DIRECTION ( 'NONE',  ( -1.000000000000000000, 0.000000000000000000, 0.000000000000000000 ) ) ;
#710 = CARTESIAN_POINT ( 'NONE',  ( -4.450000000000000178, -0.6999999999999999556, 6.705523044742150474E-08 ) ) ;
#711 = ORIENTED_EDGE ( 'NONE', *, *, #293, .F. ) ;
#712 = CARTESIAN_POINT ( 'NONE',  ( -8.050000000041748649, 4.400000000041930370, 1.230483681520876057E-16 ) ) ;
#713 = ORIENTED_EDGE ( 'NONE', *, *, #1822, .F. ) ;
#714 = ORIENTED_EDGE ( 'NONE', *, *, #1535, .T. ) ;
#715 = ADVANCED_FACE ( 'NONE', ( #591 ), #126, .T. ) ;
#716 = VERTEX_POINT ( 'NONE', #1500 ) ;
#717 = LINE ( 'NONE', #1522, #1768 ) ;
#718 = EDGE_CURVE ( 'NONE', #646, #1821, #258, .T. ) ;
#719 = CARTESIAN_POINT ( 'NONE',  ( -6.049999999999999822, 5.299999999999999822, 3.342643564699624859E-17 ) ) ;
#720 = ORIENTED_EDGE ( 'NONE', *, *, #433, .F. ) ;
#721 = FACE_OUTER_BOUND ( 'NONE', #37, .T. ) ;
#722 = AXIS2_PLACEMENT_3D ( 'NONE', #1195, #873, #1044 ) ;
#723 = ORIENTED_EDGE ( 'NONE', *, *, #822, .T. ) ;
#724 = AXIS2_PLACEMENT_3D ( 'NONE', #806, #923, #966 ) ;
#725 = EDGE_LOOP ( 'NONE', ( #1744, #1201, #1078, #743 ) ) ;
#726 = DIRECTION ( 'NONE',  ( 0.000000000000000000, 1.000000000000000000, 0.000000000000000000 ) ) ;
#727 = DIRECTION ( 'NONE',  ( 0.000000000000000000, -1.000000000000000000, 0.000000000000000000 ) ) ;
#728 = ADVANCED_FACE ( 'NONE', ( #1051 ), #96, .F. ) ;
#729 = ORIENTED_EDGE ( 'NONE', *, *, #165, .T. ) ;
#730 = DIRECTION ( 'NONE',  ( -1.000000000000000000, 0.000000000000000000, 0.000000000000000000 ) ) ;
#731 = ORIENTED_EDGE ( 'NONE', *, *, #1579, .T. ) ;
#732 = FILL_AREA_STYLE_COLOUR ( '', #761 ) ;
#733 = AXIS2_PLACEMENT_3D ( 'NONE', #1771, #811, #1758 ) ;
#734 = AXIS2_PLACEMENT_3D ( 'NONE', #862, #123, #1034 ) ;
#735 = VERTEX_POINT ( 'NONE', #1202 ) ;
#736 = FACE_OUTER_BOUND ( 'NONE', #321, .T. ) ;
#737 = AXIS2_PLACEMENT_3D ( 'NONE', #512, #1938, #985 ) ;
#738 = LINE ( 'NONE', #269, #240 ) ;
#739 = EDGE_LOOP ( 'NONE', ( #1653, #522, #669, #1071 ) ) ;
#740 = LINE ( 'NONE', #1228, #270 ) ;
#741 = VECTOR ( 'NONE', #1270, 1000.000000000000000 ) ;
#742 = CARTESIAN_POINT ( 'NONE',  ( -3.350000000000000089, 0.000000000000000000, -2.000000000000000000 ) ) ;
#743 = ORIENTED_EDGE ( 'NONE', *, *, #609, .F. ) ;
#744 = EDGE_CURVE ( 'NONE', #716, #892, #516, .T. ) ;
#745 = DIRECTION ( 'NONE',  ( 0.000000000000000000, -1.000000000000000000, 2.220446049250315053E-16 ) ) ;
#746 = EDGE_LOOP ( 'NONE', ( #1108, #113, #507, #1769 ) ) ;
#747 = CARTESIAN_POINT ( 'NONE',  ( -1.350000000000000089, 2.499999977648260430, -3.050000000000000266 ) ) ;
#748 = LINE ( 'NONE', #913, #1820 ) ;
#749 = CARTESIAN_POINT ( 'NONE',  ( 3.649999999999999911, -1.665334388045225044E-16, -3.999999932944775072 ) ) ;
#750 = LINE ( 'NONE', #1375, #1221 ) ;
#751 = CARTESIAN_POINT ( 'NONE',  ( 4.150000000000000355, 0.2500000000000000000, -3.999999932944775072 ) ) ;
#752 = VERTEX_POINT ( 'NONE', #1062 ) ;
#753 = VECTOR ( 'NONE', #700, 1000.000000000000000 ) ;
#754 = ADVANCED_FACE ( 'NONE', ( #1495 ), #902, .F. ) ;
#755 = ORIENTED_EDGE ( 'NONE', *, *, #165, .F. ) ;
#756 = CARTESIAN_POINT ( 'NONE',  ( 5.750000000000000000, 0.000000000000000000, 4.500000134110449856 ) ) ;
#757 = CARTESIAN_POINT ( 'NONE',  ( -0.3499999999999999778, 0.2500000000000000000, -3.999999932944775072 ) ) ;
#758 = SURFACE_STYLE_FILL_AREA ( #1541 ) ;
#759 = LINE ( 'NONE', #275, #1843 ) ;
#760 = EDGE_LOOP ( 'NONE', ( #1659, #72, #82, #628 ) ) ;
#761 = COLOUR_RGB ( '',1.000000000000000000, 0.8117647058823529438, 0.5019607843137254832 ) ;
#762 = SURFACE_STYLE_USAGE ( .BOTH. , #1209 ) ;
#763 = EDGE_CURVE ( 'NONE', #230, #232, #1039, .T. ) ;
#764 = ORIENTED_EDGE ( 'NONE', *, *, #495, .T. ) ;
#765 = CARTESIAN_POINT ( 'NONE',  ( 2.550000000000000266, 5.000000000000000000, 2.550000000000000266 ) ) ;
#766 = VECTOR ( 'NONE', #935, 1000.000000000000000 ) ;
#767 = VECTOR ( 'NONE', #1618, 1000.000000000000000 ) ;
#768 =( NAMED_UNIT ( * ) SI_UNIT ( $, .STERADIAN. ) SOLID_ANGLE_UNIT ( ) );
#769 = LINE ( 'NONE', #1893, #852 ) ;
#770 = ORIENTED_EDGE ( 'NONE', *, *, #460, .F. ) ;
#771 = LINE ( 'NONE', #1398, #391 ) ;
#772 = EDGE_LOOP ( 'NONE', ( #1642, #1792, #1142, #864 ) ) ;
#773 = CARTESIAN_POINT ( 'NONE',  ( -4.349999999999999645, 2.500000000000000000, -3.050000000000000266 ) ) ;
#774 = CARTESIAN_POINT ( 'NONE',  ( 0.000000000000000000, 0.000000000000000000, 0.000000000000000000 ) ) ;
#775 = VECTOR ( 'NONE', #491, 1000.000000000000000 ) ;
#776 = EDGE_CURVE ( 'NONE', #564, #1144, #105, .T. ) ;
#777 = CARTESIAN_POINT ( 'NONE',  ( 2.550000000000000266, 0.000000000000000000, -0.3749999329447699647 ) ) ;
#778 = PLANE ( 'NONE',  #5 ) ;
#779 = CARTESIAN_POINT ( 'NONE',  ( 0.6500000000000000222, 0.000000000000000000, -2.000000000000000000 ) ) ;
#780 = ORIENTED_EDGE ( 'NONE', *, *, #1282, .F. ) ;
#781 = CARTESIAN_POINT ( 'NONE',  ( 5.750000000000000000, 0.000000000000000000, 2.000000134110449856 ) ) ;
#782 = CARTESIAN_POINT ( 'NONE',  ( 4.049999999999999822, 1.500000000000000000, 3.050000000000000266 ) ) ;
#783 = VERTEX_POINT ( 'NONE', #1027 ) ;
#784 = LINE ( 'NONE', #510, #931 ) ;
#785 = AXIS2_PLACEMENT_3D ( 'NONE', #336, #180, #1760 ) ;
#786 = DIRECTION ( 'NONE',  ( 0.000000000000000000, -1.000000000000000000, 2.220446049250315053E-16 ) ) ;
#787 = ADVANCED_FACE ( 'NONE', ( #736 ), #1359, .F. ) ;
#788 = CARTESIAN_POINT ( 'NONE',  ( 3.649999999999999911, 0.000000000000000000, -4.500000000000000000 ) ) ;
#789 = ORIENTED_EDGE ( 'NONE', *, *, #875, .F. ) ;
#790 = DIRECTION ( 'NONE',  ( 1.000000000000000000, 0.000000000000000000, 0.000000000000000000 ) ) ;
#791 = DIRECTION ( 'NONE',  ( 0.000000000000000000, 0.000000000000000000, -1.000000000000000000 ) ) ;
#792 = ADVANCED_FACE ( 'NONE', ( #1888 ), #793, .T. ) ;
#793 = PLANE ( 'NONE',  #170 ) ;
#794 = PRESENTATION_STYLE_ASSIGNMENT (( #315 ) ) ;
#795 = VECTOR ( 'NONE', #459, 1000.000000000000000 ) ;
#796 = DIRECTION ( 'NONE',  ( 0.000000000000000000, 2.220446049250315053E-16, 1.000000000000000000 ) ) ;
#797 = CARTESIAN_POINT ( 'NONE',  ( 6.049999999999999822, -2.235174198506050045E-08, -3.050000000000000266 ) ) ;
#798 = VERTEX_POINT ( 'NONE', #1261 ) ;
#799 = CIRCLE ( 'NONE', #1263, 2.799999999999999822 ) ;
#800 = CARTESIAN_POINT ( 'NONE',  ( -6.049999999999999822, 2.000000000000000000, 4.232725281383409803E-16 ) ) ;
#801 = CARTESIAN_POINT ( 'NONE',  ( -8.050000000041748649, 2.500000000000000000, 3.122502256758249812E-16 ) ) ;
#802 = ADVANCED_FACE ( 'NONE', ( #10 ), #1235, .F. ) ;
#803 = DIRECTION ( 'NONE',  ( 0.000000000000000000, 1.000000000000000000, 0.000000000000000000 ) ) ;
#804 = DIRECTION ( 'NONE',  ( 0.000000000000000000, 0.000000000000000000, 1.000000000000000000 ) ) ;
#805 = DIRECTION ( 'NONE',  ( 0.000000000000000000, 0.000000000000000000, -1.000000000000000000 ) ) ;
#806 = CARTESIAN_POINT ( 'NONE',  ( -3.350000000000000089, 0.000000000000000000, -4.500000000000000000 ) ) ;
#807 = ORIENTED_EDGE ( 'NONE', *, *, #776, .F. ) ;
#808 = DIRECTION ( 'NONE',  ( 1.000000000000000000, 0.000000000000000000, 0.000000000000000000 ) ) ;
#809 = CARTESIAN_POINT ( 'NONE',  ( 5.750000000000000000, 0.2500000000000000000, 4.000000067055225372 ) ) ;
#810 = EDGE_CURVE ( 'NONE', #201, #1329, #136, .T. ) ;
#811 = DIRECTION ( 'NONE',  ( 0.000000000000000000, -2.220446049250315053E-16, -1.000000000000000000 ) ) ;
#812 = CARTESIAN_POINT ( 'NONE',  ( -3.449999999999999734, 2.500000000000000000, -3.050000000000000266 ) ) ;
#813 = DIRECTION ( 'NONE',  ( 1.000000000000000000, 0.000000000000000000, 0.000000000000000000 ) ) ;
#814 = DIRECTION ( 'NONE',  ( 0.000000000000000000, -1.000000000000000000, 0.000000000000000000 ) ) ;
#815 = VERTEX_POINT ( 'NONE', #765 ) ;
#816 = CARTESIAN_POINT ( 'NONE',  ( -6.049999999999999822, 0.000000000000000000, 3.050000000000000266 ) ) ;
#817 = ORIENTED_EDGE ( 'NONE', *, *, #57, .T. ) ;
#818 = FACE_OUTER_BOUND ( 'NONE', #858, .T. ) ;
#819 = EDGE_CURVE ( 'NONE', #527, #1690, #435, .T. ) ;
#820 =( NAMED_UNIT ( * ) SI_UNIT ( $, .STERADIAN. ) SOLID_ANGLE_UNIT ( ) );
#821 = LINE ( 'NONE', #534, #322 ) ;
#822 = EDGE_CURVE ( 'NONE', #468, #1184, #930, .T. ) ;
#823 = DIRECTION ( 'NONE',  ( 0.000000000000000000, 1.000000000000000000, 0.000000000000000000 ) ) ;
#824 = LINE ( 'NONE', #675, #1477 ) ;
#825 = ORIENTED_EDGE ( 'NONE', *, *, #1616, .T. ) ;
#826 = LINE ( 'NONE', #1460, #753 ) ;
#827 = CARTESIAN_POINT ( 'NONE',  ( 6.049999999999999822, -1.000000000000000000, -3.050000000000000266 ) ) ;
#828 = VECTOR ( 'NONE', #1298, 1000.000000000000000 ) ;
#829 = EDGE_LOOP ( 'NONE', ( #590, #1987, #1565, #1179 ) ) ;
#830 = VECTOR ( 'NONE', #653, 1000.000000000000000 ) ;
#831 = ORIENTED_EDGE ( 'NONE', *, *, #1331, .T. ) ;
#832 = VECTOR ( 'NONE', #1896, 1000.000000000000000 ) ;
#833 = ORIENTED_EDGE ( 'NONE', *, *, #246, .F. ) ;
#834 = CARTESIAN_POINT ( 'NONE',  ( -1.350000000000000089, 0.000000000000000000, 8.673617379884030542E-16 ) ) ;
#835 = LINE ( 'NONE', #1484, #42 ) ;
#836 = FACE_OUTER_BOUND ( 'NONE', #837, .T. ) ;
#837 = EDGE_LOOP ( 'NONE', ( #276, #1936, #91, #1480 ) ) ;
#838 = FACE_BOUND ( 'NONE', #1333, .T. ) ;
#839 = LINE ( 'NONE', #668, #1130 ) ;
#840 = ORIENTED_EDGE ( 'NONE', *, *, #399, .F. ) ;
#841 = ORIENTED_EDGE ( 'NONE', *, *, #1732, .F. ) ;
#842 = ORIENTED_EDGE ( 'NONE', *, *, #1997, .F. ) ;
#843 = DIRECTION ( 'NONE',  ( -1.000000000000000000, 0.000000000000000000, 0.000000000000000000 ) ) ;
#844 = CARTESIAN_POINT ( 'NONE',  ( -4.349999999999999645, 0.000000000000000000, -2.550000000000000266 ) ) ;
#845 = AXIS2_PLACEMENT_3D ( 'NONE', #1867, #1590, #647 ) ;
#846 = ORIENTED_EDGE ( 'NONE', *, *, #1563, .F. ) ;
#847 = ADVANCED_FACE ( 'NONE', ( #607 ), #1109, .T. ) ;
#848 = LINE ( 'NONE', #1941, #348 ) ;
#849 = CARTESIAN_POINT ( 'NONE',  ( 5.750000000000000000, 0.2500000000000000000, 2.000000134110449856 ) ) ;
#850 = ORIENTED_EDGE ( 'NONE', *, *, #1980, .F. ) ;
#851 = PRESENTATION_LAYER_ASSIGNMENT (  '', '', ( #1157 ) ) ;
#852 = VECTOR ( 'NONE', #481, 1000.000000000000000 ) ;
#853 = VERTEX_POINT ( 'NONE', #641 ) ;
#854 =( NAMED_UNIT ( * ) PLANE_ANGLE_UNIT ( ) SI_UNIT ( $, .RADIAN. ) );
#855 = ORIENTED_EDGE ( 'NONE', *, *, #1083, .T. ) ;
#856 = CARTESIAN_POINT ( 'NONE',  ( -4.450000000000000178, -0.6999999999999999556, 0.2750000670552315007 ) ) ;
#857 = CARTESIAN_POINT ( 'NONE',  ( -3.350000000000000089, -1.000000000000000000, -3.050000000000000266 ) ) ;
#858 = EDGE_LOOP ( 'NONE', ( #285, #1342, #176, #1781 ) ) ;
#859 = DIRECTION ( 'NONE',  ( 0.000000000000000000, -1.000000000000000000, 2.220446049250314560E-16 ) ) ;
#860 = EDGE_CURVE ( 'NONE', #1799, #1225, #1490, .T. ) ;
#861 = ORIENTED_EDGE ( 'NONE', *, *, #495, .F. ) ;
#862 = CARTESIAN_POINT ( 'NONE',  ( -6.049999999999999822, 2.500000000000000000, 3.122502256758249812E-16 ) ) ;
#863 = AXIS2_PLACEMENT_3D ( 'NONE', #895, #1542, #594 ) ;
#864 = ORIENTED_EDGE ( 'NONE', *, *, #612, .F. ) ;
#865 = EDGE_CURVE ( 'NONE', #901, #1705, #462, .T. ) ;
#866 = VECTOR ( 'NONE', #1274, 1000.000000000000000 ) ;
#867 = VECTOR ( 'NONE', #1041, 1000.000000000000000 ) ;
#868 = ORIENTED_EDGE ( 'NONE', *, *, #810, .T. ) ;
#869 = DIRECTION ( 'NONE',  ( 0.000000000000000000, -1.000000000000000000, 2.220446049250315053E-16 ) ) ;
#870 = CARTESIAN_POINT ( 'NONE',  ( -4.950000000000000178, -0.6999999999999999556, -3.999999932944775072 ) ) ;
#871 = LINE ( 'NONE', #1523, #9 ) ;
#872 = VERTEX_POINT ( 'NONE', #1560 ) ;
#873 = DIRECTION ( 'NONE',  ( 1.000000000000000000, 0.000000000000000000, 0.000000000000000000 ) ) ;
#874 = ORIENTED_EDGE ( 'NONE', *, *, #1354, .F. ) ;
#875 = EDGE_CURVE ( 'NONE', #390, #1549, #1172, .T. ) ;
#876 = ADVANCED_BREP_SHAPE_REPRESENTATION ( '', ( #53, #1990, #1422, #633, #43, #640 ), #532 ) ;
#877 = ORIENTED_EDGE ( 'NONE', *, *, #41, .T. ) ;
#878 = DIRECTION ( 'NONE',  ( 0.000000000000000000, -2.220446049250315053E-16, -1.000000000000000000 ) ) ;
#879 = CARTESIAN_POINT ( 'NONE',  ( -6.049999999999999822, -0.2999999999999999889, 9.339751194659130974E-16 ) ) ;
#880 = ORIENTED_EDGE ( 'NONE', *, *, #1551, .T. ) ;
#881 = DIRECTION ( 'NONE',  ( 0.000000000000000000, -1.000000000000000000, 2.220446049250315053E-16 ) ) ;
#882 = DIRECTION ( 'NONE',  ( 0.000000000000000000, 1.000000000000000000, -2.220446049250315053E-16 ) ) ;
#883 = VECTOR ( 'NONE', #1911, 1000.000000000000000 ) ;
#884 = EDGE_LOOP ( 'NONE', ( #376, #1180, #1680, #438, #330, #1215, #686, #1967, #298, #88 ) ) ;
#885 = AXIS2_PLACEMENT_3D ( 'NONE', #756, #577, #1226 ) ;
#886 = DIRECTION ( 'NONE',  ( 0.000000000000000000, 1.000000000000000000, -2.220446049250315053E-16 ) ) ;
#887 = DIRECTION ( 'NONE',  ( 0.000000000000000000, 0.000000000000000000, -1.000000000000000000 ) ) ;
#888 = ORIENTED_EDGE ( 'NONE', *, *, #1454, .T. ) ;
#889 = DIRECTION ( 'NONE',  ( 1.000000000000000000, 0.000000000000000000, 0.000000000000000000 ) ) ;
#890 = EDGE_CURVE ( 'NONE', #201, #1637, #2010, .T. ) ;
#891 = CARTESIAN_POINT ( 'NONE',  ( -4.450000000000000178, -0.6999999999999999556, -0.2749999329447705421 ) ) ;
#892 = VERTEX_POINT ( 'NONE', #598 ) ;
#893 = EDGE_CURVE ( 'NONE', #1646, #1299, #950, .T. ) ;
#894 = CARTESIAN_POINT ( 'NONE',  ( -3.350000000000000089, 0.000000000000000000, -2.550000000000000266 ) ) ;
#895 = CARTESIAN_POINT ( 'NONE',  ( -7.850000000091950092, 2.500000000000000000, 3.122502256758249812E-16 ) ) ;
#896 = LINE ( 'NONE', #1515, #1155 ) ;
#897 = EDGE_LOOP ( 'NONE', ( #1953, #1022, #1304, #1778 ) ) ;
#898 = CYLINDRICAL_SURFACE ( 'NONE', #1448, 1.800000000000000044 ) ;
#899 = AXIS2_PLACEMENT_3D ( 'NONE', #827, #1461, #1136 ) ;
#900 = VECTOR ( 'NONE', #1371, 1000.000000000000000 ) ;
#901 = VERTEX_POINT ( 'NONE', #1860 ) ;
#902 = PLANE ( 'NONE',  #318 ) ;
#903 = APPLICATION_CONTEXT ( 'automotive_design' ) ;
#904 = CIRCLE ( 'NONE', #2015, 2.799999999999999822 ) ;
#905 = DIRECTION ( 'NONE',  ( -1.000000000000000000, 0.000000000000000000, 0.000000000000000000 ) ) ;
#906 = COLOUR_RGB ( '',1.000000000000000000, 0.8117647058823529438, 0.5019607843137254832 ) ;
#907 = SURFACE_SIDE_STYLE ('',( #758 ) ) ;
#908 = ADVANCED_FACE ( 'NONE', ( #1116 ), #1266, .F. ) ;
#909 = FACE_OUTER_BOUND ( 'NONE', #1386, .T. ) ;
#910 =( LENGTH_UNIT ( ) NAMED_UNIT ( * ) SI_UNIT ( .MILLI., .METRE. ) );
#911 = ORIENTED_EDGE ( 'NONE', *, *, #1959, .F. ) ;
#912 = DIRECTION ( 'NONE',  ( 0.000000000000000000, 2.220446049250315053E-16, 1.000000000000000000 ) ) ;
#913 = CARTESIAN_POINT ( 'NONE',  ( -2.350000000000000089, 0.000000000000000000, -2.000000000000000000 ) ) ;
#914 = LINE ( 'NONE', #109, #394 ) ;
#915 = CARTESIAN_POINT ( 'NONE',  ( -2.350000000000000089, 0.000000000000000000, -3.999999932944775072 ) ) ;
#916 = ADVANCED_FACE ( 'NONE', ( #629 ), #451, .F. ) ;
#917 = AXIS2_PLACEMENT_3D ( 'NONE', #1763, #1306, #859 ) ;
#918 = LINE ( 'NONE', #575, #557 ) ;
#919 = VERTEX_POINT ( 'NONE', #773 ) ;
#920 = CARTESIAN_POINT ( 'NONE',  ( -2.850000000000000089, 0.2500000000000000000, -3.250000000000000000 ) ) ;
#921 =( NAMED_UNIT ( * ) SI_UNIT ( $, .STERADIAN. ) SOLID_ANGLE_UNIT ( ) );
#922 = CARTESIAN_POINT ( 'NONE',  ( 5.049999999999999822, 2.500000000000000000, 3.122502256758249812E-16 ) ) ;
#923 = DIRECTION ( 'NONE',  ( -1.000000000000000000, 0.000000000000000000, 0.000000000000000000 ) ) ;
#924 = EDGE_LOOP ( 'NONE', ( #103, #880, #657, #874 ) ) ;
#925 = CARTESIAN_POINT ( 'NONE',  ( -6.049999999999999822, 2.500000000000000000, 3.122502256758249812E-16 ) ) ;
#926 = DIRECTION ( 'NONE',  ( 0.000000000000000000, 0.000000000000000000, -1.000000000000000000 ) ) ;
#927 = CARTESIAN_POINT ( 'NONE',  ( 4.049999999999999822, 1.500000000000000000, 3.050000000000000266 ) ) ;
#928 = EDGE_CURVE ( 'NONE', #1940, #23, #1400, .T. ) ;
#929 = ORIENTED_EDGE ( 'NONE', *, *, #1145, .F. ) ;
#930 = LINE ( 'NONE', #2025, #706 ) ;
#931 = VECTOR ( 'NONE', #1434, 1000.000000000000000 ) ;
#932 = VECTOR ( 'NONE', #1623, 1000.000000000000000 ) ;
#933 = VECTOR ( 'NONE', #1082, 1000.000000000000000 ) ;
#934 = CARTESIAN_POINT ( 'NONE',  ( -6.049999999999999822, 2.500000000000000000, 3.122502256758249812E-16 ) ) ;
#935 = DIRECTION ( 'NONE',  ( 0.000000000000000000, -1.000000000000000000, 2.220446049250315053E-16 ) ) ;
#936 = CARTESIAN_POINT ( 'NONE',  ( -1.350000000000000089, 2.499999977648260430, -3.050000000000000266 ) ) ;
#937 = ORIENTED_EDGE ( 'NONE', *, *, #1440, .T. ) ;
#938 = LINE ( 'NONE', #1716, #617 ) ;
#939 = DIRECTION ( 'NONE',  ( 0.000000000000000000, 0.000000000000000000, 1.000000000000000000 ) ) ;
#940 = ORIENTED_EDGE ( 'NONE', *, *, #1111, .F. ) ;
#941 = CARTESIAN_POINT ( 'NONE',  ( -8.050000000000000711, 0.000000000000000000, 3.050000000000000266 ) ) ;
#942 = EDGE_CURVE ( 'NONE', #232, #783, #1101, .T. ) ;
#943 = DIRECTION ( 'NONE',  ( -0.7071067811865474617, 0.7071067811865474617, -7.041364024482813879E-17 ) ) ;
#944 = PLANE ( 'NONE',  #1325 ) ;
#945 = FACE_OUTER_BOUND ( 'NONE', #272, .T. ) ;
#946 = ORIENTED_EDGE ( 'NONE', *, *, #1743, .T. ) ;
#947 = CARTESIAN_POINT ( 'NONE',  ( -6.049999999999999822, -0.2999999999999999889, 9.339751194659130974E-16 ) ) ;
#948 = DIRECTION ( 'NONE',  ( 0.000000000000000000, 0.000000000000000000, -1.000000000000000000 ) ) ;
#949 = CIRCLE ( 'NONE', #917, 1.800000000000000044 ) ;
#950 = LINE ( 'NONE', #477, #741 ) ;
#951 = AXIS2_PLACEMENT_3D ( 'NONE', #542, #889, #417 ) ;
#952 =( NAMED_UNIT ( * ) PLANE_ANGLE_UNIT ( ) SI_UNIT ( $, .RADIAN. ) );
#953 = EDGE_CURVE ( 'NONE', #564, #1446, #784, .T. ) ;
#954 =( GEOMETRIC_REPRESENTATION_CONTEXT ( 3 ) GLOBAL_UNCERTAINTY_ASSIGNED_CONTEXT ( ( #1379 ) ) GLOBAL_UNIT_ASSIGNED_CONTEXT ( ( #1604, #1949, #683 ) ) REPRESENTATION_CONTEXT ( 'NONE', 'WORKASPACE' ) );
#955 = DIRECTION ( 'NONE',  ( 0.000000000000000000, 1.000000000000000000, 0.000000000000000000 ) ) ;
#956 = CARTESIAN_POINT ( 'NONE',  ( 3.649999999999999911, -1.676380648879539850E-08, -2.550000000000000266 ) ) ;
#957 = ADVANCED_FACE ( 'NONE', ( #818 ), #1905, .F. ) ;
#958 = EDGE_LOOP ( 'NONE', ( #770, #116, #86, #569 ) ) ;
#959 = CARTESIAN_POINT ( 'NONE',  ( -1.350000000000000089, 2.499999977648260430, -2.550000000000000266 ) ) ;
#960 = LINE ( 'NONE', #1557, #1456 ) ;
#961 = DIRECTION ( 'NONE',  ( 0.000000000000000000, 0.000000000000000000, 1.000000000000000000 ) ) ;
#962 = CARTESIAN_POINT ( 'NONE',  ( -8.050000000041748649, 4.400000000041930370, 1.230483681520876057E-16 ) ) ;
#963 = DIRECTION ( 'NONE',  ( 0.000000000000000000, -2.220446049250315053E-16, -1.000000000000000000 ) ) ;
#964 = PRESENTATION_LAYER_ASSIGNMENT (  '', '', ( #431 ) ) ;
#965 = CARTESIAN_POINT ( 'NONE',  ( 5.049999999999999822, 2.500000000000000000, 3.122502256758249812E-16 ) ) ;
#966 = DIRECTION ( 'NONE',  ( 0.000000000000000000, 0.000000000000000000, 1.000000000000000000 ) ) ;
#967 = VECTOR ( 'NONE', #153, 1000.000000000000000 ) ;
#968 = ORIENTED_EDGE ( 'NONE', *, *, #343, .T. ) ;
#969 = AXIS2_PLACEMENT_3D ( 'NONE', #535, #215, #1773 ) ;
#970 = VECTOR ( 'NONE', #1538, 1000.000000000000000 ) ;
#971 = EDGE_CURVE ( 'NONE', #193, #2005, #1455, .T. ) ;
#972 = MECHANICAL_DESIGN_GEOMETRIC_PRESENTATION_REPRESENTATION (  '', ( #1918 ), #500 ) ;
#973 = LINE ( 'NONE', #2023, #59 ) ;
#974 = SHAPE_DEFINITION_REPRESENTATION ( #1125, #1272 ) ;
#975 = FILL_AREA_STYLE_COLOUR ( '', #260 ) ;
#976 = CYLINDRICAL_SURFACE ( 'NONE', #434, 1.800000000000000044 ) ;
#977 = EDGE_LOOP ( 'NONE', ( #32, #1171, #1133, #624 ) ) ;
#978 = CARTESIAN_POINT ( 'NONE',  ( 6.049999999999999822, -1.000000000000000000, 3.050000000000000266 ) ) ;
#979 = ORIENTED_EDGE ( 'NONE', *, *, #1834, .T. ) ;
#980 = EDGE_CURVE ( 'NONE', #1260, #992, #1451, .T. ) ;
#981 = EDGE_CURVE ( 'NONE', #1637, #752, #27, .T. ) ;
#982 = LINE ( 'NONE', #660, #14 ) ;
#983 = AXIS2_PLACEMENT_3D ( 'NONE', #800, #1421, #323 ) ;
#984 = PRESENTATION_STYLE_ASSIGNMENT (( #663 ) ) ;
#985 = DIRECTION ( 'NONE',  ( 0.000000000000000000, -1.000000000000000000, 2.220446049250315546E-16 ) ) ;
#986 = ORIENTED_EDGE ( 'NONE', *, *, #1238, .F. ) ;
#987 = DIRECTION ( 'NONE',  ( 0.000000000000000000, -1.000000000000000000, 2.220446049250315546E-16 ) ) ;
#988 = ORIENTED_EDGE ( 'NONE', *, *, #1535, .F. ) ;
#989 = VERTEX_POINT ( 'NONE', #344 ) ;
#990 = APPLICATION_PROTOCOL_DEFINITION ( 'draft international standard', 'automotive_design', 1998, #903 ) ;
#991 = EDGE_CURVE ( 'NONE', #1349, #1300, #651, .T. ) ;
#992 = VERTEX_POINT ( 'NONE', #1927 ) ;
#993 = FACE_OUTER_BOUND ( 'NONE', #15, .T. ) ;
#994 = FACE_OUTER_BOUND ( 'NONE', #1677, .T. ) ;
#995 = ORIENTED_EDGE ( 'NONE', *, *, #1898, .T. ) ;
#996 = CARTESIAN_POINT ( 'NONE',  ( 5.750000000000000000, 0.000000000000000000, 2.000000134110449856 ) ) ;
#997 = VERTEX_POINT ( 'NONE', #1126 ) ;
#998 = AXIS2_PLACEMENT_3D ( 'NONE', #1605, #823, #665 ) ;
#999 = LINE ( 'NONE', #508, #932 ) ;
#1000 = ORIENTED_EDGE ( 'NONE', *, *, #493, .T. ) ;
#1001 = PRODUCT_CONTEXT ( 'NONE', #903, 'mechanical' ) ;
#1002 = ORIENTED_EDGE ( 'NONE', *, *, #1159, .T. ) ;
#1003 = FACE_OUTER_BOUND ( 'NONE', #1955, .T. ) ;
#1004 = EDGE_CURVE ( 'NONE', #1327, #482, #982, .T. ) ;
#1005 = PLANE ( 'NONE',  #1887 ) ;
#1006 = ADVANCED_FACE ( 'NONE', ( #1301 ), #39, .T. ) ;
#1007 = DIRECTION ( 'NONE',  ( 0.000000000000000000, 0.000000000000000000, 1.000000000000000000 ) ) ;
#1008 = EDGE_LOOP ( 'NONE', ( #1265, #1528 ) ) ;
#1009 = ADVANCED_FACE ( 'NONE', ( #501 ), #1946, .T. ) ;
#1010 = CARTESIAN_POINT ( 'NONE',  ( 2.550000000000000266, -0.6999999999999999556, -0.2749999329447705421 ) ) ;
#1011 = ORIENTED_EDGE ( 'NONE', *, *, #308, .T. ) ;
#1012 = ORIENTED_EDGE ( 'NONE', *, *, #403, .T. ) ;
#1013 = VERTEX_POINT ( 'NONE', #350 ) ;
#1014 = CARTESIAN_POINT ( 'NONE',  ( -8.050000000041748649, -1.000000000000000000, -3.999999932944775072 ) ) ;
#1015 = EDGE_CURVE ( 'NONE', #1065, #694, #35, .T. ) ;
#1016 = DIRECTION ( 'NONE',  ( 0.000000000000000000, 2.220446049250315053E-16, 1.000000000000000000 ) ) ;
#1017 = VECTOR ( 'NONE', #184, 1000.000000000000000 ) ;
#1018 = ORIENTED_EDGE ( 'NONE', *, *, #134, .T. ) ;
#1019 = ADVANCED_FACE ( 'NONE', ( #1021 ), #701, .T. ) ;
#1020 = FACE_OUTER_BOUND ( 'NONE', #541, .T. ) ;
#1021 = FACE_OUTER_BOUND ( 'NONE', #671, .T. ) ;
#1022 = ORIENTED_EDGE ( 'NONE', *, *, #97, .F. ) ;
#1023 = PRODUCT_DEFINITION_SHAPE ( 'NONE', 'NONE',  #1558 ) ;
#1024 = EDGE_LOOP ( 'NONE', ( #352, #210, #1507, #702 ) ) ;
#1025 = ORIENTED_EDGE ( 'NONE', *, *, #1866, .F. ) ;
#1026 = CLOSED_SHELL ( 'NONE', ( #1210, #1305, #1512, #474, #1612, #1269 ) ) ;
#1027 = CARTESIAN_POINT ( 'NONE',  ( 6.049999999999999822, 0.000000000000000000, 3.050000000000000266 ) ) ;
#1028 = LINE ( 'NONE', #55, #1489 ) ;
#1029 = DIRECTION ( 'NONE',  ( 0.000000000000000000, 0.000000000000000000, -1.000000000000000000 ) ) ;
#1030 = ORIENTED_EDGE ( 'NONE', *, *, #1834, .F. ) ;
#1031 = CARTESIAN_POINT ( 'NONE',  ( -1.734723475976809855E-15, 0.000000000000000000, 8.673617379884030542E-16 ) ) ;
#1032 = VERTEX_POINT ( 'NONE', #1479 ) ;
#1033 = EDGE_CURVE ( 'NONE', #989, #919, #1798, .T. ) ;
#1034 = DIRECTION ( 'NONE',  ( 0.000000000000000000, -1.000000000000000000, 2.220446049250315546E-16 ) ) ;
#1035 = AXIS2_PLACEMENT_3D ( 'NONE', #812, #1118, #963 ) ;
#1036 = ORIENTED_EDGE ( 'NONE', *, *, #117, .F. ) ;
#1037 = VECTOR ( 'NONE', #1679, 1000.000000000000000 ) ;
#1038 = ORIENTED_EDGE ( 'NONE', *, *, #202, .T. ) ;
#1039 = LINE ( 'NONE', #1190, #1668 ) ;
#1040 = UNCERTAINTY_MEASURE_WITH_UNIT (LENGTH_MEASURE( 1.000000000000000082E-05 ), #137, 'distance_accuracy_value', 'NONE');
#1041 = DIRECTION ( 'NONE',  ( 0.000000000000000000, 0.000000000000000000, 1.000000000000000000 ) ) ;
#1042 = ORIENTED_EDGE ( 'NONE', *, *, #942, .T. ) ;
#1043 = DIRECTION ( 'NONE',  ( 0.000000000000000000, 2.220446049250315053E-16, 1.000000000000000000 ) ) ;
#1044 = DIRECTION ( 'NONE',  ( 0.000000000000000000, 1.000000000000000000, 0.000000000000000000 ) ) ;
#1045 = ORIENTED_EDGE ( 'NONE', *, *, #612, .T. ) ;
#1046 = PLANE ( 'NONE',  #703 ) ;
#1047 = DIRECTION ( 'NONE',  ( 0.000000000000000000, -1.000000000000000000, 2.220446049250314560E-16 ) ) ;
#1048 = ADVANCED_FACE ( 'NONE', ( #341 ), #1598, .T. ) ;
#1049 = EDGE_CURVE ( 'NONE', #206, #815, #839, .T. ) ;
#1050 = ORIENTED_EDGE ( 'NONE', *, *, #308, .F. ) ;
#1051 = FACE_OUTER_BOUND ( 'NONE', #1369, .T. ) ;
#1052 = DIRECTION ( 'NONE',  ( 0.000000000000000000, -1.000000000000000000, 2.220446049250315053E-16 ) ) ;
#1053 = ORIENTED_EDGE ( 'NONE', *, *, #1980, .T. ) ;
#1054 = LINE ( 'NONE', #894, #1070 ) ;
#1055 = FACE_OUTER_BOUND ( 'NONE', #358, .T. ) ;
#1056 = VECTOR ( 'NONE', #1229, 1000.000000000000000 ) ;
#1057 = VERTEX_POINT ( 'NONE', #849 ) ;
#1058 = PRESENTATION_STYLE_ASSIGNMENT (( #762 ) ) ;
#1059 = AXIS2_PLACEMENT_3D ( 'NONE', #698, #78, #1153 ) ;
#1060 = AXIS2_PLACEMENT_3D ( 'NONE', #788, #1554, #467 ) ;
#1061 = EDGE_LOOP ( 'NONE', ( #731, #1868, #1156, #1848, #1053, #1162 ) ) ;
#1062 = CARTESIAN_POINT ( 'NONE',  ( -0.3499999999999999778, 0.000000000000000000, -2.000000000000000000 ) ) ;
#1063 = ADVANCED_FACE ( 'NONE', ( #1609 ), #70, .F. ) ;
#1064 = PLANE ( 'NONE',  #1134 ) ;
#1065 = VERTEX_POINT ( 'NONE', #2035 ) ;
#1066 = CARTESIAN_POINT ( 'NONE',  ( 4.649999999999999467, 0.000000000000000000, -3.250000000000000000 ) ) ;
#1067 = CARTESIAN_POINT ( 'NONE',  ( -8.050000000041748649, 2.500000000000000000, 3.122502256758249812E-16 ) ) ;
#1068 = VERTEX_POINT ( 'NONE', #1578 ) ;
#1069 = VECTOR ( 'NONE', #1756, 1000.000000000000000 ) ;
#1070 = VECTOR ( 'NONE', #1514, 1000.000000000000000 ) ;
#1071 = ORIENTED_EDGE ( 'NONE', *, *, #865, .T. ) ;
#1072 = AXIS2_PLACEMENT_3D ( 'NONE', #1644, #1988, #961 ) ;
#1073 = DIRECTION ( 'NONE',  ( -1.000000000000000000, 0.000000000000000000, 0.000000000000000000 ) ) ;
#1074 = CARTESIAN_POINT ( 'NONE',  ( 0.6500000000000000222, -4.440891949608119353E-16, -3.999999932944775072 ) ) ;
#1075 = EDGE_CURVE ( 'NONE', #1299, #556, #1250, .T. ) ;
#1076 = CARTESIAN_POINT ( 'NONE',  ( -6.049999999999999822, 5.000000000000000000, -2.428612866367529439E-16 ) ) ;
#1077 = DIRECTION ( 'NONE',  ( 0.000000000000000000, -1.000000000000000000, 2.220446049250315053E-16 ) ) ;
#1078 = ORIENTED_EDGE ( 'NONE', *, *, #1174, .F. ) ;
#1079 = FACE_OUTER_BOUND ( 'NONE', #1086, .T. ) ;
#1080 = ORIENTED_EDGE ( 'NONE', *, *, #1432, .T. ) ;
#1081 = DIRECTION ( 'NONE',  ( 0.000000000000000000, 1.000000000000000000, 0.000000000000000000 ) ) ;
#1082 = DIRECTION ( 'NONE',  ( -1.000000000000000000, 0.000000000000000000, 0.000000000000000000 ) ) ;
#1083 = EDGE_CURVE ( 'NONE', #606, #93, #1569, .T. ) ;
#1084 = CARTESIAN_POINT ( 'NONE',  ( -0.3499999999999999778, -1.000000000000000000, -3.050000000000000266 ) ) ;
#1085 = PLANE ( 'NONE',  #722 ) ;
#1086 = EDGE_LOOP ( 'NONE', ( #1651, #1825, #1166, #1965 ) ) ;
#1087 = EDGE_CURVE ( 'NONE', #1476, #291, #292, .T. ) ;
#1088 = AXIS2_PLACEMENT_3D ( 'NONE', #1660, #1864, #252 ) ;
#1089 = DIRECTION ( 'NONE',  ( 1.000000000000000000, 0.000000000000000000, 0.000000000000000000 ) ) ;
#1090 = VERTEX_POINT ( 'NONE', #809 ) ;
#1091 = DIRECTION ( 'NONE',  ( -1.000000000000000000, 0.000000000000000000, 0.000000000000000000 ) ) ;
#1092 = DIRECTION ( 'NONE',  ( 0.000000000000000000, 0.000000000000000000, -1.000000000000000000 ) ) ;
#1093 = CARTESIAN_POINT ( 'NONE',  ( 4.049999999999999822, 1.500000000000000000, 2.550000000000000266 ) ) ;
#1094 = DIRECTION ( 'NONE',  ( 0.000000000000000000, 0.000000000000000000, 1.000000000000000000 ) ) ;
#1095 = FACE_OUTER_BOUND ( 'NONE', #1599, .T. ) ;
#1096 = ORIENTED_EDGE ( 'NONE', *, *, #403, .F. ) ;
#1097 = DIRECTION ( 'NONE',  ( -1.000000000000000000, 0.000000000000000000, 0.000000000000000000 ) ) ;
#1098 = LINE ( 'NONE', #302, #299 ) ;
#1099 = EDGE_CURVE ( 'NONE', #369, #108, #1978, .T. ) ;
#1100 = VERTEX_POINT ( 'NONE', #659 ) ;
#1101 = LINE ( 'NONE', #941, #967 ) ;
#1102 = CIRCLE ( 'NONE', #1647, 2.599999999979900167 ) ;
#1103 = VECTOR ( 'NONE', #1731, 1000.000000000000000 ) ;
#1104 = DIRECTION ( 'NONE',  ( 0.000000000000000000, -1.000000000000000000, 0.000000000000000000 ) ) ;
#1105 = ORIENTED_EDGE ( 'NONE', *, *, #418, .F. ) ;
#1106 = CARTESIAN_POINT ( 'NONE',  ( -0.3499999999999999778, 1.110223173517670005E-16, -3.999999932944775072 ) ) ;
#1107 = CARTESIAN_POINT ( 'NONE',  ( -3.350000000000000089, 0.2500000000000000000, -2.000000000000000000 ) ) ;
#1108 = ORIENTED_EDGE ( 'NONE', *, *, #1004, .F. ) ;
#1109 = PLANE ( 'NONE',  #1234 ) ;
#1110 = FILL_AREA_STYLE_COLOUR ( '', #1722 ) ;
#1111 = EDGE_CURVE ( 'NONE', #1317, #1482, #1124, .T. ) ;
#1112 = CARTESIAN_POINT ( 'NONE',  ( -4.450000000000000178, -0.6999999999999999556, 0.2750000670552315007 ) ) ;
#1113 = ORIENTED_EDGE ( 'NONE', *, *, #1343, .T. ) ;
#1114 = CARTESIAN_POINT ( 'NONE',  ( -3.350000000000000089, 0.2500000000000000000, -2.000000000000000000 ) ) ;
#1115 = AXIS2_PLACEMENT_3D ( 'NONE', #547, #84, #1608 ) ;
#1116 = FACE_OUTER_BOUND ( 'NONE', #1276, .T. ) ;
#1117 = DIRECTION ( 'NONE',  ( -1.000000000000000000, 0.000000000000000000, 0.000000000000000000 ) ) ;
#1118 = DIRECTION ( 'NONE',  ( 0.000000000000000000, 1.000000000000000000, -2.220446049250315053E-16 ) ) ;
#1119 = AXIS2_PLACEMENT_3D ( 'NONE', #708, #1444, #1483 ) ;
#1120 = LINE ( 'NONE', #1899, #866 ) ;
#1121 = CARTESIAN_POINT ( 'NONE',  ( 0.6500000000000000222, 0.000000000000000000, -2.000000000000000000 ) ) ;
#1122 = ORIENTED_EDGE ( 'NONE', *, *, #2031, .F. ) ;
#1123 = DIRECTION ( 'NONE',  ( 1.000000000000000000, 0.000000000000000000, 0.000000000000000000 ) ) ;
#1124 = LINE ( 'NONE', #490, #1546 ) ;
#1125 = PRODUCT_DEFINITION_SHAPE ( 'NONE', 'NONE',  #1804 ) ;
#1126 = CARTESIAN_POINT ( 'NONE',  ( 6.049999999999999822, 0.000000000000000000, -3.050000000000000266 ) ) ;
#1127 = PRESENTATION_STYLE_ASSIGNMENT (( #642 ) ) ;
#1128 = DIRECTION ( 'NONE',  ( -1.000000000000000000, 0.000000000000000000, 0.000000000000000000 ) ) ;
#1129 = DIRECTION ( 'NONE',  ( 1.000000000000000000, 0.000000000000000000, 0.000000000000000000 ) ) ;
#1130 = VECTOR ( 'NONE', #209, 1000.000000000000000 ) ;
#1131 = LINE ( 'NONE', #157, #1548 ) ;
#1132 = EDGE_CURVE ( 'NONE', #427, #1184, #1098, .T. ) ;
#1133 = ORIENTED_EDGE ( 'NONE', *, *, #1502, .F. ) ;
#1134 = AXIS2_PLACEMENT_3D ( 'NONE', #395, #2000, #905 ) ;
#1135 = CARTESIAN_POINT ( 'NONE',  ( 6.049999999999999822, 2.499999977648260430, -3.050000000000000266 ) ) ;
#1136 = DIRECTION ( 'NONE',  ( 0.000000000000000000, -1.000000000000000000, 2.220446049250315053E-16 ) ) ;
#1137 = DIRECTION ( 'NONE',  ( 0.000000000000000000, -1.000000000000000000, 2.220446049250315053E-16 ) ) ;
#1138 = CARTESIAN_POINT ( 'NONE',  ( 0.9500000000000001776, 3.608224978924270002E-16, 1.820070536496879589E-08 ) ) ;
#1139 = FACE_OUTER_BOUND ( 'NONE', #1971, .T. ) ;
#1140 = CARTESIAN_POINT ( 'NONE',  ( -8.050000000041748649, 0.5999999999580729604, 7.341349750426939916E-16 ) ) ;
#1141 = FACE_OUTER_BOUND ( 'NONE', #739, .T. ) ;
#1142 = ORIENTED_EDGE ( 'NONE', *, *, #1343, .F. ) ;
#1143 = DIRECTION ( 'NONE',  ( 1.000000000000000000, 0.000000000000000000, 0.000000000000000000 ) ) ;
#1144 = VERTEX_POINT ( 'NONE', #638 ) ;
#1145 = EDGE_CURVE ( 'NONE', #413, #694, #1268, .T. ) ;
#1146 = FACE_OUTER_BOUND ( 'NONE', #1727, .T. ) ;
#1147 = ORIENTED_EDGE ( 'NONE', *, *, #1574, .T. ) ;
#1148 = DIRECTION ( 'NONE',  ( 0.000000000000000000, -1.000000000000000000, 2.220446049250315053E-16 ) ) ;
#1149 = PLANE ( 'NONE',  #635 ) ;
#1150 = VECTOR ( 'NONE', #1143, 1000.000000000000000 ) ;
#1151 = ORIENTED_EDGE ( 'NONE', *, *, #1407, .F. ) ;
#1152 = AXIS2_PLACEMENT_3D ( 'NONE', #553, #1678, #878 ) ;
#1153 = DIRECTION ( 'NONE',  ( 0.000000000000000000, 0.000000000000000000, 1.000000000000000000 ) ) ;
#1154 = DIRECTION ( 'NONE',  ( 0.000000000000000000, 0.000000000000000000, 1.000000000000000000 ) ) ;
#1155 = VECTOR ( 'NONE', #1385, 1000.000000000000000 ) ;
#1156 = ORIENTED_EDGE ( 'NONE', *, *, #6, .F. ) ;
#1157 = STYLED_ITEM ( 'NONE', ( #984 ), #633 ) ;
#1158 = DIRECTION ( 'NONE',  ( 0.000000000000000000, 0.000000000000000000, -1.000000000000000000 ) ) ;
#1159 = EDGE_CURVE ( 'NONE', #93, #872, #960, .T. ) ;
#1160 = VERTEX_POINT ( 'NONE', #1708 ) ;
#1161 =( NAMED_UNIT ( * ) SI_UNIT ( $, .STERADIAN. ) SOLID_ANGLE_UNIT ( ) );
#1162 = ORIENTED_EDGE ( 'NONE', *, *, #819, .T. ) ;
#1163 = DIRECTION ( 'NONE',  ( 0.000000000000000000, 2.220446049250315053E-16, 1.000000000000000000 ) ) ;
#1164 = EDGE_CURVE ( 'NONE', #305, #195, #1735, .T. ) ;
#1165 = DIRECTION ( 'NONE',  ( -1.000000000000000000, 0.000000000000000000, 0.000000000000000000 ) ) ;
#1166 = ORIENTED_EDGE ( 'NONE', *, *, #189, .T. ) ;
#1167 = VECTOR ( 'NONE', #1934, 1000.000000000000000 ) ;
#1168 = FACE_OUTER_BOUND ( 'NONE', #1859, .T. ) ;
#1169 = DIRECTION ( 'NONE',  ( 0.000000000000000000, 1.000000000000000000, 0.000000000000000000 ) ) ;
#1170 = AXIS2_PLACEMENT_3D ( 'NONE', #281, #727, #420 ) ;
#1171 = ORIENTED_EDGE ( 'NONE', *, *, #277, .F. ) ;
#1172 = CIRCLE ( 'NONE', #1360, 0.3750000000000000000 ) ;
#1173 = EDGE_LOOP ( 'NONE', ( #1494, #1450, #679, #1358 ) ) ;
#1174 = EDGE_CURVE ( 'NONE', #2005, #193, #1231, .T. ) ;
#1175 = AXIS2_PLACEMENT_3D ( 'NONE', #1602, #1288, #1914 ) ;
#1176 = DIRECTION ( 'NONE',  ( -1.000000000000000000, 0.000000000000000000, 0.000000000000000000 ) ) ;
#1177 = ORIENTED_EDGE ( 'NONE', *, *, #271, .T. ) ;
#1178 = CARTESIAN_POINT ( 'NONE',  ( -6.049999999999999822, 5.000000000000000000, 3.050000000000000266 ) ) ;
#1179 = ORIENTED_EDGE ( 'NONE', *, *, #87, .T. ) ;
#1180 = ORIENTED_EDGE ( 'NONE', *, *, #415, .F. ) ;
#1181 = DIRECTION ( 'NONE',  ( -0.000000000000000000, 1.000000000000000000, 0.000000000000000000 ) ) ;
#1182 = CARTESIAN_POINT ( 'NONE',  ( -6.049999999999999822, -1.000000000000000000, -3.050000000000000266 ) ) ;
#1183 = AXIS2_PLACEMENT_3D ( 'NONE', #1478, #69, #987 ) ;
#1184 = VERTEX_POINT ( 'NONE', #782 ) ;
#1185 = VECTOR ( 'NONE', #455, 1000.000000000000000 ) ;
#1186 = DIRECTION ( 'NONE',  ( 0.000000000000000000, 1.000000000000000000, -2.220446049250315053E-16 ) ) ;
#1187 = EDGE_LOOP ( 'NONE', ( #1910, #99, #1800, #1471 ) ) ;
#1188 = ORIENTED_EDGE ( 'NONE', *, *, #316, .T. ) ;
#1189 = ORIENTED_EDGE ( 'NONE', *, *, #1287, .F. ) ;
#1190 = CARTESIAN_POINT ( 'NONE',  ( -6.049999999999999822, -1.000000000000000000, 3.050000000000000266 ) ) ;
#1191 = DIRECTION ( 'NONE',  ( 0.000000000000000000, 0.000000000000000000, -1.000000000000000000 ) ) ;
#1192 = ORIENTED_EDGE ( 'NONE', *, *, #231, .T. ) ;
#1193 = CARTESIAN_POINT ( 'NONE',  ( -8.050000000000000711, 5.000000000000000000, 3.050000000000000266 ) ) ;
#1194 = EDGE_CURVE ( 'NONE', #997, #1476, #16, .T. ) ;
#1195 = CARTESIAN_POINT ( 'NONE',  ( 4.049999999999999822, 5.000000000000000000, 3.050000000000000266 ) ) ;
#1196 = EDGE_LOOP ( 'NONE', ( #755, #1307, #605, #440 ) ) ;
#1197 = EDGE_CURVE ( 'NONE', #51, #1473, #454, .T. ) ;
#1198 = VECTOR ( 'NONE', #926, 1000.000000000000000 ) ;
#1199 = ORIENTED_EDGE ( 'NONE', *, *, #1579, .F. ) ;
#1200 = AXIS2_PLACEMENT_3D ( 'NONE', #1427, #12, #643 ) ;
#1201 = ORIENTED_EDGE ( 'NONE', *, *, #2031, .T. ) ;
#1202 = CARTESIAN_POINT ( 'NONE',  ( -2.350000000000000089, 0.2500000000000000000, -3.999999932944775072 ) ) ;
#1203 = UNCERTAINTY_MEASURE_WITH_UNIT (LENGTH_MEASURE( 1.000000000000000082E-05 ), #1330, 'distance_accuracy_value', 'NONE');
#1204 = LINE ( 'NONE', #1666, #900 ) ;
#1205 = ORIENTED_EDGE ( 'NONE', *, *, #460, .T. ) ;
#1206 = DIRECTION ( 'NONE',  ( 0.000000000000000000, 1.000000000000000000, 0.000000000000000000 ) ) ;
#1207 = DIRECTION ( 'NONE',  ( -1.000000000000000000, 0.000000000000000000, 0.000000000000000000 ) ) ;
#1208 = ORIENTED_EDGE ( 'NONE', *, *, #46, .T. ) ;
#1209 = SURFACE_SIDE_STYLE ('',( #587 ) ) ;
#1210 = ADVANCED_FACE ( 'NONE', ( #582 ), #778, .F. ) ;
#1211 = ADVANCED_FACE ( 'NONE', ( #1703 ), #1913, .T. ) ;
#1212 = VERTEX_POINT ( 'NONE', #1842 ) ;
#1213 = FACE_OUTER_BOUND ( 'NONE', #884, .T. ) ;
#1214 = LINE ( 'NONE', #1237, #334 ) ;
#1215 = ORIENTED_EDGE ( 'NONE', *, *, #1420, .F. ) ;
#1216 = VECTOR ( 'NONE', #1986, 1000.000000000000000 ) ;
#1217 = CARTESIAN_POINT ( 'NONE',  ( -3.350000000000000089, 0.000000000000000000, 8.673617379884030542E-16 ) ) ;
#1218 = DIRECTION ( 'NONE',  ( 0.000000000000000000, -1.000000000000000000, 2.220446049250315053E-16 ) ) ;
#1219 = LINE ( 'NONE', #1352, #1056 ) ;
#1220 = ORIENTED_EDGE ( 'NONE', *, *, #1547, .T. ) ;
#1221 = VECTOR ( 'NONE', #595, 1000.000000000000000 ) ;
#1222 = APPLICATION_CONTEXT ( 'automotive_design' ) ;
#1223 = VECTOR ( 'NONE', #1958, 1000.000000000000000 ) ;
#1224 = EDGE_CURVE ( 'NONE', #1212, #1144, #1374, .T. ) ;
#1225 = VERTEX_POINT ( 'NONE', #129 ) ;
#1226 = DIRECTION ( 'NONE',  ( 0.000000000000000000, 1.000000000000000000, 0.000000000000000000 ) ) ;
#1227 = FACE_OUTER_BOUND ( 'NONE', #1449, .T. ) ;
#1228 = CARTESIAN_POINT ( 'NONE',  ( 6.049999999999999822, -1.000000000000000000, 3.050000000000000266 ) ) ;
#1229 = DIRECTION ( 'NONE',  ( 0.000000000000000000, 1.000000000000000000, -2.220446049250315053E-16 ) ) ;
#1230 = ORIENTED_EDGE ( 'NONE', *, *, #1233, .T. ) ;
#1231 = CIRCLE ( 'NONE', #2014, 1.900000000041929926 ) ;
#1232 = ORIENTED_EDGE ( 'NONE', *, *, #1793, .T. ) ;
#1233 = EDGE_CURVE ( 'NONE', #408, #1260, #138, .T. ) ;
#1234 = AXIS2_PLACEMENT_3D ( 'NONE', #172, #287, #803 ) ;
#1235 = PLANE ( 'NONE',  #1326 ) ;
#1236 = ORIENTED_EDGE ( 'NONE', *, *, #1551, .F. ) ;
#1237 = CARTESIAN_POINT ( 'NONE',  ( 6.049999999999999822, 0.000000000000000000, 3.050000000000000266 ) ) ;
#1238 = EDGE_CURVE ( 'NONE', #556, #1661, #1553, .T. ) ;
#1239 = PLANE ( 'NONE',  #530 ) ;
#1240 = DIRECTION ( 'NONE',  ( 0.000000000000000000, 0.000000000000000000, 1.000000000000000000 ) ) ;
#1241 = CARTESIAN_POINT ( 'NONE',  ( 2.550000000000000266, -0.6999999999999999556, 0.2750000670552315007 ) ) ;
#1242 = VERTEX_POINT ( 'NONE', #2030 ) ;
#1243 = DIRECTION ( 'NONE',  ( -1.000000000000000000, 0.000000000000000000, 0.000000000000000000 ) ) ;
#1244 = CARTESIAN_POINT ( 'NONE',  ( -4.450000000000000178, 0.000000000000000000, 6.705523044742150474E-08 ) ) ;
#1245 = CARTESIAN_POINT ( 'NONE',  ( 0.6500000000000000222, 0.000000000000000000, -2.000000000000000000 ) ) ;
#1246 = EDGE_CURVE ( 'NONE', #257, #798, #621, .T. ) ;
#1247 = DIRECTION ( 'NONE',  ( 0.000000000000000000, -1.000000000000000000, 0.000000000000000000 ) ) ;
#1248 = VERTEX_POINT ( 'NONE', #466 ) ;
#1249 = VECTOR ( 'NONE', #25, 1000.000000000000000 ) ;
#1250 = LINE ( 'NONE', #1411, #795 ) ;
#1251 = DIRECTION ( 'NONE',  ( 0.000000000000000000, 0.000000000000000000, 1.000000000000000000 ) ) ;
#1252 = DIRECTION ( 'NONE',  ( 0.7071067811865474617, 0.7071067811865474617, -1.570092458683773688E-16 ) ) ;
#1253 = CARTESIAN_POINT ( 'NONE',  ( 4.649999999999999467, 0.000000000000000000, -2.000000000000000000 ) ) ;
#1254 = CARTESIAN_POINT ( 'NONE',  ( 2.550000000000000266, -0.6999999999999999556, -0.2749999329447705421 ) ) ;
#1255 = FACE_OUTER_BOUND ( 'NONE', #1521, .T. ) ;
#1256 = VERTEX_POINT ( 'NONE', #1262 ) ;
#1257 = ADVANCED_FACE ( 'NONE', ( #1583 ), #502, .F. ) ;
#1258 = CARTESIAN_POINT ( 'NONE',  ( 5.250000000000000000, 0.2500000000000000000, 4.000000067055225372 ) ) ;
#1259 = EDGE_CURVE ( 'NONE', #1940, #152, #1102, .T. ) ;
#1260 = VERTEX_POINT ( 'NONE', #479 ) ;
#1261 = CARTESIAN_POINT ( 'NONE',  ( 2.550000000000000266, -0.5999999999999999778, -0.3749999329447699647 ) ) ;
#1262 = CARTESIAN_POINT ( 'NONE',  ( -1.350000000000000089, 2.499999977648260430, -2.550000000000000266 ) ) ;
#1263 = AXIS2_PLACEMENT_3D ( 'NONE', #1740, #1908, #487 ) ;
#1264 = LINE ( 'NONE', #1713, #1719 ) ;
#1265 = ORIENTED_EDGE ( 'NONE', *, *, #599, .T. ) ;
#1266 = CONICAL_SURFACE ( 'NONE', #47, 1.900000000041929926, 0.7853981633974476129 ) ;
#1267 = CARTESIAN_POINT ( 'NONE',  ( -1.350000000000000089, 2.499999977648260430, -3.050000000000000266 ) ) ;
#1268 = LINE ( 'NONE', #2024, #1389 ) ;
#1269 = ADVANCED_FACE ( 'NONE', ( #1139 ), #1149, .T. ) ;
#1270 = DIRECTION ( 'NONE',  ( 0.000000000000000000, 1.000000000000000000, -2.220446049250315053E-16 ) ) ;
#1271 = EDGE_CURVE ( 'NONE', #892, #716, #1784, .T. ) ;
#1272 = SHAPE_REPRESENTATION ( 'PJ-320D-A', ( #397, #1788 ), #11 ) ;
#1273 = LINE ( 'NONE', #173, #203 ) ;
#1274 = DIRECTION ( 'NONE',  ( 0.000000000000000000, 0.000000000000000000, -1.000000000000000000 ) ) ;
#1275 = PLANE ( 'NONE',  #724 ) ;
#1276 = EDGE_LOOP ( 'NONE', ( #1122, #573, #1775, #1795 ) ) ;
#1277 = CARTESIAN_POINT ( 'NONE',  ( -1.734723475976809855E-15, 0.000000000000000000, -2.550000000000000266 ) ) ;
#1278 = DIRECTION ( 'NONE',  ( 1.000000000000000000, 0.000000000000000000, 0.000000000000000000 ) ) ;
#1279 = CIRCLE ( 'NONE', #379, 2.599999999979900167 ) ;
#1280 = ORIENTED_EDGE ( 'NONE', *, *, #981, .T. ) ;
#1281 = DIRECTION ( 'NONE',  ( 1.000000000000000000, 0.000000000000000000, 0.000000000000000000 ) ) ;
#1282 = EDGE_CURVE ( 'NONE', #1482, #95, #464, .T. ) ;
#1283 =( NAMED_UNIT ( * ) PLANE_ANGLE_UNIT ( ) SI_UNIT ( $, .RADIAN. ) );
#1284 = CARTESIAN_POINT ( 'NONE',  ( -6.049999999999999822, 2.500000000000000000, 3.122502256758249812E-16 ) ) ;
#1285 = DIRECTION ( 'NONE',  ( 0.000000000000000000, 0.000000000000000000, -1.000000000000000000 ) ) ;
#1286 = ORIENTED_EDGE ( 'NONE', *, *, #1770, .F. ) ;
#1287 = EDGE_CURVE ( 'NONE', #95, #247, #1555, .T. ) ;
#1288 = DIRECTION ( 'NONE',  ( 0.000000000000000000, -2.220446049250315053E-16, -1.000000000000000000 ) ) ;
#1289 = DIRECTION ( 'NONE',  ( 1.000000000000000000, 0.000000000000000000, 0.000000000000000000 ) ) ;
#1290 = CARTESIAN_POINT ( 'NONE',  ( -2.350000000000000089, 0.2500000000000000000, -2.000000000000000000 ) ) ;
#1291 = VECTOR ( 'NONE', #1696, 1000.000000000000000 ) ;
#1292 = CARTESIAN_POINT ( 'NONE',  ( -3.350000000000000089, 2.500000000000000000, -2.550000000000000266 ) ) ;
#1293 = EDGE_CURVE ( 'NONE', #1710, #989, #1376, .T. ) ;
#1294 = ORIENTED_EDGE ( 'NONE', *, *, #1331, .F. ) ;
#1295 = VECTOR ( 'NONE', #592, 1000.000000000000000 ) ;
#1296 = VECTOR ( 'NONE', #250, 1000.000000000000000 ) ;
#1297 = PLANE ( 'NONE',  #1115 ) ;
#1298 = DIRECTION ( 'NONE',  ( -1.000000000000000000, 0.000000000000000000, 0.000000000000000000 ) ) ;
#1299 = VERTEX_POINT ( 'NONE', #311 ) ;
#1300 = VERTEX_POINT ( 'NONE', #956 ) ;
#1301 = FACE_OUTER_BOUND ( 'NONE', #1624, .T. ) ;
#1302 = LINE ( 'NONE', #857, #112 ) ;
#1303 = DIRECTION ( 'NONE',  ( 0.7071067811865474617, -0.7071067811865474617, 2.436048514919267960E-16 ) ) ;
#1304 = ORIENTED_EDGE ( 'NONE', *, *, #1293, .T. ) ;
#1305 = ADVANCED_FACE ( 'NONE', ( #645 ), #655, .T. ) ;
#1306 = DIRECTION ( 'NONE',  ( 1.000000000000000000, 0.000000000000000000, 0.000000000000000000 ) ) ;
#1307 = ORIENTED_EDGE ( 'NONE', *, *, #1779, .F. ) ;
#1308 = ORIENTED_EDGE ( 'NONE', *, *, #244, .T. ) ;
#1309 = MECHANICAL_DESIGN_GEOMETRIC_PRESENTATION_REPRESENTATION (  '', ( #1766 ), #1566 ) ;
#1310 = CIRCLE ( 'NONE', #61, 2.800000000043385118 ) ;
#1311 = DIRECTION ( 'NONE',  ( 1.000000000000000000, 0.000000000000000000, 0.000000000000000000 ) ) ;
#1312 = ORIENTED_EDGE ( 'NONE', *, *, #819, .F. ) ;
#1313 = AXIS2_PLACEMENT_3D ( 'NONE', #22, #1418, #3 ) ;
#1314 = EDGE_CURVE ( 'NONE', #482, #584, #366, .T. ) ;
#1315 = CARTESIAN_POINT ( 'NONE',  ( 4.649999999999999467, 0.2500000000000000000, -3.999999932944775072 ) ) ;
#1316 = ORIENTED_EDGE ( 'NONE', *, *, #189, .F. ) ;
#1317 = VERTEX_POINT ( 'NONE', #361 ) ;
#1318 = ADVANCED_FACE ( 'NONE', ( #1003 ), #235, .F. ) ;
#1319 = APPLICATION_PROTOCOL_DEFINITION ( 'draft international standard', 'automotive_design', 1998, #124 ) ;
#1320 = ORIENTED_EDGE ( 'NONE', *, *, #763, .F. ) ;
#1321 = CARTESIAN_POINT ( 'NONE',  ( 3.649999999999999911, 2.499999977648260430, -2.550000000000000266 ) ) ;
#1322 = ORIENTED_EDGE ( 'NONE', *, *, #664, .F. ) ;
#1323 = AXIS2_PLACEMENT_3D ( 'NONE', #1014, #223, #533 ) ;
#1324 = CARTESIAN_POINT ( 'NONE',  ( -3.449999999999999734, 2.500000000000000000, -2.550000000000000266 ) ) ;
#1325 = AXIS2_PLACEMENT_3D ( 'NONE', #1562, #2022, #786 ) ;
#1326 = AXIS2_PLACEMENT_3D ( 'NONE', #1415, #145, #306 ) ;
#1327 = VERTEX_POINT ( 'NONE', #682 ) ;
#1328 = PRESENTATION_LAYER_ASSIGNMENT (  '', '', ( #303 ) ) ;
#1329 = VERTEX_POINT ( 'NONE', #1782 ) ;
#1330 =( LENGTH_UNIT ( ) NAMED_UNIT ( * ) SI_UNIT ( .MILLI., .METRE. ) );
#1331 = EDGE_CURVE ( 'NONE', #1144, #1317, #1625, .T. ) ;
#1332 = PLANE ( 'NONE',  #1855 ) ;
#1333 = EDGE_LOOP ( 'NONE', ( #720, #385 ) ) ;
#1334 = DIRECTION ( 'NONE',  ( 0.000000000000000000, 0.000000000000000000, -1.000000000000000000 ) ) ;
#1335 = ORIENTED_EDGE ( 'NONE', *, *, #1574, .F. ) ;
#1336 = EDGE_LOOP ( 'NONE', ( #212, #676, #1208, #265 ) ) ;
#1337 = ORIENTED_EDGE ( 'NONE', *, *, #68, .T. ) ;
#1338 = FACE_OUTER_BOUND ( 'NONE', #977, .T. ) ;
#1339 = ADVANCED_FACE ( 'NONE', ( #695 ), #1948, .F. ) ;
#1340 = DIRECTION ( 'NONE',  ( 0.000000000000000000, 0.000000000000000000, -1.000000000000000000 ) ) ;
#1341 = VECTOR ( 'NONE', #1755, 1000.000000000000000 ) ;
#1342 = ORIENTED_EDGE ( 'NONE', *, *, #1049, .T. ) ;
#1343 = EDGE_CURVE ( 'NONE', #1065, #1710, #1610, .T. ) ;
#1344 = CARTESIAN_POINT ( 'NONE',  ( -7.950000000000000178, 4.299999999999999822, 1.330063606572921990E-16 ) ) ;
#1345 = ORIENTED_EDGE ( 'NONE', *, *, #132, .T. ) ;
#1346 = ORIENTED_EDGE ( 'NONE', *, *, #1197, .T. ) ;
#1347 = DIRECTION ( 'NONE',  ( -1.000000000000000000, 0.000000000000000000, 0.000000000000000000 ) ) ;
#1348 = LINE ( 'NONE', #1074, #707 ) ;
#1349 = VERTEX_POINT ( 'NONE', #1925 ) ;
#1350 = CARTESIAN_POINT ( 'NONE',  ( 3.649999999999999911, 0.2500000000000000000, -2.000000000000000000 ) ) ;
#1351 = EDGE_CURVE ( 'NONE', #239, #305, #999, .T. ) ;
#1352 = CARTESIAN_POINT ( 'NONE',  ( -0.3499999999999999778, 0.000000000000000000, -2.000000000000000000 ) ) ;
#1353 = ORIENTED_EDGE ( 'NONE', *, *, #1468, .F. ) ;
#1354 = EDGE_CURVE ( 'NONE', #381, #239, #680, .T. ) ;
#1355 =( NAMED_UNIT ( * ) SI_UNIT ( $, .STERADIAN. ) SOLID_ANGLE_UNIT ( ) );
#1356 = VECTOR ( 'NONE', #297, 1000.000000000000000 ) ;
#1357 = CIRCLE ( 'NONE', #1823, 0.3750000000000000000 ) ;
#1358 = ORIENTED_EDGE ( 'NONE', *, *, #860, .F. ) ;
#1359 = PLANE ( 'NONE',  #1072 ) ;
#1360 = AXIS2_PLACEMENT_3D ( 'NONE', #1728, #441, #325 ) ;
#1361 = PLANE ( 'NONE',  #171 ) ;
#1362 = EDGE_LOOP ( 'NONE', ( #1429, #1377, #411, #1504 ) ) ;
#1363 = CARTESIAN_POINT ( 'NONE',  ( 0.1499999999999974132, 0.2500000000000000000, -3.999999932944775072 ) ) ;
#1364 = DIRECTION ( 'NONE',  ( -1.000000000000000000, 0.000000000000000000, 0.000000000000000000 ) ) ;
#1365 = ORIENTED_EDGE ( 'NONE', *, *, #991, .T. ) ;
#1366 = ADVANCED_FACE ( 'NONE', ( #1146 ), #1767, .T. ) ;
#1367 = PLANE ( 'NONE',  #1540 ) ;
#1368 = ADVANCED_FACE ( 'NONE', ( #1652 ), #1046, .F. ) ;
#1369 = EDGE_LOOP ( 'NONE', ( #1467, #1811, #764, #121 ) ) ;
#1370 = CARTESIAN_POINT ( 'NONE',  ( -0.3499999999999999778, 0.2500000000000000000, -4.500000000000000000 ) ) ;
#1371 = DIRECTION ( 'NONE',  ( 0.000000000000000000, 1.000000000000000000, -2.220446049250315053E-16 ) ) ;
#1372 = VECTOR ( 'NONE', #49, 1000.000000000000000 ) ;
#1373 = DIRECTION ( 'NONE',  ( 1.000000000000000000, 0.000000000000000000, 0.000000000000000000 ) ) ;
#1374 = LINE ( 'NONE', #1066, #601 ) ;
#1375 = CARTESIAN_POINT ( 'NONE',  ( 2.550000000000000266, -1.000000000000000000, 3.050000000000000266 ) ) ;
#1376 = LINE ( 'NONE', #1881, #1291 ) ;
#1377 = ORIENTED_EDGE ( 'NONE', *, *, #718, .F. ) ;
#1378 = EDGE_CURVE ( 'NONE', #815, #1248, #771, .T. ) ;
#1379 = UNCERTAINTY_MEASURE_WITH_UNIT (LENGTH_MEASURE( 1.000000000000000082E-05 ), #1604, 'distance_accuracy_value', 'NONE');
#1380 = ORIENTED_EDGE ( 'NONE', *, *, #744, .F. ) ;
#1381 = DIRECTION ( 'NONE',  ( 0.000000000000000000, 0.000000000000000000, -1.000000000000000000 ) ) ;
#1382 = LINE ( 'NONE', #719, #933 ) ;
#1383 = CLOSED_SHELL ( 'NONE', ( #1339, #792, #363, #473, #847, #1943 ) ) ;
#1384 = PRESENTATION_STYLE_ASSIGNMENT (( #558 ) ) ;
#1385 = DIRECTION ( 'NONE',  ( 0.000000000000000000, 0.000000000000000000, -1.000000000000000000 ) ) ;
#1386 = EDGE_LOOP ( 'NONE', ( #1901, #1433, #1662, #1105 ) ) ;
#1387 = DIRECTION ( 'NONE',  ( 0.000000000000000000, 0.000000000000000000, 1.000000000000000000 ) ) ;
#1388 = PRODUCT_DEFINITION_CONTEXT ( 'detailed design', #568, 'design' ) ;
#1389 = VECTOR ( 'NONE', #791, 1000.000000000000000 ) ;
#1390 = AXIS2_PLACEMENT_3D ( 'NONE', #1919, #65, #504 ) ;
#1391 = ORIENTED_EDGE ( 'NONE', *, *, #1862, .F. ) ;
#1392 = CARTESIAN_POINT ( 'NONE',  ( 0.6500000000000000222, 0.000000000000000000, -3.250000000000000000 ) ) ;
#1393 = ADVANCED_FACE ( 'NONE', ( #1545 ), #615, .F. ) ;
#1394 = FILL_AREA_STYLE_COLOUR ( '', #906 ) ;
#1395 = LINE ( 'NONE', #1193, #1517 ) ;
#1396 = CARTESIAN_POINT ( 'NONE',  ( 4.649999999999999467, 0.2500000000000000000, -2.000000000000000000 ) ) ;
#1397 = ORIENTED_EDGE ( 'NONE', *, *, #1420, .T. ) ;
#1398 = CARTESIAN_POINT ( 'NONE',  ( 2.550000000000000266, 5.000000000000000000, -2.428612866367529439E-16 ) ) ;
#1399 = ORIENTED_EDGE ( 'NONE', *, *, #1015, .T. ) ;
#1400 = LINE ( 'NONE', #618, #432 ) ;
#1401 = DIRECTION ( 'NONE',  ( 1.000000000000000000, 0.000000000000000000, 0.000000000000000000 ) ) ;
#1402 = EDGE_CURVE ( 'NONE', #992, #1974, #1671, .T. ) ;
#1403 = LINE ( 'NONE', #620, #830 ) ;
#1404 = DIRECTION ( 'NONE',  ( 0.000000000000000000, -1.000000000000000000, 2.220446049250315053E-16 ) ) ;
#1405 = CARTESIAN_POINT ( 'NONE',  ( 4.649999999999999467, -4.440891949608119353E-16, -3.999999932944775072 ) ) ;
#1406 = DIRECTION ( 'NONE',  ( 0.000000000000000000, 1.000000000000000000, -2.220446049250315053E-16 ) ) ;
#1407 = EDGE_CURVE ( 'NONE', #291, #783, #740, .T. ) ;
#1408 = EDGE_LOOP ( 'NONE', ( #227, #1926, #833, #1316 ) ) ;
#1409 = AXIS2_PLACEMENT_3D ( 'NONE', #572, #1819, #1077 ) ;
#1410 = CARTESIAN_POINT ( 'NONE',  ( -3.350000000000000089, 1.110223173517670005E-16, -3.999999932944775072 ) ) ;
#1411 = CARTESIAN_POINT ( 'NONE',  ( 6.049999999999999822, 2.499999977648260430, -3.050000000000000266 ) ) ;
#1412 = AXIS2_PLACEMENT_3D ( 'NONE', #1968, #1849, #726 ) ;
#1413 = ORIENTED_EDGE ( 'NONE', *, *, #1194, .F. ) ;
#1414 = CIRCLE ( 'NONE', #1119, 0.2750000000000000222 ) ;
#1415 = CARTESIAN_POINT ( 'NONE',  ( -4.950000000000000178, -0.6999999999999999556, -3.999999932944775072 ) ) ;
#1416 = CARTESIAN_POINT ( 'NONE',  ( 2.550000000000000266, -0.5999999999999999778, 6.705523029199020453E-08 ) ) ;
#1417 = DIRECTION ( 'NONE',  ( 0.000000000000000000, 1.000000000000000000, 0.000000000000000000 ) ) ;
#1418 = DIRECTION ( 'NONE',  ( -1.000000000000000000, 0.000000000000000000, 0.000000000000000000 ) ) ;
#1419 = ORIENTED_EDGE ( 'NONE', *, *, #1259, .F. ) ;
#1420 = EDGE_CURVE ( 'NONE', #1160, #1790, #436, .T. ) ;
#1421 = DIRECTION ( 'NONE',  ( 1.000000000000000000, 0.000000000000000000, 0.000000000000000000 ) ) ;
#1422 = MANIFOLD_SOLID_BREP ( 'NONE', #386 ) ;
#1423 = VECTOR ( 'NONE', #1406, 1000.000000000000000 ) ;
#1424 = DIRECTION ( 'NONE',  ( 0.000000000000000000, -2.220446049250315053E-16, -1.000000000000000000 ) ) ;
#1425 = CIRCLE ( 'NONE', #969, 0.3750000000000000000 ) ;
#1426 = VECTOR ( 'NONE', #307, 1000.000000000000000 ) ;
#1427 = CARTESIAN_POINT ( 'NONE',  ( 2.550000000000000266, 0.000000000000000000, 6.705523029199020453E-08 ) ) ;
#1428 = DIRECTION ( 'NONE',  ( 0.000000000000000000, -1.000000000000000000, 2.220446049250315053E-16 ) ) ;
#1429 = ORIENTED_EDGE ( 'NONE', *, *, #1440, .F. ) ;
#1430 = PLANE ( 'NONE',  #24 ) ;
#1431 = DIRECTION ( 'NONE',  ( 0.000000000000000000, -1.000000000000000000, 2.220446049250315053E-16 ) ) ;
#1432 = EDGE_CURVE ( 'NONE', #291, #468, #1395, .T. ) ;
#1433 = ORIENTED_EDGE ( 'NONE', *, *, #531, .F. ) ;
#1434 = DIRECTION ( 'NONE',  ( -1.000000000000000000, 0.000000000000000000, 0.000000000000000000 ) ) ;
#1435 = LINE ( 'NONE', #1093, #1356 ) ;
#1436 = FACE_OUTER_BOUND ( 'NONE', #456, .T. ) ;
#1437 = ORIENTED_EDGE ( 'NONE', *, *, #1468, .T. ) ;
#1438 = FACE_OUTER_BOUND ( 'NONE', #496, .T. ) ;
#1439 = CARTESIAN_POINT ( 'NONE',  ( -7.950000000000000178, 2.500000000000000000, 3.122502256758249812E-16 ) ) ;
#1440 = EDGE_CURVE ( 'NONE', #1821, #1242, #398, .T. ) ;
#1441 = AXIS2_PLACEMENT_3D ( 'NONE', #978, #790, #614 ) ;
#1442 = APPLICATION_PROTOCOL_DEFINITION ( 'draft international standard', 'automotive_design', 1998, #1222 ) ;
#1443 = ADVANCED_FACE ( 'NONE', ( #1992 ), #1239, .F. ) ;
#1444 = DIRECTION ( 'NONE',  ( 0.000000000000000000, -1.000000000000000000, 0.000000000000000000 ) ) ;
#1445 = CARTESIAN_POINT ( 'NONE',  ( 3.050000000000000266, 1.249999977648259986, -2.550000000000000266 ) ) ;
#1446 = VERTEX_POINT ( 'NONE', #1350 ) ;
#1447 = LINE ( 'NONE', #34, #94 ) ;
#1448 = AXIS2_PLACEMENT_3D ( 'NONE', #925, #278, #1047 ) ;
#1449 = EDGE_LOOP ( 'NONE', ( #1509, #197 ) ) ;
#1450 = ORIENTED_EDGE ( 'NONE', *, *, #1793, .F. ) ;
#1451 = LINE ( 'NONE', #19, #775 ) ;
#1452 = CARTESIAN_POINT ( 'NONE',  ( 0.000000000000000000, 0.000000000000000000, 0.000000000000000000 ) ) ;
#1453 = CARTESIAN_POINT ( 'NONE',  ( -8.050000000041748649, 2.500000000000000000, 3.122502256758249812E-16 ) ) ;
#1454 = EDGE_CURVE ( 'NONE', #1846, #1225, #1979, .T. ) ;
#1455 = CIRCLE ( 'NONE', #1885, 1.900000000041929926 ) ;
#1456 = VECTOR ( 'NONE', #151, 1000.000000000000000 ) ;
#1457 = CARTESIAN_POINT ( 'NONE',  ( -3.350000000000000089, 2.500000000000000000, -3.050000000000000266 ) ) ;
#1458 = ORIENTED_EDGE ( 'NONE', *, *, #1561, .T. ) ;
#1459 = CONICAL_SURFACE ( 'NONE', #636, 0.2750000000000000222, 0.7853981633974426169 ) ;
#1460 = CARTESIAN_POINT ( 'NONE',  ( 5.750000000000000000, 0.2500000000000000000, 4.500000134110449856 ) ) ;
#1461 = DIRECTION ( 'NONE',  ( 0.000000000000000000, -2.220446049250315053E-16, -1.000000000000000000 ) ) ;
#1462 = VERTEX_POINT ( 'NONE', #1863 ) ;
#1463 = ORIENTED_EDGE ( 'NONE', *, *, #585, .T. ) ;
#1464 = EDGE_LOOP ( 'NONE', ( #1995, #1419, #405, #1720 ) ) ;
#1465 = FACE_OUTER_BOUND ( 'NONE', #449, .T. ) ;
#1466 = CARTESIAN_POINT ( 'NONE',  ( -3.350000000000000089, 0.000000000000000000, -2.000000000000000000 ) ) ;
#1467 = ORIENTED_EDGE ( 'NONE', *, *, #980, .F. ) ;
#1468 = EDGE_CURVE ( 'NONE', #525, #616, #571, .T. ) ;
#1469 = CARTESIAN_POINT ( 'NONE',  ( -4.450000000000000178, -0.6999999999999999556, 6.705523044742150474E-08 ) ) ;
#1470 = DIRECTION ( 'NONE',  ( 0.000000000000000000, 2.220446049250315053E-16, 1.000000000000000000 ) ) ;
#1471 = ORIENTED_EDGE ( 'NONE', *, *, #1164, .T. ) ;
#1472 = DIRECTION ( 'NONE',  ( 0.000000000000000000, 0.000000000000000000, 1.000000000000000000 ) ) ;
#1473 = VERTEX_POINT ( 'NONE', #1693 ) ;
#1474 = LINE ( 'NONE', #1626, #1845 ) ;
#1475 = CARTESIAN_POINT ( 'NONE',  ( -6.049999999999999822, 5.000000000000000000, -3.050000000000000266 ) ) ;
#1476 = VERTEX_POINT ( 'NONE', #2001 ) ;
#1477 = VECTOR ( 'NONE', #1303, 1000.000000000000114 ) ;
#1478 = CARTESIAN_POINT ( 'NONE',  ( -6.049999999999999822, 2.500000000000000000, 3.122502256758249812E-16 ) ) ;
#1479 = CARTESIAN_POINT ( 'NONE',  ( -4.450000000000000178, 0.000000000000000000, -0.3749999329447699647 ) ) ;
#1480 = ORIENTED_EDGE ( 'NONE', *, *, #1527, .F. ) ;
#1481 = ADVANCED_FACE ( 'NONE', ( #593 ), #1459, .T. ) ;
#1482 = VERTEX_POINT ( 'NONE', #749 ) ;
#1483 = DIRECTION ( 'NONE',  ( 0.000000000000000000, 0.000000000000000000, 1.000000000000000000 ) ) ;
#1484 = CARTESIAN_POINT ( 'NONE',  ( -1.734723475976809855E-15, 0.000000000000000000, -2.550000000000000266 ) ) ;
#1485 = ORIENTED_EDGE ( 'NONE', *, *, #865, .F. ) ;
#1486 = AXIS2_PLACEMENT_3D ( 'NONE', #1640, #1470, #50 ) ;
#1487 = PLANE ( 'NONE',  #1871 ) ;
#1488 = DIRECTION ( 'NONE',  ( 0.000000000000000000, 0.000000000000000000, 1.000000000000000000 ) ) ;
#1489 = VECTOR ( 'NONE', #1311, 1000.000000000000000 ) ;
#1490 = CIRCLE ( 'NONE', #603, 0.3750000000000000000 ) ;
#1491 = EDGE_LOOP ( 'NONE', ( #1972, #342, #1220, #1806 ) ) ;
#1492 = PRESENTATION_LAYER_ASSIGNMENT (  '', '', ( #1918 ) ) ;
#1493 = EDGE_CURVE ( 'NONE', #1786, #525, #1054, .T. ) ;
#1494 = ORIENTED_EDGE ( 'NONE', *, *, #1889, .F. ) ;
#1495 = FACE_OUTER_BOUND ( 'NONE', #1008, .T. ) ;
#1496 = DIRECTION ( 'NONE',  ( -1.000000000000000000, 0.000000000000000000, 0.000000000000000000 ) ) ;
#1497 = ORIENTED_EDGE ( 'NONE', *, *, #521, .F. ) ;
#1498 = ORIENTED_EDGE ( 'NONE', *, *, #46, .F. ) ;
#1499 = ORIENTED_EDGE ( 'NONE', *, *, #110, .T. ) ;
#1500 = CARTESIAN_POINT ( 'NONE',  ( 5.049999999999999822, 4.299999999999999822, 1.330063606572920264E-16 ) ) ;
#1501 = PRODUCT_DEFINITION_CONTEXT ( 'detailed design', #124, 'design' ) ;
#1502 = EDGE_CURVE ( 'NONE', #1462, #1057, #914, .T. ) ;
#1503 = CARTESIAN_POINT ( 'NONE',  ( 0.1499999999999974132, 0.2500000000000000000, -3.250000000000000000 ) ) ;
#1504 = ORIENTED_EDGE ( 'NONE', *, *, #1922, .F. ) ;
#1505 = DIRECTION ( 'NONE',  ( 0.000000000000000000, -1.000000000000000000, 2.220446049250315053E-16 ) ) ;
#1506 = CARTESIAN_POINT ( 'NONE',  ( -7.850000000091950092, 2.500000000000000000, 3.122502256758249812E-16 ) ) ;
#1507 = ORIENTED_EDGE ( 'NONE', *, *, #1932, .T. ) ;
#1508 = FILL_AREA_STYLE ('',( #732 ) ) ;
#1509 = ORIENTED_EDGE ( 'NONE', *, *, #1259, .T. ) ;
#1510 = DIRECTION ( 'NONE',  ( 1.000000000000000000, 0.000000000000000000, 0.000000000000000000 ) ) ;
#1511 = LINE ( 'NONE', #98, #273 ) ;
#1512 = ADVANCED_FACE ( 'NONE', ( #1532 ), #443, .T. ) ;
#1513 = ORIENTED_EDGE ( 'NONE', *, *, #599, .F. ) ;
#1514 = DIRECTION ( 'NONE',  ( 0.000000000000000000, -1.000000000000000000, 2.220446049250315053E-16 ) ) ;
#1515 = CARTESIAN_POINT ( 'NONE',  ( 3.649999999999999911, 0.000000000000000000, 8.673617379884030542E-16 ) ) ;
#1516 = ORIENTED_EDGE ( 'NONE', *, *, #585, .F. ) ;
#1517 = VECTOR ( 'NONE', #1818, 1000.000000000000000 ) ;
#1518 = SURFACE_STYLE_USAGE ( .BOTH. , #1675 ) ;
#1519 = CONICAL_SURFACE ( 'NONE', #1787, 1.900000000041929926, 0.7853981633974476129 ) ;
#1520 = AXIS2_PLACEMENT_3D ( 'NONE', #463, #1890, #20 ) ;
#1521 = EDGE_LOOP ( 'NONE', ( #1499, #125, #389, #729 ) ) ;
#1522 = CARTESIAN_POINT ( 'NONE',  ( -2.350000000000000089, -4.440891949608119353E-16, -3.999999932944775072 ) ) ;
#1523 = CARTESIAN_POINT ( 'NONE',  ( -0.3499999999999999778, 0.2500000000000000000, -2.000000000000000000 ) ) ;
#1524 = CARTESIAN_POINT ( 'NONE',  ( -3.950000000000000178, 1.250000000000000000, -2.550000000000000266 ) ) ;
#1525 = DIRECTION ( 'NONE',  ( 0.000000000000000000, 0.000000000000000000, -1.000000000000000000 ) ) ;
#1526 = ORIENTED_EDGE ( 'NONE', *, *, #457, .F. ) ;
#1527 = EDGE_CURVE ( 'NONE', #596, #1225, #317, .T. ) ;
#1528 = ORIENTED_EDGE ( 'NONE', *, *, #574, .T. ) ;
#1529 = CARTESIAN_POINT ( 'NONE',  ( -6.049999999999999822, 0.000000000000000000, -3.050000000000000266 ) ) ;
#1530 = DIRECTION ( 'NONE',  ( 0.000000000000000000, -1.000000000000000000, 2.220446049250315053E-16 ) ) ;
#1531 = VECTOR ( 'NONE', #808, 1000.000000000000000 ) ;
#1532 = FACE_OUTER_BOUND ( 'NONE', #1840, .T. ) ;
#1533 = DIRECTION ( 'NONE',  ( 1.000000000000000000, 0.000000000000000000, 0.000000000000000000 ) ) ;
#1534 = ORIENTED_EDGE ( 'NONE', *, *, #6, .T. ) ;
#1535 = EDGE_CURVE ( 'NONE', #694, #1790, #1724, .T. ) ;
#1536 = UNCERTAINTY_MEASURE_WITH_UNIT (LENGTH_MEASURE( 1.000000000000000082E-05 ), #1544, 'distance_accuracy_value', 'NONE');
#1537 = ORIENTED_EDGE ( 'NONE', *, *, #1907, .T. ) ;
#1538 = DIRECTION ( 'NONE',  ( -1.000000000000000000, 0.000000000000000000, 0.000000000000000000 ) ) ;
#1539 = SURFACE_SIDE_STYLE ('',( #1897 ) ) ;
#1540 = AXIS2_PLACEMENT_3D ( 'NONE', #1824, #745, #1856 ) ;
#1541 = FILL_AREA_STYLE ('',( #581 ) ) ;
#1542 = DIRECTION ( 'NONE',  ( 1.000000000000000000, 0.000000000000000000, 0.000000000000000000 ) ) ;
#1543 = LINE ( 'NONE', #797, #422 ) ;
#1544 =( LENGTH_UNIT ( ) NAMED_UNIT ( * ) SI_UNIT ( .MILLI., .METRE. ) );
#1545 = FACE_OUTER_BOUND ( 'NONE', #242, .T. ) ;
#1546 = VECTOR ( 'NONE', #948, 1000.000000000000000 ) ;
#1547 = EDGE_CURVE ( 'NONE', #1032, #1799, #1264, .T. ) ;
#1548 = VECTOR ( 'NONE', #805, 1000.000000000000000 ) ;
#1549 = VERTEX_POINT ( 'NONE', #777 ) ;
#1550 = CARTESIAN_POINT ( 'NONE',  ( -4.450000000000000178, -0.5999999999999999778, 6.705523044742150474E-08 ) ) ;
#1551 = EDGE_CURVE ( 'NONE', #735, #606, #1403, .T. ) ;
#1552 = FACE_OUTER_BOUND ( 'NONE', #1408, .T. ) ;
#1553 = LINE ( 'NONE', #148, #499 ) ;
#1554 = DIRECTION ( 'NONE',  ( -1.000000000000000000, 0.000000000000000000, 0.000000000000000000 ) ) ;
#1555 = LINE ( 'NONE', #751, #141 ) ;
#1556 = ORIENTED_EDGE ( 'NONE', *, *, #1246, .F. ) ;
#1557 = CARTESIAN_POINT ( 'NONE',  ( -3.350000000000000089, 0.2500000000000000000, -4.500000000000000000 ) ) ;
#1558 = PRODUCT_DEFINITION ( 'UNKNOWN', '', #83, #1501 ) ;
#1559 = ORIENTED_EDGE ( 'NONE', *, *, #953, .F. ) ;
#1560 = CARTESIAN_POINT ( 'NONE',  ( -3.350000000000000089, 0.2500000000000000000, -3.999999932944775072 ) ) ;
#1561 = EDGE_CURVE ( 'NONE', #1446, #95, #1120, .T. ) ;
#1562 = CARTESIAN_POINT ( 'NONE',  ( -0.9499999999999999556, 1.249999977648259986, -2.550000000000000266 ) ) ;
#1563 = EDGE_CURVE ( 'NONE', #413, #1962, #799, .T. ) ;
#1564 = LINE ( 'NONE', #779, #382 ) ;
#1565 = ORIENTED_EDGE ( 'NONE', *, *, #178, .T. ) ;
#1566 =( GEOMETRIC_REPRESENTATION_CONTEXT ( 3 ) GLOBAL_UNCERTAINTY_ASSIGNED_CONTEXT ( ( #1689 ) ) GLOBAL_UNIT_ASSIGNED_CONTEXT ( ( #910, #301, #1726 ) ) REPRESENTATION_CONTEXT ( 'NONE', 'WORKASPACE' ) );
#1567 = VECTOR ( 'NONE', #1895, 1000.000000000000000 ) ;
#1568 = LINE ( 'NONE', #781, #883 ) ;
#1569 = LINE ( 'NONE', #1107, #38 ) ;
#1570 = VECTOR ( 'NONE', #1750, 1000.000000000000000 ) ;
#1571 = DIRECTION ( 'NONE',  ( 0.000000000000000000, 0.000000000000000000, 1.000000000000000000 ) ) ;
#1572 = CYLINDRICAL_SURFACE ( 'NONE', #1688, 0.3750000000000000000 ) ;
#1573 = FACE_OUTER_BOUND ( 'NONE', #488, .T. ) ;
#1574 = EDGE_CURVE ( 'NONE', #527, #413, #1131, .T. ) ;
#1575 = FACE_OUTER_BOUND ( 'NONE', #1698, .T. ) ;
#1576 = EDGE_LOOP ( 'NONE', ( #552, #789 ) ) ;
#1577 = FACE_OUTER_BOUND ( 'NONE', #613, .T. ) ;
#1578 = CARTESIAN_POINT ( 'NONE',  ( -1.350000000000000089, -1.490116125109352103E-08, -3.050000000000000266 ) ) ;
#1579 = EDGE_CURVE ( 'NONE', #1690, #539, #904, .T. ) ;
#1580 = AXIS2_PLACEMENT_3D ( 'NONE', #1961, #1669, #545 ) ;
#1581 = DIRECTION ( 'NONE',  ( -1.000000000000000000, 0.000000000000000000, 0.000000000000000000 ) ) ;
#1582 =( NAMED_UNIT ( * ) SI_UNIT ( $, .STERADIAN. ) SOLID_ANGLE_UNIT ( ) );
#1583 = FACE_OUTER_BOUND ( 'NONE', #760, .T. ) ;
#1584 = CIRCLE ( 'NONE', #670, 0.3750000000000000000 ) ;
#1585 = AXIS2_PLACEMENT_3D ( 'NONE', #1877, #1581, #484 ) ;
#1586 = MECHANICAL_DESIGN_GEOMETRIC_PRESENTATION_REPRESENTATION (  '', ( #303 ), #1857 ) ;
#1587 = FACE_OUTER_BOUND ( 'NONE', #705, .T. ) ;
#1588 = PRODUCT_RELATED_PRODUCT_CATEGORY ( 'part', '', ( #33 ) ) ;
#1589 = EDGE_LOOP ( 'NONE', ( #861, #1516, #1345, #576 ) ) ;
#1590 = DIRECTION ( 'NONE',  ( -1.000000000000000000, 0.000000000000000000, 0.000000000000000000 ) ) ;
#1591 = ADVANCED_FACE ( 'NONE', ( #1552 ), #976, .F. ) ;
#1592 = CARTESIAN_POINT ( 'NONE',  ( -8.050000000041748649, 2.500000000000000000, 3.122502256758249812E-16 ) ) ;
#1593 = LINE ( 'NONE', #1772, #1223 ) ;
#1594 = FACE_OUTER_BOUND ( 'NONE', #958, .T. ) ;
#1595 = CARTESIAN_POINT ( 'NONE',  ( 2.550000000000000266, 0.000000000000000000, -0.3749999329447699647 ) ) ;
#1596 = ORIENTED_EDGE ( 'NONE', *, *, #132, .F. ) ;
#1597 = DIRECTION ( 'NONE',  ( 0.000000000000000000, 1.000000000000000000, -2.220446049250315053E-16 ) ) ;
#1598 = PLANE ( 'NONE',  #1486 ) ;
#1599 = EDGE_LOOP ( 'NONE', ( #1828, #60, #1956, #666 ) ) ;
#1600 = VECTOR ( 'NONE', #1334, 1000.000000000000000 ) ;
#1601 = ADVANCED_FACE ( 'NONE', ( #465 ), #944, .F. ) ;
#1602 = CARTESIAN_POINT ( 'NONE',  ( 5.750000000000000000, 0.000000000000000000, 2.000000134110449856 ) ) ;
#1603 =( NAMED_UNIT ( * ) PLANE_ANGLE_UNIT ( ) SI_UNIT ( $, .RADIAN. ) );
#1604 =( LENGTH_UNIT ( ) NAMED_UNIT ( * ) SI_UNIT ( .MILLI., .METRE. ) );
#1605 = CARTESIAN_POINT ( 'NONE',  ( -4.450000000000000178, -0.5999999999999999778, 6.705523044742150474E-08 ) ) ;
#1606 = DIRECTION ( 'NONE',  ( 0.000000000000000000, -1.000000000000000000, 2.220446049250315053E-16 ) ) ;
#1607 = ORIENTED_EDGE ( 'NONE', *, *, #521, .T. ) ;
#1608 = DIRECTION ( 'NONE',  ( -1.000000000000000000, 0.000000000000000000, 0.000000000000000000 ) ) ;
#1609 = FACE_OUTER_BOUND ( 'NONE', #104, .T. ) ;
#1610 = LINE ( 'NONE', #52, #563 ) ;
#1611 = EDGE_LOOP ( 'NONE', ( #723, #979, #1853, #186, #339, #1042, #1151, #1080 ) ) ;
#1612 = ADVANCED_FACE ( 'NONE', ( #1594 ), #147, .T. ) ;
#1613 = ITEM_DEFINED_TRANSFORMATION ( 'NONE', 'NONE', #1788,  #640 ) ;
#1614 = ORIENTED_EDGE ( 'NONE', *, *, #1754, .F. ) ;
#1615 = DIRECTION ( 'NONE',  ( 0.000000000000000000, 1.000000000000000000, 0.000000000000000000 ) ) ;
#1616 = EDGE_CURVE ( 'NONE', #1549, #390, #1584, .T. ) ;
#1617 = VECTOR ( 'NONE', #289, 1000.000000000000000 ) ;
#1618 = DIRECTION ( 'NONE',  ( 0.000000000000000000, 1.000000000000000000, -2.220446049250315053E-16 ) ) ;
#1619 = DIRECTION ( 'NONE',  ( 0.000000000000000000, 1.000000000000000000, 0.000000000000000000 ) ) ;
#1620 = EDGE_LOOP ( 'NONE', ( #580, #2033, #1812, #1236 ) ) ;
#1621 = VECTOR ( 'NONE', #181, 1000.000000000000000 ) ;
#1622 = LINE ( 'NONE', #208, #1372 ) ;
#1623 = DIRECTION ( 'NONE',  ( -1.000000000000000000, 0.000000000000000000, 0.000000000000000000 ) ) ;
#1624 = EDGE_LOOP ( 'NONE', ( #262, #18, #1498, #1308 ) ) ;
#1625 = LINE ( 'NONE', #213, #1780 ) ;
#1626 = CARTESIAN_POINT ( 'NONE',  ( -0.4500000000000000111, 2.499999977648260430, -2.550000000000000266 ) ) ;
#1627 = CARTESIAN_POINT ( 'NONE',  ( 5.750000000000000000, 0.000000000000000000, 3.250000134110449856 ) ) ;
#1628 = PLANE ( 'NONE',  #1059 ) ;
#1629 = EDGE_LOOP ( 'NONE', ( #1556, #1513, #1346, #77 ) ) ;
#1630 = LINE ( 'NONE', #1789, #1701 ) ;
#1631 = ORIENTED_EDGE ( 'NONE', *, *, #1287, .T. ) ;
#1632 = CONICAL_SURFACE ( 'NONE', #1836, 0.2750000000000000222, 0.7853981633974419507 ) ;
#1633 = ORIENTED_EDGE ( 'NONE', *, *, #1777, .F. ) ;
#1634 = CARTESIAN_POINT ( 'NONE',  ( 2.649999999999999911, 2.499999977648260430, -2.550000000000000266 ) ) ;
#1635 = FACE_OUTER_BOUND ( 'NONE', #725, .T. ) ;
#1636 = DIRECTION ( 'NONE',  ( 0.000000000000000000, -1.000000000000000000, 0.000000000000000000 ) ) ;
#1637 = VERTEX_POINT ( 'NONE', #1245 ) ;
#1638 = EDGE_CURVE ( 'NONE', #556, #901, #1872, .T. ) ;
#1639 = DIRECTION ( 'NONE',  ( 0.000000000000000000, 1.000000000000000000, 0.000000000000000000 ) ) ;
#1640 = CARTESIAN_POINT ( 'NONE',  ( -8.050000000000000711, -1.000000000000000000, 3.050000000000000266 ) ) ;
#1641 = ORIENTED_EDGE ( 'NONE', *, *, #1884, .T. ) ;
#1642 = ORIENTED_EDGE ( 'NONE', *, *, #1033, .F. ) ;
#1643 = ORIENTED_EDGE ( 'NONE', *, *, #890, .T. ) ;
#1644 = CARTESIAN_POINT ( 'NONE',  ( 2.649999999999999911, 2.499999977648260430, -3.050000000000000266 ) ) ;
#1645 = CARTESIAN_POINT ( 'NONE',  ( 2.550000000000000266, 0.000000000000000000, 0.3750000670552305349 ) ) ;
#1646 = VERTEX_POINT ( 'NONE', #632 ) ;
#1647 = AXIS2_PLACEMENT_3D ( 'NONE', #1453, #1128, #1891 ) ;
#1648 = EDGE_CURVE ( 'NONE', #85, #427, #1435, .T. ) ;
#1649 = CARTESIAN_POINT ( 'NONE',  ( -6.049999999999999822, 5.000000000000000000, -2.428612866367529439E-16 ) ) ;
#1650 = AXIS2_PLACEMENT_3D ( 'NONE', #1503, #261, #90 ) ;
#1651 = ORIENTED_EDGE ( 'NONE', *, *, #2008, .F. ) ;
#1652 = FACE_OUTER_BOUND ( 'NONE', #267, .T. ) ;
#1653 = ORIENTED_EDGE ( 'NONE', *, *, #117, .T. ) ;
#1654 = ADVANCED_FACE ( 'NONE', ( #1587 ), #1892, .F. ) ;
#1655 = PRODUCT_DEFINITION_SHAPE ( 'NONE', 'NONE',  #2037 ) ;
#1656 = ORIENTED_EDGE ( 'NONE', *, *, #259, .T. ) ;
#1657 = PLANE ( 'NONE',  #1152 ) ;
#1658 = CARTESIAN_POINT ( 'NONE',  ( 2.550000000000000266, 1.500000000000000000, 3.050000000000000266 ) ) ;
#1659 = ORIENTED_EDGE ( 'NONE', *, *, #2021, .F. ) ;
#1660 = CARTESIAN_POINT ( 'NONE',  ( 2.550000000000000266, 0.000000000000000000, 6.705523029199020453E-08 ) ) ;
#1661 = VERTEX_POINT ( 'NONE', #21 ) ;
#1662 = ORIENTED_EDGE ( 'NONE', *, *, #1378, .T. ) ;
#1663 = ADVANCED_FACE ( 'NONE', ( #1573 ), #163, .T. ) ;
#1664 = ORIENTED_EDGE ( 'NONE', *, *, #231, .F. ) ;
#1665 = DIRECTION ( 'NONE',  ( -1.000000000000000000, 0.000000000000000000, 0.000000000000000000 ) ) ;
#1666 = CARTESIAN_POINT ( 'NONE',  ( 3.649999999999999911, 0.000000000000000000, -2.000000000000000000 ) ) ;
#1667 = VECTOR ( 'NONE', #1158, 1000.000000000000000 ) ;
#1668 = VECTOR ( 'NONE', #393, 1000.000000000000000 ) ;
#1669 = DIRECTION ( 'NONE',  ( 0.000000000000000000, 1.000000000000000000, -2.220446049250315053E-16 ) ) ;
#1670 = ORIENTED_EDGE ( 'NONE', *, *, #981, .F. ) ;
#1671 = LINE ( 'NONE', #1084, #469 ) ;
#1672 = CARTESIAN_POINT ( 'NONE',  ( 6.049999999999999822, 0.000000000000000000, -3.050000000000000266 ) ) ;
#1673 = CONICAL_SURFACE ( 'NONE', #63, 0.2750000000000000222, 0.7853981633974419507 ) ;
#1674 = ORIENTED_EDGE ( 'NONE', *, *, #574, .F. ) ;
#1675 = SURFACE_SIDE_STYLE ('',( #266 ) ) ;
#1676 = ADVANCED_FACE ( 'NONE', ( #1141 ), #1332, .F. ) ;
#1677 = EDGE_LOOP ( 'NONE', ( #1830, #888, #946, #1998 ) ) ;
#1678 = DIRECTION ( 'NONE',  ( 0.000000000000000000, 1.000000000000000000, -2.220446049250315053E-16 ) ) ;
#1679 = DIRECTION ( 'NONE',  ( -1.000000000000000000, 0.000000000000000000, 0.000000000000000000 ) ) ;
#1680 = ORIENTED_EDGE ( 'NONE', *, *, #1432, .F. ) ;
#1681 = EDGE_CURVE ( 'NONE', #798, #1473, #1425, .T. ) ;
#1682 = DIRECTION ( 'NONE',  ( 1.000000000000000000, 0.000000000000000000, 0.000000000000000000 ) ) ;
#1683 = PLANE ( 'NONE',  #1409 ) ;
#1684 = EDGE_LOOP ( 'NONE', ( #634, #1947, #1670, #1526 ) ) ;
#1685 = AXIS2_PLACEMENT_3D ( 'NONE', #922, #2020, #1092 ) ;
#1686 = VECTOR ( 'NONE', #283, 1000.000000000000000 ) ;
#1687 = PRESENTATION_STYLE_ASSIGNMENT (( #1518 ) ) ;
#1688 = AXIS2_PLACEMENT_3D ( 'NONE', #1244, #1870, #452 ) ;
#1689 = UNCERTAINTY_MEASURE_WITH_UNIT (LENGTH_MEASURE( 1.000000000000000082E-05 ), #910, 'distance_accuracy_value', 'NONE');
#1690 = VERTEX_POINT ( 'NONE', #1761 ) ;
#1691 = DIRECTION ( 'NONE',  ( 0.000000000000000000, -1.000000000000000000, 2.220446049250315053E-16 ) ) ;
#1692 = LINE ( 'NONE', #891, #7 ) ;
#1693 = CARTESIAN_POINT ( 'NONE',  ( 2.550000000000000266, -0.5999999999999999778, 0.3750000670552305349 ) ) ;
#1694 = EDGE_CURVE ( 'NONE', #427, #206, #191, .T. ) ;
#1695 = LINE ( 'NONE', #560, #2027 ) ;
#1696 = DIRECTION ( 'NONE',  ( 0.000000000000000000, 1.000000000000000000, -2.220446049250315053E-16 ) ) ;
#1697 = ORIENTED_EDGE ( 'NONE', *, *, #562, .T. ) ;
#1698 = EDGE_LOOP ( 'NONE', ( #780, #940, #1641, #1458 ) ) ;
#1699 = DIRECTION ( 'NONE',  ( 0.000000000000000000, 1.000000000000000000, -2.220446049250315053E-16 ) ) ;
#1700 = FACE_OUTER_BOUND ( 'NONE', #1362, .T. ) ;
#1701 = VECTOR ( 'NONE', #1186, 1000.000000000000000 ) ;
#1702 = DIRECTION ( 'NONE',  ( -1.000000000000000000, 0.000000000000000000, 0.000000000000000000 ) ) ;
#1703 = FACE_OUTER_BOUND ( 'NONE', #1464, .T. ) ;
#1704 = DIRECTION ( 'NONE',  ( 0.000000000000000000, -1.000000000000000000, 2.220446049250315053E-16 ) ) ;
#1705 = VERTEX_POINT ( 'NONE', #1321 ) ;
#1706 = EDGE_CURVE ( 'NONE', #230, #1690, #384, .T. ) ;
#1707 = ORIENTED_EDGE ( 'NONE', *, *, #1884, .F. ) ;
#1708 = CARTESIAN_POINT ( 'NONE',  ( -6.049999999999999822, 5.000000000000000000, -1.260952021291850134 ) ) ;
#1709 = ADVANCED_FACE ( 'NONE', ( #345 ), #673, .T. ) ;
#1710 = VERTEX_POINT ( 'NONE', #844 ) ;
#1711 = DIRECTION ( 'NONE',  ( 0.000000000000000000, 0.000000000000000000, 1.000000000000000000 ) ) ;
#1712 =( LENGTH_UNIT ( ) NAMED_UNIT ( * ) SI_UNIT ( .MILLI., .METRE. ) );
#1713 = CARTESIAN_POINT ( 'NONE',  ( -4.450000000000000178, 0.000000000000000000, -0.3749999329447699647 ) ) ;
#1714 = DIRECTION ( 'NONE',  ( 1.000000000000000000, 0.000000000000000000, 0.000000000000000000 ) ) ;
#1715 = VERTEX_POINT ( 'NONE', #1457 ) ;
#1716 = CARTESIAN_POINT ( 'NONE',  ( -8.050000000000000711, 5.000000000000000000, 3.050000000000000266 ) ) ;
#1717 = DIRECTION ( 'NONE',  ( 0.000000000000000000, -1.000000000000000000, 2.220446049250314560E-16 ) ) ;
#1718 = AXIS2_PLACEMENT_3D ( 'NONE', #518, #1169, #1488 ) ;
#1719 = VECTOR ( 'NONE', #814, 1000.000000000000000 ) ;
#1720 = ORIENTED_EDGE ( 'NONE', *, *, #664, .T. ) ;
#1721 = CARTESIAN_POINT ( 'NONE',  ( 3.550000000000000266, 2.499999977648260430, -2.550000000000000266 ) ) ;
#1722 = COLOUR_RGB ( '',1.000000000000000000, 0.8117647058823529438, 0.5019607843137254832 ) ;
#1723 = CARTESIAN_POINT ( 'NONE',  ( -3.350000000000000089, 2.500000000000000000, -3.050000000000000266 ) ) ;
#1724 = LINE ( 'NONE', #174, #1621 ) ;
#1725 = CARTESIAN_POINT ( 'NONE',  ( 4.049999999999999822, 1.500000000000000000, 2.550000000000000266 ) ) ;
#1726 =( NAMED_UNIT ( * ) SI_UNIT ( $, .STERADIAN. ) SOLID_ANGLE_UNIT ( ) );
#1727 = EDGE_LOOP ( 'NONE', ( #1025, #1177, #817, #536, #2018, #1322 ) ) ;
#1728 = CARTESIAN_POINT ( 'NONE',  ( 2.550000000000000266, 0.000000000000000000, 6.705523029199020453E-08 ) ) ;
#1729 = ADVANCED_FACE ( 'NONE', ( #993 ), #1005, .F. ) ;
#1730 = SURFACE_SIDE_STYLE ('',( #1878 ) ) ;
#1731 = DIRECTION ( 'NONE',  ( 0.000000000000000000, 0.000000000000000000, 1.000000000000000000 ) ) ;
#1732 = EDGE_CURVE ( 'NONE', #1100, #1260, #835, .T. ) ;
#1733 = CIRCLE ( 'NONE', #845, 2.799999999999999822 ) ;
#1734 = CARTESIAN_POINT ( 'NONE',  ( 3.649999999999999911, 0.2500000000000000000, -3.999999932944775072 ) ) ;
#1735 = LINE ( 'NONE', #167, #1198 ) ;
#1736 = AXIS2_PLACEMENT_3D ( 'NONE', #654, #1247, #1285 ) ;
#1737 = CIRCLE ( 'NONE', #785, 0.2750000000000000222 ) ;
#1738 = LINE ( 'NONE', #1723, #1426 ) ;
#1739 = DIRECTION ( 'NONE',  ( 0.000000000000000000, -1.000000000000000000, 2.220446049250315053E-16 ) ) ;
#1740 = CARTESIAN_POINT ( 'NONE',  ( -6.049999999999999822, 2.500000000000000000, 3.122502256758249812E-16 ) ) ;
#1741 = VECTOR ( 'NONE', #1606, 1000.000000000000000 ) ;
#1742 = DIRECTION ( 'NONE',  ( 0.000000000000000000, 1.000000000000000000, 0.000000000000000000 ) ) ;
#1743 = EDGE_CURVE ( 'NONE', #1225, #1799, #79, .T. ) ;
#1744 = ORIENTED_EDGE ( 'NONE', *, *, #246, .T. ) ;
#1745 = LINE ( 'NONE', #1277, #1531 ) ;
#1746 = DIRECTION ( 'NONE',  ( 0.000000000000000000, 1.000000000000000000, -2.220446049250315053E-16 ) ) ;
#1747 = VECTOR ( 'NONE', #1880, 1000.000000000000000 ) ;
#1748 = CARTESIAN_POINT ( 'NONE',  ( 0.1499999999999974132, 0.000000000000000000, -2.000000000000000000 ) ) ;
#1749 = AXIS2_PLACEMENT_3D ( 'NONE', #1805, #1176, #1794 ) ;
#1750 = DIRECTION ( 'NONE',  ( 0.000000000000000000, 1.000000000000000000, -2.220446049250315053E-16 ) ) ;
#1751 = DIRECTION ( 'NONE',  ( 0.000000000000000000, 0.7071067811865520136, 0.7071067811865431318 ) ) ;
#1752 = CARTESIAN_POINT ( 'NONE',  ( 2.550000000000000266, 1.500000000000000000, 2.550000000000000266 ) ) ;
#1753 = VERTEX_POINT ( 'NONE', #45 ) ;
#1754 = EDGE_CURVE ( 'NONE', #305, #93, #1785, .T. ) ;
#1755 = DIRECTION ( 'NONE',  ( -1.000000000000000000, 0.000000000000000000, 0.000000000000000000 ) ) ;
#1756 = DIRECTION ( 'NONE',  ( 0.000000000000000000, 0.000000000000000000, -1.000000000000000000 ) ) ;
#1757 = VECTOR ( 'NONE', #1281, 1000.000000000000000 ) ;
#1758 = DIRECTION ( 'NONE',  ( 0.000000000000000000, -1.000000000000000000, 2.220446049250315053E-16 ) ) ;
#1759 = DIRECTION ( 'NONE',  ( -1.915863722628293921E-08, 0.000000000000000000, 0.9999999999999998890 ) ) ;
#1760 = DIRECTION ( 'NONE',  ( 0.000000000000000000, 0.000000000000000000, 1.000000000000000000 ) ) ;
#1761 = CARTESIAN_POINT ( 'NONE',  ( -6.049999999999999822, 5.000000000000000000, 1.260952021291850134 ) ) ;
#1762 = ORIENTED_EDGE ( 'NONE', *, *, #1174, .T. ) ;
#1763 = CARTESIAN_POINT ( 'NONE',  ( -7.950000000000000178, 2.500000000000000000, 3.122502256758249812E-16 ) ) ;
#1764 = ORIENTED_EDGE ( 'NONE', *, *, #1648, .F. ) ;
#1765 = EDGE_CURVE ( 'NONE', #1790, #1476, #1028, .T. ) ;
#1766 = STYLED_ITEM ( 'NONE', ( #1687 ), #53 ) ;
#1767 = CYLINDRICAL_SURFACE ( 'NONE', #734, 2.799999999999999822 ) ;
#1768 = VECTOR ( 'NONE', #1691, 1000.000000000000000 ) ;
#1769 = ORIENTED_EDGE ( 'NONE', *, *, #1314, .F. ) ;
#1770 = EDGE_CURVE ( 'NONE', #616, #1715, #1302, .T. ) ;
#1771 = CARTESIAN_POINT ( 'NONE',  ( 3.299999999999999822, 3.250000000000000000, 2.550000000000000266 ) ) ;
#1772 = CARTESIAN_POINT ( 'NONE',  ( -1.350000000000000089, -1.000000000000000000, -3.050000000000000266 ) ) ;
#1773 = DIRECTION ( 'NONE',  ( 0.000000000000000000, 0.000000000000000000, 1.000000000000000000 ) ) ;
#1774 = DIRECTION ( 'NONE',  ( 0.000000000000000000, -1.000000000000000000, 0.000000000000000000 ) ) ;
#1775 = ORIENTED_EDGE ( 'NONE', *, *, #609, .T. ) ;
#1776 = FACE_BOUND ( 'NONE', #1576, .T. ) ;
#1777 = EDGE_CURVE ( 'NONE', #390, #1473, #80, .T. ) ;
#1778 = ORIENTED_EDGE ( 'NONE', *, *, #284, .T. ) ;
#1779 = EDGE_CURVE ( 'NONE', #182, #853, #364, .T. ) ;
#1780 = VECTOR ( 'NONE', #843, 1000.000000000000000 ) ;
#1781 = ORIENTED_EDGE ( 'NONE', *, *, #1648, .T. ) ;
#1782 = CARTESIAN_POINT ( 'NONE',  ( -0.3499999999999999778, -1.665334388045225044E-16, -3.999999932944775072 ) ) ;
#1783 = LINE ( 'NONE', #1634, #1570 ) ;
#1784 = CIRCLE ( 'NONE', #1685, 1.800000000000000044 ) ;
#1785 = LINE ( 'NONE', #1466, #300 ) ;
#1786 = VERTEX_POINT ( 'NONE', #1292 ) ;
#1787 = AXIS2_PLACEMENT_3D ( 'NONE', #225, #709, #1052 ) ;
#1788 = AXIS2_PLACEMENT_3D ( 'NONE', #1138, #1759, #371 ) ;
#1789 = CARTESIAN_POINT ( 'NONE',  ( 5.750000000000000000, -1.110223173517668033E-16, 4.000000067055225372 ) ) ;
#1790 = VERTEX_POINT ( 'NONE', #1475 ) ;
#1791 = ORIENTED_EDGE ( 'NONE', *, *, #1015, .F. ) ;
#1792 = ORIENTED_EDGE ( 'NONE', *, *, #1293, .F. ) ;
#1793 = EDGE_CURVE ( 'NONE', #596, #2007, #237, .T. ) ;
#1794 = DIRECTION ( 'NONE',  ( 0.000000000000000000, 0.000000000000000000, 1.000000000000000000 ) ) ;
#1795 = ORIENTED_EDGE ( 'NONE', *, *, #971, .F. ) ;
#1796 = ADVANCED_FACE ( 'NONE', ( #1951 ), #697, .T. ) ;
#1797 = CARTESIAN_POINT ( 'NONE',  ( 4.049999999999999822, 5.000000000000000000, 2.550000000000000266 ) ) ;
#1798 = LINE ( 'NONE', #378, #1069 ) ;
#1799 = VERTEX_POINT ( 'NONE', #374 ) ;
#1800 = ORIENTED_EDGE ( 'NONE', *, *, #1351, .T. ) ;
#1801 = VECTOR ( 'NONE', #377, 1000.000000000000000 ) ;
#1802 = CARTESIAN_POINT ( 'NONE',  ( -8.050000000041748649, -1.000000000000000000, -3.999999932944775072 ) ) ;
#1803 = CARTESIAN_POINT ( 'NONE',  ( 4.649999999999999467, 0.000000000000000000, -2.000000000000000000 ) ) ;
#1804 = PRODUCT_DEFINITION ( 'UNKNOWN', '', #143, #1388 ) ;
#1805 = CARTESIAN_POINT ( 'NONE',  ( 4.750000000000000000, 0.000000000000000000, 2.000000134110449856 ) ) ;
#1806 = ORIENTED_EDGE ( 'NONE', *, *, #860, .T. ) ;
#1807 = ADVANCED_FACE ( 'NONE', ( #1635 ), #1519, .F. ) ;
#1808 = DIRECTION ( 'NONE',  ( -1.000000000000000000, 0.000000000000000000, 0.000000000000000000 ) ) ;
#1809 = EDGE_LOOP ( 'NONE', ( #1232, #1188 ) ) ;
#1810 = PRESENTATION_LAYER_ASSIGNMENT (  '', '', ( #133 ) ) ;
#1811 = ORIENTED_EDGE ( 'NONE', *, *, #1233, .F. ) ;
#1812 = ORIENTED_EDGE ( 'NONE', *, *, #1083, .F. ) ;
#1813 = PLANE ( 'NONE',  #1839 ) ;
#1814 = UNCERTAINTY_MEASURE_WITH_UNIT (LENGTH_MEASURE( 1.000000000000000082E-05 ), #1712, 'distance_accuracy_value', 'NONE');
#1815 = FACE_OUTER_BOUND ( 'NONE', #1187, .T. ) ;
#1816 = ORIENTED_EDGE ( 'NONE', *, *, #87, .F. ) ;
#1817 = VECTOR ( 'NONE', #1029, 1000.000000000000000 ) ;
#1818 = DIRECTION ( 'NONE',  ( -1.000000000000000000, 0.000000000000000000, 0.000000000000000000 ) ) ;
#1819 = DIRECTION ( 'NONE',  ( 0.000000000000000000, 2.220446049250315053E-16, 1.000000000000000000 ) ) ;
#1820 = VECTOR ( 'NONE', #1976, 1000.000000000000000 ) ;
#1821 = VERTEX_POINT ( 'NONE', #757 ) ;
#1822 = EDGE_CURVE ( 'NONE', #606, #239, #748, .T. ) ;
#1823 = AXIS2_PLACEMENT_3D ( 'NONE', #1416, #1906, #804 ) ;
#1824 = CARTESIAN_POINT ( 'NONE',  ( 5.250000000000000000, 0.000000000000000000, 3.250000134110449856 ) ) ;
#1825 = ORIENTED_EDGE ( 'NONE', *, *, #744, .T. ) ;
#1826 = CARTESIAN_POINT ( 'NONE',  ( -1.000000000000000000, 5.000000000000000000, -2.428612866367529439E-16 ) ) ;
#1827 = FACE_BOUND ( 'NONE', #1835, .T. ) ;
#1828 = ORIENTED_EDGE ( 'NONE', *, *, #1970, .F. ) ;
#1829 = CARTESIAN_POINT ( 'NONE',  ( 2.550000000000000266, 0.000000000000000000, 0.3750000670552305349 ) ) ;
#1830 = ORIENTED_EDGE ( 'NONE', *, *, #433, .T. ) ;
#1831 = ADVANCED_FACE ( 'NONE', ( #1700 ), #118, .T. ) ;
#1832 = FILL_AREA_STYLE ('',( #448 ) ) ;
#1833 = EDGE_CURVE ( 'NONE', #1846, #1032, #1916, .T. ) ;
#1834 = EDGE_CURVE ( 'NONE', #1184, #67, #1861, .T. ) ;
#1835 = EDGE_LOOP ( 'NONE', ( #1762, #140 ) ) ;
#1836 = AXIS2_PLACEMENT_3D ( 'NONE', #1469, #1639, #58 ) ;
#1837 = DIRECTION ( 'NONE',  ( 0.000000000000000000, -1.000000000000000000, 2.220446049250315053E-16 ) ) ;
#1838 = CARTESIAN_POINT ( 'NONE',  ( -4.450000000000000178, 0.000000000000000000, 0.3750000670552305349 ) ) ;
#1839 = AXIS2_PLACEMENT_3D ( 'NONE', #268, #912, #1837 ) ;
#1840 = EDGE_LOOP ( 'NONE', ( #351, #1707, #1294, #807 ) ) ;
#1841 = CARTESIAN_POINT ( 'NONE',  ( -4.450000000000000178, 0.000000000000000000, 0.3750000670552305349 ) ) ;
#1842 = CARTESIAN_POINT ( 'NONE',  ( 4.649999999999999467, 0.000000000000000000, -3.999999932944775072 ) ) ;
#1843 = VECTOR ( 'NONE', #1525, 1000.000000000000000 ) ;
#1844 = CARTESIAN_POINT ( 'NONE',  ( -0.3499999999999999778, 2.499999977648260430, -2.550000000000000266 ) ) ;
#1845 = VECTOR ( 'NONE', #813, 1000.000000000000000 ) ;
#1846 = VERTEX_POINT ( 'NONE', #1838 ) ;
#1847 = CARTESIAN_POINT ( 'NONE',  ( 5.250000000000000000, 0.000000000000000000, 2.000000134110449856 ) ) ;
#1848 = ORIENTED_EDGE ( 'NONE', *, *, #62, .F. ) ;
#1849 = DIRECTION ( 'NONE',  ( 1.000000000000000000, 0.000000000000000000, 0.000000000000000000 ) ) ;
#1850 = DIRECTION ( 'NONE',  ( -1.000000000000000000, 0.000000000000000000, 0.000000000000000000 ) ) ;
#1851 = CARTESIAN_POINT ( 'NONE',  ( 3.649999999999999911, 0.000000000000000000, -2.000000000000000000 ) ) ;
#1852 = CARTESIAN_POINT ( 'NONE',  ( -4.450000000000000178, -0.6999999999999999556, 6.705523044742150474E-08 ) ) ;
#1853 = ORIENTED_EDGE ( 'NONE', *, *, #418, .T. ) ;
#1854 = AXIS2_PLACEMENT_3D ( 'NONE', #927, #1505, #1702 ) ;
#1855 = AXIS2_PLACEMENT_3D ( 'NONE', #1445, #1016, #524 ) ;
#1856 = DIRECTION ( 'NONE',  ( -1.000000000000000000, 0.000000000000000000, 0.000000000000000000 ) ) ;
#1857 =( GEOMETRIC_REPRESENTATION_CONTEXT ( 3 ) GLOBAL_UNCERTAINTY_ASSIGNED_CONTEXT ( ( #1814 ) ) GLOBAL_UNIT_ASSIGNED_CONTEXT ( ( #1712, #952, #921 ) ) REPRESENTATION_CONTEXT ( 'NONE', 'WORKASPACE' ) );
#1858 = UNCERTAINTY_MEASURE_WITH_UNIT (LENGTH_MEASURE( 1.000000000000000082E-05 ), #101, 'distance_accuracy_value', 'NONE');
#1859 = EDGE_LOOP ( 'NONE', ( #2013, #1643, #1280, #1537 ) ) ;
#1860 = CARTESIAN_POINT ( 'NONE',  ( 2.649999999999999911, 2.499999977648260430, -2.550000000000000266 ) ) ;
#1861 = LINE ( 'NONE', #442, #1037 ) ;
#1862 = EDGE_CURVE ( 'NONE', #1661, #1349, #555, .T. ) ;
#1863 = CARTESIAN_POINT ( 'NONE',  ( 4.750000000000000000, 0.2500000000000000000, 2.000000134110449856 ) ) ;
#1864 = DIRECTION ( 'NONE',  ( 0.000000000000000000, -1.000000000000000000, 0.000000000000000000 ) ) ;
#1865 = ORIENTED_EDGE ( 'NONE', *, *, #1164, .F. ) ;
#1866 = EDGE_CURVE ( 'NONE', #539, #23, #1382, .T. ) ;
#1867 = CARTESIAN_POINT ( 'NONE',  ( -6.049999999999999822, 2.500000000000000000, 3.122502256758249812E-16 ) ) ;
#1868 = ORIENTED_EDGE ( 'NONE', *, *, #1866, .T. ) ;
#1869 = DIRECTION ( 'NONE',  ( 0.000000000000000000, -1.000000000000000000, 2.220446049250315053E-16 ) ) ;
#1870 = DIRECTION ( 'NONE',  ( 0.000000000000000000, -1.000000000000000000, 0.000000000000000000 ) ) ;
#1871 = AXIS2_PLACEMENT_3D ( 'NONE', #1031, #368, #1923 ) ;
#1872 = LINE ( 'NONE', #2, #1103 ) ;
#1873 = LINE ( 'NONE', #1405, #551 ) ;
#1874 = ORIENTED_EDGE ( 'NONE', *, *, #1706, .T. ) ;
#1875 = EDGE_CURVE ( 'NONE', #1013, #646, #871, .T. ) ;
#1876 = PLANE ( 'NONE',  #983 ) ;
#1877 = CARTESIAN_POINT ( 'NONE',  ( -6.049999999999999822, 2.500000000000000000, 3.122502256758249812E-16 ) ) ;
#1878 = SURFACE_STYLE_FILL_AREA ( #630 ) ;
#1879 = DIRECTION ( 'NONE',  ( 0.000000000000000000, 0.000000000000000000, -1.000000000000000000 ) ) ;
#1880 = DIRECTION ( 'NONE',  ( 8.659560562354883554E-17, 0.7071067811865515695, -0.7071067811865435759 ) ) ;
#1881 = CARTESIAN_POINT ( 'NONE',  ( -4.349999999999999645, 2.500000000000000000, -2.550000000000000266 ) ) ;
#1882 = ORIENTED_EDGE ( 'NONE', *, *, #1246, .T. ) ;
#1883 = CARTESIAN_POINT ( 'NONE',  ( 2.550000000000000266, 1.500000000000000000, 2.550000000000000266 ) ) ;
#1884 = EDGE_CURVE ( 'NONE', #1317, #1446, #1204, .T. ) ;
#1885 = AXIS2_PLACEMENT_3D ( 'NONE', #1592, #187, #1148 ) ;
#1886 = MECHANICAL_DESIGN_GEOMETRIC_PRESENTATION_REPRESENTATION (  '', ( #431 ), #359 ) ;
#1887 = AXIS2_PLACEMENT_3D ( 'NONE', #1182, #1165, #1154 ) ;
#1888 = FACE_OUTER_BOUND ( 'NONE', #1620, .T. ) ;
#1889 = EDGE_CURVE ( 'NONE', #2007, #1799, #1692, .T. ) ;
#1890 = DIRECTION ( 'NONE',  ( -1.000000000000000000, 0.000000000000000000, 0.000000000000000000 ) ) ;
#1891 = DIRECTION ( 'NONE',  ( 0.000000000000000000, 1.000000000000000000, -2.220446049250315053E-16 ) ) ;
#1892 = PLANE ( 'NONE',  #470 ) ;
#1893 = CARTESIAN_POINT ( 'NONE',  ( -0.3499999999999999778, 2.499999977648260430, -3.050000000000000266 ) ) ;
#1894 = ORIENTED_EDGE ( 'NONE', *, *, #893, .T. ) ;
#1895 = DIRECTION ( 'NONE',  ( 0.000000000000000000, 0.000000000000000000, -1.000000000000000000 ) ) ;
#1896 = DIRECTION ( 'NONE',  ( 1.000000000000000000, 0.000000000000000000, 0.000000000000000000 ) ) ;
#1897 = SURFACE_STYLE_FILL_AREA ( #1 ) ;
#1898 = EDGE_CURVE ( 'NONE', #232, #527, #1511, .T. ) ;
#1899 = CARTESIAN_POINT ( 'NONE',  ( 3.649999999999999911, 0.2500000000000000000, -4.500000000000000000 ) ) ;
#1900 = DIRECTION ( 'NONE',  ( 1.000000000000000000, 0.000000000000000000, 0.000000000000000000 ) ) ;
#1901 = ORIENTED_EDGE ( 'NONE', *, *, #1959, .T. ) ;
#1902 = PRESENTATION_LAYER_ASSIGNMENT (  '', '', ( #1766 ) ) ;
#1903 = CARTESIAN_POINT ( 'NONE',  ( -3.350000000000000089, 0.000000000000000000, -3.050000000000000266 ) ) ;
#1904 = CARTESIAN_POINT ( 'NONE',  ( 6.049999999999999822, -1.000000000000000000, -3.050000000000000266 ) ) ;
#1905 = PLANE ( 'NONE',  #733 ) ;
#1906 = DIRECTION ( 'NONE',  ( 0.000000000000000000, 1.000000000000000000, 0.000000000000000000 ) ) ;
#1907 = EDGE_CURVE ( 'NONE', #752, #1329, #738, .T. ) ;
#1908 = DIRECTION ( 'NONE',  ( -1.000000000000000000, 0.000000000000000000, 0.000000000000000000 ) ) ;
#1909 = CLOSED_SHELL ( 'NONE', ( #1318, #1831, #704, #559, #428, #155 ) ) ;
#1910 = ORIENTED_EDGE ( 'NONE', *, *, #178, .F. ) ;
#1911 = DIRECTION ( 'NONE',  ( 0.000000000000000000, -1.000000000000000000, 2.220446049250315053E-16 ) ) ;
#1912 = DIRECTION ( 'NONE',  ( -1.000000000000000000, 0.000000000000000000, 0.000000000000000000 ) ) ;
#1913 = CONICAL_SURFACE ( 'NONE', #863, 2.799999999929695171, 0.7853981633974476129 ) ;
#1914 = DIRECTION ( 'NONE',  ( 0.000000000000000000, -1.000000000000000000, 2.220446049250315053E-16 ) ) ;
#1915 = PRODUCT_CONTEXT ( 'NONE', #1222, 'mechanical' ) ;
#1916 = CIRCLE ( 'NONE', #1170, 0.3750000000000000000 ) ;
#1917 = CARTESIAN_POINT ( 'NONE',  ( 4.649999999999999467, 0.2500000000000000000, -2.000000000000000000 ) ) ;
#1918 = STYLED_ITEM ( 'NONE', ( #794 ), #876 ) ;
#1919 = CARTESIAN_POINT ( 'NONE',  ( -4.450000000000000178, -0.6999999999999999556, 6.705523044742150474E-08 ) ) ;
#1920 = ADVANCED_FACE ( 'NONE', ( #1827, #1227 ), #1361, .T. ) ;
#1921 = ORIENTED_EDGE ( 'NONE', *, *, #718, .T. ) ;
#1922 = EDGE_CURVE ( 'NONE', #1242, #1013, #600, .T. ) ;
#1923 = DIRECTION ( 'NONE',  ( -1.000000000000000000, 0.000000000000000000, 0.000000000000000000 ) ) ;
#1924 = ORIENTED_EDGE ( 'NONE', *, *, #122, .T. ) ;
#1925 = CARTESIAN_POINT ( 'NONE',  ( 2.649999999999999911, 0.000000000000000000, -2.550000000000000266 ) ) ;
#1926 = ORIENTED_EDGE ( 'NONE', *, *, #2008, .T. ) ;
#1927 = CARTESIAN_POINT ( 'NONE',  ( -0.3499999999999999778, -1.490116125109352103E-08, -3.050000000000000266 ) ) ;
#1928 = DIRECTION ( 'NONE',  ( 0.000000000000000000, 1.000000000000000000, -2.220446049250315053E-16 ) ) ;
#1929 = ORIENTED_EDGE ( 'NONE', *, *, #1932, .F. ) ;
#1930 = LINE ( 'NONE', #1324, #286 ) ;
#1931 = ORIENTED_EDGE ( 'NONE', *, *, #928, .F. ) ;
#1932 = EDGE_CURVE ( 'NONE', #783, #997, #1214, .T. ) ;
#1933 = VECTOR ( 'NONE', #264, 1000.000000000000000 ) ;
#1934 = DIRECTION ( 'NONE',  ( 0.000000000000000000, 0.000000000000000000, 1.000000000000000000 ) ) ;
#1935 = MECHANICAL_DESIGN_GEOMETRIC_PRESENTATION_REPRESENTATION (  '', ( #1157 ), #954 ) ;
#1936 = ORIENTED_EDGE ( 'NONE', *, *, #1889, .T. ) ;
#1937 = DIRECTION ( 'NONE',  ( 0.000000000000000000, 0.000000000000000000, 1.000000000000000000 ) ) ;
#1938 = DIRECTION ( 'NONE',  ( -1.000000000000000000, 0.000000000000000000, 0.000000000000000000 ) ) ;
#1939 = VECTOR ( 'NONE', #1900, 1000.000000000000000 ) ;
#1940 = VERTEX_POINT ( 'NONE', #407 ) ;
#1941 = CARTESIAN_POINT ( 'NONE',  ( 6.049999999999999822, 2.500000000000000000, -3.050000000000000266 ) ) ;
#1942 = ORIENTED_EDGE ( 'NONE', *, *, #1898, .F. ) ;
#1943 = ADVANCED_FACE ( 'NONE', ( #1815 ), #1064, .T. ) ;
#1944 = EDGE_LOOP ( 'NONE', ( #855, #1614, #650, #713 ) ) ;
#1945 = SHAPE_DEFINITION_REPRESENTATION ( #1023, #196 ) ;
#1946 = CONICAL_SURFACE ( 'NONE', #1718, 0.2750000000000000222, 0.7853981633974426169 ) ;
#1947 = ORIENTED_EDGE ( 'NONE', *, *, #343, .F. ) ;
#1948 = PLANE ( 'NONE',  #1323 ) ;
#1949 =( NAMED_UNIT ( * ) PLANE_ANGLE_UNIT ( ) SI_UNIT ( $, .RADIAN. ) );
#1950 = AXIS2_PLACEMENT_3D ( 'NONE', #1851, #796, #309 ) ;
#1951 = FACE_OUTER_BOUND ( 'NONE', #746, .T. ) ;
#1952 = CARTESIAN_POINT ( 'NONE',  ( 4.750000000000000000, 0.000000000000000000, 3.250000134110449856 ) ) ;
#1953 = ORIENTED_EDGE ( 'NONE', *, *, #1493, .T. ) ;
#1954 = CARTESIAN_POINT ( 'NONE',  ( -3.350000000000000089, -1.665334388045225044E-16, -3.999999932944775072 ) ) ;
#1955 = EDGE_LOOP ( 'NONE', ( #937, #135, #868, #1924 ) ) ;
#1956 = ORIENTED_EDGE ( 'NONE', *, *, #457, .T. ) ;
#1957 = ORIENTED_EDGE ( 'NONE', *, *, #1224, .T. ) ;
#1958 = DIRECTION ( 'NONE',  ( 0.000000000000000000, -1.000000000000000000, 2.220446049250315053E-16 ) ) ;
#1959 = EDGE_CURVE ( 'NONE', #67, #85, #430, .T. ) ;
#1960 = CARTESIAN_POINT ( 'NONE',  ( 4.049999999999999822, 5.000000000000000000, 2.550000000000000266 ) ) ;
#1961 = CARTESIAN_POINT ( 'NONE',  ( 4.150000000000000355, 0.2500000000000000000, -3.250000000000000000 ) ) ;
#1962 = VERTEX_POINT ( 'NONE', #879 ) ;
#1963 = LINE ( 'NONE', #506, #1801 ) ;
#1964 = ORIENTED_EDGE ( 'NONE', *, *, #1638, .F. ) ;
#1965 = ORIENTED_EDGE ( 'NONE', *, *, #1099, .F. ) ;
#1966 = CIRCLE ( 'NONE', #183, 0.2750000000000000222 ) ;
#1967 = ORIENTED_EDGE ( 'NONE', *, *, #1706, .F. ) ;
#1968 = CARTESIAN_POINT ( 'NONE',  ( -0.3499999999999999778, -2.235174198506050045E-08, -3.050000000000000266 ) ) ;
#1969 = CARTESIAN_POINT ( 'NONE',  ( -8.050000000000000711, 2.500000000000000000, 3.122502256758249812E-16 ) ) ;
#1970 = EDGE_CURVE ( 'NONE', #1242, #201, #1348, .T. ) ;
#1971 = EDGE_LOOP ( 'NONE', ( #1050, #1957, #831, #73 ) ) ;
#1972 = ORIENTED_EDGE ( 'NONE', *, *, #1454, .F. ) ;
#1973 =( NAMED_UNIT ( * ) PLANE_ANGLE_UNIT ( ) SI_UNIT ( $, .RADIAN. ) );
#1974 = VERTEX_POINT ( 'NONE', #127 ) ;
#1975 = FACE_OUTER_BOUND ( 'NONE', #681, .T. ) ;
#1976 = DIRECTION ( 'NONE',  ( 0.000000000000000000, -1.000000000000000000, 2.220446049250315053E-16 ) ) ;
#1977 = ORIENTED_EDGE ( 'NONE', *, *, #1197, .F. ) ;
#1978 = CIRCLE ( 'NONE', #168, 1.800000000000000044 ) ;
#1979 = LINE ( 'NONE', #1841, #1686 ) ;
#1980 = EDGE_CURVE ( 'NONE', #1962, #527, #570, .T. ) ;
#1981 = PLANE ( 'NONE',  #515 ) ;
#1982 = AXIS2_PLACEMENT_3D ( 'NONE', #1253, #494, #1417 ) ;
#1983 = EDGE_LOOP ( 'NONE', ( #1674, #1882, #842, #1977 ) ) ;
#1984 = DIRECTION ( 'NONE',  ( 0.000000000000000000, -2.220446049250315053E-16, -1.000000000000000000 ) ) ;
#1985 = ADVANCED_FACE ( 'NONE', ( #288 ), #1572, .T. ) ;
#1986 = DIRECTION ( 'NONE',  ( 1.000000000000000000, 0.000000000000000000, 0.000000000000000000 ) ) ;
#1987 = ORIENTED_EDGE ( 'NONE', *, *, #690, .T. ) ;
#1988 = DIRECTION ( 'NONE',  ( -1.000000000000000000, 0.000000000000000000, 0.000000000000000000 ) ) ;
#1989 = CARTESIAN_POINT ( 'NONE',  ( 0.6500000000000000222, 0.2500000000000000000, -2.000000000000000000 ) ) ;
#1990 = MANIFOLD_SOLID_BREP ( 'NONE', #1909 ) ;
#1991 = ORIENTED_EDGE ( 'NONE', *, *, #1907, .F. ) ;
#1992 = FACE_OUTER_BOUND ( 'NONE', #897, .T. ) ;
#1993 = DIRECTION ( 'NONE',  ( 0.000000000000000000, 0.7071067811865515695, 0.7071067811865435759 ) ) ;
#1994 = DIRECTION ( 'NONE',  ( 0.000000000000000000, -1.000000000000000000, 0.000000000000000000 ) ) ;
#1995 = ORIENTED_EDGE ( 'NONE', *, *, #554, .F. ) ;
#1996 = CARTESIAN_POINT ( 'NONE',  ( -7.849999999978259702, 5.300000000043380233, 3.342643564267624906E-17 ) ) ;
#1997 = EDGE_CURVE ( 'NONE', #1473, #798, #1357, .T. ) ;
#1998 = ORIENTED_EDGE ( 'NONE', *, *, #1547, .F. ) ;
#1999 = DIRECTION ( 'NONE',  ( 0.000000000000000000, 0.000000000000000000, 1.000000000000000000 ) ) ;
#2000 = DIRECTION ( 'NONE',  ( 0.000000000000000000, -1.000000000000000000, 2.220446049250315053E-16 ) ) ;
#2001 = CARTESIAN_POINT ( 'NONE',  ( 6.049999999999999822, 5.000000000000000000, -3.050000000000000266 ) ) ;
#2002 = CARTESIAN_POINT ( 'NONE',  ( -0.3499999999999999778, -2.235174198506050045E-08, -2.550000000000000266 ) ) ;
#2003 = CARTESIAN_POINT ( 'NONE',  ( -0.4500000000000000111, 2.499999977648260430, -3.050000000000000266 ) ) ;
#2004 = VECTOR ( 'NONE', #1937, 1000.000000000000000 ) ;
#2005 = VERTEX_POINT ( 'NONE', #478 ) ;
#2006 = VECTOR ( 'NONE', #1774, 1000.000000000000000 ) ;
#2007 = VERTEX_POINT ( 'NONE', #2026 ) ;
#2008 = EDGE_CURVE ( 'NONE', #716, #369, #1273, .T. ) ;
#2009 = ORIENTED_EDGE ( 'NONE', *, *, #562, .F. ) ;
#2010 = LINE ( 'NONE', #1392, #475 ) ;
#2011 = DIRECTION ( 'NONE',  ( 0.000000000000000000, 0.000000000000000000, 1.000000000000000000 ) ) ;
#2012 = DIRECTION ( 'NONE',  ( 0.000000000000000000, 1.000000000000000000, -2.220446049250315053E-16 ) ) ;
#2013 = ORIENTED_EDGE ( 'NONE', *, *, #810, .F. ) ;
#2014 = AXIS2_PLACEMENT_3D ( 'NONE', #801, #1278, #1431 ) ;
#2015 = AXIS2_PLACEMENT_3D ( 'NONE', #934, #337, #327 ) ;
#2016 = LINE ( 'NONE', #1847, #1216 ) ;
#2017 =( REPRESENTATION_RELATIONSHIP ('NONE','NONE', #1272, #196 ) REPRESENTATION_RELATIONSHIP_WITH_TRANSFORMATION ( #1613 )SHAPE_REPRESENTATION_RELATIONSHIP( ) );
#2018 = ORIENTED_EDGE ( 'NONE', *, *, #62, .T. ) ;
#2019 = CARTESIAN_POINT ( 'NONE',  ( -8.050000000041748649, 2.500000000000000000, 3.122502256758249812E-16 ) ) ;
#2020 = DIRECTION ( 'NONE',  ( 1.000000000000000000, 0.000000000000000000, 0.000000000000000000 ) ) ;
#2021 = EDGE_CURVE ( 'NONE', #1786, #1715, #1738, .T. ) ;
#2022 = DIRECTION ( 'NONE',  ( 0.000000000000000000, 2.220446049250315053E-16, 1.000000000000000000 ) ) ;
#2023 = CARTESIAN_POINT ( 'NONE',  ( 3.649999999999999911, -2.235174198506050045E-08, -2.550000000000000266 ) ) ;
#2024 = CARTESIAN_POINT ( 'NONE',  ( -6.049999999999999822, 0.000000000000000000, 8.673617379884030542E-16 ) ) ;
#2025 = CARTESIAN_POINT ( 'NONE',  ( 4.049999999999999822, -1.000000000000000000, 3.050000000000000266 ) ) ;
#2026 = CARTESIAN_POINT ( 'NONE',  ( -4.450000000000000178, -0.6999999999999999556, -0.2749999329447705421 ) ) ;
#2027 = VECTOR ( 'NONE', #1364, 1000.000000000000000 ) ;
#2028 = DIRECTION ( 'NONE',  ( -1.000000000000000000, 0.000000000000000000, 0.000000000000000000 ) ) ;
#2029 = AXIS2_PLACEMENT_3D ( 'NONE', #747, #1073, #1999 ) ;
#2030 = CARTESIAN_POINT ( 'NONE',  ( 0.6500000000000000222, 0.2500000000000000000, -3.999999932944775072 ) ) ;
#2031 = EDGE_CURVE ( 'NONE', #369, #193, #326, .T. ) ;
#2032 = PLANE ( 'NONE',  #1313 ) ;
#2033 = ORIENTED_EDGE ( 'NONE', *, *, #1159, .F. ) ;
#2034 = FACE_OUTER_BOUND ( 'NONE', #1024, .T. ) ;
#2035 = CARTESIAN_POINT ( 'NONE',  ( -4.349999999999999645, 0.000000000000000000, -3.050000000000000266 ) ) ;
#2036 = CARTESIAN_POINT ( 'NONE',  ( -4.349999999999999645, 2.500000000000000000, -3.050000000000000266 ) ) ;
#2037 = NEXT_ASSEMBLY_USAGE_OCCURRENCE ( 'NAUO1', ' ', ' ', #1804, #1558, $ ) ;
ENDSEC;
END-ISO-10303-21;