ISO-10303-21;
HEADER;
FILE_DESCRIPTION((''),'2;1');
FILE_NAME('PTD902-2X15K-XXXX','2016-03-01T',('RICKB'),('Bourns, Inc.'),
'PRO/ENGINEER BY PARAMETRIC TECHNOLOGY CORPORATION, 2012230',
'PRO/ENGINEER BY PARAMETRIC TECHNOLOGY CORPORATION, 2012230','');
FILE_SCHEMA(('CONFIG_CONTROL_DESIGN'));
ENDSEC;
DATA;
#1=DIRECTION('',(1.E0,0.E0,0.E0));
#2=VECTOR('',#1,3.E-1);
#3=CARTESIAN_POINT('',(1.9E0,-9.603168381924E0,-2.1E0));
#4=LINE('',#3,#2);
#5=DIRECTION('',(-1.E0,0.E0,0.E0));
#6=VECTOR('',#5,3.E-1);
#7=CARTESIAN_POINT('',(2.2E0,-9.603168381924E0,-2.9E0));
#8=LINE('',#7,#6);
#9=DIRECTION('',(1.E0,0.E0,0.E0));
#10=VECTOR('',#9,3.E-1);
#11=CARTESIAN_POINT('',(1.9E0,-6.3E0,-2.1E0));
#12=LINE('',#11,#10);
#13=CARTESIAN_POINT('',(1.9E0,-9.603168381924E0,-2.5E0));
#14=DIRECTION('',(1.E0,0.E0,0.E0));
#15=DIRECTION('',(0.E0,0.E0,1.E0));
#16=AXIS2_PLACEMENT_3D('',#13,#14,#15);
#18=DIRECTION('',(0.E0,0.E0,1.E0));
#19=VECTOR('',#18,8.E-1);
#20=CARTESIAN_POINT('',(1.9E0,-6.3E0,-2.9E0));
#21=LINE('',#20,#19);
#22=DIRECTION('',(0.E0,-1.E0,0.E0));
#23=VECTOR('',#22,3.303168381924E0);
#24=CARTESIAN_POINT('',(1.9E0,-6.3E0,-2.1E0));
#25=LINE('',#24,#23);
#26=DIRECTION('',(0.E0,1.E0,0.E0));
#27=VECTOR('',#26,3.303168381924E0);
#28=CARTESIAN_POINT('',(2.2E0,-9.603168381924E0,-2.9E0));
#29=LINE('',#28,#27);
#30=DIRECTION('',(0.E0,-1.E0,0.E0));
#31=VECTOR('',#30,3.303168381924E0);
#32=CARTESIAN_POINT('',(1.9E0,-6.3E0,-2.9E0));
#33=LINE('',#32,#31);
#34=CARTESIAN_POINT('',(2.2E0,-9.603168381924E0,-2.5E0));
#35=DIRECTION('',(-1.E0,0.E0,0.E0));
#36=DIRECTION('',(0.E0,0.E0,-1.E0));
#37=AXIS2_PLACEMENT_3D('',#34,#35,#36);
#39=DIRECTION('',(0.E0,1.E0,0.E0));
#40=VECTOR('',#39,3.303168381924E0);
#41=CARTESIAN_POINT('',(2.2E0,-9.603168381924E0,-2.1E0));
#42=LINE('',#41,#40);
#43=DIRECTION('',(0.E0,0.E0,1.E0));
#44=VECTOR('',#43,4.E-1);
#45=CARTESIAN_POINT('',(-1.8E0,-6.3E0,3.8E0));
#46=LINE('',#45,#44);
#47=DIRECTION('',(0.E0,0.E0,-1.E0));
#48=VECTOR('',#47,4.E-1);
#49=CARTESIAN_POINT('',(3.45E0,-6.3E0,4.2E0));
#50=LINE('',#49,#48);
#51=DIRECTION('',(0.E0,0.E0,-1.E0));
#52=VECTOR('',#51,7.6E0);
#53=CARTESIAN_POINT('',(4.05E0,-6.3E0,3.8E0));
#54=LINE('',#53,#52);
#55=DIRECTION('',(0.E0,0.E0,1.E0));
#56=VECTOR('',#55,4.E-1);
#57=CARTESIAN_POINT('',(-1.8E0,-6.3E0,-4.2E0));
#58=LINE('',#57,#56);
#59=DIRECTION('',(1.E0,0.E0,0.E0));
#60=VECTOR('',#59,3.E-1);
#61=CARTESIAN_POINT('',(1.9E0,-6.3E0,-4.E-1));
#62=LINE('',#61,#60);
#63=DIRECTION('',(0.E0,0.E0,1.E0));
#64=VECTOR('',#63,8.E-1);
#65=CARTESIAN_POINT('',(2.2E0,-6.3E0,-4.E-1));
#66=LINE('',#65,#64);
#67=DIRECTION('',(1.E0,0.E0,0.E0));
#68=VECTOR('',#67,3.E-1);
#69=CARTESIAN_POINT('',(1.9E0,-6.3E0,2.1E0));
#70=LINE('',#69,#68);
#71=DIRECTION('',(0.E0,0.E0,1.E0));
#72=VECTOR('',#71,8.E-1);
#73=CARTESIAN_POINT('',(2.2E0,-6.3E0,2.1E0));
#74=LINE('',#73,#72);
#75=DIRECTION('',(1.E0,0.E0,0.E0));
#76=VECTOR('',#75,3.E-1);
#77=CARTESIAN_POINT('',(1.9E0,-6.3E0,-2.9E0));
#78=LINE('',#77,#76);
#79=DIRECTION('',(0.E0,0.E0,1.E0));
#80=VECTOR('',#79,8.E-1);
#81=CARTESIAN_POINT('',(2.2E0,-6.3E0,-2.9E0));
#82=LINE('',#81,#80);
#83=DIRECTION('',(0.E0,0.E0,-1.E0));
#84=VECTOR('',#83,8.E-1);
#85=CARTESIAN_POINT('',(-6.E-1,-6.3E0,-2.1E0));
#86=LINE('',#85,#84);
#87=DIRECTION('',(1.E0,0.E0,0.E0));
#88=VECTOR('',#87,3.E-1);
#89=CARTESIAN_POINT('',(-6.E-1,-6.3E0,-2.9E0));
#90=LINE('',#89,#88);
#91=DIRECTION('',(0.E0,0.E0,-1.E0));
#92=VECTOR('',#91,8.E-1);
#93=CARTESIAN_POINT('',(-6.E-1,-6.3E0,2.9E0));
#94=LINE('',#93,#92);
#95=DIRECTION('',(1.E0,0.E0,0.E0));
#96=VECTOR('',#95,3.E-1);
#97=CARTESIAN_POINT('',(-6.E-1,-6.3E0,2.1E0));
#98=LINE('',#97,#96);
#99=DIRECTION('',(1.E0,0.E0,0.E0));
#100=VECTOR('',#99,3.E-1);
#101=CARTESIAN_POINT('',(-6.E-1,-6.3E0,-4.E-1));
#102=LINE('',#101,#100);
#103=DIRECTION('',(0.E0,0.E0,1.E0));
#104=VECTOR('',#103,8.E-1);
#105=CARTESIAN_POINT('',(-3.E-1,-6.3E0,-4.E-1));
#106=LINE('',#105,#104);
#107=CARTESIAN_POINT('',(-1.8E0,-6.3E0,4.E0));
#108=DIRECTION('',(-1.E0,0.E0,0.E0));
#109=DIRECTION('',(0.E0,0.E0,-1.E0));
#110=AXIS2_PLACEMENT_3D('',#107,#108,#109);
#112=DIRECTION('',(0.E0,0.E0,1.E0));
#113=VECTOR('',#112,6.E-1);
#114=CARTESIAN_POINT('',(-1.8E0,-6.5E0,4.E0));
#115=LINE('',#114,#113);
#116=CARTESIAN_POINT('',(-1.8E0,-6.3E0,4.6E0));
#117=DIRECTION('',(-1.E0,0.E0,0.E0));
#118=DIRECTION('',(0.E0,-1.E0,0.E0));
#119=AXIS2_PLACEMENT_3D('',#116,#117,#118);
#121=DIRECTION('',(0.E0,1.E0,0.E0));
#122=VECTOR('',#121,6.E-1);
#123=CARTESIAN_POINT('',(-1.8E0,-6.3E0,4.8E0));
#124=LINE('',#123,#122);
#125=CARTESIAN_POINT('',(-1.8E0,-5.7E0,4.2E0));
#126=DIRECTION('',(1.E0,0.E0,0.E0));
#127=DIRECTION('',(0.E0,0.E0,1.E0));
#128=AXIS2_PLACEMENT_3D('',#125,#126,#127);
#130=DIRECTION('',(-1.E0,0.E0,0.E0));
#131=VECTOR('',#130,7.E-1);
#132=CARTESIAN_POINT('',(-1.8E0,-6.3E0,3.8E0));
#133=LINE('',#132,#131);
#134=DIRECTION('',(1.E0,0.E0,0.E0));
#135=VECTOR('',#134,7.E-1);
#136=CARTESIAN_POINT('',(-2.5E0,-6.5E0,4.E0));
#137=LINE('',#136,#135);
#138=CARTESIAN_POINT('',(-2.5E0,-3.65E0,-3.85E0));
#139=DIRECTION('',(-1.E0,0.E0,0.E0));
#140=DIRECTION('',(0.E0,-1.E0,0.E0));
#141=AXIS2_PLACEMENT_3D('',#138,#139,#140);
#143=CARTESIAN_POINT('',(-2.5E0,-3.65E0,-3.85E0));
#144=DIRECTION('',(-1.E0,0.E0,0.E0));
#145=DIRECTION('',(0.E0,0.E0,1.E0));
#146=AXIS2_PLACEMENT_3D('',#143,#144,#145);
#148=DIRECTION('',(0.E0,0.E0,-1.E0));
#149=VECTOR('',#148,9.5E-1);
#150=CARTESIAN_POINT('',(-2.5E0,-2.7E0,-3.85E0));
#151=LINE('',#150,#149);
#152=DIRECTION('',(0.E0,1.E0,0.E0));
#153=VECTOR('',#152,6.95E0);
#154=CARTESIAN_POINT('',(-2.5E0,-2.7E0,-4.8E0));
#155=LINE('',#154,#153);
#156=CARTESIAN_POINT('',(-2.5E0,4.25E0,-4.2E0));
#157=DIRECTION('',(1.E0,0.E0,0.E0));
#158=DIRECTION('',(0.E0,0.E0,-1.E0));
#159=AXIS2_PLACEMENT_3D('',#156,#157,#158);
#161=DIRECTION('',(0.E0,0.E0,1.E0));
#162=VECTOR('',#161,6.929547868675E0);
#163=CARTESIAN_POINT('',(-2.5E0,4.85E0,-4.2E0));
#164=LINE('',#163,#162);
#165=CARTESIAN_POINT('',(-2.5E0,3.507984498472E0,3.587532367147E0));
#166=DIRECTION('',(-1.E0,0.E0,0.E0));
#167=DIRECTION('',(0.E0,0.E0,-1.E0));
#168=AXIS2_PLACEMENT_3D('',#165,#166,#167);
#170=DIRECTION('',(0.E0,0.E0,1.E0));
#171=VECTOR('',#170,1.212467632853E0);
#172=CARTESIAN_POINT('',(-2.5E0,2.65E0,3.587532367147E0));
#173=LINE('',#172,#171);
#174=DIRECTION('',(0.E0,-1.E0,0.E0));
#175=VECTOR('',#174,8.95E0);
#176=CARTESIAN_POINT('',(-2.5E0,2.65E0,4.8E0));
#177=LINE('',#176,#175);
#178=CARTESIAN_POINT('',(-2.5E0,-6.3E0,4.6E0));
#179=DIRECTION('',(1.E0,0.E0,0.E0));
#180=DIRECTION('',(0.E0,4.884981308351E-14,1.E0));
#181=AXIS2_PLACEMENT_3D('',#178,#179,#180);
#183=CARTESIAN_POINT('',(-2.5E0,-6.3E0,4.E0));
#184=DIRECTION('',(1.E0,0.E0,0.E0));
#185=DIRECTION('',(0.E0,-1.E0,0.E0));
#186=AXIS2_PLACEMENT_3D('',#183,#184,#185);
#188=DIRECTION('',(0.E0,0.E0,-1.E0));
#189=VECTOR('',#188,7.6E0);
#190=CARTESIAN_POINT('',(-2.5E0,-6.3E0,3.8E0));
#191=LINE('',#190,#189);
#192=CARTESIAN_POINT('',(-2.5E0,-6.3E0,-4.E0));
#193=DIRECTION('',(1.E0,0.E0,0.E0));
#194=DIRECTION('',(0.E0,0.E0,1.E0));
#195=AXIS2_PLACEMENT_3D('',#192,#193,#194);
#197=CARTESIAN_POINT('',(-2.5E0,-6.3E0,-4.6E0));
#198=DIRECTION('',(1.E0,0.E0,0.E0));
#199=DIRECTION('',(0.E0,-1.E0,4.884981308351E-14));
#200=AXIS2_PLACEMENT_3D('',#197,#198,#199);
#202=DIRECTION('',(0.E0,1.E0,0.E0));
#203=VECTOR('',#202,1.7E0);
#204=CARTESIAN_POINT('',(-2.5E0,-6.3E0,-4.8E0));
#205=LINE('',#204,#203);
#206=DIRECTION('',(0.E0,0.E0,-1.E0));
#207=VECTOR('',#206,9.5E-1);
#208=CARTESIAN_POINT('',(-2.5E0,-4.6E0,-3.85E0));
#209=LINE('',#208,#207);
#210=DIRECTION('',(0.E0,-1.E0,0.E0));
#211=VECTOR('',#210,1.9E0);
#212=CARTESIAN_POINT('',(-2.2E0,-2.7E0,-4.8E0));
#213=LINE('',#212,#211);
#214=DIRECTION('',(-1.E0,0.E0,0.E0));
#215=VECTOR('',#214,3.E-1);
#216=CARTESIAN_POINT('',(-2.2E0,-4.6E0,-4.8E0));
#217=LINE('',#216,#215);
#218=DIRECTION('',(0.E0,1.E0,0.E0));
#219=VECTOR('',#218,8.E-1);
#220=CARTESIAN_POINT('',(4.05E0,-6.3E0,-4.8E0));
#221=LINE('',#220,#219);
#222=DIRECTION('',(0.E0,1.E0,0.E0));
#223=VECTOR('',#222,6.5E-1);
#224=CARTESIAN_POINT('',(7.05E0,-5.7E0,-4.8E0));
#225=LINE('',#224,#223);
#226=DIRECTION('',(-1.E0,0.E0,0.E0));
#227=VECTOR('',#226,8.E-1);
#228=CARTESIAN_POINT('',(7.05E0,-5.05E0,-4.8E0));
#229=LINE('',#228,#227);
#230=DIRECTION('',(0.E0,1.E0,0.E0));
#231=VECTOR('',#230,6.6E0);
#232=CARTESIAN_POINT('',(7.05E0,-2.35E0,-4.8E0));
#233=LINE('',#232,#231);
#234=DIRECTION('',(0.E0,0.E0,1.E0));
#235=VECTOR('',#234,9.5E-1);
#236=CARTESIAN_POINT('',(-2.2E0,-2.7E0,-4.8E0));
#237=LINE('',#236,#235);
#238=CARTESIAN_POINT('',(-2.2E0,-3.65E0,-3.85E0));
#239=DIRECTION('',(1.E0,0.E0,0.E0));
#240=DIRECTION('',(0.E0,1.E0,0.E0));
#241=AXIS2_PLACEMENT_3D('',#238,#239,#240);
#243=CARTESIAN_POINT('',(-2.2E0,-3.65E0,-3.85E0));
#244=DIRECTION('',(1.E0,0.E0,0.E0));
#245=DIRECTION('',(0.E0,0.E0,1.E0));
#246=AXIS2_PLACEMENT_3D('',#243,#244,#245);
#248=DIRECTION('',(0.E0,0.E0,-1.E0));
#249=VECTOR('',#248,9.5E-1);
#250=CARTESIAN_POINT('',(-2.2E0,-4.6E0,-3.85E0));
#251=LINE('',#250,#249);
#252=CARTESIAN_POINT('',(-2.2E0,-3.65E0,-3.8E0));
#253=DIRECTION('',(-1.E0,0.E0,0.E0));
#254=DIRECTION('',(0.E0,0.E0,1.E0));
#255=AXIS2_PLACEMENT_3D('',#252,#253,#254);
#257=CARTESIAN_POINT('',(-2.2E0,-3.65E0,-3.8E0));
#258=DIRECTION('',(-1.E0,0.E0,0.E0));
#259=DIRECTION('',(0.E0,0.E0,-1.E0));
#260=AXIS2_PLACEMENT_3D('',#257,#258,#259);
#262=DIRECTION('',(-1.E0,0.E0,0.E0));
#263=VECTOR('',#262,3.E-1);
#264=CARTESIAN_POINT('',(-2.2E0,-2.7E0,-4.8E0));
#265=LINE('',#264,#263);
#266=DIRECTION('',(1.E0,0.E0,0.E0));
#267=VECTOR('',#266,3.E-1);
#268=CARTESIAN_POINT('',(-2.5E0,-4.6E0,-3.85E0));
#269=LINE('',#268,#267);
#270=DIRECTION('',(-1.E0,0.E0,0.E0));
#271=VECTOR('',#270,3.E-1);
#272=CARTESIAN_POINT('',(-2.2E0,-2.7E0,-3.85E0));
#273=LINE('',#272,#271);
#274=DIRECTION('',(1.E0,0.E0,0.E0));
#275=VECTOR('',#274,2.E-1);
#276=CARTESIAN_POINT('',(-2.4E0,-3.65E0,-4.65E0));
#277=LINE('',#276,#275);
#278=DIRECTION('',(1.E0,0.E0,0.E0));
#279=VECTOR('',#278,2.E-1);
#280=CARTESIAN_POINT('',(-2.4E0,-3.65E0,-2.95E0));
#281=LINE('',#280,#279);
#282=CARTESIAN_POINT('',(-2.4E0,-3.65E0,-3.8E0));
#283=DIRECTION('',(1.E0,0.E0,0.E0));
#284=DIRECTION('',(0.E0,0.E0,-1.E0));
#285=AXIS2_PLACEMENT_3D('',#282,#283,#284);
#287=CARTESIAN_POINT('',(-2.4E0,-3.65E0,-3.8E0));
#288=DIRECTION('',(1.E0,0.E0,0.E0));
#289=DIRECTION('',(0.E0,0.E0,1.E0));
#290=AXIS2_PLACEMENT_3D('',#287,#288,#289);
#292=DIRECTION('',(1.E0,0.E0,0.E0));
#293=VECTOR('',#292,7.E-1);
#294=CARTESIAN_POINT('',(-2.5E0,-6.5E0,-4.6E0));
#295=LINE('',#294,#293);
#296=DIRECTION('',(-1.E0,0.E0,0.E0));
#297=VECTOR('',#296,7.E-1);
#298=CARTESIAN_POINT('',(-1.8E0,-6.3E0,-4.8E0));
#299=LINE('',#298,#297);
#300=DIRECTION('',(0.E0,0.E0,1.E0));
#301=VECTOR('',#300,6.E-1);
#302=CARTESIAN_POINT('',(-2.5E0,-6.5E0,-4.6E0));
#303=LINE('',#302,#301);
#304=DIRECTION('',(1.E0,0.E0,0.E0));
#305=VECTOR('',#304,7.E-1);
#306=CARTESIAN_POINT('',(-2.5E0,-6.3E0,-3.8E0));
#307=LINE('',#306,#305);
#308=DIRECTION('',(-1.E0,0.E0,0.E0));
#309=VECTOR('',#308,7.E-1);
#310=CARTESIAN_POINT('',(-1.8E0,-6.5E0,-4.E0));
#311=LINE('',#310,#309);
#312=CARTESIAN_POINT('',(-1.8E0,-5.7E0,-4.2E0));
#313=DIRECTION('',(1.E0,0.E0,0.E0));
#314=DIRECTION('',(0.E0,-1.E0,0.E0));
#315=AXIS2_PLACEMENT_3D('',#312,#313,#314);
#317=DIRECTION('',(0.E0,-1.E0,0.E0));
#318=VECTOR('',#317,6.E-1);
#319=CARTESIAN_POINT('',(-1.8E0,-5.7E0,-4.8E0));
#320=LINE('',#319,#318);
#321=CARTESIAN_POINT('',(-1.8E0,-6.3E0,-4.6E0));
#322=DIRECTION('',(-1.E0,0.E0,0.E0));
#323=DIRECTION('',(0.E0,0.E0,-1.E0));
#324=AXIS2_PLACEMENT_3D('',#321,#322,#323);
#326=DIRECTION('',(0.E0,0.E0,1.E0));
#327=VECTOR('',#326,6.E-1);
#328=CARTESIAN_POINT('',(-1.8E0,-6.5E0,-4.6E0));
#329=LINE('',#328,#327);
#330=CARTESIAN_POINT('',(-1.8E0,-6.3E0,-4.E0));
#331=DIRECTION('',(-1.E0,0.E0,0.E0));
#332=DIRECTION('',(0.E0,-1.E0,0.E0));
#333=AXIS2_PLACEMENT_3D('',#330,#331,#332);
#335=DIRECTION('',(1.E0,0.E0,0.E0));
#336=VECTOR('',#335,2.5E0);
#337=CARTESIAN_POINT('',(-1.8E0,-6.3E0,-4.2E0));
#338=LINE('',#337,#336);
#339=DIRECTION('',(1.E0,0.E0,0.E0));
#340=VECTOR('',#339,2.75E0);
#341=CARTESIAN_POINT('',(7.E-1,-6.3E0,-4.2E0));
#342=LINE('',#341,#340);
#343=DIRECTION('',(-1.E0,0.E0,0.E0));
#344=VECTOR('',#343,2.75E0);
#345=CARTESIAN_POINT('',(3.45E0,-5.7E0,-4.8E0));
#346=LINE('',#345,#344);
#347=DIRECTION('',(-1.E0,0.E0,0.E0));
#348=VECTOR('',#347,2.5E0);
#349=CARTESIAN_POINT('',(7.E-1,-5.7E0,-4.8E0));
#350=LINE('',#349,#348);
#351=CARTESIAN_POINT('',(3.45E0,-6.3E0,-4.6E0));
#352=DIRECTION('',(1.E0,0.E0,0.E0));
#353=DIRECTION('',(0.E0,-1.E0,0.E0));
#354=AXIS2_PLACEMENT_3D('',#351,#352,#353);
#356=DIRECTION('',(0.E0,1.E0,0.E0));
#357=VECTOR('',#356,6.E-1);
#358=CARTESIAN_POINT('',(3.45E0,-6.3E0,-4.8E0));
#359=LINE('',#358,#357);
#360=CARTESIAN_POINT('',(3.45E0,-5.7E0,-4.2E0));
#361=DIRECTION('',(-1.E0,0.E0,0.E0));
#362=DIRECTION('',(0.E0,0.E0,-1.E0));
#363=AXIS2_PLACEMENT_3D('',#360,#361,#362);
#365=DIRECTION('',(0.E0,0.E0,1.E0));
#366=VECTOR('',#365,4.E-1);
#367=CARTESIAN_POINT('',(3.45E0,-6.3E0,-4.2E0));
#368=LINE('',#367,#366);
#369=CARTESIAN_POINT('',(3.45E0,-6.3E0,-4.E0));
#370=DIRECTION('',(1.E0,0.E0,0.E0));
#371=DIRECTION('',(0.E0,0.E0,1.E0));
#372=AXIS2_PLACEMENT_3D('',#369,#370,#371);
#374=DIRECTION('',(0.E0,0.E0,-1.E0));
#375=VECTOR('',#374,6.E-1);
#376=CARTESIAN_POINT('',(3.45E0,-6.5E0,-4.E0));
#377=LINE('',#376,#375);
#378=DIRECTION('',(-1.E0,0.E0,0.E0));
#379=VECTOR('',#378,6.E-1);
#380=CARTESIAN_POINT('',(4.05E0,-6.3E0,-4.8E0));
#381=LINE('',#380,#379);
#382=DIRECTION('',(1.E0,0.E0,0.E0));
#383=VECTOR('',#382,6.E-1);
#384=CARTESIAN_POINT('',(3.45E0,-6.5E0,-4.6E0));
#385=LINE('',#384,#383);
#386=DIRECTION('',(1.E0,0.E0,0.E0));
#387=VECTOR('',#386,6.E-1);
#388=CARTESIAN_POINT('',(3.45E0,-6.3E0,-3.8E0));
#389=LINE('',#388,#387);
#390=DIRECTION('',(-1.E0,0.E0,0.E0));
#391=VECTOR('',#390,6.E-1);
#392=CARTESIAN_POINT('',(4.05E0,-6.5E0,-4.E0));
#393=LINE('',#392,#391);
#394=CARTESIAN_POINT('',(4.05E0,-6.3E0,4.E0));
#395=DIRECTION('',(-1.E0,0.E0,0.E0));
#396=DIRECTION('',(0.E0,0.E0,-1.E0));
#397=AXIS2_PLACEMENT_3D('',#394,#395,#396);
#399=DIRECTION('',(0.E0,0.E0,1.E0));
#400=VECTOR('',#399,6.E-1);
#401=CARTESIAN_POINT('',(4.05E0,-6.5E0,4.E0));
#402=LINE('',#401,#400);
#403=CARTESIAN_POINT('',(4.05E0,-6.3E0,4.6E0));
#404=DIRECTION('',(-1.E0,0.E0,0.E0));
#405=DIRECTION('',(0.E0,-1.E0,0.E0));
#406=AXIS2_PLACEMENT_3D('',#403,#404,#405);
#408=DIRECTION('',(0.E0,1.E0,0.E0));
#409=VECTOR('',#408,8.E-1);
#410=CARTESIAN_POINT('',(4.05E0,-6.3E0,4.8E0));
#411=LINE('',#410,#409);
#412=DIRECTION('',(0.E0,0.E0,-1.E0));
#413=VECTOR('',#412,9.6E0);
#414=CARTESIAN_POINT('',(4.05E0,-5.5E0,4.8E0));
#415=LINE('',#414,#413);
#416=CARTESIAN_POINT('',(4.05E0,-6.3E0,-4.6E0));
#417=DIRECTION('',(-1.E0,0.E0,0.E0));
#418=DIRECTION('',(0.E0,0.E0,-1.E0));
#419=AXIS2_PLACEMENT_3D('',#416,#417,#418);
#421=DIRECTION('',(0.E0,0.E0,1.E0));
#422=VECTOR('',#421,6.E-1);
#423=CARTESIAN_POINT('',(4.05E0,-6.5E0,-4.6E0));
#424=LINE('',#423,#422);
#425=CARTESIAN_POINT('',(4.05E0,-6.3E0,-4.E0));
#426=DIRECTION('',(-1.E0,0.E0,0.E0));
#427=DIRECTION('',(0.E0,-1.E0,0.E0));
#428=AXIS2_PLACEMENT_3D('',#425,#426,#427);
#430=DIRECTION('',(-1.E0,0.E0,0.E0));
#431=VECTOR('',#430,6.E-1);
#432=CARTESIAN_POINT('',(4.05E0,-6.3E0,3.8E0));
#433=LINE('',#432,#431);
#434=DIRECTION('',(1.E0,0.E0,0.E0));
#435=VECTOR('',#434,6.E-1);
#436=CARTESIAN_POINT('',(3.45E0,-6.5E0,4.E0));
#437=LINE('',#436,#435);
#438=CARTESIAN_POINT('',(3.45E0,-6.3E0,4.E0));
#439=DIRECTION('',(1.E0,0.E0,0.E0));
#440=DIRECTION('',(0.E0,-1.E0,0.E0));
#441=AXIS2_PLACEMENT_3D('',#438,#439,#440);
#443=CARTESIAN_POINT('',(3.45E0,-5.7E0,4.2E0));
#444=DIRECTION('',(-1.E0,0.E0,0.E0));
#445=DIRECTION('',(0.E0,-1.E0,0.E0));
#446=AXIS2_PLACEMENT_3D('',#443,#444,#445);
#448=CARTESIAN_POINT('',(3.45E0,-6.3E0,4.6E0));
#449=DIRECTION('',(1.E0,0.E0,0.E0));
#450=DIRECTION('',(0.E0,0.E0,1.E0));
#451=AXIS2_PLACEMENT_3D('',#448,#449,#450);
#453=DIRECTION('',(0.E0,0.E0,-1.E0));
#454=VECTOR('',#453,6.E-1);
#455=CARTESIAN_POINT('',(3.45E0,-6.5E0,4.6E0));
#456=LINE('',#455,#454);
#457=DIRECTION('',(1.E0,0.E0,0.E0));
#458=VECTOR('',#457,2.5E0);
#459=CARTESIAN_POINT('',(-1.8E0,-5.7E0,4.8E0));
#460=LINE('',#459,#458);
#461=DIRECTION('',(1.E0,0.E0,0.E0));
#462=VECTOR('',#461,2.75E0);
#463=CARTESIAN_POINT('',(7.E-1,-5.7E0,4.8E0));
#464=LINE('',#463,#462);
#465=DIRECTION('',(-1.E0,0.E0,0.E0));
#466=VECTOR('',#465,2.75E0);
#467=CARTESIAN_POINT('',(3.45E0,-6.3E0,4.2E0));
#468=LINE('',#467,#466);
#469=DIRECTION('',(-1.E0,0.E0,0.E0));
#470=VECTOR('',#469,2.5E0);
#471=CARTESIAN_POINT('',(7.E-1,-6.3E0,4.2E0));
#472=LINE('',#471,#470);
#473=DIRECTION('',(0.E0,1.E0,0.E0));
#474=VECTOR('',#473,1.6E0);
#475=CARTESIAN_POINT('',(-2.2E0,2.65E0,4.8E0));
#476=LINE('',#475,#474);
#477=DIRECTION('',(0.E0,-1.E0,0.E0));
#478=VECTOR('',#477,1.6E0);
#479=CARTESIAN_POINT('',(6.25E0,4.25E0,4.8E0));
#480=LINE('',#479,#478);
#481=DIRECTION('',(0.E0,-1.E0,0.E0));
#482=VECTOR('',#481,8.35E0);
#483=CARTESIAN_POINT('',(7.05E0,2.65E0,4.8E0));
#484=LINE('',#483,#482);
#485=DIRECTION('',(0.E0,1.E0,0.E0));
#486=VECTOR('',#485,6.5E-1);
#487=CARTESIAN_POINT('',(5.05E0,-5.7E0,4.8E0));
#488=LINE('',#487,#486);
#489=DIRECTION('',(-1.E0,0.E0,0.E0));
#490=VECTOR('',#489,5.E-1);
#491=CARTESIAN_POINT('',(5.05E0,-5.05E0,4.8E0));
#492=LINE('',#491,#490);
#493=DIRECTION('',(0.E0,-1.E0,0.E0));
#494=VECTOR('',#493,4.5E-1);
#495=CARTESIAN_POINT('',(4.55E0,-5.05E0,4.8E0));
#496=LINE('',#495,#494);
#497=DIRECTION('',(-1.E0,0.E0,0.E0));
#498=VECTOR('',#497,5.E-1);
#499=CARTESIAN_POINT('',(4.55E0,-5.5E0,4.8E0));
#500=LINE('',#499,#498);
#501=DIRECTION('',(0.E0,1.E0,0.E0));
#502=VECTOR('',#501,6.E-1);
#503=CARTESIAN_POINT('',(3.45E0,-6.3E0,4.8E0));
#504=LINE('',#503,#502);
#505=DIRECTION('',(0.E0,0.E0,1.E0));
#506=VECTOR('',#505,1.470452131325E0);
#507=CARTESIAN_POINT('',(-2.2E0,4.85E0,2.729547868675E0));
#508=LINE('',#507,#506);
#509=CARTESIAN_POINT('',(-2.2E0,4.25E0,4.2E0));
#510=DIRECTION('',(1.E0,0.E0,0.E0));
#511=DIRECTION('',(0.E0,1.E0,0.E0));
#512=AXIS2_PLACEMENT_3D('',#509,#510,#511);
#514=DIRECTION('',(0.E0,0.E0,-1.E0));
#515=VECTOR('',#514,1.212467632853E0);
#516=CARTESIAN_POINT('',(-2.2E0,2.65E0,4.8E0));
#517=LINE('',#516,#515);
#518=CARTESIAN_POINT('',(-2.2E0,3.507984498472E0,3.587532367147E0));
#519=DIRECTION('',(1.E0,0.E0,0.E0));
#520=DIRECTION('',(0.E0,-1.E0,0.E0));
#521=AXIS2_PLACEMENT_3D('',#518,#519,#520);
#523=DIRECTION('',(0.E0,1.E0,0.E0));
#524=VECTOR('',#523,1.342015501528E0);
#525=CARTESIAN_POINT('',(-2.2E0,3.507984498472E0,2.729547868675E0));
#526=LINE('',#525,#524);
#527=CARTESIAN_POINT('',(-2.2E0,3.65E0,3.8E0));
#528=DIRECTION('',(-1.E0,0.E0,0.E0));
#529=DIRECTION('',(0.E0,0.E0,1.E0));
#530=AXIS2_PLACEMENT_3D('',#527,#528,#529);
#532=CARTESIAN_POINT('',(-2.2E0,3.65E0,3.8E0));
#533=DIRECTION('',(-1.E0,0.E0,0.E0));
#534=DIRECTION('',(0.E0,0.E0,-1.E0));
#535=AXIS2_PLACEMENT_3D('',#532,#533,#534);
#537=DIRECTION('',(-1.E0,0.E0,0.E0));
#538=VECTOR('',#537,3.E-1);
#539=CARTESIAN_POINT('',(-2.2E0,4.85E0,2.729547868675E0));
#540=LINE('',#539,#538);
#541=DIRECTION('',(0.E0,0.E0,1.E0));
#542=VECTOR('',#541,6.6E0);
#543=CARTESIAN_POINT('',(7.05E0,4.85E0,-4.2E0));
#544=LINE('',#543,#542);
#545=DIRECTION('',(-1.E0,0.E0,0.E0));
#546=VECTOR('',#545,8.E-1);
#547=CARTESIAN_POINT('',(7.05E0,4.85E0,2.4E0));
#548=LINE('',#547,#546);
#549=DIRECTION('',(0.E0,0.E0,1.E0));
#550=VECTOR('',#549,1.8E0);
#551=CARTESIAN_POINT('',(6.25E0,4.85E0,2.4E0));
#552=LINE('',#551,#550);
#553=DIRECTION('',(0.E0,1.E0,0.E0));
#554=VECTOR('',#553,1.342015501528E0);
#555=CARTESIAN_POINT('',(-2.5E0,3.507984498472E0,2.729547868675E0));
#556=LINE('',#555,#554);
#557=DIRECTION('',(1.E0,0.E0,0.E0));
#558=VECTOR('',#557,3.E-1);
#559=CARTESIAN_POINT('',(-2.5E0,3.507984498472E0,2.729547868675E0));
#560=LINE('',#559,#558);
#561=DIRECTION('',(-1.E0,0.E0,0.E0));
#562=VECTOR('',#561,3.E-1);
#563=CARTESIAN_POINT('',(-2.2E0,2.65E0,3.587532367147E0));
#564=LINE('',#563,#562);
#565=DIRECTION('',(-1.E0,0.E0,0.E0));
#566=VECTOR('',#565,3.E-1);
#567=CARTESIAN_POINT('',(-2.2E0,2.65E0,4.8E0));
#568=LINE('',#567,#566);
#569=DIRECTION('',(-1.E0,0.E0,0.E0));
#570=VECTOR('',#569,7.05E0);
#571=CARTESIAN_POINT('',(7.05E0,4.85E0,-4.2E0));
#572=LINE('',#571,#570);
#573=DIRECTION('',(-1.E0,0.E0,0.E0));
#574=VECTOR('',#573,2.5E0);
#575=CARTESIAN_POINT('',(0.E0,4.85E0,-4.2E0));
#576=LINE('',#575,#574);
#577=DIRECTION('',(1.E0,0.E0,0.E0));
#578=VECTOR('',#577,2.5E0);
#579=CARTESIAN_POINT('',(-2.5E0,4.25E0,-4.8E0));
#580=LINE('',#579,#578);
#581=DIRECTION('',(1.E0,0.E0,0.E0));
#582=VECTOR('',#581,7.05E0);
#583=CARTESIAN_POINT('',(0.E0,4.25E0,-4.8E0));
#584=LINE('',#583,#582);
#585=DIRECTION('',(0.E0,0.E0,-1.E0));
#586=VECTOR('',#585,1.4E0);
#587=CARTESIAN_POINT('',(7.05E0,2.65E0,4.8E0));
#588=LINE('',#587,#586);
#589=CARTESIAN_POINT('',(7.05E0,3.65E0,3.4E0));
#590=DIRECTION('',(1.E0,0.E0,0.E0));
#591=DIRECTION('',(0.E0,-1.E0,0.E0));
#592=AXIS2_PLACEMENT_3D('',#589,#590,#591);
#594=CARTESIAN_POINT('',(7.05E0,4.25E0,-4.2E0));
#595=DIRECTION('',(-1.E0,0.E0,0.E0));
#596=DIRECTION('',(0.E0,1.E0,0.E0));
#597=AXIS2_PLACEMENT_3D('',#594,#595,#596);
#599=DIRECTION('',(0.E0,0.E0,1.E0));
#600=VECTOR('',#599,1.4E0);
#601=CARTESIAN_POINT('',(7.05E0,-2.35E0,-4.8E0));
#602=LINE('',#601,#600);
#603=CARTESIAN_POINT('',(7.05E0,-3.35E0,-3.4E0));
#604=DIRECTION('',(1.E0,0.E0,0.E0));
#605=DIRECTION('',(0.E0,1.E0,0.E0));
#606=AXIS2_PLACEMENT_3D('',#603,#604,#605);
#608=DIRECTION('',(0.E0,-1.E0,0.E0));
#609=VECTOR('',#608,7.E-1);
#610=CARTESIAN_POINT('',(7.05E0,-3.35E0,-2.4E0));
#611=LINE('',#610,#609);
#612=CARTESIAN_POINT('',(7.05E0,-4.05E0,-3.4E0));
#613=DIRECTION('',(1.E0,0.E0,0.E0));
#614=DIRECTION('',(0.E0,0.E0,1.E0));
#615=AXIS2_PLACEMENT_3D('',#612,#613,#614);
#617=CARTESIAN_POINT('',(7.05E0,-5.7E0,-4.2E0));
#618=DIRECTION('',(-1.E0,0.E0,0.E0));
#619=DIRECTION('',(0.E0,0.E0,-1.E0));
#620=AXIS2_PLACEMENT_3D('',#617,#618,#619);
#622=CARTESIAN_POINT('',(7.05E0,-6.2E0,-8.E-1));
#623=DIRECTION('',(1.E0,0.E0,0.E0));
#624=DIRECTION('',(0.E0,-5.E-1,-8.660254037844E-1));
#625=AXIS2_PLACEMENT_3D('',#622,#623,#624);
#627=DIRECTION('',(0.E0,1.E0,0.E0));
#628=VECTOR('',#627,4.E-1);
#629=CARTESIAN_POINT('',(7.05E0,-6.2E0,-1.E0));
#630=LINE('',#629,#628);
#631=CARTESIAN_POINT('',(7.05E0,-5.8E0,-8.E-1));
#632=DIRECTION('',(1.E0,0.E0,0.E0));
#633=DIRECTION('',(0.E0,0.E0,-1.E0));
#634=AXIS2_PLACEMENT_3D('',#631,#632,#633);
#636=DIRECTION('',(0.E0,0.E0,1.E0));
#637=VECTOR('',#636,1.6E0);
#638=CARTESIAN_POINT('',(7.05E0,-5.6E0,-8.E-1));
#639=LINE('',#638,#637);
#640=CARTESIAN_POINT('',(7.05E0,-5.8E0,8.E-1));
#641=DIRECTION('',(1.E0,0.E0,0.E0));
#642=DIRECTION('',(0.E0,1.E0,0.E0));
#643=AXIS2_PLACEMENT_3D('',#640,#641,#642);
#645=DIRECTION('',(0.E0,-1.E0,0.E0));
#646=VECTOR('',#645,4.E-1);
#647=CARTESIAN_POINT('',(7.05E0,-5.8E0,1.E0));
#648=LINE('',#647,#646);
#649=CARTESIAN_POINT('',(7.05E0,-6.2E0,8.E-1));
#650=DIRECTION('',(1.E0,0.E0,0.E0));
#651=DIRECTION('',(0.E0,0.E0,1.E0));
#652=AXIS2_PLACEMENT_3D('',#649,#650,#651);
#654=CARTESIAN_POINT('',(7.05E0,-5.7E0,4.2E0));
#655=DIRECTION('',(-1.E0,0.E0,0.E0));
#656=DIRECTION('',(0.E0,-1.E0,0.E0));
#657=AXIS2_PLACEMENT_3D('',#654,#655,#656);
#659=CARTESIAN_POINT('',(7.05E0,0.E0,0.E0));
#660=DIRECTION('',(1.E0,0.E0,0.E0));
#661=DIRECTION('',(0.E0,9.057608093478E-1,-4.237892828395E-1));
#662=AXIS2_PLACEMENT_3D('',#659,#660,#661);
#664=CARTESIAN_POINT('',(7.050153508544E0,3.030912869514E0,1.749893471484E0));
#665=CARTESIAN_POINT('',(7.050153508544E0,2.687959650860E0,2.340365909913E0));
#666=CARTESIAN_POINT('',(7.049915265197E0,1.557990543313E0,3.408147327426E0));
#667=CARTESIAN_POINT('',(7.050024120779E0,-8.642098532454E-1,3.690820591351E0));
#668=CARTESIAN_POINT('',(7.049994136331E0,-3.019946655929E0,2.290769491448E0));
#669=CARTESIAN_POINT('',(7.049999333898E0,-3.787016546458E0,
-1.624367339232E-1));
#670=CARTESIAN_POINT('',(7.050008528077E0,-2.812695068645E0,-2.540964541785E0));
#671=CARTESIAN_POINT('',(7.049966553793E0,-5.449931009226E-1,
-3.751228256370E0));
#672=CARTESIAN_POINT('',(7.050117117407E0,1.844116622251E0,-3.262351361955E0));
#673=CARTESIAN_POINT('',(7.049787875837E0,2.878476367118E0,-2.101359129769E0));
#674=CARTESIAN_POINT('',(7.049787875837E0,3.169607751885E0,-1.483688402326E0));
#676=DIRECTION('',(-1.E0,0.E0,0.E0));
#677=VECTOR('',#676,8.E-1);
#678=CARTESIAN_POINT('',(7.05E0,2.65E0,4.8E0));
#679=LINE('',#678,#677);
#680=DIRECTION('',(0.E0,0.E0,-1.E0));
#681=VECTOR('',#680,1.4E0);
#682=CARTESIAN_POINT('',(6.25E0,2.65E0,4.8E0));
#683=LINE('',#682,#681);
#684=CARTESIAN_POINT('',(6.25E0,3.65E0,3.4E0));
#685=DIRECTION('',(-1.E0,0.E0,0.E0));
#686=DIRECTION('',(0.E0,0.E0,-1.E0));
#687=AXIS2_PLACEMENT_3D('',#684,#685,#686);
#689=CARTESIAN_POINT('',(6.25E0,4.25E0,4.2E0));
#690=DIRECTION('',(-1.E0,0.E0,0.E0));
#691=DIRECTION('',(0.E0,0.E0,1.E0));
#692=AXIS2_PLACEMENT_3D('',#689,#690,#691);
#694=CARTESIAN_POINT('',(6.25E0,3.65E0,3.8E0));
#695=DIRECTION('',(1.E0,0.E0,0.E0));
#696=DIRECTION('',(0.E0,0.E0,1.E0));
#697=AXIS2_PLACEMENT_3D('',#694,#695,#696);
#699=CARTESIAN_POINT('',(6.25E0,3.65E0,3.8E0));
#700=DIRECTION('',(1.E0,0.E0,0.E0));
#701=DIRECTION('',(0.E0,0.E0,-1.E0));
#702=AXIS2_PLACEMENT_3D('',#699,#700,#701);
#704=DIRECTION('',(0.E0,-1.E0,0.E0));
#705=VECTOR('',#704,1.2E0);
#706=CARTESIAN_POINT('',(7.05E0,4.85E0,2.4E0));
#707=LINE('',#706,#705);
#708=DIRECTION('',(0.E0,1.E0,0.E0));
#709=VECTOR('',#708,1.2E0);
#710=CARTESIAN_POINT('',(6.25E0,3.65E0,2.4E0));
#711=LINE('',#710,#709);
#712=DIRECTION('',(-1.E0,0.E0,0.E0));
#713=VECTOR('',#712,8.E-1);
#714=CARTESIAN_POINT('',(7.05E0,2.65E0,3.4E0));
#715=LINE('',#714,#713);
#716=DIRECTION('',(1.E0,0.E0,0.E0));
#717=VECTOR('',#716,8.E-1);
#718=CARTESIAN_POINT('',(6.25E0,3.65E0,2.4E0));
#719=LINE('',#718,#717);
#720=DIRECTION('',(1.E0,0.E0,0.E0));
#721=VECTOR('',#720,2.5E0);
#722=CARTESIAN_POINT('',(-2.2E0,4.85E0,4.2E0));
#723=LINE('',#722,#721);
#724=DIRECTION('',(1.E0,0.E0,0.E0));
#725=VECTOR('',#724,5.95E0);
#726=CARTESIAN_POINT('',(3.E-1,4.85E0,4.2E0));
#727=LINE('',#726,#725);
#728=DIRECTION('',(-1.E0,0.E0,0.E0));
#729=VECTOR('',#728,5.95E0);
#730=CARTESIAN_POINT('',(6.25E0,4.25E0,4.8E0));
#731=LINE('',#730,#729);
#732=DIRECTION('',(-1.E0,0.E0,0.E0));
#733=VECTOR('',#732,2.5E0);
#734=CARTESIAN_POINT('',(3.E-1,4.25E0,4.8E0));
#735=LINE('',#734,#733);
#736=CARTESIAN_POINT('',(6.25E0,3.65E0,4.35E0));
#737=DIRECTION('',(0.E0,1.E0,0.E0));
#738=DIRECTION('',(0.E0,0.E0,1.E0));
#739=AXIS2_PLACEMENT_3D('',#736,#737,#738);
#741=CARTESIAN_POINT('',(6.25E0,3.65E0,3.8E0));
#742=DIRECTION('',(-1.E0,0.E0,0.E0));
#743=DIRECTION('',(0.E0,0.E0,-1.E0));
#744=AXIS2_PLACEMENT_3D('',#741,#742,#743);
#746=CARTESIAN_POINT('',(6.25E0,3.65E0,3.8E0));
#747=DIRECTION('',(-1.E0,0.E0,0.E0));
#748=DIRECTION('',(0.E0,0.E0,1.E0));
#749=AXIS2_PLACEMENT_3D('',#746,#747,#748);
#751=CARTESIAN_POINT('',(6.25E0,3.65E0,3.25E0));
#752=DIRECTION('',(0.E0,-1.E0,0.E0));
#753=DIRECTION('',(0.E0,0.E0,-1.E0));
#754=AXIS2_PLACEMENT_3D('',#751,#752,#753);
#756=DIRECTION('',(-1.E0,0.E0,0.E0));
#757=VECTOR('',#756,8.E-1);
#758=CARTESIAN_POINT('',(7.05E0,-2.35E0,-4.8E0));
#759=LINE('',#758,#757);
#760=DIRECTION('',(0.E0,0.E0,1.E0));
#761=VECTOR('',#760,1.4E0);
#762=CARTESIAN_POINT('',(6.25E0,-2.35E0,-4.8E0));
#763=LINE('',#762,#761);
#764=DIRECTION('',(0.E0,-1.E0,0.E0));
#765=VECTOR('',#764,2.7E0);
#766=CARTESIAN_POINT('',(6.25E0,-2.35E0,-4.8E0));
#767=LINE('',#766,#765);
#768=CARTESIAN_POINT('',(6.25E0,-4.05E0,-3.4E0));
#769=DIRECTION('',(-1.E0,0.E0,0.E0));
#770=DIRECTION('',(0.E0,-1.E0,0.E0));
#771=AXIS2_PLACEMENT_3D('',#768,#769,#770);
#773=CARTESIAN_POINT('',(6.25E0,-3.35E0,-3.4E0));
#774=DIRECTION('',(-1.E0,0.E0,0.E0));
#775=DIRECTION('',(0.E0,0.E0,1.E0));
#776=AXIS2_PLACEMENT_3D('',#773,#774,#775);
#778=CARTESIAN_POINT('',(6.25E0,-3.65E0,-3.8E0));
#779=DIRECTION('',(1.E0,0.E0,0.E0));
#780=DIRECTION('',(0.E0,0.E0,1.E0));
#781=AXIS2_PLACEMENT_3D('',#778,#779,#780);
#783=CARTESIAN_POINT('',(6.25E0,-3.65E0,-3.8E0));
#784=DIRECTION('',(1.E0,0.E0,0.E0));
#785=DIRECTION('',(0.E0,0.E0,-1.E0));
#786=AXIS2_PLACEMENT_3D('',#783,#784,#785);
#788=DIRECTION('',(0.E0,0.E0,1.E0));
#789=VECTOR('',#788,1.4E0);
#790=CARTESIAN_POINT('',(7.05E0,-5.05E0,-4.8E0));
#791=LINE('',#790,#789);
#792=DIRECTION('',(0.E0,0.E0,-1.E0));
#793=VECTOR('',#792,1.4E0);
#794=CARTESIAN_POINT('',(6.25E0,-5.05E0,-3.4E0));
#795=LINE('',#794,#793);
#796=DIRECTION('',(-1.E0,0.E0,0.E0));
#797=VECTOR('',#796,8.E-1);
#798=CARTESIAN_POINT('',(7.05E0,-4.05E0,-2.4E0));
#799=LINE('',#798,#797);
#800=DIRECTION('',(1.E0,0.E0,0.E0));
#801=VECTOR('',#800,8.E-1);
#802=CARTESIAN_POINT('',(6.25E0,-5.05E0,-3.4E0));
#803=LINE('',#802,#801);
#804=DIRECTION('',(0.E0,-1.E0,0.E0));
#805=VECTOR('',#804,7.E-1);
#806=CARTESIAN_POINT('',(6.25E0,-3.35E0,-2.4E0));
#807=LINE('',#806,#805);
#808=DIRECTION('',(-1.E0,0.E0,0.E0));
#809=VECTOR('',#808,8.E-1);
#810=CARTESIAN_POINT('',(7.05E0,-2.35E0,-3.4E0));
#811=LINE('',#810,#809);
#812=DIRECTION('',(1.E0,0.E0,0.E0));
#813=VECTOR('',#812,8.E-1);
#814=CARTESIAN_POINT('',(6.25E0,-3.35E0,-2.4E0));
#815=LINE('',#814,#813);
#816=CARTESIAN_POINT('',(6.25E0,-3.65E0,-4.35E0));
#817=DIRECTION('',(0.E0,1.E0,0.E0));
#818=DIRECTION('',(0.E0,0.E0,1.E0));
#819=AXIS2_PLACEMENT_3D('',#816,#817,#818);
#821=CARTESIAN_POINT('',(6.25E0,-3.65E0,-3.25E0));
#822=DIRECTION('',(0.E0,-1.E0,0.E0));
#823=DIRECTION('',(0.E0,0.E0,-1.E0));
#824=AXIS2_PLACEMENT_3D('',#821,#822,#823);
#826=CARTESIAN_POINT('',(6.25E0,-3.65E0,-3.8E0));
#827=DIRECTION('',(-1.E0,0.E0,0.E0));
#828=DIRECTION('',(0.E0,0.E0,-1.E0));
#829=AXIS2_PLACEMENT_3D('',#826,#827,#828);
#831=CARTESIAN_POINT('',(6.25E0,-3.65E0,-3.8E0));
#832=DIRECTION('',(-1.E0,0.E0,0.E0));
#833=DIRECTION('',(0.E0,0.E0,1.E0));
#834=AXIS2_PLACEMENT_3D('',#831,#832,#833);
#836=DIRECTION('',(1.E0,0.E0,0.E0));
#837=VECTOR('',#836,2.E0);
#838=CARTESIAN_POINT('',(5.05E0,-6.3E0,-4.2E0));
#839=LINE('',#838,#837);
#840=DIRECTION('',(-1.E0,0.E0,0.E0));
#841=VECTOR('',#840,2.E0);
#842=CARTESIAN_POINT('',(7.05E0,-5.7E0,-4.8E0));
#843=LINE('',#842,#841);
#844=CARTESIAN_POINT('',(5.05E0,-5.7E0,4.2E0));
#845=DIRECTION('',(1.E0,0.E0,0.E0));
#846=DIRECTION('',(0.E0,0.E0,1.E0));
#847=AXIS2_PLACEMENT_3D('',#844,#845,#846);
#849=DIRECTION('',(0.E0,0.E0,-1.E0));
#850=VECTOR('',#849,8.4E0);
#851=CARTESIAN_POINT('',(5.05E0,-6.3E0,4.2E0));
#852=LINE('',#851,#850);
#853=CARTESIAN_POINT('',(5.05E0,-5.7E0,-4.2E0));
#854=DIRECTION('',(1.E0,0.E0,0.E0));
#855=DIRECTION('',(0.E0,-1.E0,0.E0));
#856=AXIS2_PLACEMENT_3D('',#853,#854,#855);
#858=DIRECTION('',(0.E0,1.E0,0.E0));
#859=VECTOR('',#858,6.5E-1);
#860=CARTESIAN_POINT('',(5.05E0,-5.7E0,-4.8E0));
#861=LINE('',#860,#859);
#862=DIRECTION('',(1.E0,0.E0,0.E0));
#863=VECTOR('',#862,2.E0);
#864=CARTESIAN_POINT('',(5.05E0,-5.7E0,4.8E0));
#865=LINE('',#864,#863);
#866=DIRECTION('',(-1.E0,0.E0,0.E0));
#867=VECTOR('',#866,2.E0);
#868=CARTESIAN_POINT('',(7.05E0,-6.3E0,4.2E0));
#869=LINE('',#868,#867);
#870=DIRECTION('',(0.E0,0.E0,-1.E0));
#871=VECTOR('',#870,3.226794919243E0);
#872=CARTESIAN_POINT('',(7.05E0,-6.3E0,4.2E0));
#873=LINE('',#872,#871);
#874=DIRECTION('',(0.E0,0.E0,-1.E0));
#875=VECTOR('',#874,1.946410161514E0);
#876=CARTESIAN_POINT('',(6.35E0,-6.3E0,9.732050807569E-1));
#877=LINE('',#876,#875);
#878=DIRECTION('',(0.E0,0.E0,-1.E0));
#879=VECTOR('',#878,3.226794919243E0);
#880=CARTESIAN_POINT('',(7.05E0,-6.3E0,-9.732050807569E-1));
#881=LINE('',#880,#879);
#882=DIRECTION('',(1.E0,0.E0,0.E0));
#883=VECTOR('',#882,8.E-1);
#884=CARTESIAN_POINT('',(7.05E0,-6.2E0,1.E0));
#885=LINE('',#884,#883);
#886=DIRECTION('',(-1.E0,0.E0,0.E0));
#887=VECTOR('',#886,1.5E0);
#888=CARTESIAN_POINT('',(7.85E0,-6.4E0,8.E-1));
#889=LINE('',#888,#887);
#890=DIRECTION('',(1.E0,0.E0,0.E0));
#891=VECTOR('',#890,7.E-1);
#892=CARTESIAN_POINT('',(6.35E0,-6.3E0,9.732050807569E-1));
#893=LINE('',#892,#891);
#894=DIRECTION('',(0.E0,-1.E0,0.E0));
#895=VECTOR('',#894,4.E-1);
#896=CARTESIAN_POINT('',(7.85E0,-5.8E0,1.E0));
#897=LINE('',#896,#895);
#898=DIRECTION('',(1.E0,0.E0,0.E0));
#899=VECTOR('',#898,8.E-1);
#900=CARTESIAN_POINT('',(7.05E0,-5.6E0,8.E-1));
#901=LINE('',#900,#899);
#902=DIRECTION('',(-1.E0,0.E0,0.E0));
#903=VECTOR('',#902,8.E-1);
#904=CARTESIAN_POINT('',(7.85E0,-5.8E0,1.E0));
#905=LINE('',#904,#903);
#906=DIRECTION('',(0.E0,0.E0,1.E0));
#907=VECTOR('',#906,1.6E0);
#908=CARTESIAN_POINT('',(7.85E0,-5.6E0,-8.E-1));
#909=LINE('',#908,#907);
#910=DIRECTION('',(1.E0,0.E0,0.E0));
#911=VECTOR('',#910,8.E-1);
#912=CARTESIAN_POINT('',(7.05E0,-5.8E0,-1.E0));
#913=LINE('',#912,#911);
#914=DIRECTION('',(-1.E0,0.E0,0.E0));
#915=VECTOR('',#914,8.E-1);
#916=CARTESIAN_POINT('',(7.85E0,-5.6E0,-8.E-1));
#917=LINE('',#916,#915);
#918=DIRECTION('',(0.E0,1.E0,0.E0));
#919=VECTOR('',#918,4.E-1);
#920=CARTESIAN_POINT('',(7.85E0,-6.2E0,-1.E0));
#921=LINE('',#920,#919);
#922=DIRECTION('',(-1.E0,0.E0,0.E0));
#923=VECTOR('',#922,7.E-1);
#924=CARTESIAN_POINT('',(7.05E0,-6.3E0,-9.732050807569E-1));
#925=LINE('',#924,#923);
#926=DIRECTION('',(1.E0,0.E0,0.E0));
#927=VECTOR('',#926,1.5E0);
#928=CARTESIAN_POINT('',(6.35E0,-6.4E0,-8.E-1));
#929=LINE('',#928,#927);
#930=DIRECTION('',(-1.E0,0.E0,0.E0));
#931=VECTOR('',#930,8.E-1);
#932=CARTESIAN_POINT('',(7.85E0,-6.2E0,-1.E0));
#933=LINE('',#932,#931);
#934=CARTESIAN_POINT('',(6.35E0,-6.2E0,8.E-1));
#935=DIRECTION('',(1.E0,0.E0,0.E0));
#936=DIRECTION('',(0.E0,-5.E-1,8.660254037844E-1));
#937=AXIS2_PLACEMENT_3D('',#934,#935,#936);
#939=DIRECTION('',(0.E0,0.E0,-1.E0));
#940=VECTOR('',#939,1.6E0);
#941=CARTESIAN_POINT('',(6.35E0,-6.4E0,8.E-1));
#942=LINE('',#941,#940);
#943=CARTESIAN_POINT('',(6.35E0,-6.2E0,-8.E-1));
#944=DIRECTION('',(1.E0,0.E0,0.E0));
#945=DIRECTION('',(0.E0,-1.E0,0.E0));
#946=AXIS2_PLACEMENT_3D('',#943,#944,#945);
#948=DIRECTION('',(0.E0,0.E0,-1.E0));
#949=VECTOR('',#948,1.6E0);
#950=CARTESIAN_POINT('',(7.85E0,-6.4E0,8.E-1));
#951=LINE('',#950,#949);
#952=CARTESIAN_POINT('',(7.85E0,-5.8E0,8.E-1));
#953=DIRECTION('',(-1.E0,0.E0,0.E0));
#954=DIRECTION('',(0.E0,0.E0,1.E0));
#955=AXIS2_PLACEMENT_3D('',#952,#953,#954);
#957=CARTESIAN_POINT('',(7.85E0,-5.8E0,-8.E-1));
#958=DIRECTION('',(-1.E0,0.E0,0.E0));
#959=DIRECTION('',(0.E0,1.E0,0.E0));
#960=AXIS2_PLACEMENT_3D('',#957,#958,#959);
#962=CARTESIAN_POINT('',(7.85E0,-6.2E0,-8.E-1));
#963=DIRECTION('',(-1.E0,0.E0,0.E0));
#964=DIRECTION('',(0.E0,0.E0,-1.E0));
#965=AXIS2_PLACEMENT_3D('',#962,#963,#964);
#967=CARTESIAN_POINT('',(7.85E0,-6.2E0,8.E-1));
#968=DIRECTION('',(-1.E0,0.E0,0.E0));
#969=DIRECTION('',(0.E0,-1.E0,0.E0));
#970=AXIS2_PLACEMENT_3D('',#967,#968,#969);
#972=DIRECTION('',(0.E0,0.E0,-1.E0));
#973=VECTOR('',#972,9.6E0);
#974=CARTESIAN_POINT('',(5.05E0,-5.05E0,4.8E0));
#975=LINE('',#974,#973);
#976=DIRECTION('',(-1.E0,0.E0,0.E0));
#977=VECTOR('',#976,5.E-1);
#978=CARTESIAN_POINT('',(5.05E0,-5.05E0,-4.8E0));
#979=LINE('',#978,#977);
#980=DIRECTION('',(0.E0,0.E0,-1.E0));
#981=VECTOR('',#980,9.6E0);
#982=CARTESIAN_POINT('',(4.55E0,-5.05E0,4.8E0));
#983=LINE('',#982,#981);
#984=DIRECTION('',(0.E0,-1.E0,0.E0));
#985=VECTOR('',#984,4.5E-1);
#986=CARTESIAN_POINT('',(4.55E0,-5.05E0,-4.8E0));
#987=LINE('',#986,#985);
#988=DIRECTION('',(0.E0,0.E0,-1.E0));
#989=VECTOR('',#988,9.6E0);
#990=CARTESIAN_POINT('',(4.55E0,-5.5E0,4.8E0));
#991=LINE('',#990,#989);
#992=DIRECTION('',(-1.E0,0.E0,0.E0));
#993=VECTOR('',#992,5.E-1);
#994=CARTESIAN_POINT('',(4.55E0,-5.5E0,-4.8E0));
#995=LINE('',#994,#993);
#996=CARTESIAN_POINT('',(7.450154972669E0,-3.975983675378E-6,
-3.499910498475E0));
#997=CARTESIAN_POINT('',(7.444957716947E0,-2.025783956657E-1,
-3.499910498475E0));
#998=CARTESIAN_POINT('',(7.435117000531E0,-6.087726635642E-1,
-3.464827558405E0));
#999=CARTESIAN_POINT('',(7.417416748063E0,-1.204247343131E0,-3.305573120543E0));
#1000=CARTESIAN_POINT('',(7.399526605960E0,-1.762028310221E0,
-3.044470618503E0));
#1001=CARTESIAN_POINT('',(7.384201561588E0,-2.258743951281E0,
-2.696662156662E0));
#1002=CARTESIAN_POINT('',(7.368183992382E0,-2.695337785626E0,
-2.261012684067E0));
#1003=CARTESIAN_POINT('',(7.350580395181E0,-3.048345057768E0,
-1.756030917705E0));
#1004=CARTESIAN_POINT('',(7.332781930338E0,-3.307921707772E0,
-1.197339628288E0));
#1005=CARTESIAN_POINT('',(7.317418054627E0,-3.465587963127E0,
-6.037711255318E-1));
#1006=CARTESIAN_POINT('',(7.301345217704E0,-3.517718454470E0,
5.904146036292E-3));
#1007=CARTESIAN_POINT('',(7.283716245833E0,-3.463508809452E0,
6.152999530060E-1));
#1008=CARTESIAN_POINT('',(7.266258200009E0,-3.304502243513E0,1.206101791382E0));
#1009=CARTESIAN_POINT('',(7.251035269840E0,-3.045755230667E0,1.759924776528E0));
#1010=CARTESIAN_POINT('',(7.234833180803E0,-2.695102331448E0,2.260965018475E0));
#1011=CARTESIAN_POINT('',(7.217004426636E0,-2.260339731981E0,2.695266219111E0));
#1012=CARTESIAN_POINT('',(7.199919705484E0,-1.763680858209E0,3.043558773362E0));
#1013=CARTESIAN_POINT('',(7.184570206327E0,-1.205965429496E0,3.304875081631E0));
#1014=CARTESIAN_POINT('',(7.168095738387E0,-6.121052876109E-1,
3.464208086350E0));
#1015=CARTESIAN_POINT('',(7.156207881061E0,-2.039854479458E-1,
3.500000111274E0));
#1016=CARTESIAN_POINT('',(7.150334071395E0,-6.325197413490E-9,
3.500000111274E0));
#1018=CARTESIAN_POINT('',(7.150334071395E0,-6.325197413490E-9,
3.500000111274E0));
#1019=CARTESIAN_POINT('',(7.144468656659E0,2.036938964878E-1,3.500000111274E0));
#1020=CARTESIAN_POINT('',(7.133243119491E0,6.109850587425E-1,3.464350122725E0));
#1021=CARTESIAN_POINT('',(7.117982283896E0,1.203129522175E0,3.305647928750E0));
#1022=CARTESIAN_POINT('',(7.101483846250E0,1.758340836440E0,3.046813937372E0));
#1023=CARTESIAN_POINT('',(7.083360788282E0,2.260621691088E0,2.695295406189E0));
#1024=CARTESIAN_POINT('',(7.067008820834E0,2.694860291361E0,2.261330350341E0));
#1025=CARTESIAN_POINT('',(7.055521375436E0,2.929092992942E0,1.926250670927E0));
#1026=CARTESIAN_POINT('',(7.050153508544E0,3.030912869514E0,1.749893471484E0));
#1028=CARTESIAN_POINT('',(7.049787875837E0,3.169607751885E0,-1.483688402326E0));
#1029=CARTESIAN_POINT('',(7.055460896526E0,3.259717935679E0,-1.291216550112E0));
#1030=CARTESIAN_POINT('',(7.065862987548E0,3.405512846568E0,
-8.895823984136E-1));
#1031=CARTESIAN_POINT('',(7.085483844621E0,3.510656870485E0,
-2.521599445612E-1));
#1032=CARTESIAN_POINT('',(7.101730116456E0,3.497739687081E0,3.915336313435E-1));
#1033=CARTESIAN_POINT('',(7.118350846176E0,3.368200944975E0,1.020710964184E0));
#1034=CARTESIAN_POINT('',(7.136686876867E0,3.127506555747E0,1.614003682972E0));
#1035=CARTESIAN_POINT('',(7.155086986288E0,2.782995147826E0,2.154410357415E0));
#1036=CARTESIAN_POINT('',(7.171021401700E0,2.346472525014E0,2.623007872566E0));
#1037=CARTESIAN_POINT('',(7.188030575737E0,1.832837875155E0,3.004492615982E0));
#1038=CARTESIAN_POINT('',(7.206718737065E0,1.257471405491E0,3.287192619685E0));
#1039=CARTESIAN_POINT('',(7.224504729312E0,6.394787314495E-1,3.460939966367E0));
#1040=CARTESIAN_POINT('',(7.235074376006E0,2.131948506434E-1,3.499999932690E0));
#1041=CARTESIAN_POINT('',(7.240685261222E0,6.110222600915E-8,3.499999932693E0));
#1043=CARTESIAN_POINT('',(7.240685261222E0,6.110222600915E-8,3.499999932693E0));
#1044=CARTESIAN_POINT('',(7.246015243664E0,-2.025213666922E-1,
3.499999932696E0));
#1045=CARTESIAN_POINT('',(7.257154391852E0,-6.083154879643E-1,
3.464738475439E0));
#1046=CARTESIAN_POINT('',(7.275078958626E0,-1.201069226917E0,3.306605895218E0));
#1047=CARTESIAN_POINT('',(7.291751247967E0,-1.758828069529E0,3.046384106063E0));
#1048=CARTESIAN_POINT('',(7.306860316691E0,-2.256901276645E0,2.698267694156E0));
#1049=CARTESIAN_POINT('',(7.323947495992E0,-2.693943444418E0,2.262701686194E0));
#1050=CARTESIAN_POINT('',(7.341985417139E0,-3.047588901920E0,1.757409600142E0));
#1051=CARTESIAN_POINT('',(7.358358247154E0,-3.307463051427E0,1.198598458895E0));
#1052=CARTESIAN_POINT('',(7.373786817383E0,-3.465364982177E0,
6.051238169728E-1));
#1053=CARTESIAN_POINT('',(7.390919604737E0,-3.517746222520E0,
-4.993935693889E-3));
#1054=CARTESIAN_POINT('',(7.408821137348E0,-3.463629358865E0,
-6.146826716694E-1));
#1055=CARTESIAN_POINT('',(7.424770463296E0,-3.304667651401E0,
-1.205677457956E0));
#1056=CARTESIAN_POINT('',(7.440315623364E0,-3.045916402083E0,
-1.759654043145E0));
#1057=CARTESIAN_POINT('',(7.457521143615E0,-2.695279015438E0,
-2.260764419101E0));
#1058=CARTESIAN_POINT('',(7.475511412679E0,-2.260426359880E0,
-2.695201770887E0));
#1059=CARTESIAN_POINT('',(7.491034080849E0,-1.763787077360E0,
-3.043488896122E0));
#1060=CARTESIAN_POINT('',(7.506865297452E0,-1.206176601168E0,
-3.304800667082E0));
#1061=CARTESIAN_POINT('',(7.524277189411E0,-6.121682701398E-1,
-3.464205564364E0));
#1062=CARTESIAN_POINT('',(7.536239673039E0,-2.040123565185E-1,-3.5E0));
#1063=CARTESIAN_POINT('',(7.541812909018E0,0.E0,-3.5E0));
#1065=CARTESIAN_POINT('',(8.050000000001E0,0.E0,-3.5E0));
#1066=CARTESIAN_POINT('',(8.055427449320E0,1.986757298017E-1,-3.5E0));
#1067=CARTESIAN_POINT('',(8.067135880634E0,5.986464238211E-1,
-3.466121156916E0));
#1068=CARTESIAN_POINT('',(8.084479470293E0,1.190029529783E0,-3.310601490132E0));
#1069=CARTESIAN_POINT('',(8.100387767964E0,1.749618702300E0,-3.051809105367E0));
#1070=CARTESIAN_POINT('',(8.115890779669E0,2.250192035753E0,-2.703951736950E0));
#1071=CARTESIAN_POINT('',(8.133969642010E0,2.687741929142E0,-2.269815435182E0));
#1072=CARTESIAN_POINT('',(8.151182766417E0,3.040353822408E0,-1.769271247705E0));
#1073=CARTESIAN_POINT('',(8.166804933873E0,3.300777751838E0,-1.216236445332E0));
#1074=CARTESIAN_POINT('',(8.182596347002E0,3.461644543128E0,
-6.258562903314E-1));
#1075=CARTESIAN_POINT('',(8.200630584948E0,3.517772023022E0,
-1.564118143640E-2));
#1076=CARTESIAN_POINT('',(8.217733218072E0,3.467062606553E0,5.956858891149E-1));
#1077=CARTESIAN_POINT('',(8.233309511251E0,3.310433622089E0,1.190524093245E0));
#1078=CARTESIAN_POINT('',(8.249507315767E0,3.051546923243E0,1.750579313134E0));
#1079=CARTESIAN_POINT('',(8.267705233681E0,2.698853625384E0,2.256870262390E0));
#1080=CARTESIAN_POINT('',(8.284682407363E0,2.262949536786E0,2.693048307731E0));
#1081=CARTESIAN_POINT('',(8.299904140167E0,1.768285610249E0,3.040732150705E0));
#1082=CARTESIAN_POINT('',(8.316204839223E0,1.211681483373E0,3.302890758226E0));
#1083=CARTESIAN_POINT('',(8.334942547135E0,6.143701861087E-1,3.464094947552E0));
#1084=CARTESIAN_POINT('',(8.344892149787E0,2.047690122839E-1,3.499837600877E0));
#1085=CARTESIAN_POINT('',(8.350281125811E0,7.398751280049E-6,3.499837600877E0));
#1087=CARTESIAN_POINT('',(8.350281125811E0,7.398751280049E-6,3.499837600877E0));
#1088=CARTESIAN_POINT('',(8.355654179043E0,-2.041492062382E-1,
3.499837600877E0));
#1089=CARTESIAN_POINT('',(8.367094620257E0,-6.120802836193E-1,
3.464219321512E0));
#1090=CARTESIAN_POINT('',(8.383289296703E0,-1.203940041364E0,3.305409403313E0));
#1091=CARTESIAN_POINT('',(8.401410003477E0,-1.759040816954E0,3.046064858818E0));
#1092=CARTESIAN_POINT('',(8.417735969794E0,-2.255147361011E0,2.699605841013E0));
#1093=CARTESIAN_POINT('',(8.433106270327E0,-2.692248473671E0,2.264778779647E0));
#1094=CARTESIAN_POINT('',(8.450184539393E0,-3.046801090388E0,1.758853235086E0));
#1095=CARTESIAN_POINT('',(8.468191969456E0,-3.306753564854E0,1.200374777769E0));
#1096=CARTESIAN_POINT('',(8.484561565209E0,-3.464651276866E0,
6.085342638983E-1));
#1097=CARTESIAN_POINT('',(8.499748902167E0,-3.517586414639E0,
8.399419021659E-4));
#1098=CARTESIAN_POINT('',(8.516868639370E0,-3.465002183419E0,
-6.058105571790E-1));
#1099=CARTESIAN_POINT('',(8.534563710378E0,-3.308557661486E0,
-1.194652029825E0));
#1100=CARTESIAN_POINT('',(8.550775834695E0,-3.052021353308E0,
-1.749160944686E0));
#1101=CARTESIAN_POINT('',(8.566044060466E0,-2.702124196487E0,
-2.252674658527E0));
#1102=CARTESIAN_POINT('',(8.583566263717E0,-2.268384627067E0,
-2.688504468718E0));
#1103=CARTESIAN_POINT('',(8.601089964813E0,-1.772613634657E0,
-3.038375501075E0));
#1104=CARTESIAN_POINT('',(8.617225956859E0,-1.215144484453E0,
-3.301611406733E0));
#1105=CARTESIAN_POINT('',(8.632966652507E0,-6.183718705196E-1,
-3.463421503751E0));
#1106=CARTESIAN_POINT('',(8.644194248126E0,-2.063565645134E-1,
-3.499907035414E0));
#1107=CARTESIAN_POINT('',(8.650160968986E0,-4.654461403329E-6,
-3.499907035414E0));
#1109=CARTESIAN_POINT('',(8.650160968986E0,-4.654461403329E-6,
-3.499907035414E0));
#1110=CARTESIAN_POINT('',(8.655970459637E0,2.009096366955E-1,
-3.499907035414E0));
#1111=CARTESIAN_POINT('',(8.668224334919E0,6.041245661784E-1,
-3.465414355197E0));
#1112=CARTESIAN_POINT('',(8.683902417265E0,1.196742463512E0,-3.308130345248E0));
#1113=CARTESIAN_POINT('',(8.699450411805E0,1.753289421996E0,-3.049412934328E0));
#1114=CARTESIAN_POINT('',(8.717078370680E0,2.250503611415E0,-2.703554893754E0));
#1115=CARTESIAN_POINT('',(8.734611989154E0,2.689016664100E0,-2.268640902653E0));
#1116=CARTESIAN_POINT('',(8.750515703813E0,3.044277277055E0,-1.763310264098E0));
#1117=CARTESIAN_POINT('',(8.766313196699E0,3.306173072642E0,-1.202734646295E0));
#1118=CARTESIAN_POINT('',(8.784459353908E0,3.465576371674E0,
-6.054236063298E-1));
#1119=CARTESIAN_POINT('',(8.801751676308E0,3.517973862611E0,9.088673481285E-3));
#1120=CARTESIAN_POINT('',(8.817415595102E0,3.462461221642E0,6.220986921961E-1));
#1121=CARTESIAN_POINT('',(8.833374612265E0,3.301524631987E0,1.214422293522E0));
#1122=CARTESIAN_POINT('',(8.851404936157E0,3.041062084490E0,1.768026090870E0));
#1123=CARTESIAN_POINT('',(8.868373603218E0,2.689201021146E0,2.267947246643E0));
#1124=CARTESIAN_POINT('',(8.883897393701E0,2.253412191919E0,2.701103022076E0));
#1125=CARTESIAN_POINT('',(8.899920469647E0,1.755056020208E0,3.048582673359E0));
#1126=CARTESIAN_POINT('',(8.918036049980E0,1.196836559862E0,3.308115352224E0));
#1127=CARTESIAN_POINT('',(8.934969687193E0,6.049656779084E-1,3.465224718838E0));
#1128=CARTESIAN_POINT('',(8.944886070354E0,2.012007293086E-1,3.499954801105E0));
#1129=CARTESIAN_POINT('',(8.950078274245E0,2.019972389928E-6,3.499954801105E0));
#1131=CARTESIAN_POINT('',(8.950078274245E0,2.019972389928E-6,3.499954801105E0));
#1132=CARTESIAN_POINT('',(8.955340952251E0,-2.039275723074E-1,
3.499954801105E0));
#1133=CARTESIAN_POINT('',(8.966723221964E0,-6.115887648796E-1,
3.464292466897E0));
#1134=CARTESIAN_POINT('',(8.984676632419E0,-1.204050639072E0,3.305320521703E0));
#1135=CARTESIAN_POINT('',(9.001456558805E0,-1.759280037179E0,3.046278002247E0));
#1136=CARTESIAN_POINT('',(9.016663277912E0,-2.261373618463E0,2.694631697810E0));
#1137=CARTESIAN_POINT('',(9.033551304920E0,-2.695263413495E0,2.260871320259E0));
#1138=CARTESIAN_POINT('',(9.044873112710E0,-2.929119629011E0,1.926013960434E0));
#1139=CARTESIAN_POINT('',(9.050605671462E0,-3.030820762298E0,1.749863268067E0));
#1141=DIRECTION('',(-5.006895468092E-1,7.496376925932E-1,-4.328432829091E-1));
#1142=VECTOR('',#1141,5.088705484654E-1);
#1143=CARTESIAN_POINT('',(9.050605671462E0,-3.030820762298E0,1.749863268067E0));
#1144=LINE('',#1143,#1142);
#1145=CARTESIAN_POINT('',(8.796344188615E0,-2.649205812816E0,1.529539363853E0));
#1146=CARTESIAN_POINT('',(8.793462146836E0,-2.603141280403E0,1.609617551386E0));
#1147=CARTESIAN_POINT('',(8.787565507675E0,-2.503972228006E0,1.765004206376E0));
#1148=CARTESIAN_POINT('',(8.778692356263E0,-2.335851108803E0,1.982463343199E0));
#1149=CARTESIAN_POINT('',(8.770100076620E0,-2.150663571815E0,2.182191711067E0));
#1150=CARTESIAN_POINT('',(8.761739115341E0,-1.948646683127E0,2.363847049851E0));
#1151=CARTESIAN_POINT('',(8.753230858701E0,-1.729845230512E0,2.527408147040E0));
#1152=CARTESIAN_POINT('',(8.744667975335E0,-1.496356977773E0,2.671557966854E0));
#1153=CARTESIAN_POINT('',(8.736037678933E0,-1.250502250519E0,2.794850775920E0));
#1154=CARTESIAN_POINT('',(8.727511516939E0,-9.954072661904E-1,
2.895995794409E0));
#1155=CARTESIAN_POINT('',(8.719095348587E0,-7.347703472741E-1,
2.973701760246E0));
#1156=CARTESIAN_POINT('',(8.710631065319E0,-4.700911980505E-1,
3.027556419861E0));
#1157=CARTESIAN_POINT('',(8.702196556979E0,-2.022084760735E-1,
3.057207942196E0));
#1158=CARTESIAN_POINT('',(8.693798524516E0,6.795740816011E-2,3.062526211271E0));
#1159=CARTESIAN_POINT('',(8.685241358255E0,3.399882482577E-1,3.043544575640E0));
#1160=CARTESIAN_POINT('',(8.676695675886E0,6.113603360365E-1,3.000411249407E0));
#1161=CARTESIAN_POINT('',(8.668142551456E0,8.782610375829E-1,2.933504454767E0));
#1162=CARTESIAN_POINT('',(8.659578986091E0,1.137736983490E0,2.843527606366E0));
#1163=CARTESIAN_POINT('',(8.651042782643E0,1.386968925541E0,2.731480820563E0));
#1164=CARTESIAN_POINT('',(8.642512086006E0,1.623888396547E0,2.598222773136E0));
#1165=CARTESIAN_POINT('',(8.634151283389E0,1.847029687686E0,2.444426802239E0));
#1166=CARTESIAN_POINT('',(8.625707848100E0,2.055337048616E0,2.271037027345E0));
#1167=CARTESIAN_POINT('',(8.617108590719E0,2.248596955157E0,2.078650851294E0));
#1168=CARTESIAN_POINT('',(8.608535790236E0,2.425514488778E0,1.868704202249E0));
#1169=CARTESIAN_POINT('',(8.600077487855E0,2.583293380761E0,1.644425281549E0));
#1170=CARTESIAN_POINT('',(8.591591087374E0,2.720047527214E0,1.408276653898E0));
#1171=CARTESIAN_POINT('',(8.583027645439E0,2.834946312737E0,1.161541601632E0));
#1172=CARTESIAN_POINT('',(8.574472556098E0,2.927011444381E0,9.056616796273E-1));
#1173=CARTESIAN_POINT('',(8.566087232545E0,2.995513277155E0,6.420079135307E-1));
#1174=CARTESIAN_POINT('',(8.557565121849E0,3.040049299151E0,3.722278378998E-1));
#1175=CARTESIAN_POINT('',(8.548969902727E0,3.060524062967E0,9.859923609421E-2));
#1176=CARTESIAN_POINT('',(8.540344732764E0,3.056847302789E0,
-1.764940650689E-1));
#1177=CARTESIAN_POINT('',(8.531867212528E0,3.029325200311E0,
-4.492371094877E-1));
#1178=CARTESIAN_POINT('',(8.523436241110E0,2.978369873166E0,
-7.161176940125E-1));
#1179=CARTESIAN_POINT('',(8.514944549136E0,2.904258032845E0,
-9.759989137586E-1));
#1180=CARTESIAN_POINT('',(8.506511443947E0,2.807138398194E0,-1.227600547192E0));
#1181=CARTESIAN_POINT('',(8.498098436336E0,2.687260093092E0,-1.470284896621E0));
#1182=CARTESIAN_POINT('',(8.489543568243E0,2.544880844155E0,-1.703505587278E0));
#1183=CARTESIAN_POINT('',(8.481008248564E0,2.381650782325E0,-1.924537078294E0));
#1184=CARTESIAN_POINT('',(8.472423335255E0,2.199375573451E0,-2.130585743734E0));
#1185=CARTESIAN_POINT('',(8.463875121154E0,2.000091667609E0,-2.319476194545E0));
#1186=CARTESIAN_POINT('',(8.455341966969E0,1.785989440845E0,-2.489022213271E0));
#1187=CARTESIAN_POINT('',(8.446842653613E0,1.558627241719E0,-2.637959696100E0));
#1188=CARTESIAN_POINT('',(8.438471541295E0,1.319520188232E0,-2.765018314587E0));
#1189=CARTESIAN_POINT('',(8.429989947184E0,1.069683203032E0,-2.870048914362E0));
#1190=CARTESIAN_POINT('',(8.421388980178E0,8.094933645635E-1,
-2.953194015632E0));
#1191=CARTESIAN_POINT('',(8.412868155083E0,5.416949001507E-1,
-3.013653692514E0));
#1192=CARTESIAN_POINT('',(8.404384654135E0,2.701825912525E-1,
-3.050386792205E0));
#1193=CARTESIAN_POINT('',(8.395864792892E0,-2.557986207787E-3,
-3.063018323205E0));
#1194=CARTESIAN_POINT('',(8.387308060155E0,-2.745029947974E-1,
-3.051379186064E0));
#1195=CARTESIAN_POINT('',(8.378811694705E0,-5.439381498276E-1,
-3.015297171325E0));
#1196=CARTESIAN_POINT('',(8.370395933970E0,-8.095699400017E-1,
-2.954583349426E0));
#1197=CARTESIAN_POINT('',(8.361852420410E0,-1.069636225035E0,
-2.869820838274E0));
#1198=CARTESIAN_POINT('',(8.353237567369E0,-1.322140090083E0,
-2.761897822990E0));
#1199=CARTESIAN_POINT('',(8.344656774804E0,-1.564612941973E0,
-2.632053981800E0));
#1200=CARTESIAN_POINT('',(8.336189926500E0,-1.793709921507E0,
-2.482279590777E0));
#1201=CARTESIAN_POINT('',(8.327725599963E0,-2.007120653790E0,
-2.314139588254E0));
#1202=CARTESIAN_POINT('',(8.319231905794E0,-2.203635255794E0,
-2.128684015829E0));
#1203=CARTESIAN_POINT('',(8.310828081894E0,-2.382117584536E0,
-1.926734723718E0));
#1204=CARTESIAN_POINT('',(8.302397364742E0,-2.542459706513E0,
-1.708380159052E0));
#1205=CARTESIAN_POINT('',(8.293861404964E0,-2.684021648133E0,
-1.474520763397E0));
#1206=CARTESIAN_POINT('',(8.285310514188E0,-2.805028399543E0,
-1.227929025916E0));
#1207=CARTESIAN_POINT('',(8.276713472227E0,-2.904045275929E0,
-9.712063957299E-1));
#1208=CARTESIAN_POINT('',(8.268183212835E0,-2.979983842185E0,
-7.074154172580E-1));
#1209=CARTESIAN_POINT('',(8.259661675375E0,-3.031896295617E0,
-4.394224025270E-1));
#1210=CARTESIAN_POINT('',(8.251173590564E0,-3.059366982572E0,
-1.691716519582E-1));
#1211=CARTESIAN_POINT('',(8.242774848912E0,-3.061965658262E0,
1.014110227828E-1));
#1212=CARTESIAN_POINT('',(8.234271052802E0,-3.040149876700E0,
3.718127933240E-1));
#1213=CARTESIAN_POINT('',(8.225706209310E0,-2.994195329560E0,
6.413537140089E-1));
#1214=CARTESIAN_POINT('',(8.217207338648E0,-2.924678853189E0,
9.066823998735E-1));
#1215=CARTESIAN_POINT('',(8.208678516340E0,-2.832288163208E0,1.164514900949E0));
#1216=CARTESIAN_POINT('',(8.200155515646E0,-2.717891798326E0,1.412581005099E0));
#1217=CARTESIAN_POINT('',(8.191625383881E0,-2.582408549273E0,1.648586517451E0));
#1218=CARTESIAN_POINT('',(8.183157923568E0,-2.426288331958E0,1.871163129168E0));
#1219=CARTESIAN_POINT('',(8.174695249626E0,-2.249892557035E0,2.079061554555E0));
#1220=CARTESIAN_POINT('',(8.166140046603E0,-2.054813769365E0,2.270956047559E0));
#1221=CARTESIAN_POINT('',(8.157524095364E0,-1.842632522940E0,2.445523037635E0));
#1222=CARTESIAN_POINT('',(8.148986266969E0,-1.615921433209E0,2.600937475392E0));
#1223=CARTESIAN_POINT('',(8.140500283693E0,-1.377737754175E0,2.735191458104E0));
#1224=CARTESIAN_POINT('',(8.132018787080E0,-1.130153002010E0,2.847241176575E0));
#1225=CARTESIAN_POINT('',(8.123531932121E0,-8.751299084292E-1,
2.936243019730E0));
#1226=CARTESIAN_POINT('',(8.115144181944E0,-6.135256431366E-1,
3.001705429787E0));
#1227=CARTESIAN_POINT('',(8.106687473796E0,-3.452977568739E-1,
3.043531395802E0));
#1228=CARTESIAN_POINT('',(8.098158663697E0,-7.236057902682E-2,
3.061496611111E0));
#1229=CARTESIAN_POINT('',(8.089579741188E0,2.022884488438E-1,3.055301054526E0));
#1230=CARTESIAN_POINT('',(8.081003388294E0,4.757346113686E-1,3.025004476895E0));
#1231=CARTESIAN_POINT('',(8.072476754092E0,7.446882672984E-1,2.970961272801E0));
#1232=CARTESIAN_POINT('',(8.063961377736E0,1.006505120788E0,2.893605428486E0));
#1233=CARTESIAN_POINT('',(8.055457933471E0,1.258913532295E0,2.793453664452E0));
#1234=CARTESIAN_POINT('',(8.047040200115E0,1.500332806905E0,2.671016474996E0));
#1235=CARTESIAN_POINT('',(8.038536125511E0,1.730693868852E0,2.526855523277E0));
#1236=CARTESIAN_POINT('',(8.030010900104E0,1.948844816369E0,2.361908884449E0));
#1237=CARTESIAN_POINT('',(8.021484260337E0,2.152186198655E0,2.178062537027E0));
#1238=CARTESIAN_POINT('',(8.012923616051E0,2.338565356117E0,1.977149876008E0));
#1239=CARTESIAN_POINT('',(8.004430145543E0,2.506051841563E0,1.761376415771E0));
#1240=CARTESIAN_POINT('',(7.995934887246E0,2.652985603777E0,1.532627527838E0));
#1241=CARTESIAN_POINT('',(7.987452366683E0,2.778511918136E0,1.291486333918E0));
#1242=CARTESIAN_POINT('',(7.978953713819E0,2.881750238902E0,1.038960102989E0));
#1243=CARTESIAN_POINT('',(7.970396863526E0,2.962250729930E0,7.772263058665E-1));
#1244=CARTESIAN_POINT('',(7.961804044879E0,3.019490656893E0,5.084386138987E-1));
#1245=CARTESIAN_POINT('',(7.953282128619E0,3.052992914643E0,2.358708671368E-1));
#1246=CARTESIAN_POINT('',(7.944762279518E0,3.062394260208E0,
-3.731186620290E-2));
#1247=CARTESIAN_POINT('',(7.936285701463E0,3.047790848469E0,
-3.087150015192E-1));
#1248=CARTESIAN_POINT('',(7.927814541903E0,3.009299792097E0,
-5.759137035772E-1));
#1249=CARTESIAN_POINT('',(7.919428545574E0,2.946756545351E0,
-8.385281572361E-1));
#1250=CARTESIAN_POINT('',(7.910950146776E0,2.860082657035E0,-1.096314317604E0));
#1251=CARTESIAN_POINT('',(7.902414762237E0,2.750167999067E0,-1.346969634407E0));
#1252=CARTESIAN_POINT('',(7.893806456800E0,2.617931497887E0,-1.588097646597E0));
#1253=CARTESIAN_POINT('',(7.885254741343E0,2.464981869991E0,-1.816924948290E0));
#1254=CARTESIAN_POINT('',(7.876727026645E0,2.293151451767E0,-2.030536934478E0));
#1255=CARTESIAN_POINT('',(7.868218407534E0,2.104005600736E0,-2.226997845275E0));
#1256=CARTESIAN_POINT('',(7.859712260023E0,1.899180001036E0,-2.404371376828E0));
#1257=CARTESIAN_POINT('',(7.851310990611E0,1.679490404280E0,-2.562051572977E0));
#1258=CARTESIAN_POINT('',(7.842823845048E0,1.445351328050E0,-2.700174111503E0));
#1259=CARTESIAN_POINT('',(7.834316540352E0,1.198626889653E0,-2.817780367253E0));
#1260=CARTESIAN_POINT('',(7.825745086426E0,9.417542824007E-1,
-2.913558368948E0));
#1261=CARTESIAN_POINT('',(7.817193285099E0,6.774281798820E-1,
-2.986526406706E0));
#1262=CARTESIAN_POINT('',(7.808734230867E0,4.089483429472E-1,
-3.035805451578E0));
#1263=CARTESIAN_POINT('',(7.800239894502E0,1.382690034217E-1,
-3.060833124057E0));
#1264=CARTESIAN_POINT('',(7.791715758566E0,-1.337964900280E-1,
-3.061008768601E0));
#1265=CARTESIAN_POINT('',(7.783217076728E0,-4.056087207719E-1,
-3.036257885818E0));
#1266=CARTESIAN_POINT('',(7.774663819061E0,-6.751159143029E-1,
-2.987109571476E0));
#1267=CARTESIAN_POINT('',(7.766101353788E0,-9.399579188069E-1,
-2.914171213421E0));
#1268=CARTESIAN_POINT('',(7.757559306710E0,-1.197130435954E0,
-2.818405825081E0));
#1269=CARTESIAN_POINT('',(7.749022387202E0,-1.443981945005E0,
-2.700879415278E0));
#1270=CARTESIAN_POINT('',(7.740576589463E0,-1.677925374147E0,
-2.563061581665E0));
#1271=CARTESIAN_POINT('',(7.732123214526E0,-1.897110307316E0,
-2.405987253658E0));
#1272=CARTESIAN_POINT('',(7.723727420182E0,-2.101468092376E0,
-2.229363661704E0));
#1273=CARTESIAN_POINT('',(7.715248073194E0,-2.290378335829E0,
-2.033662077048E0));
#1274=CARTESIAN_POINT('',(7.706693982846E0,-2.462227578207E0,
-1.820655307920E0));
#1275=CARTESIAN_POINT('',(7.698091054379E0,-2.615465352886E0,
-1.592144840643E0));
#1276=CARTESIAN_POINT('',(7.689558316182E0,-2.748148582727E0,
-1.351082146199E0));
#1277=CARTESIAN_POINT('',(7.681022808642E0,-2.858578727131E0,
-1.100264368355E0));
#1278=CARTESIAN_POINT('',(7.672506352869E0,-2.945776257722E0,
-8.420217413647E-1));
#1279=CARTESIAN_POINT('',(7.663992853502E0,-3.008781985063E0,
-5.786223307290E-1));
#1280=CARTESIAN_POINT('',(7.655607371669E0,-3.047607133176E0,
-3.107381699443E-1));
#1281=CARTESIAN_POINT('',(7.647135442971E0,-3.062396229238E0,
-3.917760302584E-2));
#1282=CARTESIAN_POINT('',(7.638606906445E0,-3.053142953310E0,
2.338657497961E-1));
#1283=CARTESIAN_POINT('',(7.630013576611E0,-3.019839985797E0,
5.062251149821E-1));
#1284=CARTESIAN_POINT('',(7.621485676091E0,-2.962857848899E0,
7.748153598540E-1));
#1285=CARTESIAN_POINT('',(7.612996560350E0,-2.882692441876E0,1.036407100446E0));
#1286=CARTESIAN_POINT('',(7.604453434744E0,-2.779627191376E0,1.289158190398E0));
#1287=CARTESIAN_POINT('',(7.595888351390E0,-2.653727368241E0,1.531333043069E0));
#1288=CARTESIAN_POINT('',(7.587394872099E0,-2.506096811943E0,1.761355423668E0));
#1289=CARTESIAN_POINT('',(7.578852563779E0,-2.338070690828E0,1.977806763071E0));
#1290=CARTESIAN_POINT('',(7.570306851999E0,-2.151363187515E0,2.178895592495E0));
#1291=CARTESIAN_POINT('',(7.561728768919E0,-1.947809006558E0,2.362745888327E0));
#1292=CARTESIAN_POINT('',(7.553209989928E0,-1.729639621492E0,2.527562052289E0));
#1293=CARTESIAN_POINT('',(7.544788761551E0,-1.499651769950E0,2.671394556797E0));
#1294=CARTESIAN_POINT('',(7.536325565679E0,-1.258904186943E0,2.793434282977E0));
#1295=CARTESIAN_POINT('',(7.527896378603E0,-1.007182943561E0,2.893350011534E0));
#1296=CARTESIAN_POINT('',(7.519400507349E0,-7.458879836721E-1,
2.970663108146E0));
#1297=CARTESIAN_POINT('',(7.510815777360E0,-4.770679406107E-1,
3.024790078912E0));
#1298=CARTESIAN_POINT('',(7.502237097559E0,-2.033935638552E-1,
3.055225032380E0));
#1299=CARTESIAN_POINT('',(7.493696755793E0,7.151308738966E-2,3.061529582650E0));
#1300=CARTESIAN_POINT('',(7.485162861034E0,3.446404281136E-1,3.043618875366E0));
#1301=CARTESIAN_POINT('',(7.476661635578E0,6.131344270055E-1,3.001787459129E0));
#1302=CARTESIAN_POINT('',(7.468200091251E0,8.750770336192E-1,2.936259862883E0));
#1303=CARTESIAN_POINT('',(7.459827342462E0,1.130334004401E0,2.847179019290E0));
#1304=CARTESIAN_POINT('',(7.451355410802E0,1.377970047025E0,2.735078926423E0));
#1305=CARTESIAN_POINT('',(7.442794614613E0,1.616115920125E0,2.600812065319E0));
#1306=CARTESIAN_POINT('',(7.434204340087E0,1.842755725125E0,2.445425245069E0));
#1307=CARTESIAN_POINT('',(7.425696346245E0,2.054861672706E0,2.270909694132E0));
#1308=CARTESIAN_POINT('',(7.417188792012E0,2.249883914337E0,2.079074968783E0));
#1309=CARTESIAN_POINT('',(7.408630626647E0,2.426274809888E0,1.871181788439E0));
#1310=CARTESIAN_POINT('',(7.400117725776E0,2.582461854774E0,1.648502903228E0));
#1311=CARTESIAN_POINT('',(7.391664291327E0,2.718015758560E0,1.412352684427E0));
#1312=CARTESIAN_POINT('',(7.383148928001E0,2.832437016756E0,1.164162904511E0));
#1313=CARTESIAN_POINT('',(7.374603812069E0,2.924816188294E0,9.062440831091E-1));
#1314=CARTESIAN_POINT('',(7.366005785137E0,2.994292351492E0,6.408892672984E-1));
#1315=CARTESIAN_POINT('',(7.357525136082E0,3.040198033169E0,3.713981934989E-1));
#1316=CARTESIAN_POINT('',(7.349111286166E0,3.061972970356E0,1.011547871569E-1));
#1317=CARTESIAN_POINT('',(7.340620495833E0,3.059357761664E0,
-1.692367737440E-1));
#1318=CARTESIAN_POINT('',(7.332154388559E0,3.031901827534E0,
-4.393643199062E-1));
#1319=CARTESIAN_POINT('',(7.323648162954E0,2.980010611024E0,
-7.073054479811E-1));
#1320=CARTESIAN_POINT('',(7.315061984919E0,2.904073968611E0,
-9.711202538609E-1));
#1321=CARTESIAN_POINT('',(7.306509494953E0,2.805040865755E0,-1.227904919044E0));
#1322=CARTESIAN_POINT('',(7.297938302030E0,2.684015186895E0,-1.474534610346E0));
#1323=CARTESIAN_POINT('',(7.289424799996E0,2.542439163839E0,-1.708409502825E0));
#1324=CARTESIAN_POINT('',(7.280951083269E0,2.382099193833E0,-1.926760180507E0));
#1325=CARTESIAN_POINT('',(7.272526818292E0,2.203613019970E0,-2.128711474755E0));
#1326=CARTESIAN_POINT('',(7.264149797225E0,2.007033752202E0,-2.314214596390E0));
#1327=CARTESIAN_POINT('',(7.255665916907E0,1.793521741007E0,-2.482416577476E0));
#1328=CARTESIAN_POINT('',(7.247070644451E0,1.564352462844E0,-2.632212215871E0));
#1329=CARTESIAN_POINT('',(7.238507612112E0,1.321846084162E0,-2.762039456782E0));
#1330=CARTESIAN_POINT('',(7.230004276693E0,1.069340937787E0,-2.869930812265E0));
#1331=CARTESIAN_POINT('',(7.221487305314E0,8.092990638056E-1,
-2.954657424628E0));
#1332=CARTESIAN_POINT('',(7.212895557237E0,5.436942357437E-1,
-3.015340680915E0));
#1333=CARTESIAN_POINT('',(7.204420292070E0,2.742633244534E-1,
-3.051401687379E0));
#1334=CARTESIAN_POINT('',(7.195990021305E0,2.295782882285E-3,
-3.063017675427E0));
#1335=CARTESIAN_POINT('',(7.187483229302E0,-2.704777221912E-1,
-3.050358476037E0));
#1336=CARTESIAN_POINT('',(7.178892423309E0,-5.419839734044E-1,
-3.013602196255E0));
#1337=CARTESIAN_POINT('',(7.170303676784E0,-8.097338335271E-1,
-2.953129409010E0));
#1338=CARTESIAN_POINT('',(7.161871540271E0,-1.069901064594E0,
-2.869967641275E0));
#1339=CARTESIAN_POINT('',(7.153443514103E0,-1.319760551214E0,
-2.764906417940E0));
#1340=CARTESIAN_POINT('',(7.144907837505E0,-1.558920352084E0,
-2.637789972924E0));
#1341=CARTESIAN_POINT('',(7.136434367470E0,-1.786361425174E0,
-2.488754800660E0));
#1342=CARTESIAN_POINT('',(7.127929391311E0,-2.000505969426E0,
-2.319119612610E0));
#1343=CARTESIAN_POINT('',(7.119360164421E0,-2.199760613722E0,
-2.130189171216E0));
#1344=CARTESIAN_POINT('',(7.110800164678E0,-2.381968515336E0,
-1.924140681750E0));
#1345=CARTESIAN_POINT('',(7.102210084700E0,-2.545113844351E0,
-1.703150426861E0));
#1346=CARTESIAN_POINT('',(7.093727790037E0,-2.687407090812E0,
-1.470009109446E0));
#1347=CARTESIAN_POINT('',(7.085255107008E0,-2.807205742062E0,
-1.227448309504E0));
#1348=CARTESIAN_POINT('',(7.076849408998E0,-2.904280172617E0,
-9.759303132671E-1));
#1349=CARTESIAN_POINT('',(7.068471014480E0,-2.978393449169E0,
-7.160092500361E-1));
#1350=CARTESIAN_POINT('',(7.059956669493E0,-3.029357355888E0,
-4.490362813604E-1));
#1351=CARTESIAN_POINT('',(7.051345089628E0,-3.056867304572E0,
-1.762131936733E-1));
#1352=CARTESIAN_POINT('',(7.042821241085E0,-3.060515609416E0,
9.894224061290E-2));
#1353=CARTESIAN_POINT('',(7.034307701905E0,-3.040002578829E0,
3.725957579449E-1));
#1354=CARTESIAN_POINT('',(7.025774731962E0,-2.995438438775E0,
6.423414147948E-1));
#1355=CARTESIAN_POINT('',(7.017163188867E0,-2.926948882016E0,
9.058656456187E-1));
#1356=CARTESIAN_POINT('',(7.008742361557E0,-2.834919592910E0,1.161602458216E0));
#1357=CARTESIAN_POINT('',(7.000321719500E0,-2.720045083008E0,1.408269796960E0));
#1358=CARTESIAN_POINT('',(6.991795688272E0,-2.583306201119E0,1.644401700276E0));
#1359=CARTESIAN_POINT('',(6.983166049866E0,-2.425553432368E0,1.868655306669E0));
#1360=CARTESIAN_POINT('',(6.974626048569E0,-2.248659912833E0,2.078582024685E0));
#1361=CARTESIAN_POINT('',(6.966221263815E0,-2.055399617995E0,2.270981218289E0));
#1362=CARTESIAN_POINT('',(6.957753501532E0,-1.847059246043E0,2.444409716221E0));
#1363=CARTESIAN_POINT('',(6.949188269466E0,-1.623821249902E0,2.598267062296E0));
#1364=CARTESIAN_POINT('',(6.940745819872E0,-1.386756416121E0,2.731589550280E0));
#1365=CARTESIAN_POINT('',(6.932236447122E0,-1.137437197172E0,2.843650136924E0));
#1366=CARTESIAN_POINT('',(6.923679169312E0,-8.779621768454E-1,
2.933593152493E0));
#1367=CARTESIAN_POINT('',(6.915085333362E0,-6.111262838841E-1,
3.000455599085E0));
#1368=CARTESIAN_POINT('',(6.906506469871E0,-3.398607511375E-1,
3.043555786771E0));
#1369=CARTESIAN_POINT('',(6.898059036889E0,-6.793642484500E-2,
3.062523838682E0));
#1370=CARTESIAN_POINT('',(6.889595429322E0,2.021428796676E-1,3.057211759858E0));
#1371=CARTESIAN_POINT('',(6.881201657580E0,4.700021708739E-1,3.027570081572E0));
#1372=CARTESIAN_POINT('',(6.872808230553E0,7.347253027843E-1,2.973712881117E0));
#1373=CARTESIAN_POINT('',(6.864263983357E0,9.953985537084E-1,2.896000359758E0));
#1374=CARTESIAN_POINT('',(6.855684173360E0,1.250495107225E0,2.794852075601E0));
#1375=CARTESIAN_POINT('',(6.847174327965E0,1.496347019676E0,2.671562447183E0));
#1376=CARTESIAN_POINT('',(6.838637461322E0,1.729832448900E0,2.527429853435E0));
#1377=CARTESIAN_POINT('',(6.830099062116E0,1.948596459652E0,2.363889738688E0));
#1378=CARTESIAN_POINT('',(6.821471130096E0,2.150525243664E0,2.182261741088E0));
#1379=CARTESIAN_POINT('',(6.813065871287E0,2.335730954871E0,1.982573598296E0));
#1380=CARTESIAN_POINT('',(6.804892932473E0,2.504073687036E0,1.765166005651E0));
#1381=CARTESIAN_POINT('',(6.799342978243E0,2.603362274643E0,1.609754861201E0));
#1382=CARTESIAN_POINT('',(6.796459814913E0,2.649448285954E0,1.529640251468E0));
#1384=CARTESIAN_POINT('',(7.450154972669E0,-3.975983675378E-6,
-3.499910498475E0));
#1385=CARTESIAN_POINT('',(7.455413720286E0,2.049672249071E-1,
-3.499910498475E0));
#1386=CARTESIAN_POINT('',(7.466608147805E0,6.146442101725E-1,
-3.463907368112E0));
#1387=CARTESIAN_POINT('',(7.484437495386E0,1.209420068358E0,-3.303616254061E0));
#1388=CARTESIAN_POINT('',(7.501765435E0,1.766735970859E0,-3.041799170548E0));
#1389=CARTESIAN_POINT('',(7.517233703519E0,2.263868735703E0,-2.692432778472E0));
#1390=CARTESIAN_POINT('',(7.533231240623E0,2.699977706923E0,-2.255529649141E0));
#1391=CARTESIAN_POINT('',(7.551414914896E0,3.052165923915E0,-1.749337403847E0));
#1392=CARTESIAN_POINT('',(7.568462060955E0,3.309848570702E0,-1.191574914281E0));
#1393=CARTESIAN_POINT('',(7.583911707847E0,3.466035579390E0,
-6.003596192213E-1));
#1394=CARTESIAN_POINT('',(7.599993374042E0,3.517577328505E0,7.067946669759E-3));
#1395=CARTESIAN_POINT('',(7.617956569124E0,3.463613441811E0,6.139198650269E-1));
#1396=CARTESIAN_POINT('',(7.634760462867E0,3.305479925215E0,1.203386521193E0));
#1397=CARTESIAN_POINT('',(7.650143533097E0,3.046648263173E0,1.758702498465E0));
#1398=CARTESIAN_POINT('',(7.666603441939E0,2.694340389373E0,2.262011522624E0));
#1399=CARTESIAN_POINT('',(7.684679317723E0,2.259566227690E0,2.695791227564E0));
#1400=CARTESIAN_POINT('',(7.701200441462E0,1.764703264703E0,3.042789924170E0));
#1401=CARTESIAN_POINT('',(7.716400237826E0,1.209453881793E0,3.303484645124E0));
#1402=CARTESIAN_POINT('',(7.733620487236E0,6.157241936747E-1,3.463742285901E0));
#1403=CARTESIAN_POINT('',(7.744489271646E0,2.055119754078E-1,3.499835394395E0));
#1404=CARTESIAN_POINT('',(7.750284945401E0,8.036101773858E-6,3.499835394395E0));
#1406=CARTESIAN_POINT('',(7.750284945401E0,8.036101773858E-6,3.499835394395E0));
#1407=CARTESIAN_POINT('',(7.756019251422E0,-2.033199161379E-1,
3.499835394395E0));
#1408=CARTESIAN_POINT('',(7.768338709452E0,-6.103717864423E-1,
3.464613118817E0));
#1409=CARTESIAN_POINT('',(7.783164631917E0,-1.205405651033E0,3.305050572891E0));
#1410=CARTESIAN_POINT('',(7.800293960933E0,-1.761144512764E0,3.044826064246E0));
#1411=CARTESIAN_POINT('',(7.817949819495E0,-2.257076751134E0,2.698100467261E0));
#1412=CARTESIAN_POINT('',(7.834540715512E0,-2.695803759754E0,2.260843072663E0));
#1413=CARTESIAN_POINT('',(7.849988249653E0,-3.051313034531E0,1.751497788498E0));
#1414=CARTESIAN_POINT('',(7.867504244204E0,-3.311701626007E0,1.187612835536E0));
#1415=CARTESIAN_POINT('',(7.885414995218E0,-3.468165161804E0,
5.898763849858E-1));
#1416=CARTESIAN_POINT('',(7.901617135719E0,-3.517743914265E0,
-2.251919231631E-2));
#1417=CARTESIAN_POINT('',(7.916910419817E0,-3.460443172936E0,
-6.319819568399E-1));
#1418=CARTESIAN_POINT('',(7.934382985094E0,-3.299258802967E0,
-1.219831299152E0));
#1419=CARTESIAN_POINT('',(7.951848020271E0,-3.040016324108E0,
-1.769400380332E0));
#1420=CARTESIAN_POINT('',(7.967782877657E0,-2.689859572330E0,
-2.266994852134E0));
#1421=CARTESIAN_POINT('',(7.983166551090E0,-2.254913944645E0,
-2.699874371467E0));
#1422=CARTESIAN_POINT('',(8.000790695523E0,-1.755863842313E0,
-3.048207882070E0));
#1423=CARTESIAN_POINT('',(8.018398569929E0,-1.196270630385E0,
-3.308445658264E0));
#1424=CARTESIAN_POINT('',(8.034331608390E0,-6.027889491404E-1,
-3.465592774428E0));
#1425=CARTESIAN_POINT('',(8.044530448216E0,-2.002169211882E-1,-3.5E0));
#1426=CARTESIAN_POINT('',(8.050000000001E0,0.E0,-3.5E0));
#1428=DIRECTION('',(9.999995223095E-1,4.337847801796E-5,9.764728005177E-4));
#1429=VECTOR('',#1428,9.165798013307E-2);
#1430=CARTESIAN_POINT('',(8.050000000001E0,0.E0,-3.5E0));
#1431=LINE('',#1430,#1429);
#1432=DIRECTION('',(9.999999844861E-1,-1.761472122898E-4,-4.039695810782E-13));
#1433=VECTOR('',#1432,9.124301963324E-2);
#1434=CARTESIAN_POINT('',(7.750284945401E0,8.036101773858E-6,3.499835394395E0));
#1435=LINE('',#1434,#1433);
#1436=DIRECTION('',(9.999995223095E-1,4.337847802854E-5,-9.764728005473E-4));
#1437=VECTOR('',#1436,9.165798013302E-2);
#1438=CARTESIAN_POINT('',(7.450154972669E0,-3.975983675378E-6,
-3.499910498475E0));
#1439=LINE('',#1438,#1437);
#1440=CARTESIAN_POINT('',(8.441729536823E0,-2.400716192310E-6,
3.499951857330E0));
#1441=CARTESIAN_POINT('',(8.435977491376E0,1.997549292918E-1,3.499951857330E0));
#1442=CARTESIAN_POINT('',(8.423901957803E0,6.015438827099E-1,3.465824199263E0));
#1443=CARTESIAN_POINT('',(8.407550631159E0,1.195482276210E0,3.308724909900E0));
#1444=CARTESIAN_POINT('',(8.392172558790E0,1.754077053524E0,3.049095892241E0));
#1445=CARTESIAN_POINT('',(8.375146232191E0,2.252092276722E0,2.702229531891E0));
#1446=CARTESIAN_POINT('',(8.357231129386E0,2.689313540653E0,2.268056826647E0));
#1447=CARTESIAN_POINT('',(8.340940407909E0,3.042776479072E0,1.765460067185E0));
#1448=CARTESIAN_POINT('',(8.325610034696E0,3.303829949645E0,1.208605810399E0));
#1449=CARTESIAN_POINT('',(8.308066501675E0,3.463984579833E0,6.139594016474E-1));
#1450=CARTESIAN_POINT('',(8.290308938705E0,3.517955887937E0,4.881909079612E-4));
#1451=CARTESIAN_POINT('',(8.274179597575E0,3.464191591087E0,
-6.124992625673E-1));
#1452=CARTESIAN_POINT('',(8.258765020066E0,3.304625989757E0,-1.206247735967E0));
#1453=CARTESIAN_POINT('',(8.241018308111E0,3.044499000318E0,-1.762356678694E0));
#1454=CARTESIAN_POINT('',(8.223512983385E0,2.692411275472E0,-2.264219358680E0));
#1455=CARTESIAN_POINT('',(8.207575040039E0,2.257322520211E0,-2.697716748541E0));
#1456=CARTESIAN_POINT('',(8.192274009659E0,1.761385959324E0,-3.044800492685E0));
#1457=CARTESIAN_POINT('',(8.174388822172E0,1.203949966595E0,-3.305677650093E0));
#1458=CARTESIAN_POINT('',(8.156674525358E0,6.083600929016E-1,
-3.464897017755E0));
#1459=CARTESIAN_POINT('',(8.146851171231E0,2.024216745829E-1,
-3.499910498475E0));
#1460=CARTESIAN_POINT('',(8.141657936350E0,3.975983674907E-6,
-3.499910498475E0));
#1462=CARTESIAN_POINT('',(8.141657936350E0,3.975983674907E-6,
-3.499910498475E0));
#1463=CARTESIAN_POINT('',(8.136399189031E0,-2.049672133186E-1,
-3.499910498475E0));
#1464=CARTESIAN_POINT('',(8.125204762206E0,-6.146441722130E-1,
-3.463907377222E0));
#1465=CARTESIAN_POINT('',(8.107375413880E0,-1.209420062855E0,
-3.303616249805E0));
#1466=CARTESIAN_POINT('',(8.090047478436E0,-1.766735828460E0,
-3.041799252543E0));
#1467=CARTESIAN_POINT('',(8.074579209100E0,-2.263868617327E0,
-2.692432857175E0));
#1468=CARTESIAN_POINT('',(8.058581685212E0,-2.699977308669E0,
-2.255530105857E0));
#1469=CARTESIAN_POINT('',(8.040398011410E0,-3.052165595032E0,
-1.749337940435E0));
#1470=CARTESIAN_POINT('',(8.023350874609E0,-3.309848288381E0,
-1.191575793065E0));
#1471=CARTESIAN_POINT('',(8.007901199243E0,-3.466035565362E0,
-6.003596550550E-1));
#1472=CARTESIAN_POINT('',(7.991819564002E0,-3.517577317849E0,
7.066954474594E-3));
#1473=CARTESIAN_POINT('',(7.973856348369E0,-3.463613506999E0,
6.139195853069E-1));
#1474=CARTESIAN_POINT('',(7.957052470203E0,-3.305480205146E0,1.203385642855E0));
#1475=CARTESIAN_POINT('',(7.941669401443E0,-3.046648783480E0,1.758701609248E0));
#1476=CARTESIAN_POINT('',(7.925209492876E0,-2.694340961662E0,2.262010877077E0));
#1477=CARTESIAN_POINT('',(7.907133600278E0,-2.259566494373E0,2.695791034810E0));
#1478=CARTESIAN_POINT('',(7.890612473079E0,-1.764703450497E0,3.042789809773E0));
#1479=CARTESIAN_POINT('',(7.875412679018E0,-1.209454172527E0,3.303484541912E0));
#1480=CARTESIAN_POINT('',(7.858192425501E0,-6.157243110902E-1,
3.463742276496E0));
#1481=CARTESIAN_POINT('',(7.847323638590E0,-2.055120185288E-1,
3.499835394395E0));
#1482=CARTESIAN_POINT('',(7.841527963619E0,-8.036101775438E-6,
3.499835394395E0));
#1484=CARTESIAN_POINT('',(7.841527963619E0,-8.036101775438E-6,
3.499835394395E0));
#1485=CARTESIAN_POINT('',(7.835793660166E0,2.033198250934E-1,3.499835394395E0));
#1486=CARTESIAN_POINT('',(7.823474200680E0,6.103717053319E-1,3.464613201132E0));
#1487=CARTESIAN_POINT('',(7.808648239346E0,1.205407102136E0,3.305050103055E0));
#1488=CARTESIAN_POINT('',(7.791518903013E0,1.761145802266E0,3.044825304509E0));
#1489=CARTESIAN_POINT('',(7.773863051861E0,2.257077805082E0,2.698099547805E0));
#1490=CARTESIAN_POINT('',(7.757272174853E0,2.695804222884E0,2.260842510506E0));
#1491=CARTESIAN_POINT('',(7.741824631667E0,3.051313549050E0,1.751496876737E0));
#1492=CARTESIAN_POINT('',(7.724308645960E0,3.311701870541E0,1.187612226521E0));
#1493=CARTESIAN_POINT('',(7.706397865073E0,3.468165486227E0,5.898746682603E-1));
#1494=CARTESIAN_POINT('',(7.690195742380E0,3.517743849903E0,
-2.252039680540E-2));
#1495=CARTESIAN_POINT('',(7.674902476057E0,3.460443061601E0,
-6.319824694489E-1));
#1496=CARTESIAN_POINT('',(7.657429911732E0,3.299258649287E0,-1.219831679149E0));
#1497=CARTESIAN_POINT('',(7.639964888779E0,3.040016306063E0,-1.769400360842E0));
#1498=CARTESIAN_POINT('',(7.624030038272E0,2.689859737887E0,-2.266994653692E0));
#1499=CARTESIAN_POINT('',(7.608646361467E0,2.254914048665E0,-2.699874297403E0));
#1500=CARTESIAN_POINT('',(7.591022215088E0,1.755863892391E0,-3.048207848906E0));
#1501=CARTESIAN_POINT('',(7.573414343767E0,1.196270784732E0,-3.308445601016E0));
#1502=CARTESIAN_POINT('',(7.557481302331E0,6.027890256170E-1,
-3.465592767462E0));
#1503=CARTESIAN_POINT('',(7.547282461645E0,2.002169520235E-1,-3.5E0));
#1504=CARTESIAN_POINT('',(7.541812909018E0,0.E0,-3.5E0));
#1506=DIRECTION('',(-5.004376515268E-1,-7.497957542462E-1,4.328608134825E-1));
#1507=VECTOR('',#1506,5.087849428967E-1);
#1508=CARTESIAN_POINT('',(8.795819507167E0,-2.649352218518E0,1.529602069294E0));
#1509=LINE('',#1508,#1507);
#1510=CARTESIAN_POINT('',(8.541204365211E0,-3.030837008526E0,1.749835133564E0));
#1511=CARTESIAN_POINT('',(8.535845534172E0,-2.929193019773E0,1.925888552416E0));
#1512=CARTESIAN_POINT('',(8.525016027529E0,-2.695470854385E0,2.260607538152E0));
#1513=CARTESIAN_POINT('',(8.508472494657E0,-2.261731486860E0,2.694319638224E0));
#1514=CARTESIAN_POINT('',(8.490370265587E0,-1.759795565126E0,3.045981642985E0));
#1515=CARTESIAN_POINT('',(8.473889532036E0,-1.204400802729E0,3.305217876848E0));
#1516=CARTESIAN_POINT('',(8.458479252333E0,-6.115475157964E-1,
3.464316384477E0));
#1517=CARTESIAN_POINT('',(8.447600184590E0,-2.038785581988E-1,
3.499951857330E0));
#1518=CARTESIAN_POINT('',(8.441729536823E0,-2.400716192310E-6,
3.499951857330E0));
#1520=CARTESIAN_POINT('',(6.541576525871E0,3.030686086537E0,1.749774342192E0));
#1521=CARTESIAN_POINT('',(6.547647862064E0,2.927951077796E0,1.926656166953E0));
#1522=CARTESIAN_POINT('',(6.559832257750E0,2.690540773833E0,2.263657795276E0));
#1523=CARTESIAN_POINT('',(6.576883867730E0,2.243315642843E0,2.708151659651E0));
#1524=CARTESIAN_POINT('',(6.590817508652E0,1.735572630019E0,3.060238673458E0));
#1525=CARTESIAN_POINT('',(6.608244096451E0,1.178448324831E0,3.314230870573E0));
#1526=CARTESIAN_POINT('',(6.628174496930E0,5.682391261748E-1,3.470174592743E0));
#1527=CARTESIAN_POINT('',(6.644512912937E0,-6.578222816711E-2,
3.515849126806E0));
#1528=CARTESIAN_POINT('',(6.658567738416E0,-6.788663381670E-1,
3.452452149341E0));
#1529=CARTESIAN_POINT('',(6.676628465376E0,-1.273683066025E0,3.278522975650E0));
#1530=CARTESIAN_POINT('',(6.695869520838E0,-1.825527247269E0,3.004272287683E0));
#1531=CARTESIAN_POINT('',(6.711433392976E0,-2.329784086662E0,2.634681024239E0));
#1532=CARTESIAN_POINT('',(6.726125408485E0,-2.763404156049E0,2.178951025553E0));
#1533=CARTESIAN_POINT('',(6.744792719087E0,-3.102204627909E0,1.657920840553E0));
#1534=CARTESIAN_POINT('',(6.764298808345E0,-3.349370260308E0,1.071444513939E0));
#1535=CARTESIAN_POINT('',(6.779455379039E0,-3.487917064247E0,
4.518505749062E-1));
#1536=CARTESIAN_POINT('',(6.794293624101E0,-3.514535496857E0,
-1.618467186780E-1));
#1537=CARTESIAN_POINT('',(6.813152999947E0,-3.431790767850E0,
-7.686416861884E-1));
#1538=CARTESIAN_POINT('',(6.831992659293E0,-3.238536274927E0,
-1.369622596152E0));
#1539=CARTESIAN_POINT('',(6.846697369108E0,-2.943682263515E0,
-1.924401982278E0));
#1540=CARTESIAN_POINT('',(6.861864037163E0,-2.567225871389E0,
-2.406104422253E0));
#1541=CARTESIAN_POINT('',(6.881291477177E0,-2.103136155800E0,
-2.818597539464E0));
#1542=CARTESIAN_POINT('',(6.899347704736E0,-1.571220482940E0,
-3.144852697007E0));
#1543=CARTESIAN_POINT('',(6.913694589286E0,-9.952043506002E-1,
-3.373792957613E0));
#1544=CARTESIAN_POINT('',(6.929689321235E0,-3.818960459942E-1,
-3.498173523434E0));
#1545=CARTESIAN_POINT('',(6.949541378414E0,2.409266832802E-1,
-3.508574729109E0));
#1546=CARTESIAN_POINT('',(6.967427520592E0,8.742745544057E-1,
-3.406227330776E0));
#1547=CARTESIAN_POINT('',(6.981893522791E0,1.468942133039E0,-3.196027682227E0));
#1548=CARTESIAN_POINT('',(6.997962016932E0,1.997142470449E0,-2.895802055715E0));
#1549=CARTESIAN_POINT('',(7.017476740981E0,2.466759007918E0,-2.505786413585E0));
#1550=CARTESIAN_POINT('',(7.033943632723E0,2.872040493947E0,-2.028272132320E0));
#1551=CARTESIAN_POINT('',(7.044584197068E0,3.081555263580E0,-1.670502491601E0));
#1552=CARTESIAN_POINT('',(7.049787875837E0,3.169607751885E0,-1.483688402326E0));
#1554=DIRECTION('',(-5.002666278959E-1,-7.498716544026E-1,-4.329270180264E-1));
#1555=VECTOR('',#1554,5.084721833822E-1);
#1556=CARTESIAN_POINT('',(7.050153508544E0,3.030912869514E0,1.749893471484E0));
#1557=LINE('',#1556,#1555);
#1558=DIRECTION('',(-5.002393920921E-1,7.498752263054E-1,4.329523017293E-1));
#1559=VECTOR('',#1558,5.081673337455E-1);
#1560=CARTESIAN_POINT('',(6.795781843985E0,2.649623992144E0,1.529762125383E0));
#1561=LINE('',#1560,#1559);
#1562=DIRECTION('',(9.999998731449E-1,4.459166576258E-4,2.342404025707E-4));
#1563=VECTOR('',#1562,5.085770471890E-1);
#1564=CARTESIAN_POINT('',(6.541576525871E0,3.030686086537E0,1.749774342192E0));
#1565=LINE('',#1564,#1563);
#1566=CARTESIAN_POINT('',(1.024165199230E1,-4.652897113068E-6,
3.499907065607E0));
#1567=CARTESIAN_POINT('',(1.023584240350E1,2.009153231748E-1,3.499907065607E0));
#1568=CARTESIAN_POINT('',(1.022358920627E1,6.041222745976E-1,3.465408764450E0));
#1569=CARTESIAN_POINT('',(1.020791428281E1,1.196607880948E0,3.308173280245E0));
#1570=CARTESIAN_POINT('',(1.019236752387E1,1.753125463168E0,3.049501680775E0));
#1571=CARTESIAN_POINT('',(1.017474986199E1,2.250070949106E0,2.703859520116E0));
#1572=CARTESIAN_POINT('',(1.015724218395E1,2.688008506459E0,2.269752316344E0));
#1573=CARTESIAN_POINT('',(1.014135142340E1,3.043113904150E0,1.765228908355E0));
#1574=CARTESIAN_POINT('',(1.012558474457E1,3.305079201066E0,1.205604433741E0));
#1575=CARTESIAN_POINT('',(1.010746327956E1,3.464903805390E0,6.090760352011E-1));
#1576=CARTESIAN_POINT('',(1.009017392560E1,3.517954433120E0,
-4.871826050419E-3));
#1577=CARTESIAN_POINT('',(1.007451236230E1,3.463259998892E0,
-6.174357361816E-1));
#1578=CARTESIAN_POINT('',(1.005859151689E1,3.303358659207E0,-1.209285933240E0));
#1579=CARTESIAN_POINT('',(1.004059701462E1,3.044200075884E0,-1.762505245188E0));
#1580=CARTESIAN_POINT('',(1.002363655773E1,2.693861586468E0,-2.262336354856E0));
#1581=CARTESIAN_POINT('',(1.000812002396E1,2.259549189156E0,-2.695905200300E0));
#1582=CARTESIAN_POINT('',(9.992136213647E0,1.762578914776E0,-3.044249967487E0));
#1583=CARTESIAN_POINT('',(9.973954342877E0,1.203116449871E0,-3.306127473458E0));
#1584=CARTESIAN_POINT('',(9.956834993170E0,6.059957276257E-1,
-3.465288333920E0));
#1585=CARTESIAN_POINT('',(9.946921469320E0,2.013450286501E-1,
-3.499952745719E0));
#1586=CARTESIAN_POINT('',(9.941731075888E0,2.109565754162E-6,
-3.499952745719E0));
#1588=CARTESIAN_POINT('',(9.941731075888E0,2.109565754162E-6,
-3.499952745719E0));
#1589=CARTESIAN_POINT('',(9.936442976274E0,-2.051309745636E-1,
-3.499952745719E0));
#1590=CARTESIAN_POINT('',(9.924990195538E0,-6.152216383343E-1,
-3.463847562884E0));
#1591=CARTESIAN_POINT('',(9.906970884007E0,-1.211186704549E0,
-3.303046295971E0));
#1592=CARTESIAN_POINT('',(9.890139966894E0,-1.769045353159E0,
-3.040492285280E0));
#1593=CARTESIAN_POINT('',(9.874968432975E0,-2.266170600718E0,
-2.690502196117E0));
#1594=CARTESIAN_POINT('',(9.858151796360E0,-2.701550965030E0,
-2.253532996708E0));
#1595=CARTESIAN_POINT('',(9.840101314479E0,-3.052378752019E0,
-1.748704949941E0));
#1596=CARTESIAN_POINT('',(9.823591705951E0,-3.309402410843E0,
-1.192649639577E0));
#1597=CARTESIAN_POINT('',(9.808360033659E0,-3.465866294785E0,
-6.015254786517E-1));
#1598=CARTESIAN_POINT('',(9.791426801226E0,-3.517615722010E0,
6.551627099907E-3));
#1599=CARTESIAN_POINT('',(9.773617023167E0,-3.463634993159E0,
6.141082398917E-1));
#1600=CARTESIAN_POINT('',(9.757264160133E0,-3.305065334360E0,1.204784560595E0));
#1601=CARTESIAN_POINT('',(9.741990805839E0,-3.045241779082E0,1.761272921350E0));
#1602=CARTESIAN_POINT('',(9.724651872046E0,-2.692058753475E0,2.264732647026E0));
#1603=CARTESIAN_POINT('',(9.706861617525E0,-2.257039877278E0,2.697876751846E0));
#1604=CARTESIAN_POINT('',(9.690826490674E0,-1.762187913789E0,3.044217596713E0));
#1605=CARTESIAN_POINT('',(9.675712188151E0,-1.207379691827E0,3.304175568913E0));
#1606=CARTESIAN_POINT('',(9.657640314475E0,-6.147899628859E-1,
3.463846441087E0));
#1607=CARTESIAN_POINT('',(9.647159911199E0,-2.052021955209E-1,
3.499819054657E0));
#1608=CARTESIAN_POINT('',(9.641499696534E0,-8.639890633570E-6,
3.499819054657E0));
#1610=CARTESIAN_POINT('',(9.641499696534E0,-8.639890633570E-6,
3.499819054657E0));
#1611=CARTESIAN_POINT('',(9.635877789106E0,2.037962054608E-1,3.499819054657E0));
#1612=CARTESIAN_POINT('',(9.623750798680E0,6.114461617152E-1,3.464414438689E0));
#1613=CARTESIAN_POINT('',(9.608914541E0,1.205465937351E0,3.304970284454E0));
#1614=CARTESIAN_POINT('',(9.591035564433E0,1.760979913881E0,3.044926250875E0));
#1615=CARTESIAN_POINT('',(9.573786379233E0,2.256652782901E0,2.698370596791E0));
#1616=CARTESIAN_POINT('',(9.557713193945E0,2.694338764474E0,2.262447506880E0));
#1617=CARTESIAN_POINT('',(9.542055999838E0,3.049622721014E0,1.754314258141E0));
#1618=CARTESIAN_POINT('',(9.523967029479E0,3.310099040104E0,1.191846785766E0));
#1619=CARTESIAN_POINT('',(9.506532210336E0,3.467140355052E0,5.955072443469E-1));
#1620=CARTESIAN_POINT('',(9.490793769332E0,3.517727625882E0,
-1.585381470473E-2));
#1621=CARTESIAN_POINT('',(9.475113877888E0,3.461746075932E0,
-6.244429969699E-1));
#1622=CARTESIAN_POINT('',(9.457254616825E0,3.302267767459E0,-1.211417848286E0));
#1623=CARTESIAN_POINT('',(9.440261878341E0,3.045172215673E0,-1.760360248488E0));
#1624=CARTESIAN_POINT('',(9.424779054363E0,2.697363021962E0,-2.257896475385E0));
#1625=CARTESIAN_POINT('',(9.408952585356E0,2.265745222215E0,-2.690564785803E0));
#1626=CARTESIAN_POINT('',(9.391108207716E0,1.770599798417E0,-3.039531873299E0));
#1627=CARTESIAN_POINT('',(9.373956051045E0,1.212919904581E0,-3.302448743510E0));
#1628=CARTESIAN_POINT('',(9.358234101565E0,6.162579216474E-1,
-3.463703797410E0));
#1629=CARTESIAN_POINT('',(9.347605412846E0,2.055058246965E-1,
-3.499984759034E0));
#1630=CARTESIAN_POINT('',(9.341786512191E0,7.474292031601E-7,
-3.499984759034E0));
#1632=CARTESIAN_POINT('',(9.341786512191E0,7.474292031601E-7,
-3.499984759034E0));
#1633=CARTESIAN_POINT('',(9.336153359188E0,-1.989443131214E-1,
-3.499984759034E0));
#1634=CARTESIAN_POINT('',(9.324266933198E0,-5.994035607907E-1,
-3.466019414645E0));
#1635=CARTESIAN_POINT('',(9.307396323224E0,-1.190997895168E0,
-3.310283679313E0));
#1636=CARTESIAN_POINT('',(9.291860619697E0,-1.751227195740E0,
-3.050936590613E0));
#1637=CARTESIAN_POINT('',(9.275602063042E0,-2.252079474599E0,
-2.702434635895E0));
#1638=CARTESIAN_POINT('',(9.257402726772E0,-2.689956565140E0,
-2.267279017437E0));
#1639=CARTESIAN_POINT('',(9.240655677253E0,-3.042614589904E0,
-1.765523466133E0));
#1640=CARTESIAN_POINT('',(9.225332315506E0,-3.302898530267E0,
-1.210743072547E0));
#1641=CARTESIAN_POINT('',(9.208676577962E0,-3.463030798892E0,
-6.185690773903E-1));
#1642=CARTESIAN_POINT('',(9.190642799452E0,-3.517836919542E0,
-7.258428178177E-3));
#1643=CARTESIAN_POINT('',(9.174037958761E0,-3.465577362241E0,
6.045360114174E-1));
#1644=CARTESIAN_POINT('',(9.158703954100E0,-3.307109417682E0,1.199855031855E0));
#1645=CARTESIAN_POINT('',(9.141607578277E0,-3.046486316557E0,1.759325683725E0));
#1646=CARTESIAN_POINT('',(9.123604229272E0,-2.692801213218E0,2.264015752853E0));
#1647=CARTESIAN_POINT('',(9.107154653440E0,-2.256272220092E0,2.698592988745E0));
#1648=CARTESIAN_POINT('',(9.092121776683E0,-1.761562909479E0,3.044542048525E0));
#1649=CARTESIAN_POINT('',(9.074960995636E0,-1.206114711237E0,3.304782080062E0));
#1650=CARTESIAN_POINT('',(9.056680553034E0,-6.112886379501E-1,
3.464449742271E0));
#1651=CARTESIAN_POINT('',(9.046855335880E0,-2.036891777155E-1,
3.499869576426E0));
#1652=CARTESIAN_POINT('',(9.041587111045E0,-5.840214991576E-6,
3.499869576426E0));
#1654=CARTESIAN_POINT('',(9.041587111045E0,-5.840214991576E-6,
3.499869576426E0));
#1655=CARTESIAN_POINT('',(9.036294973514E0,2.046020245417E-1,3.499869576426E0));
#1656=CARTESIAN_POINT('',(9.025098463603E0,6.134498621671E-1,3.464045080144E0));
#1657=CARTESIAN_POINT('',(9.007941136336E0,1.206580618328E0,3.304536684899E0));
#1658=CARTESIAN_POINT('',(8.990154288407E0,1.762725032462E0,3.044035180494E0));
#1659=CARTESIAN_POINT('',(8.974272198595E0,2.259458188307E0,2.696065849448E0));
#1660=CARTESIAN_POINT('',(8.958810414074E0,2.696002746172E0,2.260295325773E0));
#1661=CARTESIAN_POINT('',(8.940979154588E0,3.049521019164E0,1.754071043805E0));
#1662=CARTESIAN_POINT('',(8.923403111311E0,3.308375282704E0,1.195782854117E0));
#1663=CARTESIAN_POINT('',(8.907533138427E0,3.465350578491E0,6.043502124611E-1));
#1664=CARTESIAN_POINT('',(8.892105106385E0,3.517573616186E0,
-2.989831612038E-3));
#1665=CARTESIAN_POINT('',(8.874361794638E0,3.464347896461E0,
-6.096110097745E-1));
#1666=CARTESIAN_POINT('',(8.857084159714E0,3.307141165838E0,-1.198686482829E0));
#1667=CARTESIAN_POINT('',(8.841331612968E0,3.049482180134E0,-1.753704942701E0));
#1668=CARTESIAN_POINT('',(8.825652438146E0,2.698306006750E0,-2.257267647740E0));
#1669=CARTESIAN_POINT('',(8.807633465006E0,2.264071475056E0,-2.692079296596E0));
#1670=CARTESIAN_POINT('',(8.790589964925E0,1.768606310975E0,-3.040625358638E0));
#1671=CARTESIAN_POINT('',(8.774991064715E0,1.212247201179E0,-3.302561189642E0));
#1672=CARTESIAN_POINT('',(8.758657301225E0,6.170920753582E-1,
-3.463573857901E0));
#1673=CARTESIAN_POINT('',(8.747488065017E0,2.059571521006E-1,
-3.499866085850E0));
#1674=CARTESIAN_POINT('',(8.741581068172E0,6.649574169011E-6,
-3.499866085850E0));
#1676=CARTESIAN_POINT('',(8.741581068172E0,6.649574169011E-6,
-3.499866085850E0));
#1677=CARTESIAN_POINT('',(8.735763392810E0,-2.028296131865E-1,
-3.499866085850E0));
#1678=CARTESIAN_POINT('',(8.723381733400E0,-6.092147069325E-1,
-3.464821438923E0));
#1679=CARTESIAN_POINT('',(8.708198559492E0,-1.204638326388E0,
-3.305253733255E0));
#1680=CARTESIAN_POINT('',(8.691958078954E0,-1.760786357721E0,
-3.045475953056E0));
#1681=CARTESIAN_POINT('',(8.673889297053E0,-2.263179914733E0,
-2.693041647210E0));
#1682=CARTESIAN_POINT('',(8.657097317842E0,-2.694300084569E0,
-2.261510866536E0));
#1683=CARTESIAN_POINT('',(8.641742524830E0,-3.045050556825E0,
-1.761245092318E0));
#1684=CARTESIAN_POINT('',(8.625359664911E0,-3.304022646332E0,
-1.207367729584E0));
#1685=CARTESIAN_POINT('',(8.607309712237E0,-3.463176891353E0,
-6.170074935540E-1));
#1686=CARTESIAN_POINT('',(8.590572709693E0,-3.517777440620E0,
-7.635466341576E-3));
#1687=CARTESIAN_POINT('',(8.575336742051E0,-3.465667811045E0,
6.038175282921E-1));
#1688=CARTESIAN_POINT('',(8.558408437150E0,-3.307509782951E0,1.199077767068E0));
#1689=CARTESIAN_POINT('',(8.546990402794E0,-3.133486015964E0,1.572040962724E0));
#1690=CARTESIAN_POINT('',(8.541204365211E0,-3.030837008526E0,1.749835133564E0));
#1692=DIRECTION('',(-5.000856848472E-1,1.034644732320E-5,-8.659759279009E-1));
#1693=VECTOR('',#1692,5.084952875353E-1);
#1694=CARTESIAN_POINT('',(1.079581758784E1,1.824440744554E-6,
-3.059508047702E0));
#1695=LINE('',#1694,#1693);
#1696=CARTESIAN_POINT('',(1.054152637373E1,7.085560451135E-6,
-3.499852726159E0));
#1697=CARTESIAN_POINT('',(1.053614790968E1,-2.040368344805E-1,
-3.499852726159E0));
#1698=CARTESIAN_POINT('',(1.052481930055E1,-6.118042567493E-1,
-3.464252508776E0));
#1699=CARTESIAN_POINT('',(1.050847604107E1,-1.203624299222E0,
-3.305526672922E0));
#1700=CARTESIAN_POINT('',(1.049034068254E1,-1.758787546522E0,
-3.046215290967E0));
#1701=CARTESIAN_POINT('',(1.047402397665E1,-2.254994507896E0,
-2.699741693187E0));
#1702=CARTESIAN_POINT('',(1.045869733990E1,-2.692180295749E0,
-2.264865026957E0));
#1703=CARTESIAN_POINT('',(1.044164991324E1,-3.046753720997E0,
-1.758934641610E0));
#1704=CARTESIAN_POINT('',(1.042364671114E1,-3.306724101466E0,
-1.200460157359E0));
#1705=CARTESIAN_POINT('',(1.040726700663E1,-3.464641379423E0,
-6.085934886749E-1));
#1706=CARTESIAN_POINT('',(1.039206718456E1,-3.517587292849E0,
-9.055159493978E-4));
#1707=CARTESIAN_POINT('',(1.037494097792E1,-3.465008461097E0,
6.057735465692E-1));
#1708=CARTESIAN_POINT('',(1.035724684922E1,-3.308579661673E0,1.194591182967E0));
#1709=CARTESIAN_POINT('',(1.034103636234E1,-3.052044401180E0,1.749116484619E0));
#1710=CARTESIAN_POINT('',(1.032577194034E1,-2.702197932749E0,2.252585511834E0));
#1711=CARTESIAN_POINT('',(1.030824880876E1,-2.268430658391E0,2.688468921695E0));
#1712=CARTESIAN_POINT('',(1.029072475937E1,-1.772669712722E0,3.038341743485E0));
#1713=CARTESIAN_POINT('',(1.027458815062E1,-1.215197056794E0,3.301593786945E0));
#1714=CARTESIAN_POINT('',(1.025884692934E1,-6.183956426151E-1,
3.463418982476E0));
#1715=CARTESIAN_POINT('',(1.024761887968E1,-2.063646744423E-1,
3.499907065607E0));
#1716=CARTESIAN_POINT('',(1.024165199230E1,-4.652897113068E-6,
3.499907065607E0));
#1718=DIRECTION('',(9.999999318898E-1,2.971957384751E-5,3.678819073281E-4));
#1719=VECTOR('',#1718,9.170767170176E-2);
#1720=CARTESIAN_POINT('',(9.850023410432E0,-6.159471673620E-7,
-3.499986483313E0));
#1721=LINE('',#1720,#1719);
#1722=CARTESIAN_POINT('',(9.850023410432E0,-6.159471673620E-7,
-3.499986483313E0));
#1723=CARTESIAN_POINT('',(9.855390068755E0,2.039711000787E-1,
-3.499986483313E0));
#1724=CARTESIAN_POINT('',(9.867116154354E0,6.121144496328E-1,
-3.464246837165E0));
#1725=CARTESIAN_POINT('',(9.884907577047E0,1.206679971792E0,-3.304631751710E0));
#1726=CARTESIAN_POINT('',(9.901225460403E0,1.764169460097E0,-3.043268240047E0));
#1727=CARTESIAN_POINT('',(9.916341664213E0,2.260762102001E0,-2.694881786227E0));
#1728=CARTESIAN_POINT('',(9.933842115516E0,2.694873964370E0,-2.261156745894E0));
#1729=CARTESIAN_POINT('',(9.951444635140E0,3.045118052923E0,-1.760886725868E0));
#1730=CARTESIAN_POINT('',(9.967447481251E0,3.303454032854E0,-1.208679391513E0));
#1731=CARTESIAN_POINT('',(9.982744229441E0,3.462758640213E0,
-6.192991817230E-1));
#1732=CARTESIAN_POINT('',(1.000037370844E1,3.517749574838E0,
-9.874022365039E-3));
#1733=CARTESIAN_POINT('',(1.001791063749E1,3.466162414122E0,6.005961422729E-1));
#1734=CARTESIAN_POINT('',(1.003387948293E1,3.309036860394E0,1.194197200257E0));
#1735=CARTESIAN_POINT('',(1.004942494721E1,3.050089500557E0,1.753023156594E0));
#1736=CARTESIAN_POINT('',(1.006738526109E1,2.697459328983E0,2.258434749088E0));
#1737=CARTESIAN_POINT('',(1.008480328329E1,2.262285082513E0,2.693548376105E0));
#1738=CARTESIAN_POINT('',(1.010040694135E1,1.767715115659E0,3.041055088230E0));
#1739=CARTESIAN_POINT('',(1.011592683611E1,1.211639218474E0,3.302834627938E0));
#1740=CARTESIAN_POINT('',(1.013461816667E1,6.153250228417E-1,3.463917592490E0));
#1741=CARTESIAN_POINT('',(1.014478700353E1,2.052108007045E-1,3.499819842817E0));
#1742=CARTESIAN_POINT('',(1.015031184820E1,8.396163018587E-6,3.499819842817E0));
#1744=CARTESIAN_POINT('',(1.015031184820E1,8.396163018587E-6,3.499819842817E0));
#1745=CARTESIAN_POINT('',(1.015580141648E1,-2.038837817007E-1,
3.499819842817E0));
#1746=CARTESIAN_POINT('',(1.016759385353E1,-6.112357403738E-1,
3.464307595373E0));
#1747=CARTESIAN_POINT('',(1.018286220707E1,-1.201906665803E0,3.306077871573E0));
#1748=CARTESIAN_POINT('',(1.020104461360E1,-1.756502947045E0,3.047493303630E0));
#1749=CARTESIAN_POINT('',(1.021783545376E1,-2.252510251736E0,2.701767853119E0));
#1750=CARTESIAN_POINT('',(1.023345932451E1,-2.689832413189E0,2.267653960764E0));
#1751=CARTESIAN_POINT('',(1.024968522409E1,-3.045331248732E0,1.761546056711E0));
#1752=CARTESIAN_POINT('',(1.026791444161E1,-3.306338174233E0,1.201800373776E0));
#1753=CARTESIAN_POINT('',(1.028481041666E1,-3.464689044623E0,
6.086512063859E-1));
#1754=CARTESIAN_POINT('',(1.030015315562E1,-3.517623472198E0,
2.393220294911E-4));
#1755=CARTESIAN_POINT('',(1.031646085822E1,-3.464816905474E0,
-6.070072105207E-1));
#1756=CARTESIAN_POINT('',(1.033439741035E1,-3.308163207952E0,-1.195541616E0));
#1757=CARTESIAN_POINT('',(1.035103590267E1,-3.052419651702E0,
-1.748183618134E0));
#1758=CARTESIAN_POINT('',(1.036630895513E1,-2.704059369352E0,
-2.250225587304E0));
#1759=CARTESIAN_POINT('',(1.038299019291E1,-2.271189287717E0,
-2.686142264478E0));
#1760=CARTESIAN_POINT('',(1.040084482897E1,-1.775429710239E0,
-3.036774966006E0));
#1761=CARTESIAN_POINT('',(1.041752567237E1,-1.217314242022E0,
-3.300902189309E0));
#1762=CARTESIAN_POINT('',(1.043313062391E1,-6.191475933433E-1,
-3.463339571447E0));
#1763=CARTESIAN_POINT('',(1.044413291044E1,-2.065789999335E-1,
-3.499949781785E0));
#1764=CARTESIAN_POINT('',(1.045008696595E1,-2.506578069619E-6,
-3.499949781785E0));
#1766=CARTESIAN_POINT('',(1.045008696595E1,-2.506578069619E-6,
-3.499949781785E0));
#1767=CARTESIAN_POINT('',(1.045584486144E1,1.997681971739E-1,
-3.499949781785E0));
#1768=CARTESIAN_POINT('',(1.046794014321E1,6.015745444489E-1,
-3.465820274008E0));
#1769=CARTESIAN_POINT('',(1.048427590975E1,1.195500816358E0,-3.308716394771E0));
#1770=CARTESIAN_POINT('',(1.049964236257E1,1.754082678075E0,-3.049093962355E0));
#1771=CARTESIAN_POINT('',(1.051666341339E1,2.252126602495E0,-2.702202454073E0));
#1772=CARTESIAN_POINT('',(1.053457873760E1,2.689338032136E0,-2.268027411614E0));
#1773=CARTESIAN_POINT('',(1.055087191380E1,3.042805031054E0,-1.765414116100E0));
#1774=CARTESIAN_POINT('',(1.056620503027E1,3.303858714229E0,-1.208530382185E0));
#1775=CARTESIAN_POINT('',(1.058374955472E1,3.464001676072E0,
-6.138676912744E-1));
#1776=CARTESIAN_POINT('',(1.060150707237E1,3.517956403541E0,
-3.793863400371E-4));
#1777=CARTESIAN_POINT('',(1.061763598084E1,3.464172527245E0,6.126165079370E-1));
#1778=CARTESIAN_POINT('',(1.063305186893E1,3.304575140607E0,1.206385947236E0));
#1779=CARTESIAN_POINT('',(1.065079838489E1,3.044438318424E0,1.762462335714E0));
#1780=CARTESIAN_POINT('',(1.066830481512E1,2.692308203837E0,2.264343771850E0));
#1781=CARTESIAN_POINT('',(1.068424194975E1,2.257201443391E0,2.697819718883E0));
#1782=CARTESIAN_POINT('',(1.069954418805E1,1.761218702504E0,3.044896148867E0));
#1783=CARTESIAN_POINT('',(1.071742696348E1,1.203848671766E0,3.305707120896E0));
#1784=CARTESIAN_POINT('',(1.073513809E1,6.083520003318E-1,3.464894867906E0));
#1785=CARTESIAN_POINT('',(1.074496155210E1,2.024247328506E-1,3.499910524343E0));
#1786=CARTESIAN_POINT('',(1.075015492789E1,3.974882717497E-6,3.499910524343E0));
#1788=CARTESIAN_POINT('',(1.075015492789E1,3.974882717497E-6,3.499910524343E0));
#1789=CARTESIAN_POINT('',(1.075541402434E1,-2.049783586511E-1,
3.499910524343E0));
#1790=CARTESIAN_POINT('',(1.076660895680E1,-6.146737191830E-1,
3.463903647902E0));
#1791=CARTESIAN_POINT('',(1.078443905113E1,-1.209467019433E0,3.303599621365E0));
#1792=CARTESIAN_POINT('',(1.080176658008E1,-1.766779103709E0,3.041774076781E0));
#1793=CARTESIAN_POINT('',(1.081723468564E1,-2.263917696917E0,2.692394004213E0));
#1794=CARTESIAN_POINT('',(1.083323386143E1,-2.700038052662E0,2.255457921754E0));
#1795=CARTESIAN_POINT('',(1.085141937211E1,-3.052202436902E0,1.749271837978E0));
#1796=CARTESIAN_POINT('',(1.086846844080E1,-3.309872351403E0,1.191507389692E0));
#1797=CARTESIAN_POINT('',(1.088391750899E1,-3.466039266466E0,
6.003195477094E-1));
#1798=CARTESIAN_POINT('',(1.089999143281E1,-3.517578417580E0,
-7.068747192873E-3));
#1799=CARTESIAN_POINT('',(1.091794232105E1,-3.463605307579E0,
-6.139221776463E-1));
#1800=CARTESIAN_POINT('',(1.093473230539E1,-3.305540589996E0,
-1.203211678805E0));
#1801=CARTESIAN_POINT('',(1.095012485488E1,-3.046655236974E0,
-1.758736400191E0));
#1802=CARTESIAN_POINT('',(1.096662520541E1,-2.694131644761E0,
-2.262258915736E0));
#1803=CARTESIAN_POINT('',(1.098473786849E1,-2.259463443441E0,
-2.695876386761E0));
#1804=CARTESIAN_POINT('',(1.100127824314E1,-1.764387269603E0,
-3.042987019642E0));
#1805=CARTESIAN_POINT('',(1.101645579687E1,-1.209057179590E0,
-3.303632731065E0));
#1806=CARTESIAN_POINT('',(1.103357296118E1,-6.153642724468E-1,
-3.463780920052E0));
#1807=CARTESIAN_POINT('',(1.104445487785E1,-2.053664769158E-1,
-3.499868465711E0));
#1808=CARTESIAN_POINT('',(1.105024240458E1,-5.876286584982E-6,
-3.499868465711E0));
#1810=DIRECTION('',(-5.002692732179E-1,1.514175116127E-5,8.658698828605E-1));
#1811=VECTOR('',#1810,5.085757418359E-1);
#1812=CARTESIAN_POINT('',(1.105024240458E1,-5.876286584982E-6,
-3.499868465711E0));
#1813=LINE('',#1812,#1811);
#1814=CARTESIAN_POINT('',(1.079645218411E1,-1.891292549008E-5,
-3.059236277112E0));
#1815=CARTESIAN_POINT('',(1.079357033956E1,-9.240010907764E-2,
-3.059382251273E0));
#1816=CARTESIAN_POINT('',(1.078763654840E1,-2.765546637752E-1,
-3.051128433264E0));
#1817=CARTESIAN_POINT('',(1.077868348423E1,-5.489375135E-1,-3.014123019635E0));
#1818=CARTESIAN_POINT('',(1.077008076039E1,-8.145017630898E-1,
-2.953590848216E0));
#1819=CARTESIAN_POINT('',(1.076174043755E1,-1.072828255347E0,
-2.869503165180E0));
#1820=CARTESIAN_POINT('',(1.075323609418E1,-1.323876994764E0,
-2.761803881745E0));
#1821=CARTESIAN_POINT('',(1.074466787235E1,-1.565458582050E0,
-2.631662065637E0));
#1822=CARTESIAN_POINT('',(1.073603631712E1,-1.795160651520E0,
-2.480389281798E0));
#1823=CARTESIAN_POINT('',(1.072751147938E1,-2.010302287683E0,
-2.310045744051E0));
#1824=CARTESIAN_POINT('',(1.071909569005E1,-2.207916104231E0,
-2.123181468147E0));
#1825=CARTESIAN_POINT('',(1.071063108936E1,-2.386895176878E0,
-1.920889209521E0));
#1826=CARTESIAN_POINT('',(1.070219647553E1,-2.546515495968E0,
-1.703721423379E0));
#1827=CARTESIAN_POINT('',(1.069379851558E1,-2.686204199734E0,
-1.472410229716E0));
#1828=CARTESIAN_POINT('',(1.068524137664E1,-2.805781048693E0,
-1.227333889920E0));
#1829=CARTESIAN_POINT('',(1.067669567853E1,-2.904112533389E0,
-9.707520554336E-1));
#1830=CARTESIAN_POINT('',(1.066814254760E1,-2.979619896827E0,
-7.061558408967E-1));
#1831=CARTESIAN_POINT('',(1.065957898545E1,-3.031435634502E0,
-4.364546683882E-1));
#1832=CARTESIAN_POINT('',(1.065104278336E1,-3.059016244039E0,
-1.645900909573E-1));
#1833=CARTESIAN_POINT('',(1.064251208612E1,-3.062071124797E0,
1.072172163722E-1));
#1834=CARTESIAN_POINT('',(1.063415128329E1,-3.040450552036E0,
3.773612310852E-1));
#1835=CARTESIAN_POINT('',(1.062570784810E1,-2.994444282821E0,
6.444555841591E-1));
#1836=CARTESIAN_POINT('',(1.061710859072E1,-2.924462920483E0,
9.080166600755E-1));
#1837=CARTESIAN_POINT('',(1.060853579023E1,-2.831102555747E0,1.166205063249E0));
#1838=CARTESIAN_POINT('',(1.060007748786E1,-2.715760758822E0,1.414985052431E0));
#1839=CARTESIAN_POINT('',(1.059159108738E1,-2.579627121442E0,1.651491931127E0));
#1840=CARTESIAN_POINT('',(1.058302764543E1,-2.423397690955E0,1.874364724340E0));
#1841=CARTESIAN_POINT('',(1.057447255609E1,-2.247831744003E0,2.082035428157E0));
#1842=CARTESIAN_POINT('',(1.056608723254E1,-2.053751801145E0,2.273186638607E0));
#1843=CARTESIAN_POINT('',(1.055756512185E1,-1.842383413215E0,2.446646002853E0));
#1844=CARTESIAN_POINT('',(1.054896990272E1,-1.615651474760E0,2.601191969357E0));
#1845=CARTESIAN_POINT('',(1.054034473276E1,-1.375575307448E0,2.735554452224E0));
#1846=CARTESIAN_POINT('',(1.053186721252E1,-1.125611851032E0,2.848091134527E0));
#1847=CARTESIAN_POINT('',(1.052343624111E1,-8.690088214828E-1,
2.937402819026E0));
#1848=CARTESIAN_POINT('',(1.051494454913E1,-6.068891630534E-1,
3.003160692462E0));
#1849=CARTESIAN_POINT('',(1.050651144394E1,-3.404359395348E-1,
3.044853438367E0));
#1850=CARTESIAN_POINT('',(1.049809843633E1,-7.032597526836E-2,
3.062377955502E0));
#1851=CARTESIAN_POINT('',(1.048954356824E1,2.028386920057E-1,3.055684254278E0));
#1852=CARTESIAN_POINT('',(1.048100824856E1,4.758726091832E-1,3.024838619578E0));
#1853=CARTESIAN_POINT('',(1.047242333525E1,7.454535923074E-1,2.970007990930E0));
#1854=CARTESIAN_POINT('',(1.046387512115E1,1.008679474159E0,2.891868291310E0));
#1855=CARTESIAN_POINT('',(1.045534196696E1,1.262561746864E0,2.791223333288E0));
#1856=CARTESIAN_POINT('',(1.044684265361E1,1.505226490129E0,2.668790634399E0));
#1857=CARTESIAN_POINT('',(1.043847154129E1,1.734816008249E0,2.525247161101E0));
#1858=CARTESIAN_POINT('',(1.042998994718E1,1.950693668426E0,2.361397285003E0));
#1859=CARTESIAN_POINT('',(1.042138898017E1,2.152794357557E0,2.177638825720E0));
#1860=CARTESIAN_POINT('',(1.041286815508E1,2.339053205845E0,1.975948390888E0));
#1861=CARTESIAN_POINT('',(1.040438465413E1,2.506621157784E0,1.759178383789E0));
#1862=CARTESIAN_POINT('',(1.039586479289E1,2.653930673250E0,1.529293880566E0));
#1863=CARTESIAN_POINT('',(1.038730806015E1,2.779823389103E0,1.287963026126E0));
#1864=CARTESIAN_POINT('',(1.037881169470E1,2.883293025236E0,1.036584329829E0));
#1865=CARTESIAN_POINT('',(1.037039593397E1,2.963529208197E0,7.761835405384E-1));
#1866=CARTESIAN_POINT('',(1.036185242041E1,3.020155862767E0,5.085782754591E-1));
#1867=CARTESIAN_POINT('',(1.035323756737E1,3.052943722403E0,2.359420061325E-1));
#1868=CARTESIAN_POINT('',(1.034465677480E1,3.061732083353E0,
-3.896756393003E-2));
#1869=CARTESIAN_POINT('',(1.033618992650E1,3.046572145658E0,
-3.122585636525E-1));
#1870=CARTESIAN_POINT('',(1.032772559996E1,3.007663998222E0,
-5.811476805164E-1));
#1871=CARTESIAN_POINT('',(1.031923190579E1,2.945312062229E0,
-8.440621042827E-1));
#1872=CARTESIAN_POINT('',(1.031082808189E1,2.859660009353E0,-1.099606981157E0));
#1873=CARTESIAN_POINT('',(1.030239736474E1,2.750730470305E0,-1.347644614422E0));
#1874=CARTESIAN_POINT('',(1.029386140496E1,2.618983263561E0,-1.587170549907E0));
#1875=CARTESIAN_POINT('',(1.028531051418E1,2.465931930240E0,-1.815261339401E0));
#1876=CARTESIAN_POINT('',(1.027671347222E1,2.293112048962E0,-2.029373784848E0));
#1877=CARTESIAN_POINT('',(1.026818321283E1,2.102631643444E0,-2.227034001586E0));
#1878=CARTESIAN_POINT('',(1.025966167537E1,1.896499111368E0,-2.405988012392E0));
#1879=CARTESIAN_POINT('',(1.025117359056E1,1.676190439464E0,-2.564903700434E0));
#1880=CARTESIAN_POINT('',(1.024277484891E1,1.443158307161E0,-2.702445556967E0));
#1881=CARTESIAN_POINT('',(1.023427105280E1,1.198075613864E0,-2.818753421199E0));
#1882=CARTESIAN_POINT('',(1.022570620931E1,9.416690556238E-1,
-2.913726076296E0));
#1883=CARTESIAN_POINT('',(1.021720733864E1,6.771294351307E-1,
-2.986187384706E0));
#1884=CARTESIAN_POINT('',(1.020867851634E1,4.076445942942E-1,
-3.035090950646E0));
#1885=CARTESIAN_POINT('',(1.020015551564E1,1.356148638463E-1,
-3.060053844632E0));
#1886=CARTESIAN_POINT('',(1.019162538388E1,-1.365135298094E-1,
-3.060724665341E0));
#1887=CARTESIAN_POINT('',(1.018315792356E1,-4.073306385026E-1,
-3.036808896960E0));
#1888=CARTESIAN_POINT('',(1.017469524962E1,-6.755738437524E-1,
-2.987994887452E0));
#1889=CARTESIAN_POINT('',(1.016614004660E1,-9.392987433706E-1,
-2.914998948095E0));
#1890=CARTESIAN_POINT('',(1.015752409536E1,-1.196568814647E0,
-2.818528093525E0));
#1891=CARTESIAN_POINT('',(1.014898626697E1,-1.444517210723E0,
-2.699897749378E0));
#1892=CARTESIAN_POINT('',(1.014050028369E1,-1.679876409833E0,
-2.560751623924E0));
#1893=CARTESIAN_POINT('',(1.013201878708E1,-1.900706688605E0,
-2.402361798191E0));
#1894=CARTESIAN_POINT('',(1.012353193212E1,-2.105296092555E0,
-2.226006242172E0));
#1895=CARTESIAN_POINT('',(1.011514418194E1,-2.292790335305E0,
-2.032181507716E0));
#1896=CARTESIAN_POINT('',(1.010668747379E1,-2.463126627543E0,
-1.820802327214E0));
#1897=CARTESIAN_POINT('',(1.009815866369E1,-2.615153549309E0,
-1.593414405215E0));
#1898=CARTESIAN_POINT('',(1.008957974118E1,-2.747112553852E0,
-1.352463591659E0));
#1899=CARTESIAN_POINT('',(1.008100338829E1,-2.857598029240E0,
-1.100503979525E0));
#1900=CARTESIAN_POINT('',(1.007247675409E1,-2.945272069557E0,
-8.405616790011E-1));
#1901=CARTESIAN_POINT('',(1.006396137773E1,-3.009188369990E0,
-5.751437105859E-1));
#1902=CARTESIAN_POINT('',(1.005545793347E1,-3.048658603856E0,
-3.064757320781E-1));
#1903=CARTESIAN_POINT('',(1.004704020011E1,-3.063334524723E0,
-3.618191257764E-2));
#1904=CARTESIAN_POINT('',(1.003853612551E1,-3.053668009275E0,
2.353970949707E-1));
#1905=CARTESIAN_POINT('',(1.003001090010E1,-3.019895503538E0,
5.067946767957E-1));
#1906=CARTESIAN_POINT('',(1.002148426033E1,-2.962350587420E0,
7.748166532068E-1));
#1907=CARTESIAN_POINT('',(1.001292361605E1,-2.881544697767E0,1.036682068812E0));
#1908=CARTESIAN_POINT('',(1.000443014554E1,-2.778422642462E0,1.289616350115E0));
#1909=CARTESIAN_POINT('',(9.995934887244E0,-2.653787175531E0,1.531239164832E0));
#1910=CARTESIAN_POINT('',(9.987452366681E0,-2.507715932876E0,1.760518738871E0));
#1911=CARTESIAN_POINT('',(9.978953713817E0,-2.340640962152E0,1.976188862763E0));
#1912=CARTESIAN_POINT('',(9.970396863523E0,-2.154223090329E0,2.176771231571E0));
#1913=CARTESIAN_POINT('',(9.961804044876E0,-1.950066084341E0,2.360736308414E0));
#1914=CARTESIAN_POINT('',(9.953282128617E0,-1.730766620269E0,2.526033988090E0));
#1915=CARTESIAN_POINT('',(9.944762279516E0,-1.498884106105E0,2.670767158847E0));
#1916=CARTESIAN_POINT('',(9.936285701461E0,-1.256540390385E0,2.793821800957E0));
#1917=CARTESIAN_POINT('',(9.927814541901E0,-1.005893998357E0,2.894086919351E0));
#1918=CARTESIAN_POINT('',(9.919428545572E0,-7.471915867111E-1,
2.971230105663E0));
#1919=CARTESIAN_POINT('',(9.910950146774E0,-4.806052789278E-1,
3.025061396720E0));
#1920=CARTESIAN_POINT('',(9.902414762235E0,-2.085740779976E-1,
3.055200169072E0));
#1921=CARTESIAN_POINT('',(9.893806456798E0,6.636715671387E-2,3.061244005836E0));
#1922=CARTESIAN_POINT('',(9.885254741341E0,3.410122270069E-1,3.043199393424E0));
#1923=CARTESIAN_POINT('',(9.876727026643E0,6.119208427094E-1,3.001195879192E0));
#1924=CARTESIAN_POINT('',(9.868218407531E0,8.766339078245E-1,2.935621222576E0));
#1925=CARTESIAN_POINT('',(9.859712260021E0,1.132656691955E0,2.846923815667E0));
#1926=CARTESIAN_POINT('',(9.851310990609E0,1.379056545870E0,2.735507142005E0));
#1927=CARTESIAN_POINT('',(9.842823845046E0,1.615743711182E0,2.601798023234E0));
#1928=CARTESIAN_POINT('',(9.834316540350E0,1.840955935505E0,2.446931519722E0));
#1929=CARTESIAN_POINT('',(9.825745086424E0,2.052338421722E0,2.272362317152E0));
#1930=CARTESIAN_POINT('',(9.817193285097E0,2.247693647345E0,2.079933216365E0));
#1931=CARTESIAN_POINT('',(9.808734230865E0,2.424610470546E0,1.872062379610E0));
#1932=CARTESIAN_POINT('',(9.800239894500E0,2.581624740473E0,1.650161031539E0));
#1933=CARTESIAN_POINT('',(9.791715758564E0,2.717809599835E0,1.414633224989E0));
#1934=CARTESIAN_POINT('',(9.783217076726E0,2.832280821950E0,1.166861486713E0));
#1935=CARTESIAN_POINT('',(9.774663819060E0,2.924470729941E0,9.088872534416E-1));
#1936=CARTESIAN_POINT('',(9.766101353786E0,2.993725261206E0,6.430581705251E-1));
#1937=CARTESIAN_POINT('',(9.757559306709E0,3.039376260673E0,3.724575433504E-1));
#1938=CARTESIAN_POINT('',(9.749022387201E0,3.061021158692E0,9.991466064784E-2));
#1939=CARTESIAN_POINT('',(9.740576589461E0,3.058639128259E0,
-1.715952088445E-1));
#1940=CARTESIAN_POINT('',(9.732123214525E0,3.032201236506E0,
-4.399520931006E-1));
#1941=CARTESIAN_POINT('',(9.723727420181E0,2.981419611495E0,
-7.052429224022E-1));
#1942=CARTESIAN_POINT('',(9.715248073193E0,2.906392189347E0,
-9.666947845964E-1));
#1943=CARTESIAN_POINT('',(9.706693982845E0,2.807847537291E0,-1.222023978682E0));
#1944=CARTESIAN_POINT('',(9.698091054378E0,2.686570554935E0,-1.468987018013E0));
#1945=CARTESIAN_POINT('',(9.689558316180E0,2.544145752561E0,-1.704425412933E0));
#1946=CARTESIAN_POINT('',(9.681022808641E0,2.382146257427E0,-1.925469612251E0));
#1947=CARTESIAN_POINT('',(9.672506352868E0,2.202100347409E0,-2.130106202383E0));
#1948=CARTESIAN_POINT('',(9.663992853501E0,2.005492630128E0,-2.316370468159E0));
#1949=CARTESIAN_POINT('',(9.655607371668E0,1.792910715674E0,-2.483936113120E0));
#1950=CARTESIAN_POINT('',(9.647135442970E0,1.565126914087E0,-2.632524129467E0));
#1951=CARTESIAN_POINT('',(9.638606906444E0,1.324037796244E0,-2.761032233855E0));
#1952=CARTESIAN_POINT('',(9.630013576611E0,1.071516183278E0,-2.868370700559E0));
#1953=CARTESIAN_POINT('',(9.621485676090E0,8.104191395619E-1,
-2.953317844878E0));
#1954=CARTESIAN_POINT('',(9.612996560350E0,5.437913432779E-1,
-3.014688436187E0));
#1955=CARTESIAN_POINT('',(9.604453434744E0,2.733698532959E-1,
-3.051806855981E0));
#1956=CARTESIAN_POINT('',(9.595888351390E0,6.903671566706E-4,
-3.063861837149E0));
#1957=CARTESIAN_POINT('',(9.587394872098E0,-2.723301360303E-1,
-3.051021215318E0));
#1958=CARTESIAN_POINT('',(9.578852563778E0,-5.437955551935E-1,
-3.013731995634E0));
#1959=CARTESIAN_POINT('',(9.570306851999E0,-8.112973415466E-1,
-2.952582969399E0));
#1960=CARTESIAN_POINT('',(9.561728768919E0,-1.072293458707E0,
-2.868225025560E0));
#1961=CARTESIAN_POINT('',(9.553209989927E0,-1.324113136185E0,
-2.761692877745E0));
#1962=CARTESIAN_POINT('',(9.544788761550E0,-1.563669664749E0,
-2.634433808001E0));
#1963=CARTESIAN_POINT('',(9.536325565679E0,-1.789732959396E0,
-2.486960148307E0));
#1964=CARTESIAN_POINT('',(9.527896378602E0,-2.002123140256E0,
-2.318921021142E0));
#1965=CARTESIAN_POINT('',(9.519400507348E0,-2.199725725913E0,
-2.131289496302E0));
#1966=CARTESIAN_POINT('',(9.510815777359E0,-2.381011079157E0,
-1.925547995346E0));
#1967=CARTESIAN_POINT('',(9.502237097559E0,-2.544205710399E0,
-1.703756509444E0));
#1968=CARTESIAN_POINT('',(9.493696755793E0,-2.687118936714E0,
-1.468832640932E0));
#1969=CARTESIAN_POINT('',(9.485162861033E0,-2.808171479567E0,
-1.223342071756E0));
#1970=CARTESIAN_POINT('',(9.476661635578E0,-2.906191409873E0,
-9.699037398343E-1));
#1971=CARTESIAN_POINT('',(9.468200091250E0,-2.980414150181E0,
-7.102909900523E-1));
#1972=CARTESIAN_POINT('',(9.459827342462E0,-3.030896362029E0,
-4.446915470668E-1));
#1973=CARTESIAN_POINT('',(9.451355410802E0,-3.057632855151E0,
-1.741823968274E-1));
#1974=CARTESIAN_POINT('',(9.442794614613E0,-3.060427279098E0,
9.919140963589E-2));
#1975=CARTESIAN_POINT('',(9.434204340087E0,-3.039178247847E0,
3.731606484003E-1));
#1976=CARTESIAN_POINT('',(9.425696346245E0,-2.994096321170E0,
6.441075627687E-1));
#1977=CARTESIAN_POINT('',(9.417188792012E0,-2.925473696504E0,
9.089191409979E-1));
#1978=CARTESIAN_POINT('',(9.408630626647E0,-2.833628368827E0,1.165624727713E0));
#1979=CARTESIAN_POINT('',(9.400117725776E0,-2.718876319790E0,1.412226118931E0));
#1980=CARTESIAN_POINT('',(9.391664291327E0,-2.582141183093E0,1.647694352591E0));
#1981=CARTESIAN_POINT('',(9.383148928001E0,-2.424413157824E0,1.870880958879E0));
#1982=CARTESIAN_POINT('',(9.374603812069E0,-2.247238492145E0,2.079843078911E0));
#1983=CARTESIAN_POINT('',(9.366005785137E0,-2.052172562235E0,2.272688609103E0));
#1984=CARTESIAN_POINT('',(9.357525136082E0,-1.841739287069E0,2.447189632513E0));
#1985=CARTESIAN_POINT('',(9.349111286166E0,-1.618589100564E0,2.601168984454E0));
#1986=CARTESIAN_POINT('',(9.340620495834E0,-1.383115535508E0,2.734099927741E0));
#1987=CARTESIAN_POINT('',(9.332154388559E0,-1.135450251203E0,2.845386164381E0));
#1988=CARTESIAN_POINT('',(9.323648162954E0,-8.774608193162E-1,
2.934417616687E0));
#1989=CARTESIAN_POINT('',(9.315061984919E0,-6.110221743233E-1,
3.000561958218E0));
#1990=CARTESIAN_POINT('',(9.306509494953E0,-3.391235795447E-1,
3.043189107920E0));
#1991=CARTESIAN_POINT('',(9.297938302030E0,-6.502316212090E-2,
3.061692641167E0));
#1992=CARTESIAN_POINT('',(9.289424799997E0,2.083064475995E-1,3.056021654873E0));
#1993=CARTESIAN_POINT('',(9.280951083270E0,4.775736664076E-1,3.026338506446E0));
#1994=CARTESIAN_POINT('',(9.272526818292E0,7.417117044833E-1,2.972740592781E0));
#1995=CARTESIAN_POINT('',(9.264149797225E0,1.000651754184E0,2.895249513853E0));
#1996=CARTESIAN_POINT('',(9.255665916908E0,1.253074948370E0,2.794443678688E0));
#1997=CARTESIAN_POINT('',(9.247070644452E0,1.497386415676E0,2.670875081229E0));
#1998=CARTESIAN_POINT('',(9.238507612112E0,1.731073293749E0,2.525772017166E0));
#1999=CARTESIAN_POINT('',(9.230004276694E0,1.950762521632E0,2.361041823560E0));
#2000=CARTESIAN_POINT('',(9.221487305315E0,2.154158857306E0,2.178202260827E0));
#2001=CARTESIAN_POINT('',(9.212895557238E0,2.339514512866E0,1.978523360502E0));
#2002=CARTESIAN_POINT('',(9.204420292071E0,2.505459716195E0,1.763219849992E0));
#2003=CARTESIAN_POINT('',(9.195990021306E0,2.651503227720E0,1.533497044011E0));
#2004=CARTESIAN_POINT('',(9.187483229303E0,2.776926791993E0,1.290938659443E0));
#2005=CARTESIAN_POINT('',(9.178892423310E0,2.880848045560E0,1.037429208716E0));
#2006=CARTESIAN_POINT('',(9.170303676785E0,2.962352005630E0,7.753146343667E-1));
#2007=CARTESIAN_POINT('',(9.161871540272E0,3.020415417681E0,5.084223191624E-1));
#2008=CARTESIAN_POINT('',(9.153443514104E0,3.054359472630E0,2.395070447050E-1));
#2009=CARTESIAN_POINT('',(9.144907837506E0,3.063853302442E0,
-3.116964092088E-2));
#2010=CARTESIAN_POINT('',(9.136434367471E0,3.048505593748E0,
-3.026569742133E-1));
#2011=CARTESIAN_POINT('',(9.127929391311E0,3.008669483647E0,
-5.729291836422E-1));
#2012=CARTESIAN_POINT('',(9.119360164422E0,2.944678243999E0,
-8.399539881214E-1));
#2013=CARTESIAN_POINT('',(9.110800164678E0,2.857338968517E0,-1.100774904422E0));
#2014=CARTESIAN_POINT('',(9.102210084700E0,2.747528458302E0,-1.352558031302E0));
#2015=CARTESIAN_POINT('',(9.093727790038E0,2.616768777980E0,-1.592358256230E0));
#2016=CARTESIAN_POINT('',(9.085255107009E0,2.466604288894E0,-1.817387331522E0));
#2017=CARTESIAN_POINT('',(9.076849408999E0,2.297320529922E0,-2.027215252559E0));
#2018=CARTESIAN_POINT('',(9.068471014481E0,2.109278924460E0,-2.221359764427E0));
#2019=CARTESIAN_POINT('',(9.059956669494E0,1.903555504822E0,-2.398982286661E0));
#2020=CARTESIAN_POINT('',(9.051345089629E0,1.681038754489E0,-2.559218144921E0));
#2021=CARTESIAN_POINT('',(9.042821241086E0,1.444571310830E0,-2.699955386740E0));
#2022=CARTESIAN_POINT('',(9.034307701904E0,1.197323897688E0,-2.819017339808E0));
#2023=CARTESIAN_POINT('',(9.025774731961E0,9.414352362675E-1,
-2.915296490848E0));
#2024=CARTESIAN_POINT('',(9.017163188871E0,6.789717794982E-1,
-2.987744910216E0));
#2025=CARTESIAN_POINT('',(9.008742361562E0,4.114825585625E-1,
-3.035913614259E0));
#2026=CARTESIAN_POINT('',(9.000321719491E0,1.404251219117E-1,
-3.059763039796E0));
#2027=CARTESIAN_POINT('',(8.991795688262E0,-1.324405459933E-1,
-3.059409646042E0));
#2028=CARTESIAN_POINT('',(8.983166049886E0,-4.055262501551E-1,
-3.034918544036E0));
#2029=CARTESIAN_POINT('',(8.974626048584E0,-6.757748804553E-1,
-2.986687621421E0));
#2030=CARTESIAN_POINT('',(8.966221263791E0,-9.390276180822E-1,
-2.915518893124E0));
#2031=CARTESIAN_POINT('',(8.957753501584E0,-1.193391289902E0,
-2.821805087045E0));
#2032=CARTESIAN_POINT('',(8.949188269419E0,-1.438254655125E0,
-2.705403985275E0));
#2033=CARTESIAN_POINT('',(8.940745819243E0,-1.672247729773E0,
-2.566761062315E0));
#2034=CARTESIAN_POINT('',(8.932236447657E0,-1.893954664713E0,
-2.406874574583E0));
#2035=CARTESIAN_POINT('',(8.923679173231E0,-2.101585126251E0,
-2.227134116549E0));
#2036=CARTESIAN_POINT('',(8.915085330761E0,-2.292907614547E0,
-2.029478692399E0));
#2037=CARTESIAN_POINT('',(8.906506449779E0,-2.465866179839E0,
-1.816105972218E0));
#2038=CARTESIAN_POINT('',(8.898059046321E0,-2.618255272372E0,
-1.590096570985E0));
#2039=CARTESIAN_POINT('',(8.889595522571E0,-2.748694752182E0,
-1.353544873995E0));
#2040=CARTESIAN_POINT('',(8.881201631395E0,-2.856953592955E0,
-1.106751266491E0));
#2041=CARTESIAN_POINT('',(8.872807826056E0,-2.942672622750E0,
-8.505661855179E-1));
#2042=CARTESIAN_POINT('',(8.864264022543E0,-3.005709315578E0,
-5.859596685795E-1));
#2043=CARTESIAN_POINT('',(8.855685830220E0,-3.045663682416E0,
-3.144635869304E-1));
#2044=CARTESIAN_POINT('',(8.847174474916E0,-3.061814528430E0,
-3.990662124925E-2));
#2045=CARTESIAN_POINT('',(8.838630945214E0,-3.053723445988E0,
2.343570403064E-1));
#2046=CARTESIAN_POINT('',(8.830097330020E0,-3.021484444943E0,
5.055876795035E-1));
#2047=CARTESIAN_POINT('',(8.821495660082E0,-2.965195430238E0,
7.713025721776E-1));
#2048=CARTESIAN_POINT('',(8.813077517867E0,-2.884841606572E0,1.031525603104E0));
#2049=CARTESIAN_POINT('',(8.804800927600E0,-2.780576770167E0,1.285924714699E0));
#2050=CARTESIAN_POINT('',(8.799201648692E0,-2.695560288637E0,1.449572169242E0));
#2051=CARTESIAN_POINT('',(8.796318199231E0,-2.649221078364E0,1.529543022427E0));
#2053=CARTESIAN_POINT('',(9.050605671462E0,-3.030820762298E0,1.749863268067E0));
#2054=CARTESIAN_POINT('',(9.056007887719E0,-3.133286521307E0,1.572388211402E0));
#2055=CARTESIAN_POINT('',(9.066907712271E0,-3.307112610941E0,1.200039600294E0));
#2056=CARTESIAN_POINT('',(9.083520496063E0,-3.465352210939E0,
6.054570744584E-1));
#2057=CARTESIAN_POINT('',(9.101621925854E0,-3.517766147332E0,
-5.584551089693E-3));
#2058=CARTESIAN_POINT('',(9.118096304170E0,-3.463559220220E0,
-6.148543219904E-1));
#2059=CARTESIAN_POINT('',(9.133288026569E0,-3.304751921607E0,
-1.205393881447E0));
#2060=CARTESIAN_POINT('',(9.150195118920E0,-3.046021790804E0,
-1.759596000336E0));
#2061=CARTESIAN_POINT('',(9.168052607949E0,-2.695339437796E0,
-2.260299966197E0));
#2062=CARTESIAN_POINT('',(9.184384580471E0,-2.264191055684E0,
-2.692215500032E0));
#2063=CARTESIAN_POINT('',(9.199694614285E0,-1.761601568783E0,
-3.045033844826E0));
#2064=CARTESIAN_POINT('',(9.216887414763E0,-1.205090736843E0,
-3.305116063661E0));
#2065=CARTESIAN_POINT('',(9.235191484154E0,-6.093277170268E-1,
-3.464816546195E0));
#2066=CARTESIAN_POINT('',(9.244980931686E0,-2.028321652906E-1,
-3.499869297801E0));
#2067=CARTESIAN_POINT('',(9.250226280114E0,-5.851893804188E-6,
-3.499869297801E0));
#2069=CARTESIAN_POINT('',(9.250226280114E0,-5.851893804188E-6,
-3.499869297801E0));
#2070=CARTESIAN_POINT('',(9.255517794889E0,2.046056145808E-1,
-3.499869297801E0));
#2071=CARTESIAN_POINT('',(9.266715271852E0,6.134589619440E-1,
-3.464043616397E0));
#2072=CARTESIAN_POINT('',(9.283871443368E0,1.206587695288E0,-3.304534381822E0));
#2073=CARTESIAN_POINT('',(9.301658964974E0,1.762735693620E0,-3.044028305474E0));
#2074=CARTESIAN_POINT('',(9.317540903343E0,2.259458877514E0,-2.696066485168E0));
#2075=CARTESIAN_POINT('',(9.333003454059E0,2.696027030815E0,-2.260268029479E0));
#2076=CARTESIAN_POINT('',(9.350834361048E0,3.049533800831E0,-1.754047652739E0));
#2077=CARTESIAN_POINT('',(9.368410234166E0,3.308385938100E0,-1.195754117015E0));
#2078=CARTESIAN_POINT('',(9.384280236832E0,3.465355334293E0,
-6.043221932840E-1));
#2079=CARTESIAN_POINT('',(9.399708580375E0,3.517573548183E0,3.018698343117E-3));
#2080=CARTESIAN_POINT('',(9.417452164346E0,3.464343273211E0,6.096367672403E-1));
#2081=CARTESIAN_POINT('',(9.434729838851E0,3.307131476862E0,1.198715090743E0));
#2082=CARTESIAN_POINT('',(9.450482306610E0,3.049465895669E0,1.753729307527E0));
#2083=CARTESIAN_POINT('',(9.466159950480E0,2.698315854401E0,2.257254545624E0));
#2084=CARTESIAN_POINT('',(9.484179462398E0,2.264069105760E0,2.692082553012E0));
#2085=CARTESIAN_POINT('',(9.501223017524E0,1.768608181931E0,3.040623548447E0));
#2086=CARTESIAN_POINT('',(9.516822502587E0,1.212249607511E0,3.302560803769E0));
#2087=CARTESIAN_POINT('',(9.533155034761E0,6.170874269421E-1,3.463574698592E0));
#2088=CARTESIAN_POINT('',(9.544325140257E0,2.059550391548E-1,3.499866403159E0));
#2089=CARTESIAN_POINT('',(9.550231291734E0,6.632942940937E-6,3.499866403159E0));
#2091=CARTESIAN_POINT('',(9.550231291734E0,6.632942940937E-6,3.499866403159E0));
#2092=CARTESIAN_POINT('',(9.556030325755E0,-2.022065711929E-1,
3.499866403159E0));
#2093=CARTESIAN_POINT('',(9.568369153353E0,-6.071717540810E-1,
3.464959737081E0));
#2094=CARTESIAN_POINT('',(9.583469327088E0,-1.199243475818E0,3.307137847693E0));
#2095=CARTESIAN_POINT('',(9.599642410629E0,-1.754036393317E0,3.048840042395E0));
#2096=CARTESIAN_POINT('',(9.617439228690E0,-2.249832220504E0,2.704070681372E0));
#2097=CARTESIAN_POINT('',(9.634525374258E0,-2.689224642400E0,2.268592746644E0));
#2098=CARTESIAN_POINT('',(9.650106812120E0,-3.045869001349E0,1.760909865103E0));
#2099=CARTESIAN_POINT('',(9.666730838940E0,-3.308143211294E0,1.197616344250E0));
#2100=CARTESIAN_POINT('',(9.684966552818E0,-3.466556360104E0,
5.995020341568E-1));
#2101=CARTESIAN_POINT('',(9.701695578159E0,-3.517825078377E0,
-1.329023676433E-2));
#2102=CARTESIAN_POINT('',(9.717000191959E0,-3.462000535719E0,
-6.237825991713E-1));
#2103=CARTESIAN_POINT('',(9.733700623140E0,-3.301743101712E0,
-1.213344666163E0));
#2104=CARTESIAN_POINT('',(9.751568175419E0,-3.042858782385E0,
-1.764640310872E0));
#2105=CARTESIAN_POINT('',(9.768014444666E0,-2.692833203630E0,
-2.263559364736E0));
#2106=CARTESIAN_POINT('',(9.783321170163E0,-2.257525216443E0,
-2.697775613017E0));
#2107=CARTESIAN_POINT('',(9.800234772119E0,-1.757992191814E0,
-3.047034588845E0));
#2108=CARTESIAN_POINT('',(9.818272506854E0,-1.197854484436E0,
-3.307918011368E0));
#2109=CARTESIAN_POINT('',(9.834698892418E0,-6.036673832754E-1,
-3.465494592761E0));
#2110=CARTESIAN_POINT('',(9.844747625437E0,-2.005184901979E-1,
-3.499986483313E0));
#2111=CARTESIAN_POINT('',(9.850023410432E0,-6.159471673620E-7,
-3.499986483313E0));
#2113=DIRECTION('',(9.999995338567E-1,-1.428622012471E-4,9.549223926581E-4));
#2114=VECTOR('',#2113,9.134018668159E-2);
#2115=CARTESIAN_POINT('',(1.015031184820E1,8.396163018587E-6,3.499819842817E0));
#2116=LINE('',#2115,#2114);
#2117=CARTESIAN_POINT('',(1.054152637373E1,7.085560451135E-6,
-3.499852726159E0));
#2118=CARTESIAN_POINT('',(1.054713079556E1,2.026598138489E-1,
-3.499852726159E0));
#2119=CARTESIAN_POINT('',(1.055858905989E1,6.086277161166E-1,
-3.464793601179E0));
#2120=CARTESIAN_POINT('',(1.057477471945E1,1.201976808424E0,-3.306245697565E0));
#2121=CARTESIAN_POINT('',(1.059132915835E1,1.758788323965E0,-3.046351291485E0));
#2122=CARTESIAN_POINT('',(1.060851957688E1,2.256772965194E0,-2.698401318068E0));
#2123=CARTESIAN_POINT('',(1.062474464462E1,2.693993182883E0,-2.262621304174E0));
#2124=CARTESIAN_POINT('',(1.064141193238E1,3.047106236505E0,-1.758088026749E0));
#2125=CARTESIAN_POINT('',(1.065875139975E1,3.306718972654E0,-1.200515691332E0));
#2126=CARTESIAN_POINT('',(1.067483656776E1,3.465012431165E0,
-6.072820696883E-1));
#2127=CARTESIAN_POINT('',(1.069151999188E1,3.517797685665E0,3.528479904609E-3));
#2128=CARTESIAN_POINT('',(1.070875056764E1,3.463786703184E0,6.137876922935E-1));
#2129=CARTESIAN_POINT('',(1.072474385225E1,3.305097400184E0,1.204459192244E0));
#2130=CARTESIAN_POINT('',(1.074147069985E1,3.046320052817E0,1.759169202625E0));
#2131=CARTESIAN_POINT('',(1.075868745957E1,2.694397361685E0,2.261909230727E0));
#2132=CARTESIAN_POINT('',(1.077472481944E1,2.259517467858E0,2.695911267044E0));
#2133=CARTESIAN_POINT('',(1.079136099398E1,1.763052279434E0,3.043912848468E0));
#2134=CARTESIAN_POINT('',(1.080861462671E1,1.205432677996E0,3.305053113873E0));
#2135=CARTESIAN_POINT('',(1.082453727129E1,6.117930068030E-1,3.464262716907E0));
#2136=CARTESIAN_POINT('',(1.083606119649E1,2.038705115099E-1,3.499965731952E0));
#2137=CARTESIAN_POINT('',(1.084175356192E1,-1.657045213088E-6,
3.499965731952E0));
#2139=DIRECTION('',(9.999994311920E-1,1.049015221980E-4,1.061419504167E-3));
#2140=VECTOR('',#2139,9.143945978828E-2);
#2141=CARTESIAN_POINT('',(1.045008696595E1,-2.506578069619E-6,
-3.499949781785E0));
#2142=LINE('',#2141,#2140);
#2143=CARTESIAN_POINT('',(1.205E1,0.E0,0.E0));
#2144=DIRECTION('',(-1.E0,0.E0,0.E0));
#2145=DIRECTION('',(0.E0,-8.660254038010E-1,4.999999999714E-1));
#2146=AXIS2_PLACEMENT_3D('',#2143,#2144,#2145);
#2148=CARTESIAN_POINT('',(1.204991798416E1,-2.997032216642E-1,
3.487097139960E0));
#2149=CARTESIAN_POINT('',(1.204991798416E1,-9.655214463545E-2,
3.495060133333E0));
#2150=CARTESIAN_POINT('',(1.205003806369E1,3.049147848347E-1,3.475593667111E0));
#2151=CARTESIAN_POINT('',(1.204998980087E1,9.007710508577E-1,3.340707352965E0));
#2152=CARTESIAN_POINT('',(1.205000273285E1,1.465712780118E0,3.100866721862E0));
#2153=CARTESIAN_POINT('',(1.204999926774E1,1.964781882515E0,2.776560730934E0));
#2154=CARTESIAN_POINT('',(1.205000019619E1,2.395548253201E0,2.372873848253E0));
#2155=CARTESIAN_POINT('',(1.204999994749E1,2.750401292566E0,1.899508121E0));
#2156=CARTESIAN_POINT('',(1.205000001386E1,3.014031858575E0,1.378608409993E0));
#2157=CARTESIAN_POINT('',(1.204999999706E1,3.180521322257E0,8.200901458027E-1));
#2158=CARTESIAN_POINT('',(1.204999999790E1,3.246563094564E0,2.341199135567E-1));
#2159=CARTESIAN_POINT('',(1.205000001132E1,3.207390307747E0,
-3.436614656612E-1));
#2160=CARTESIAN_POINT('',(1.204999995680E1,3.066431221497E0,
-8.970804430525E-1));
#2161=CARTESIAN_POINT('',(1.205000016149E1,2.833322379210E0,-1.412782221605E0));
#2162=CARTESIAN_POINT('',(1.204999939724E1,2.511926814313E0,-1.879335903859E0));
#2163=CARTESIAN_POINT('',(1.205000224956E1,2.110884213447E0,-2.278121282436E0));
#2164=CARTESIAN_POINT('',(1.204999515286E1,1.805716382660E0,-2.489588850765E0));
#2165=CARTESIAN_POINT('',(1.204999515286E1,1.642075085098E0,-2.581901399581E0));
#2167=CARTESIAN_POINT('',(1.204999515286E1,1.642075085098E0,-2.581901399581E0));
#2168=CARTESIAN_POINT('',(1.204999515286E1,1.490321220385E0,-2.690429389067E0));
#2169=CARTESIAN_POINT('',(1.205000224956E1,1.171813682283E0,-2.876768670977E0));
#2170=CARTESIAN_POINT('',(1.204999939723E1,6.451716829361E-1,
-3.068895453696E0));
#2171=CARTESIAN_POINT('',(1.205000016151E1,8.521529328343E-2,
-3.164784445367E0));
#2172=CARTESIAN_POINT('',(1.204999995671E1,-4.737489380981E-1,
-3.159275785874E0));
#2173=CARTESIAN_POINT('',(1.205000001164E1,-1.037251030484E0,
-3.053453776728E0));
#2174=CARTESIAN_POINT('',(1.204999999674E1,-1.578664433472E0,
-2.846309228300E0));
#2175=CARTESIAN_POINT('',(1.205000000139E1,-2.076348842530E0,
-2.543717252802E0));
#2176=CARTESIAN_POINT('',(1.204999999770E1,-2.513046730122E0,
-2.159294875224E0));
#2177=CARTESIAN_POINT('',(1.205000000781E1,-2.875683130130E0,
-1.702105907150E0));
#2178=CARTESIAN_POINT('',(1.204999997108E1,-3.155577136005E0,
-1.186159329209E0));
#2179=CARTESIAN_POINT('',(1.205000010789E1,-3.343398103655E0,
-6.208474974026E-1));
#2180=CARTESIAN_POINT('',(1.204999959737E1,-3.429032337832E0,
-2.806002150460E-2));
#2181=CARTESIAN_POINT('',(1.205000150261E1,-3.410963089713E0,
5.768438066731E-1));
#2182=CARTESIAN_POINT('',(1.204999439217E1,-3.282799957519E0,1.179034920080E0));
#2183=CARTESIAN_POINT('',(1.205001208319E1,-3.127789449221E0,1.562307049447E0));
#2184=CARTESIAN_POINT('',(1.205001208319E1,-3.031082704607E0,1.749996800883E0));
#2186=CARTESIAN_POINT('',(1.205E1,0.E0,0.E0));
#2187=DIRECTION('',(1.E0,0.E0,0.E0));
#2188=DIRECTION('',(0.E0,0.E0,-1.E0));
#2189=AXIS2_PLACEMENT_3D('',#2186,#2187,#2188);
#2191=CARTESIAN_POINT('',(1.205E1,0.E0,0.E0));
#2192=DIRECTION('',(1.E0,0.E0,0.E0));
#2193=DIRECTION('',(0.E0,0.E0,1.E0));
#2194=AXIS2_PLACEMENT_3D('',#2191,#2192,#2193);
#2196=CARTESIAN_POINT('',(1.174180150979E1,3.055666553212E-7,
-3.499993418503E0));
#2197=CARTESIAN_POINT('',(1.174723114689E1,2.025538944486E-1,
-3.499993418503E0));
#2198=CARTESIAN_POINT('',(1.175785905598E1,6.083393384260E-1,
-3.464726761915E0));
#2199=CARTESIAN_POINT('',(1.177491793974E1,1.200754544138E0,-3.306688712531E0));
#2200=CARTESIAN_POINT('',(1.179185293990E1,1.758089684993E0,-3.046781402897E0));
#2201=CARTESIAN_POINT('',(1.180774951372E1,2.256162732137E0,-2.698906435980E0));
#2202=CARTESIAN_POINT('',(1.182498813107E1,2.693564652016E0,-2.263156996967E0));
#2203=CARTESIAN_POINT('',(1.184183357692E1,3.046989459117E0,-1.758345738092E0));
#2204=CARTESIAN_POINT('',(1.185800408276E1,3.306781919270E0,-1.200392115357E0));
#2205=CARTESIAN_POINT('',(1.187521957166E1,3.465053578906E0,
-6.070335106232E-1));
#2206=CARTESIAN_POINT('',(1.189185928368E1,3.517767987290E0,3.539389236031E-3));
#2207=CARTESIAN_POINT('',(1.190798293538E1,3.463864576257E0,6.132626735052E-1));
#2208=CARTESIAN_POINT('',(1.192518647982E1,3.305259905728E0,1.204039446915E0));
#2209=CARTESIAN_POINT('',(1.194171983680E1,3.046640268485E0,1.758496686447E0));
#2210=CARTESIAN_POINT('',(1.195789219308E1,2.695622060292E0,2.260398244712E0));
#2211=CARTESIAN_POINT('',(1.197521062327E1,2.260786568617E0,2.694895802426E0));
#2212=CARTESIAN_POINT('',(1.199150917698E1,1.764203563055E0,3.043231841652E0));
#2213=CARTESIAN_POINT('',(1.200787636323E1,1.206855334425E0,3.304568600789E0));
#2214=CARTESIAN_POINT('',(1.202499040545E1,6.122567619063E-1,3.464215262666E0));
#2215=CARTESIAN_POINT('',(1.203631502436E1,2.040261050229E-1,3.500013172082E0));
#2216=CARTESIAN_POINT('',(1.204175129590E1,-2.146575871374E-6,
3.500013172081E0));
#2218=CARTESIAN_POINT('',(1.204175129590E1,-2.146575871374E-6,
3.500013172081E0));
#2219=CARTESIAN_POINT('',(1.204263965667E1,-3.334314022021E-2,
3.500013172081E0));
#2220=CARTESIAN_POINT('',(1.204464736969E1,-1.000203801435E-1,
3.499034682109E0));
#2221=CARTESIAN_POINT('',(1.204732416830E1,-1.999651116631E-1,
3.494784213779E0));
#2222=CARTESIAN_POINT('',(1.204902093630E1,-2.664830860863E-1,
3.489952267788E0));
#2223=CARTESIAN_POINT('',(1.204991798416E1,-2.997032216642E-1,
3.487097139960E0));
#2225=CARTESIAN_POINT('',(1.205001208319E1,-3.031082704607E0,1.749996800883E0));
#2226=CARTESIAN_POINT('',(1.204438504482E1,-2.929272314387E0,1.926337569497E0));
#2227=CARTESIAN_POINT('',(1.203347779564E1,-2.694801489550E0,2.261214335827E0));
#2228=CARTESIAN_POINT('',(1.201687321423E1,-2.261199110802E0,2.694807716239E0));
#2229=CARTESIAN_POINT('',(1.199989670343E1,-1.758905424117E0,3.046518686927E0));
#2230=CARTESIAN_POINT('',(1.198364681087E1,-1.203161292188E0,3.305661350397E0));
#2231=CARTESIAN_POINT('',(1.196660969959E1,-6.108647092947E-1,
3.464383753352E0));
#2232=CARTESIAN_POINT('',(1.195560112011E1,-2.036229415698E-1,
3.499970988291E0));
#2233=CARTESIAN_POINT('',(1.195011235275E1,4.026809820908E-11,
3.499970988291E0));
#2235=CARTESIAN_POINT('',(1.195011235275E1,4.026809820908E-11,
3.499970988291E0));
#2236=CARTESIAN_POINT('',(1.194465212755E1,2.025640811121E-1,3.499970988291E0));
#2237=CARTESIAN_POINT('',(1.193355828504E1,6.083537403718E-1,3.464734731071E0));
#2238=CARTESIAN_POINT('',(1.191666764638E1,1.200775205076E0,3.306679295443E0));
#2239=CARTESIAN_POINT('',(1.190033623977E1,1.758125699393E0,3.046762770722E0));
#2240=CARTESIAN_POINT('',(1.188339526505E1,2.256219202023E0,2.698862850599E0));
#2241=CARTESIAN_POINT('',(1.186694625672E1,2.693657335583E0,2.263053271861E0));
#2242=CARTESIAN_POINT('',(1.185007254279E1,3.047092791310E0,1.758172834812E0));
#2243=CARTESIAN_POINT('',(1.183323817986E1,3.306867950487E0,1.200161537648E0));
#2244=CARTESIAN_POINT('',(1.181683680297E1,3.465104608022E0,6.067556478037E-1));
#2245=CARTESIAN_POINT('',(1.179977324060E1,3.517769973312E0,
-3.864717918300E-3));
#2246=CARTESIAN_POINT('',(1.178351750837E1,3.463803642257E0,
-6.136120555989E-1));
#2247=CARTESIAN_POINT('',(1.176666829701E1,3.305135174427E0,-1.204386198174E0));
#2248=CARTESIAN_POINT('',(1.175004795174E1,3.046439078260E0,-1.758849111590E0));
#2249=CARTESIAN_POINT('',(1.173361224509E1,2.695349151216E0,-2.260724554263E0));
#2250=CARTESIAN_POINT('',(1.171651281107E1,2.260454652257E0,-2.695175064428E0));
#2251=CARTESIAN_POINT('',(1.170045935954E1,1.763804970241E0,-3.043466711773E0));
#2252=CARTESIAN_POINT('',(1.168338981481E1,1.206454771762E0,-3.304697243898E0));
#2253=CARTESIAN_POINT('',(1.166685148276E1,6.121285665693E-1,
-3.464243220063E0));
#2254=CARTESIAN_POINT('',(1.165565502492E1,2.039819544972E-1,
-3.499970056518E0));
#2255=CARTESIAN_POINT('',(1.165003148855E1,-1.008499696947E-6,
-3.499970056518E0));
#2257=DIRECTION('',(9.999999674943E-1,1.431912395552E-5,-2.545709846095E-4));
#2258=VECTOR('',#2257,9.177002422425E-2);
#2259=CARTESIAN_POINT('',(1.165003148855E1,-1.008499696947E-6,
-3.499970056518E0));
#2260=LINE('',#2259,#2258);
#2261=CARTESIAN_POINT('',(1.204999515286E1,1.642075085098E0,-2.581901399581E0));
#2262=CARTESIAN_POINT('',(1.204403115471E1,1.479718874767E0,-2.685331744613E0));
#2263=CARTESIAN_POINT('',(1.203194063186E1,1.136083495553E0,-2.860492288593E0));
#2264=CARTESIAN_POINT('',(1.201404701305E1,5.846081577564E-1,
-3.021062401384E0));
#2265=CARTESIAN_POINT('',(1.199630174190E1,1.283429230732E-2,
-3.077741313247E0));
#2266=CARTESIAN_POINT('',(1.197854846020E1,-5.565164148292E-1,
-3.026868522655E0));
#2267=CARTESIAN_POINT('',(1.196020524136E1,-1.117686990938E0,
-2.867685193696E0));
#2268=CARTESIAN_POINT('',(1.194267933274E1,-1.632049020554E0,
-2.609511154929E0));
#2269=CARTESIAN_POINT('',(1.192447234793E1,-2.090304626095E0,
-2.258780897031E0));
#2270=CARTESIAN_POINT('',(1.190642646773E1,-2.477208832825E0,
-1.826644414266E0));
#2271=CARTESIAN_POINT('',(1.188886996359E1,-2.774467123953E0,
-1.332387789152E0));
#2272=CARTESIAN_POINT('',(1.187032390001E1,-2.975038486152E0,
-7.889007698678E-1));
#2273=CARTESIAN_POINT('',(1.185271054038E1,-3.070383760954E0,
-2.149731998844E-1));
#2274=CARTESIAN_POINT('',(1.183449844808E1,-3.056389805526E0,
3.645351762770E-1));
#2275=CARTESIAN_POINT('',(1.181645214907E1,-2.933690352766E0,
9.290030972483E-1));
#2276=CARTESIAN_POINT('',(1.179885281923E1,-2.710027843283E0,1.458946915070E0));
#2277=CARTESIAN_POINT('',(1.178080015508E1,-2.392357591409E0,1.935811217999E0));
#2278=CARTESIAN_POINT('',(1.176295223998E1,-1.989375814210E0,2.347920509294E0));
#2279=CARTESIAN_POINT('',(1.174524201886E1,-1.518519691969E0,2.677294814943E0));
#2280=CARTESIAN_POINT('',(1.172725073149E1,-9.958820909097E-1,
2.911378841071E0));
#2281=CARTESIAN_POINT('',(1.170941815825E1,-4.383412735993E-1,
3.046148086955E0));
#2282=CARTESIAN_POINT('',(1.169206012128E1,1.298085030139E-1,3.074705767813E0));
#2283=CARTESIAN_POINT('',(1.167369669405E1,6.996430363513E-1,2.996773586116E0));
#2284=CARTESIAN_POINT('',(1.165623280160E1,1.244174929761E0,2.814906913397E0));
#2285=CARTESIAN_POINT('',(1.163834404295E1,1.746042396958E0,2.534576236544E0));
#2286=CARTESIAN_POINT('',(1.162003030828E1,2.189651121279E0,2.162630101469E0));
#2287=CARTESIAN_POINT('',(1.160262603551E1,2.554107241795E0,1.716945185489E0));
#2288=CARTESIAN_POINT('',(1.158444857010E1,2.827523026815E0,1.214959836751E0));
#2289=CARTESIAN_POINT('',(1.156677224648E1,3.003566477256E0,6.688670611003E-1));
#2290=CARTESIAN_POINT('',(1.154904976029E1,3.076531744626E0,9.911906907678E-2));
#2291=CARTESIAN_POINT('',(1.153085711403E1,3.040157387102E0,
-4.775003273641E-1));
#2292=CARTESIAN_POINT('',(1.151295958655E1,2.897013801185E0,-1.039840830276E0));
#2293=CARTESIAN_POINT('',(1.149509039225E1,2.651030139530E0,-1.564151977007E0));
#2294=CARTESIAN_POINT('',(1.147679562869E1,2.310645391587E0,-2.032509677177E0));
#2295=CARTESIAN_POINT('',(1.145907583295E1,1.890609013646E0,-2.428724233214E0));
#2296=CARTESIAN_POINT('',(1.144143169521E1,1.409735748268E0,-2.735283595230E0));
#2297=CARTESIAN_POINT('',(1.142321215719E1,8.778493422558E-1,
-2.949556563483E0));
#2298=CARTESIAN_POINT('',(1.140594966694E1,3.166145933197E-1,
-3.061090227066E0));
#2299=CARTESIAN_POINT('',(1.138782368268E1,-2.547615132268E-1,
-3.066942837722E0));
#2300=CARTESIAN_POINT('',(1.136999707725E1,-8.213332537678E-1,
-2.965759759697E0));
#2301=CARTESIAN_POINT('',(1.135236726825E1,-1.359307472437E0,
-2.761573941389E0));
#2302=CARTESIAN_POINT('',(1.133397575710E1,-1.852574676315E0,
-2.457671556850E0));
#2303=CARTESIAN_POINT('',(1.131631701606E1,-2.279086270027E0,
-2.067935399555E0));
#2304=CARTESIAN_POINT('',(1.129844437625E1,-2.623857016796E0,
-1.609329068191E0));
#2305=CARTESIAN_POINT('',(1.128027452012E1,-2.878077211198E0,
-1.089132543244E0));
#2306=CARTESIAN_POINT('',(1.126253097505E1,-3.031367359015E0,
-5.331013740006E-1));
#2307=CARTESIAN_POINT('',(1.124481780664E1,-3.077210608962E0,
3.687859933137E-2));
#2308=CARTESIAN_POINT('',(1.122655635606E1,-3.016259018398E0,
6.107573654079E-1));
#2309=CARTESIAN_POINT('',(1.120908860406E1,-2.850060412288E0,1.162270385561E0));
#2310=CARTESIAN_POINT('',(1.119094155885E1,-2.583335830878E0,1.672337695908E0));
#2311=CARTESIAN_POINT('',(1.117293482468E1,-2.226292384573E0,2.125096257551E0));
#2312=CARTESIAN_POINT('',(1.115540722834E1,-1.790492566137E0,2.503287525764E0));
#2313=CARTESIAN_POINT('',(1.113700746721E1,-1.293480564943E0,2.792570371692E0));
#2314=CARTESIAN_POINT('',(1.111947963977E1,-7.496001342591E-1,
2.984682741716E0));
#2315=CARTESIAN_POINT('',(1.110164742089E1,-1.848907492794E-1,
3.072216530504E0));
#2316=CARTESIAN_POINT('',(1.108348416710E1,3.926103393558E-1,3.052550474613E0));
#2317=CARTESIAN_POINT('',(1.106558135458E1,9.638648105654E-1,2.923448711685E0));
#2318=CARTESIAN_POINT('',(1.104748188129E1,1.493167236512E0,2.691536707691E0));
#2319=CARTESIAN_POINT('',(1.102925826781E1,1.973793213589E0,2.361159127157E0));
#2320=CARTESIAN_POINT('',(1.101156244549E1,2.380232498125E0,1.952040427009E0));
#2321=CARTESIAN_POINT('',(1.099335374986E1,2.704473858523E0,1.468755393775E0));
#2322=CARTESIAN_POINT('',(1.097531897563E1,2.930750422242E0,9.388766043595E-1));
#2323=CARTESIAN_POINT('',(1.095794121497E1,3.054286867566E0,3.805744825945E-1));
#2324=CARTESIAN_POINT('',(1.093926916829E1,3.071193926045E0,
-2.043145939045E-1));
#2325=CARTESIAN_POINT('',(1.092159549193E1,2.978167317279E0,
-7.774874563815E-1));
#2326=CARTESIAN_POINT('',(1.090348302984E1,2.778997142710E0,-1.323138068274E0));
#2327=CARTESIAN_POINT('',(1.088533087783E1,2.483406848798E0,-1.817072257376E0));
#2328=CARTESIAN_POINT('',(1.086803743403E1,2.105201076670E0,-2.244903405995E0));
#2329=CARTESIAN_POINT('',(1.084971199229E1,1.649420187929E0,-2.598871536612E0));
#2330=CARTESIAN_POINT('',(1.083172166740E1,1.129162290590E0,-2.862931657935E0));
#2331=CARTESIAN_POINT('',(1.081388702691E1,5.744963125220E-1,
-3.024095685654E0));
#2332=CARTESIAN_POINT('',(1.080180265032E1,1.912910945144E-1,
-3.059604571992E0));
#2333=CARTESIAN_POINT('',(1.079581758784E1,1.824440744554E-6,
-3.059508047702E0));
#2335=CARTESIAN_POINT('',(1.135003134809E1,9.600725468046E-9,3.500053481399E0));
#2336=CARTESIAN_POINT('',(1.134452147928E1,2.025615873971E-1,3.500053481399E0));
#2337=CARTESIAN_POINT('',(1.133368533928E1,6.083639278061E-1,3.464696851304E0));
#2338=CARTESIAN_POINT('',(1.131672133061E1,1.200822910568E0,3.306674146102E0));
#2339=CARTESIAN_POINT('',(1.130011812440E1,1.758181354457E0,3.046728016836E0));
#2340=CARTESIAN_POINT('',(1.128373053108E1,2.256266772642E0,2.698823718885E0));
#2341=CARTESIAN_POINT('',(1.126661386453E1,2.693697075395E0,2.263005497527E0));
#2342=CARTESIAN_POINT('',(1.125027944495E1,3.047122451238E0,1.758121959183E0));
#2343=CARTESIAN_POINT('',(1.123318095539E1,3.306887670223E0,1.200104171064E0));
#2344=CARTESIAN_POINT('',(1.121671322794E1,3.465110938242E0,6.067195413749E-1));
#2345=CARTESIAN_POINT('',(1.120005512918E1,3.517771584988E0,
-3.929267542637E-3));
#2346=CARTESIAN_POINT('',(1.118319187679E1,3.463790473090E0,
-6.136838705038E-1));
#2347=CARTESIAN_POINT('',(1.116693292884E1,3.305114702036E0,-1.204438237121E0));
#2348=CARTESIAN_POINT('',(1.114989737027E1,3.046421307014E0,-1.758878760879E0));
#2349=CARTESIAN_POINT('',(1.113356494044E1,2.695321968111E0,-2.260759566772E0));
#2350=CARTESIAN_POINT('',(1.111674857889E1,2.260404869469E0,-2.695215495229E0));
#2351=CARTESIAN_POINT('',(1.110012923837E1,1.763771839633E0,-3.043487739457E0));
#2352=CARTESIAN_POINT('',(1.108374517856E1,1.206428256786E0,-3.304693602301E0));
#2353=CARTESIAN_POINT('',(1.106652854937E1,6.121162402472E-1,
-3.464292073889E0));
#2354=CARTESIAN_POINT('',(1.105576402132E1,2.039719600075E-1,
-3.499868465711E0));
#2355=CARTESIAN_POINT('',(1.105024240458E1,-5.876286584982E-6,
-3.499868465711E0));
#2357=DIRECTION('',(9.999991709090E-1,7.148847345670E-5,-1.285717951482E-3));
#2358=VECTOR('',#2357,9.154662519453E-2);
#2359=CARTESIAN_POINT('',(1.105024240458E1,-5.876286584982E-6,
-3.499868465711E0));
#2360=LINE('',#2359,#2358);
#2361=CARTESIAN_POINT('',(1.114178895388E1,6.682419002878E-7,
-3.499986168851E0));
#2362=CARTESIAN_POINT('',(1.114743681455E1,2.024652450841E-1,
-3.499986168851E0));
#2363=CARTESIAN_POINT('',(1.115826437490E1,6.080211897768E-1,
-3.464755001543E0));
#2364=CARTESIAN_POINT('',(1.117448818134E1,1.199785179767E0,-3.306989923493E0));
#2365=CARTESIAN_POINT('',(1.119180486050E1,1.756800643045E0,-3.047539622885E0));
#2366=CARTESIAN_POINT('',(1.120814801360E1,2.255544235639E0,-2.699459047052E0));
#2367=CARTESIAN_POINT('',(1.122450243917E1,2.692901852848E0,-2.263890602867E0));
#2368=CARTESIAN_POINT('',(1.124189246720E1,3.046419063033E0,-1.759427277132E0));
#2369=CARTESIAN_POINT('',(1.125837297183E1,3.306875163216E0,-1.200271047201E0));
#2370=CARTESIAN_POINT('',(1.127471860449E1,3.464978430608E0,
-6.071869067533E-1));
#2371=CARTESIAN_POINT('',(1.129202039432E1,3.517809358012E0,3.084932636527E-3));
#2372=CARTESIAN_POINT('',(1.130832658014E1,3.463775384757E0,6.140202986801E-1));
#2373=CARTESIAN_POINT('',(1.132467921727E1,3.305017604685E0,1.204612369979E0));
#2374=CARTESIAN_POINT('',(1.134197196844E1,3.046396071882E0,1.759022106887E0));
#2375=CARTESIAN_POINT('',(1.135821221541E1,2.694463353524E0,2.261841847386E0));
#2376=CARTESIAN_POINT('',(1.137470742332E1,2.259558592106E0,2.695873932618E0));
#2377=CARTESIAN_POINT('',(1.139186058886E1,1.763150363964E0,3.043853963112E0));
#2378=CARTESIAN_POINT('',(1.140808368016E1,1.205495138531E0,3.305039035079E0));
#2379=CARTESIAN_POINT('',(1.142465484089E1,6.118048223387E-1,3.464246685963E0));
#2380=CARTESIAN_POINT('',(1.143621717887E1,2.038751635568E-1,3.499999477548E0));
#2381=CARTESIAN_POINT('',(1.144181200410E1,-2.483294776020E-8,
3.499999477548E0));
#2383=CARTESIAN_POINT('',(1.084175356192E1,-1.657045213088E-6,
3.499965731952E0));
#2384=CARTESIAN_POINT('',(1.084740621606E1,-2.024515653167E-1,
3.499965731952E0));
#2385=CARTESIAN_POINT('',(1.085847136228E1,-6.080143752967E-1,
3.464773021991E0));
#2386=CARTESIAN_POINT('',(1.087454602183E1,-1.200001824853E0,3.306927259129E0));
#2387=CARTESIAN_POINT('',(1.089153179421E1,-1.757161750336E0,3.047329148431E0));
#2388=CARTESIAN_POINT('',(1.090840924189E1,-2.255692309904E0,2.699321292036E0));
#2389=CARTESIAN_POINT('',(1.092452109222E1,-2.693012624372E0,2.263762087188E0));
#2390=CARTESIAN_POINT('',(1.094163186674E1,-3.046517096966E0,1.759259350980E0));
#2391=CARTESIAN_POINT('',(1.095864541282E1,-3.306939146357E0,1.200089556550E0));
#2392=CARTESIAN_POINT('',(1.097470033497E1,-3.464998485865E0,
6.070507050420E-1));
#2393=CARTESIAN_POINT('',(1.099177973255E1,-3.517816740542E0,
-3.223486960037E-3));
#2394=CARTESIAN_POINT('',(1.100860873320E1,-3.463724860491E0,
-6.143320381611E-1));
#2395=CARTESIAN_POINT('',(1.102463650441E1,-3.304925070378E0,
-1.204847686130E0));
#2396=CARTESIAN_POINT('',(1.104175187065E1,-3.046260985455E0,
-1.759293643825E0));
#2397=CARTESIAN_POINT('',(1.105851271336E1,-2.694026645328E0,
-2.262372148865E0));
#2398=CARTESIAN_POINT('',(1.107464229670E1,-2.259175206294E0,
-2.696179146744E0));
#2399=CARTESIAN_POINT('',(1.109166118636E1,-1.762765724634E0,
-3.044077828231E0));
#2400=CARTESIAN_POINT('',(1.110838680212E1,-1.205135528753E0,
-3.305158380216E0));
#2401=CARTESIAN_POINT('',(1.112453228908E1,-6.116436530334E-1,
-3.464269187617E0));
#2402=CARTESIAN_POINT('',(1.113610330615E1,-2.038184992182E-1,
-3.499986168851E0));
#2403=CARTESIAN_POINT('',(1.114178895388E1,6.682419002878E-7,
-3.499986168851E0));
#2405=DIRECTION('',(9.999998164789E-1,-6.148483497704E-5,6.027120322464E-4));
#2406=VECTOR('',#2405,9.159865083298E-2);
#2407=CARTESIAN_POINT('',(1.075015492789E1,3.974882717497E-6,3.499910524343E0));
#2408=LINE('',#2407,#2406);
#2409=CARTESIAN_POINT('',(1.165003148855E1,-1.008499696947E-6,
-3.499970056518E0));
#2410=CARTESIAN_POINT('',(1.164444713049E1,-2.025628533748E-1,
-3.499970056518E0));
#2411=CARTESIAN_POINT('',(1.163334576862E1,-6.083573729607E-1,
-3.464736043278E0));
#2412=CARTESIAN_POINT('',(1.161704051950E1,-1.200806494061E0,
-3.306668692934E0));
#2413=CARTESIAN_POINT('',(1.159994959899E1,-1.758151918909E0,
-3.046747563752E0));
#2414=CARTESIAN_POINT('',(1.158367104521E1,-2.256242296972E0,
-2.698842452671E0));
#2415=CARTESIAN_POINT('',(1.156688755627E1,-2.693662135594E0,
-2.263046810932E0));
#2416=CARTESIAN_POINT('',(1.154991038963E1,-3.047106135134E0,
-1.758152858020E0));
#2417=CARTESIAN_POINT('',(1.153354744787E1,-3.306878345301E0,
-1.200129076152E0));
#2418=CARTESIAN_POINT('',(1.151645166447E1,-3.465105151791E0,
-6.067526690899E-1));
#2419=CARTESIAN_POINT('',(1.150010982608E1,-3.517772995524E0,
3.909355956986E-3));
#2420=CARTESIAN_POINT('',(1.148335597807E1,-3.463790740297E0,
6.136825704004E-1));
#2421=CARTESIAN_POINT('',(1.146661744464E1,-3.305118216693E0,1.204429513E0));
#2422=CARTESIAN_POINT('',(1.145028824418E1,-3.046416098982E0,1.758889937604E0));
#2423=CARTESIAN_POINT('',(1.143322321013E1,-2.695313734903E0,2.260767834938E0));
#2424=CARTESIAN_POINT('',(1.141690697168E1,-2.260406840741E0,2.695214358622E0));
#2425=CARTESIAN_POINT('',(1.140019675663E1,-1.763782124987E0,3.043475677101E0));
#2426=CARTESIAN_POINT('',(1.138346501969E1,-1.206430455514E0,3.304716754804E0));
#2427=CARTESIAN_POINT('',(1.136696454388E1,-6.121116832677E-1,
3.464206224193E0));
#2428=CARTESIAN_POINT('',(1.135557980952E1,-2.039803647996E-1,
3.500053481399E0));
#2429=CARTESIAN_POINT('',(1.135003134809E1,9.600725468046E-9,3.500053481399E0));
#2431=DIRECTION('',(9.999998268920E-1,-3.751734707990E-7,-5.884011226437E-4));
#2432=VECTOR('',#2431,9.178067189802E-2);
#2433=CARTESIAN_POINT('',(1.135003134809E1,9.600725468046E-9,3.500053481399E0));
#2434=LINE('',#2433,#2432);
#2435=CARTESIAN_POINT('',(1.144181200410E1,-2.483294776020E-8,
3.499999477548E0));
#2436=CARTESIAN_POINT('',(1.144737097E1,-2.025685007373E-1,3.499999477548E0));
#2437=CARTESIAN_POINT('',(1.145803165549E1,-6.083658349573E-1,
3.464718633002E0));
#2438=CARTESIAN_POINT('',(1.147463714024E1,-1.200733092080E0,3.306691701751E0));
#2439=CARTESIAN_POINT('',(1.149199223427E1,-1.757955374214E0,3.046847902546E0));
#2440=CARTESIAN_POINT('',(1.150789144384E1,-2.255973556594E0,2.699068623353E0));
#2441=CARTESIAN_POINT('',(1.152468838372E1,-2.693638727576E0,2.263125283665E0));
#2442=CARTESIAN_POINT('',(1.154204655274E1,-3.047334229412E0,1.757772606386E0));
#2443=CARTESIAN_POINT('',(1.155812739888E1,-3.306889081418E0,1.200012286526E0));
#2444=CARTESIAN_POINT('',(1.157491478133E1,-3.465149513264E0,
6.067311365569E-1));
#2445=CARTESIAN_POINT('',(1.159212563215E1,-3.517805967160E0,
-4.969232204046E-3));
#2446=CARTESIAN_POINT('',(1.160810660708E1,-3.463608421913E0,
-6.144990871759E-1));
#2447=CARTESIAN_POINT('',(1.162489503672E1,-3.304951942833E0,
-1.204969483173E0));
#2448=CARTESIAN_POINT('',(1.164201596710E1,-3.045738803668E0,
-1.760096074653E0));
#2449=CARTESIAN_POINT('',(1.165798031749E1,-2.694730821412E0,
-2.261390534493E0));
#2450=CARTESIAN_POINT('',(1.167492357015E1,-2.260019601554E0,
-2.695564506203E0));
#2451=CARTESIAN_POINT('',(1.169183412035E1,-1.762822626783E0,
-3.044046562208E0));
#2452=CARTESIAN_POINT('',(1.170788260677E1,-1.205791671578E0,
-3.304898280021E0));
#2453=CARTESIAN_POINT('',(1.172486383826E1,-6.119997125333E-1,
-3.464232833185E0));
#2454=CARTESIAN_POINT('',(1.173633386438E1,-2.039711902619E-1,
-3.499993418503E0));
#2455=CARTESIAN_POINT('',(1.174180150979E1,3.055666553212E-7,
-3.499993418503E0));
#2457=DIRECTION('',(1.E0,1.407554441481E-13,0.E0));
#2458=VECTOR('',#2457,1.E0);
#2459=CARTESIAN_POINT('',(1.205E1,0.E0,-3.E0));
#2460=LINE('',#2459,#2458);
#2461=CARTESIAN_POINT('',(1.305E1,4.195768630497E-13,0.E0));
#2462=DIRECTION('',(-1.E0,0.E0,0.E0));
#2463=DIRECTION('',(0.E0,-1.122029586593E-13,1.E0));
#2464=AXIS2_PLACEMENT_3D('',#2461,#2462,#2463);
#2466=DIRECTION('',(7.071067811865E-1,3.130081062645E-13,7.071067811865E-1));
#2467=VECTOR('',#2466,7.071067811865E-1);
#2468=CARTESIAN_POINT('',(1.305E1,1.405105147882E-13,-3.E0));
#2469=LINE('',#2468,#2467);
#2470=CARTESIAN_POINT('',(1.355E1,4.195768630497E-13,0.E0));
#2471=DIRECTION('',(1.E0,0.E0,0.E0));
#2472=DIRECTION('',(0.E0,0.E0,-1.E0));
#2473=AXIS2_PLACEMENT_3D('',#2470,#2471,#2472);
#2475=CARTESIAN_POINT('',(1.305E1,4.195768630497E-13,0.E0));
#2476=DIRECTION('',(-1.E0,0.E0,0.E0));
#2477=DIRECTION('',(0.E0,-1.401038837097E-13,-1.E0));
#2478=AXIS2_PLACEMENT_3D('',#2475,#2476,#2477);
#2480=DIRECTION('',(7.071067811865E-1,2.382717052312E-13,-7.071067811865E-1));
#2481=VECTOR('',#2480,7.071067811865E-1);
#2482=CARTESIAN_POINT('',(1.305E1,2.510887280409E-13,3.E0));
#2483=LINE('',#2482,#2481);
#2484=CARTESIAN_POINT('',(1.355E1,4.195768630497E-13,0.E0));
#2485=DIRECTION('',(1.E0,0.E0,0.E0));
#2486=DIRECTION('',(0.E0,0.E0,1.E0));
#2487=AXIS2_PLACEMENT_3D('',#2484,#2485,#2486);
#2489=DIRECTION('',(1.E0,1.957767366597E-13,0.E0));
#2490=VECTOR('',#2489,1.E0);
#2491=CARTESIAN_POINT('',(1.205E1,5.531199138124E-14,3.E0));
#2492=LINE('',#2491,#2490);
#2493=DIRECTION('',(1.E0,0.E0,0.E0));
#2494=VECTOR('',#2493,2.5E0);
#2495=CARTESIAN_POINT('',(1.355E1,4.195722665747E-13,2.5E0));
#2496=LINE('',#2495,#2494);
#2497=CARTESIAN_POINT('',(1.605E1,4.195676700998E-13,0.E0));
#2498=DIRECTION('',(-1.E0,0.E0,0.E0));
#2499=DIRECTION('',(0.E0,1.999999999998E-1,-9.797958971133E-1));
#2500=AXIS2_PLACEMENT_3D('',#2497,#2498,#2499);
#2502=CARTESIAN_POINT('',(1.605E1,4.195676700998E-13,0.E0));
#2503=DIRECTION('',(-1.E0,0.E0,0.E0));
#2504=DIRECTION('',(0.E0,0.E0,-1.E0));
#2505=AXIS2_PLACEMENT_3D('',#2502,#2503,#2504);
#2507=DIRECTION('',(0.E0,0.E0,1.E0));
#2508=VECTOR('',#2507,4.898979485566E0);
#2509=CARTESIAN_POINT('',(1.605E1,-5.E-1,-2.449489742783E0));
#2510=LINE('',#2509,#2508);
#2511=CARTESIAN_POINT('',(1.605E1,4.195676700998E-13,0.E0));
#2512=DIRECTION('',(-1.E0,0.E0,0.E0));
#2513=DIRECTION('',(0.E0,-2.000000000002E-1,9.797958971132E-1));
#2514=AXIS2_PLACEMENT_3D('',#2511,#2512,#2513);
#2516=CARTESIAN_POINT('',(1.605E1,4.195676700998E-13,0.E0));
#2517=DIRECTION('',(-1.E0,0.E0,0.E0));
#2518=DIRECTION('',(0.E0,0.E0,1.E0));
#2519=AXIS2_PLACEMENT_3D('',#2516,#2517,#2518);
#2521=DIRECTION('',(0.E0,0.E0,-1.E0));
#2522=VECTOR('',#2521,4.898979485567E0);
#2523=CARTESIAN_POINT('',(1.605E1,5.E-1,2.449489742783E0));
#2524=LINE('',#2523,#2522);
#2525=DIRECTION('',(1.E0,2.284440594614E-14,0.E0));
#2526=VECTOR('',#2525,2.5E0);
#2527=CARTESIAN_POINT('',(1.355E1,3.618406692942E-13,-2.5E0));
#2528=LINE('',#2527,#2526);
#2529=DIRECTION('',(-5.393769698579E-14,-1.822082826301E-12,-1.E0));
#2530=VECTOR('',#2529,6.586698871730E-2);
#2531=CARTESIAN_POINT('',(1.605E1,5.E-1,-2.449489742783E0));
#2532=LINE('',#2531,#2530);
#2533=DIRECTION('',(1.169728845922E-14,8.660254037843E-1,-5.000000000002E-1));
#2534=VECTOR('',#2533,6.074422617147E-1);
#2535=CARTESIAN_POINT('',(1.605E1,4.999999999999E-1,-2.515356731500E0));
#2536=LINE('',#2535,#2534);
#2537=DIRECTION('',(0.E0,3.420201433256E-1,9.396926207859E-1));
#2538=VECTOR('',#2537,6.800447907173E-1);
#2539=CARTESIAN_POINT('',(1.605E1,1.026060429977E0,-2.819077862358E0));
#2540=LINE('',#2539,#2538);
#2541=DIRECTION('',(0.E0,9.848077530122E-1,-1.736481776669E-1));
#2542=VECTOR('',#2541,6.800447907174E-1);
#2543=CARTESIAN_POINT('',(1.605E1,1.258649446766E0,-2.180044790717E0));
#2544=LINE('',#2543,#2542);
#2545=DIRECTION('',(0.E0,-3.624312910432E-14,1.E0));
#2546=VECTOR('',#2545,6.800447907171E-1);
#2547=CARTESIAN_POINT('',(1.605E1,1.928362829060E0,-2.298133329357E0));
#2548=LINE('',#2547,#2546);
#2549=DIRECTION('',(1.044846965171E-14,9.848077530122E-1,1.736481776671E-1));
#2550=VECTOR('',#2549,6.800447907163E-1);
#2551=CARTESIAN_POINT('',(1.605E1,1.928362829060E0,-1.618088538640E0));
#2552=LINE('',#2551,#2550);
#2553=DIRECTION('',(0.E0,-3.420201433257E-1,9.396926207859E-1));
#2554=VECTOR('',#2553,6.800447907169E-1);
#2555=CARTESIAN_POINT('',(1.605E1,2.598076211353E0,-1.5E0));
#2556=LINE('',#2555,#2554);
#2557=DIRECTION('',(0.E0,8.660254037845E-1,4.999999999998E-1));
#2558=VECTOR('',#2557,6.800447907176E-1);
#2559=CARTESIAN_POINT('',(1.605E1,2.365487194564E0,-8.609669283595E-1));
#2560=LINE('',#2559,#2558);
#2561=DIRECTION('',(0.E0,-6.427876096866E-1,7.660444431189E-1));
#2562=VECTOR('',#2561,6.800447907169E-1);
#2563=CARTESIAN_POINT('',(1.605E1,2.954423259037E0,-5.209445330008E-1));
#2564=LINE('',#2563,#2562);
#2565=DIRECTION('',(0.E0,6.427876096866E-1,7.660444431189E-1));
#2566=VECTOR('',#2565,6.800447907168E-1);
#2567=CARTESIAN_POINT('',(1.605E1,2.517298893532E0,-1.202131617708E-13));
#2568=LINE('',#2567,#2566);
#2569=DIRECTION('',(0.E0,-8.660254037845E-1,4.999999999998E-1));
#2570=VECTOR('',#2569,6.800447907177E-1);
#2571=CARTESIAN_POINT('',(1.605E1,2.954423259037E0,5.209445330005E-1));
#2572=LINE('',#2571,#2570);
#2573=DIRECTION('',(0.E0,3.420201433257E-1,9.396926207859E-1));
#2574=VECTOR('',#2573,6.800447907173E-1);
#2575=CARTESIAN_POINT('',(1.605E1,2.365487194564E0,8.609669283592E-1));
#2576=LINE('',#2575,#2574);
#2577=DIRECTION('',(0.E0,-9.848077530122E-1,1.736481776671E-1));
#2578=VECTOR('',#2577,6.800447907164E-1);
#2579=CARTESIAN_POINT('',(1.605E1,2.598076211353E0,1.5E0));
#2580=LINE('',#2579,#2578);
#2581=DIRECTION('',(0.E0,3.232495298494E-14,1.E0));
#2582=VECTOR('',#2581,6.800447907169E-1);
#2583=CARTESIAN_POINT('',(1.605E1,1.928362829060E0,1.618088538640E0));
#2584=LINE('',#2583,#2582);
#2585=DIRECTION('',(1.044846965169E-14,-9.848077530122E-1,-1.736481776669E-1));
#2586=VECTOR('',#2585,6.800447907173E-1);
#2587=CARTESIAN_POINT('',(1.605E1,1.928362829060E0,2.298133329357E0));
#2588=LINE('',#2587,#2586);
#2589=DIRECTION('',(0.E0,-3.420201433256E-1,9.396926207859E-1));
#2590=VECTOR('',#2589,6.800447907169E-1);
#2591=CARTESIAN_POINT('',(1.605E1,1.258649446766E0,2.180044790717E0));
#2592=LINE('',#2591,#2590);
#2593=DIRECTION('',(0.E0,-8.660254037843E-1,-5.000000000002E-1));
#2594=VECTOR('',#2593,6.074422617148E-1);
#2595=CARTESIAN_POINT('',(1.605E1,1.026060429977E0,2.819077862358E0));
#2596=LINE('',#2595,#2594);
#2597=DIRECTION('',(5.393769698629E-14,1.508569962585E-13,-1.E0));
#2598=VECTOR('',#2597,6.586698871670E-2);
#2599=CARTESIAN_POINT('',(1.605E1,5.E-1,2.515356731500E0));
#2600=LINE('',#2599,#2598);
#2601=CARTESIAN_POINT('',(1.605E1,4.195676700998E-13,0.E0));
#2602=DIRECTION('',(-1.E0,0.E0,0.E0));
#2603=DIRECTION('',(0.E0,1.999999999998E-1,9.797958971133E-1));
#2604=AXIS2_PLACEMENT_3D('',#2601,#2602,#2603);
#2606=DIRECTION('',(-1.E0,2.345608796848E-14,-1.659508871263E-13));
#2607=VECTOR('',#2606,5.935429960659E0);
#2608=CARTESIAN_POINT('',(2.198542996066E1,4.999999999997E-1,
-2.515356731500E0));
#2609=LINE('',#2608,#2607);
#2610=DIRECTION('',(0.E0,0.E0,1.E0));
#2611=VECTOR('',#2610,4.898979485566E0);
#2612=CARTESIAN_POINT('',(2.205E1,5.E-1,-2.449489742783E0));
#2613=LINE('',#2612,#2611);
#2614=CARTESIAN_POINT('',(2.205E1,0.E0,0.E0));
#2615=DIRECTION('',(-1.E0,0.E0,0.E0));
#2616=DIRECTION('',(0.E0,2.E-1,9.797958971133E-1));
#2617=AXIS2_PLACEMENT_3D('',#2614,#2615,#2616);
#2619=CARTESIAN_POINT('',(2.205E1,5.E-1,2.449489742783E0));
#2620=CARTESIAN_POINT('',(2.204282655120E1,5.E-1,2.456811113308E0));
#2621=CARTESIAN_POINT('',(2.202847885228E1,5.E-1,2.471451844991E0));
#2622=CARTESIAN_POINT('',(2.200695545952E1,5.000000000001E-1,2.493407464849E0));
#2623=CARTESIAN_POINT('',(2.199260535924E1,4.999999999998E-1,2.508040945241E0));
#2624=CARTESIAN_POINT('',(2.198542996066E1,4.999999999998E-1,2.515356731499E0));
#2626=CARTESIAN_POINT('',(2.198542996066E1,4.999999999997E-1,
-2.515356731500E0));
#2627=CARTESIAN_POINT('',(2.199260535924E1,4.999999999997E-1,
-2.508040945241E0));
#2628=CARTESIAN_POINT('',(2.200695545952E1,5.000000000001E-1,
-2.493407464849E0));
#2629=CARTESIAN_POINT('',(2.202847885228E1,5.E-1,-2.471451844991E0));
#2630=CARTESIAN_POINT('',(2.204282655120E1,5.E-1,-2.456811113308E0));
#2631=CARTESIAN_POINT('',(2.205E1,5.E-1,-2.449489742783E0));
#2633=DIRECTION('',(-1.E0,2.348414548998E-14,1.180660504442E-13));
#2634=VECTOR('',#2633,5.935429960659E0);
#2635=CARTESIAN_POINT('',(2.198542996066E1,4.999999999998E-1,2.515356731499E0));
#2636=LINE('',#2635,#2634);
#2637=DIRECTION('',(1.E0,-1.820765760385E-14,3.536564980261E-14));
#2638=VECTOR('',#2637,5.5E0);
#2639=CARTESIAN_POINT('',(1.605E1,1.026060429977E0,2.819077862358E0));
#2640=LINE('',#2639,#2638);
#2641=CARTESIAN_POINT('',(2.155E1,1.026060429977E0,2.819077862358E0));
#2642=CARTESIAN_POINT('',(2.160321552014E1,9.658994396673E-1,2.784343898408E0));
#2643=CARTESIAN_POINT('',(2.170655680884E1,8.468133110758E-1,2.715589490008E0));
#2644=CARTESIAN_POINT('',(2.185155730645E1,6.720847866933E-1,2.614709929421E0));
#2645=CARTESIAN_POINT('',(2.194196221835E1,5.571015663589E-1,2.548324336208E0));
#2646=CARTESIAN_POINT('',(2.198542996066E1,4.999999999998E-1,2.515356731499E0));
#2648=DIRECTION('',(1.E0,-2.482956077050E-14,-4.453732873633E-14));
#2649=VECTOR('',#2648,5.982701106470E0);
#2650=CARTESIAN_POINT('',(1.605E1,1.258649446766E0,2.180044790717E0));
#2651=LINE('',#2650,#2649);
#2652=CARTESIAN_POINT('',(2.203270110647E1,1.258649446766E0,2.180044790717E0));
#2653=CARTESIAN_POINT('',(2.198530379255E1,1.233429862793E0,2.249335028211E0));
#2654=CARTESIAN_POINT('',(2.188605655728E1,1.182644557509E0,2.388866507720E0));
#2655=CARTESIAN_POINT('',(2.172529386604E1,1.105447593513E0,2.600963423149E0));
#2656=CARTESIAN_POINT('',(2.160971843038E1,1.052723251307E0,2.745822362814E0));
#2657=CARTESIAN_POINT('',(2.155E1,1.026060429977E0,2.819077862358E0));
#2659=DIRECTION('',(1.E0,0.E0,0.E0));
#2660=VECTOR('',#2659,5.5E0);
#2661=CARTESIAN_POINT('',(1.605E1,1.928362829060E0,2.298133329357E0));
#2662=LINE('',#2661,#2660);
#2663=CARTESIAN_POINT('',(2.155E1,1.928362829060E0,2.298133329357E0));
#2664=CARTESIAN_POINT('',(2.160982766849E1,1.851449861019E0,2.284571497925E0));
#2665=CARTESIAN_POINT('',(2.172554214906E1,1.699444772771E0,2.257768899662E0));
#2666=CARTESIAN_POINT('',(2.188626244911E1,1.477200575279E0,2.218581251338E0));
#2667=CARTESIAN_POINT('',(2.198538809352E1,1.331137188079E0,2.192826335281E0));
#2668=CARTESIAN_POINT('',(2.203270110647E1,1.258649446766E0,2.180044790717E0));
#2670=DIRECTION('',(1.E0,-4.568787639535E-14,-3.956399369411E-14));
#2671=VECTOR('',#2670,5.982701106470E0);
#2672=CARTESIAN_POINT('',(1.605E1,1.928362829060E0,1.618088538640E0));
#2673=LINE('',#2672,#2671);
#2674=CARTESIAN_POINT('',(2.203270110647E1,1.928362829060E0,1.618088538640E0));
#2675=CARTESIAN_POINT('',(2.198530379255E1,1.928362829060E0,1.691825669230E0));
#2676=CARTESIAN_POINT('',(2.188605655728E1,1.928362829060E0,1.840311968283E0));
#2677=CARTESIAN_POINT('',(2.172529386605E1,1.928362829060E0,2.066020791294E0));
#2678=CARTESIAN_POINT('',(2.160971843038E1,1.928362829060E0,2.220176455030E0));
#2679=CARTESIAN_POINT('',(2.155E1,1.928362829060E0,2.298133329357E0));
#2681=DIRECTION('',(1.E0,0.E0,0.E0));
#2682=VECTOR('',#2681,5.5E0);
#2683=CARTESIAN_POINT('',(1.605E1,2.598076211353E0,1.5E0));
#2684=LINE('',#2683,#2682);
#2685=CARTESIAN_POINT('',(2.155E1,2.598076211353E0,1.5E0));
#2686=CARTESIAN_POINT('',(2.160982766849E1,2.521163243310E0,1.513561831432E0));
#2687=CARTESIAN_POINT('',(2.172554214906E1,2.369158155060E0,1.540364429696E0));
#2688=CARTESIAN_POINT('',(2.188626244912E1,2.146913957568E0,1.579552078020E0));
#2689=CARTESIAN_POINT('',(2.198538809352E1,2.000850570370E0,1.605306994076E0));
#2690=CARTESIAN_POINT('',(2.203270110647E1,1.928362829060E0,1.618088538640E0));
#2692=DIRECTION('',(1.E0,-3.837633159447E-14,-1.295293977415E-14));
#2693=VECTOR('',#2692,5.982701106470E0);
#2694=CARTESIAN_POINT('',(1.605E1,2.365487194564E0,8.609669283592E-1));
#2695=LINE('',#2694,#2693);
#2696=CARTESIAN_POINT('',(2.203270110647E1,2.365487194564E0,8.609669283591E-1));
#2697=CARTESIAN_POINT('',(2.198530379255E1,2.390706778536E0,9.302571658520E-1));
#2698=CARTESIAN_POINT('',(2.188605655728E1,2.441492083820E0,1.069788645359E0));
#2699=CARTESIAN_POINT('',(2.172529386605E1,2.518689047817E0,1.281885560789E0));
#2700=CARTESIAN_POINT('',(2.160971843038E1,2.571413390022E0,1.426744500455E0));
#2701=CARTESIAN_POINT('',(2.155E1,2.598076211353E0,1.5E0));
#2703=DIRECTION('',(1.E0,0.E0,1.774338252083E-14));
#2704=VECTOR('',#2703,5.5E0);
#2705=CARTESIAN_POINT('',(1.605E1,2.954423259037E0,5.209445330005E-1));
#2706=LINE('',#2705,#2704);
#2707=CARTESIAN_POINT('',(2.155E1,2.954423259037E0,5.209445330006E-1));
#2708=CARTESIAN_POINT('',(2.160982766849E1,2.886787130057E0,5.599942702740E-1));
#2709=CARTESIAN_POINT('',(2.172554214906E1,2.753116098809E0,6.371692761475E-1));
#2710=CARTESIAN_POINT('',(2.188626244911E1,2.557677831511E0,7.500056123823E-1));
#2711=CARTESIAN_POINT('',(2.198538809352E1,2.429231844471E0,8.241639375760E-1));
#2712=CARTESIAN_POINT('',(2.203270110647E1,2.365487194564E0,8.609669283591E-1));
#2714=DIRECTION('',(1.E0,-6.495027107381E-14,1.101519528711E-14));
#2715=VECTOR('',#2714,5.982701106470E0);
#2716=CARTESIAN_POINT('',(1.605E1,2.517298893532E0,-1.202131617708E-13));
#2717=LINE('',#2716,#2715);
#2718=CARTESIAN_POINT('',(2.203270110647E1,2.517298893532E0,
-5.431254073860E-14));
#2719=CARTESIAN_POINT('',(2.198530379255E1,2.564696207448E0,5.648591913878E-2));
#2720=CARTESIAN_POINT('',(2.188605655728E1,2.660141360686E0,1.702330234052E-1));
#2721=CARTESIAN_POINT('',(2.172529386605E1,2.805224195515E0,3.431360130364E-1));
#2722=CARTESIAN_POINT('',(2.160971843038E1,2.904313546129E0,4.612261026184E-1));
#2723=CARTESIAN_POINT('',(2.155E1,2.954423259037E0,5.209445330006E-1));
#2725=DIRECTION('',(1.E0,0.E0,0.E0));
#2726=VECTOR('',#2725,5.5E0);
#2727=CARTESIAN_POINT('',(1.605E1,2.954423259037E0,-5.209445330008E-1));
#2728=LINE('',#2727,#2726);
#2729=CARTESIAN_POINT('',(2.155E1,2.954423259037E0,-5.209445330007E-1));
#2730=CARTESIAN_POINT('',(2.160982766849E1,2.904221884474E0,
-4.611168645125E-1));
#2731=CARTESIAN_POINT('',(2.172554214906E1,2.805007609367E0,
-3.428778957167E-1));
#2732=CARTESIAN_POINT('',(2.188626244911E1,2.659948011658E0,
-1.700025990070E-1));
#2733=CARTESIAN_POINT('',(2.198538809352E1,2.564611906480E0,
-5.638545315773E-2));
#2734=CARTESIAN_POINT('',(2.203270110647E1,2.517298893532E0,
-5.431254073860E-14));
#2736=DIRECTION('',(1.E0,-4.535384642983E-14,3.570409187029E-14));
#2737=VECTOR('',#2736,5.982701106470E0);
#2738=CARTESIAN_POINT('',(1.605E1,2.365487194564E0,-8.609669283595E-1));
#2739=LINE('',#2738,#2737);
#2740=CARTESIAN_POINT('',(2.203270110647E1,2.365487194564E0,
-8.609669283592E-1));
#2741=CARTESIAN_POINT('',(2.198530379255E1,2.429345422856E0,
-8.240983630646E-1));
#2742=CARTESIAN_POINT('',(2.188605655728E1,2.557938329949E0,
-7.498552135393E-1));
#2743=CARTESIAN_POINT('',(2.172529386605E1,2.753407904536E0,
-6.370008020333E-1));
#2744=CARTESIAN_POINT('',(2.160971843038E1,2.886910625470E0,
-5.599229701646E-1));
#2745=CARTESIAN_POINT('',(2.155E1,2.954423259037E0,-5.209445330007E-1));
#2747=DIRECTION('',(1.E0,0.E0,0.E0));
#2748=VECTOR('',#2747,5.5E0);
#2749=CARTESIAN_POINT('',(1.605E1,2.598076211353E0,-1.5E0));
#2750=LINE('',#2749,#2748);
#2751=CARTESIAN_POINT('',(2.155E1,2.598076211353E0,-1.5E0));
#2752=CARTESIAN_POINT('',(2.160982766849E1,2.571364617874E0,-1.426610500079E0));
#2753=CARTESIAN_POINT('',(2.172554214906E1,2.518573804733E0,-1.281568933020E0));
#2754=CARTESIAN_POINT('',(2.188626244912E1,2.441389204950E0,-1.069505987986E0));
#2755=CARTESIAN_POINT('',(2.198538809352E1,2.390661922928E0,
-9.301339260804E-1));
#2756=CARTESIAN_POINT('',(2.203270110647E1,2.365487194564E0,
-8.609669283592E-1));
#2758=DIRECTION('',(1.E0,-4.810031503524E-14,2.939463696598E-14));
#2759=VECTOR('',#2758,5.982701106470E0);
#2760=CARTESIAN_POINT('',(1.605E1,1.928362829060E0,-1.618088538640E0));
#2761=LINE('',#2760,#2759);
#2762=CARTESIAN_POINT('',(2.203270110647E1,1.928362829060E0,-1.618088538640E0));
#2763=CARTESIAN_POINT('',(2.198530379256E1,2.000979726945E0,-1.605284220287E0));
#2764=CARTESIAN_POINT('',(2.188605655729E1,2.147210185462E0,-1.579499845050E0));
#2765=CARTESIAN_POINT('',(2.172529386605E1,2.369489984288E0,-1.540305919250E0));
#2766=CARTESIAN_POINT('',(2.160971843038E1,2.521303677111E0,-1.513537069164E0));
#2767=CARTESIAN_POINT('',(2.155E1,2.598076211353E0,-1.5E0));
#2769=DIRECTION('',(1.E0,0.E0,0.E0));
#2770=VECTOR('',#2769,5.5E0);
#2771=CARTESIAN_POINT('',(1.605E1,1.928362829060E0,-2.298133329357E0));
#2772=LINE('',#2771,#2770);
#2773=CARTESIAN_POINT('',(2.155E1,1.928362829060E0,-2.298133329357E0));
#2774=CARTESIAN_POINT('',(2.160982766849E1,1.928362829060E0,-2.220033854807E0));
#2775=CARTESIAN_POINT('',(2.172554214906E1,1.928362829060E0,-2.065683843055E0));
#2776=CARTESIAN_POINT('',(2.188626244912E1,1.928362829060E0,-1.840011170584E0));
#2777=CARTESIAN_POINT('',(2.198538809352E1,1.928362829060E0,-1.691694520202E0));
#2778=CARTESIAN_POINT('',(2.203270110647E1,1.928362829060E0,-1.618088538640E0));
#2780=DIRECTION('',(1.E0,-2.327075426473E-14,5.158907245291E-14));
#2781=VECTOR('',#2780,5.982701106470E0);
#2782=CARTESIAN_POINT('',(1.605E1,1.258649446766E0,-2.180044790717E0));
#2783=LINE('',#2782,#2781);
#2784=CARTESIAN_POINT('',(2.203270110647E1,1.258649446766E0,-2.180044790717E0));
#2785=CARTESIAN_POINT('',(2.198530379255E1,1.331266344653E0,-2.192849109070E0));
#2786=CARTESIAN_POINT('',(2.188605655729E1,1.477496803172E0,-2.218633484308E0));
#2787=CARTESIAN_POINT('',(2.172529386605E1,1.699776601998E0,-2.257827410108E0));
#2788=CARTESIAN_POINT('',(2.160971843038E1,1.851590294820E0,-2.284596260193E0));
#2789=CARTESIAN_POINT('',(2.155E1,1.928362829060E0,-2.298133329357E0));
#2791=DIRECTION('',(1.E0,0.E0,0.E0));
#2792=VECTOR('',#2791,5.5E0);
#2793=CARTESIAN_POINT('',(1.605E1,1.026060429977E0,-2.819077862358E0));
#2794=LINE('',#2793,#2792);
#2795=CARTESIAN_POINT('',(2.155E1,1.026060429977E0,-2.819077862358E0));
#2796=CARTESIAN_POINT('',(2.160982766849E1,1.052772023456E0,-2.745688362437E0));
#2797=CARTESIAN_POINT('',(2.172554214906E1,1.105562836597E0,-2.600646795376E0));
#2798=CARTESIAN_POINT('',(2.188626244912E1,1.182747436380E0,-2.388583850343E0));
#2799=CARTESIAN_POINT('',(2.198538809352E1,1.233474718402E0,-2.249211788437E0));
#2800=CARTESIAN_POINT('',(2.203270110647E1,1.258649446766E0,-2.180044790717E0));
#2802=CARTESIAN_POINT('',(2.198542996066E1,4.999999999997E-1,
-2.515356731500E0));
#2803=CARTESIAN_POINT('',(2.194190511357E1,5.571765822675E-1,
-2.548367646663E0));
#2804=CARTESIAN_POINT('',(2.185141893032E1,6.722573826503E-1,
-2.614809577744E0));
#2805=CARTESIAN_POINT('',(2.170638724274E1,8.470117603610E-1,
-2.715704064757E0));
#2806=CARTESIAN_POINT('',(2.160314110158E1,9.659835710385E-1,
-2.784392471678E0));
#2807=CARTESIAN_POINT('',(2.155E1,1.026060429977E0,-2.819077862358E0));
#2809=DIRECTION('',(0.E0,0.E0,1.E0));
#2810=VECTOR('',#2809,4.898979485566E0);
#2811=CARTESIAN_POINT('',(2.205E1,-5.E-1,-2.449489742783E0));
#2812=LINE('',#2811,#2810);
#2813=DIRECTION('',(-1.E0,2.588773983128E-14,-1.304113599015E-13));
#2814=VECTOR('',#2813,5.935429960651E0);
#2815=CARTESIAN_POINT('',(2.198542996065E1,-5.000000000002E-1,
2.515356731502E0));
#2816=LINE('',#2815,#2814);
#2817=CARTESIAN_POINT('',(2.205E1,0.E0,0.E0));
#2818=DIRECTION('',(-1.E0,0.E0,0.E0));
#2819=DIRECTION('',(0.E0,-2.E-1,-9.797958971133E-1));
#2820=AXIS2_PLACEMENT_3D('',#2817,#2818,#2819);
#2822=CARTESIAN_POINT('',(2.205E1,-5.E-1,-2.449489742783E0));
#2823=CARTESIAN_POINT('',(2.204282655120E1,-5.E-1,-2.456811113309E0));
#2824=CARTESIAN_POINT('',(2.202847885228E1,-5.E-1,-2.471451844992E0));
#2825=CARTESIAN_POINT('',(2.200695545951E1,-5.E-1,-2.493407464853E0));
#2826=CARTESIAN_POINT('',(2.199260535923E1,-5.000000000001E-1,
-2.508040945242E0));
#2827=CARTESIAN_POINT('',(2.198542996065E1,-5.000000000001E-1,
-2.515356731502E0));
#2829=CARTESIAN_POINT('',(2.155E1,-1.928362829059E0,-2.298133329357E0));
#2830=CARTESIAN_POINT('',(2.161320237753E1,-1.928362829059E0,
-2.215628485028E0));
#2831=CARTESIAN_POINT('',(2.173323610857E1,-1.928362829059E0,
-2.055257645583E0));
#2832=CARTESIAN_POINT('',(2.189400963657E1,-1.928362829059E0,
-1.828708205780E0));
#2833=CARTESIAN_POINT('',(2.198856453378E1,-1.928362829059E0,
-1.686752856403E0));
#2834=CARTESIAN_POINT('',(2.203270110647E1,-1.928362829059E0,
-1.618088538640E0));
#2836=CARTESIAN_POINT('',(2.203270110647E1,-1.928362829059E0,
-1.618088538640E0));
#2837=CARTESIAN_POINT('',(2.198756687985E1,-1.997512476059E0,
-1.605895590167E0));
#2838=CARTESIAN_POINT('',(2.189157817992E1,-2.139280664314E0,
-1.580898033572E0));
#2839=CARTESIAN_POINT('',(2.173079163109E1,-2.362155723007E0,
-1.541599147397E0));
#2840=CARTESIAN_POINT('',(2.161212936599E1,-2.518204238046E0,
-1.514083583897E0));
#2841=CARTESIAN_POINT('',(2.155E1,-2.598076211353E0,-1.5E0));
#2843=CARTESIAN_POINT('',(2.155E1,-2.598076211353E0,-1.5E0));
#2844=CARTESIAN_POINT('',(2.161320237753E1,-2.569857892670E0,
-1.422470806605E0));
#2845=CARTESIAN_POINT('',(2.173323610857E1,-2.515007835178E0,
-1.271771512188E0));
#2846=CARTESIAN_POINT('',(2.189400963657E1,-2.437523363306E0,
-1.058884675363E0));
#2847=CARTESIAN_POINT('',(2.198856453378E1,-2.388971774366E0,
-9.254902810723E-1));
#2848=CARTESIAN_POINT('',(2.203270110647E1,-2.365487194564E0,
-8.609669283591E-1));
#2850=CARTESIAN_POINT('',(2.203270110647E1,-2.365487194564E0,
-8.609669283591E-1));
#2851=CARTESIAN_POINT('',(2.198756687984E1,-2.426296373597E0,
-8.258587324753E-1));
#2852=CARTESIAN_POINT('',(2.189157817992E1,-2.550965226073E0,
-7.538811369387E-1));
#2853=CARTESIAN_POINT('',(2.173079163109E1,-2.746958263402E0,
-6.407245040772E-1));
#2854=CARTESIAN_POINT('',(2.161212936599E1,-2.884185024495E0,
-5.614965966204E-1));
#2855=CARTESIAN_POINT('',(2.155E1,-2.954423259036E0,-5.209445330008E-1));
#2857=CARTESIAN_POINT('',(2.155E1,-2.954423259036E0,-5.209445330008E-1));
#2858=CARTESIAN_POINT('',(2.161320237753E1,-2.901390167362E0,
-4.577421554718E-1));
#2859=CARTESIAN_POINT('',(2.173323610857E1,-2.798305778811E0,
-3.348909650768E-1));
#2860=CARTESIAN_POINT('',(2.189400963657E1,-2.652682605925E0,
-1.613440256237E-1));
#2861=CARTESIAN_POINT('',(2.198856453378E1,-2.561435466216E0,
-5.259991906282E-2));
#2862=CARTESIAN_POINT('',(2.203270110647E1,-2.517298893531E0,
-5.451806087410E-14));
#2864=CARTESIAN_POINT('',(2.203270110647E1,-2.517298893531E0,
-5.451806087410E-14));
#2865=CARTESIAN_POINT('',(2.198756687984E1,-2.562433120156E0,
5.378887672964E-2));
#2866=CARTESIAN_POINT('',(2.189157817992E1,-2.654965733329E0,
1.640649509099E-1));
#2867=CARTESIAN_POINT('',(2.173079163109E1,-2.800437096443E0,
3.374309705207E-1));
#2868=CARTESIAN_POINT('',(2.161212936599E1,-2.902290530952E0,
4.588151670152E-1));
#2869=CARTESIAN_POINT('',(2.155E1,-2.954423259036E0,5.209445330008E-1));
#2871=CARTESIAN_POINT('',(2.155E1,-2.954423259036E0,5.209445330008E-1));
#2872=CARTESIAN_POINT('',(2.161320237753E1,-2.882971967912E0,
5.621969551654E-1));
#2873=CARTESIAN_POINT('',(2.173323610857E1,-2.744086746926E0,
6.423823748880E-1));
#2874=CARTESIAN_POINT('',(2.189400963657E1,-2.547889176843E0,
7.556570947897E-1));
#2875=CARTESIAN_POINT('',(2.198856453378E1,-2.424952238080E0,
8.266347694777E-1));
#2876=CARTESIAN_POINT('',(2.203270110647E1,-2.365487194564E0,
8.609669283591E-1));
#2878=CARTESIAN_POINT('',(2.203270110647E1,-2.365487194564E0,
8.609669283591E-1));
#2879=CARTESIAN_POINT('',(2.198756687984E1,-2.389502614940E0,
9.269487535613E-1));
#2880=CARTESIAN_POINT('',(2.189157817992E1,-2.438738190024E0,1.062222384337E0));
#2881=CARTESIAN_POINT('',(2.173079163109E1,-2.516141885603E0,1.274887290123E0));
#2882=CARTESIAN_POINT('',(2.161212936599E1,-2.570336966130E0,1.423787050118E0));
#2883=CARTESIAN_POINT('',(2.155E1,-2.598076211353E0,1.5E0));
#2885=CARTESIAN_POINT('',(2.155E1,-2.598076211353E0,1.5E0));
#2886=CARTESIAN_POINT('',(2.161320237753E1,-2.516824800996E0,1.514326815867E0));
#2887=CARTESIAN_POINT('',(2.173323610857E1,-2.358890354953E0,1.542174919887E0));
#2888=CARTESIAN_POINT('',(2.189400963657E1,-2.135782710195E0,1.581514817260E0));
#2889=CARTESIAN_POINT('',(2.198856453378E1,-1.995983981547E0,1.606165104990E0));
#2890=CARTESIAN_POINT('',(2.203270110647E1,-1.928362829059E0,1.618088538640E0));
#2892=CARTESIAN_POINT('',(2.203270110647E1,-1.928362829059E0,1.618088538640E0));
#2893=CARTESIAN_POINT('',(2.198756687984E1,-1.928362829059E0,1.688304930409E0));
#2894=CARTESIAN_POINT('',(2.189157817992E1,-1.928362829059E0,1.832260121484E0));
#2895=CARTESIAN_POINT('',(2.173079163109E1,-1.928362829059E0,2.058573387206E0));
#2896=CARTESIAN_POINT('',(2.161212936598E1,-1.928362829059E0,2.217029202119E0));
#2897=CARTESIAN_POINT('',(2.155E1,-1.928362829059E0,2.298133329357E0));
#2899=CARTESIAN_POINT('',(2.198542996065E1,-5.000000000002E-1,
2.515356731502E0));
#2900=CARTESIAN_POINT('',(2.199260535923E1,-5.000000000002E-1,
2.508040945243E0));
#2901=CARTESIAN_POINT('',(2.200695545951E1,-4.999999999999E-1,
2.493407464854E0));
#2902=CARTESIAN_POINT('',(2.202847885228E1,-5.E-1,2.471451844992E0));
#2903=CARTESIAN_POINT('',(2.204282655120E1,-5.E-1,2.456811113309E0));
#2904=CARTESIAN_POINT('',(2.205E1,-5.E-1,2.449489742783E0));
#2906=DIRECTION('',(-1.E0,2.584097729546E-14,1.061696613312E-13));
#2907=VECTOR('',#2906,5.935429960651E0);
#2908=CARTESIAN_POINT('',(2.198542996065E1,-5.000000000001E-1,
-2.515356731502E0));
#2909=LINE('',#2908,#2907);
#2910=DIRECTION('',(1.E0,0.E0,0.E0));
#2911=VECTOR('',#2910,5.5E0);
#2912=CARTESIAN_POINT('',(1.605E1,-1.026060429976E0,-2.819077862358E0));
#2913=LINE('',#2912,#2911);
#2914=CARTESIAN_POINT('',(2.155E1,-1.026060429976E0,-2.819077862358E0));
#2915=CARTESIAN_POINT('',(2.160321552016E1,-9.658994396481E-1,
-2.784343898398E0));
#2916=CARTESIAN_POINT('',(2.170655680887E1,-8.468133110319E-1,
-2.715589489984E0));
#2917=CARTESIAN_POINT('',(2.185155730650E1,-6.720847866476E-1,
-2.614709929396E0));
#2918=CARTESIAN_POINT('',(2.194196221836E1,-5.571015663369E-1,
-2.548324336198E0));
#2919=CARTESIAN_POINT('',(2.198542996065E1,-5.000000000001E-1,
-2.515356731502E0));
#2921=DIRECTION('',(-5.393769698540E-14,-9.169408487518E-13,1.E0));
#2922=VECTOR('',#2921,6.586698871778E-2);
#2923=CARTESIAN_POINT('',(1.605E1,-5.E-1,2.449489742783E0));
#2924=LINE('',#2923,#2922);
#2925=DIRECTION('',(1.169728845925E-14,-8.660254037844E-1,5.000000000001E-1));
#2926=VECTOR('',#2925,6.074422617135E-1);
#2927=CARTESIAN_POINT('',(1.605E1,-5.000000000001E-1,2.515356731501E0));
#2928=LINE('',#2927,#2926);
#2929=DIRECTION('',(0.E0,-3.420201433256E-1,-9.396926207859E-1));
#2930=VECTOR('',#2929,6.800447907170E-1);
#2931=CARTESIAN_POINT('',(1.605E1,-1.026060429976E0,2.819077862358E0));
#2932=LINE('',#2931,#2930);
#2933=DIRECTION('',(0.E0,-9.848077530122E-1,1.736481776669E-1));
#2934=VECTOR('',#2933,6.800447907173E-1);
#2935=CARTESIAN_POINT('',(1.605E1,-1.258649446765E0,2.180044790717E0));
#2936=LINE('',#2935,#2934);
#2937=DIRECTION('',(1.044846965169E-14,-9.848077530122E-1,-1.736481776670E-1));
#2938=VECTOR('',#2937,6.800447907174E-1);
#2939=CARTESIAN_POINT('',(1.605E1,-1.928362829059E0,1.618088538640E0));
#2940=LINE('',#2939,#2938);
#2941=DIRECTION('',(0.E0,3.420201433257E-1,-9.396926207859E-1));
#2942=VECTOR('',#2941,6.800447907171E-1);
#2943=CARTESIAN_POINT('',(1.605E1,-2.598076211353E0,1.5E0));
#2944=LINE('',#2943,#2942);
#2945=DIRECTION('',(0.E0,-8.660254037844E-1,-5.000000000001E-1));
#2946=VECTOR('',#2945,6.800447907168E-1);
#2947=CARTESIAN_POINT('',(1.605E1,-2.365487194564E0,8.609669283592E-1));
#2948=LINE('',#2947,#2946);
#2949=DIRECTION('',(0.E0,6.427876096866E-1,-7.660444431189E-1));
#2950=VECTOR('',#2949,6.800447907172E-1);
#2951=CARTESIAN_POINT('',(1.605E1,-2.954423259036E0,5.209445330008E-1));
#2952=LINE('',#2951,#2950);
#2953=DIRECTION('',(0.E0,-6.427876096866E-1,-7.660444431189E-1));
#2954=VECTOR('',#2953,6.800447907169E-1);
#2955=CARTESIAN_POINT('',(1.605E1,-2.517298893531E0,-1.202131617708E-13));
#2956=LINE('',#2955,#2954);
#2957=DIRECTION('',(0.E0,8.660254037844E-1,-5.E-1));
#2958=VECTOR('',#2957,6.800447907167E-1);
#2959=CARTESIAN_POINT('',(1.605E1,-2.954423259036E0,-5.209445330008E-1));
#2960=LINE('',#2959,#2958);
#2961=DIRECTION('',(0.E0,-3.420201433257E-1,-9.396926207859E-1));
#2962=VECTOR('',#2961,6.800447907172E-1);
#2963=CARTESIAN_POINT('',(1.605E1,-2.365487194564E0,-8.609669283591E-1));
#2964=LINE('',#2963,#2962);
#2965=DIRECTION('',(0.E0,9.848077530122E-1,-1.736481776670E-1));
#2966=VECTOR('',#2965,6.800447907173E-1);
#2967=CARTESIAN_POINT('',(1.605E1,-2.598076211353E0,-1.5E0));
#2968=LINE('',#2967,#2966);
#2969=DIRECTION('',(1.044846965169E-14,9.848077530122E-1,1.736481776669E-1));
#2970=VECTOR('',#2969,6.800447907174E-1);
#2971=CARTESIAN_POINT('',(1.605E1,-1.928362829059E0,-2.298133329357E0));
#2972=LINE('',#2971,#2970);
#2973=DIRECTION('',(0.E0,3.420201433256E-1,-9.396926207859E-1));
#2974=VECTOR('',#2973,6.800447907173E-1);
#2975=CARTESIAN_POINT('',(1.605E1,-1.258649446765E0,-2.180044790717E0));
#2976=LINE('',#2975,#2974);
#2977=DIRECTION('',(0.E0,8.660254037844E-1,5.000000000001E-1));
#2978=VECTOR('',#2977,6.074422617134E-1);
#2979=CARTESIAN_POINT('',(1.605E1,-1.026060429976E0,-2.819077862358E0));
#2980=LINE('',#2979,#2978);
#2981=DIRECTION('',(5.393769698507E-14,-1.307146375373E-12,1.E0));
#2982=VECTOR('',#2981,6.586698871818E-2);
#2983=CARTESIAN_POINT('',(1.605E1,-4.999999999999E-1,-2.515356731501E0));
#2984=LINE('',#2983,#2982);
#2985=CARTESIAN_POINT('',(1.605E1,4.195676700998E-13,0.E0));
#2986=DIRECTION('',(-1.E0,0.E0,0.E0));
#2987=DIRECTION('',(0.E0,-2.000000000002E-1,-9.797958971132E-1));
#2988=AXIS2_PLACEMENT_3D('',#2985,#2986,#2987);
#2990=CARTESIAN_POINT('',(2.198542996065E1,-5.000000000002E-1,
2.515356731502E0));
#2991=CARTESIAN_POINT('',(2.194190511358E1,-5.571765822443E-1,
2.548367646652E0));
#2992=CARTESIAN_POINT('',(2.185141893036E1,-6.722573826019E-1,
2.614809577715E0));
#2993=CARTESIAN_POINT('',(2.170638724277E1,-8.470117603148E-1,
2.715704064730E0));
#2994=CARTESIAN_POINT('',(2.160314110159E1,-9.659835710183E-1,
2.784392471666E0));
#2995=CARTESIAN_POINT('',(2.155E1,-1.026060429976E0,2.819077862358E0));
#2997=DIRECTION('',(1.E0,0.E0,2.390007383920E-14));
#2998=VECTOR('',#2997,5.5E0);
#2999=CARTESIAN_POINT('',(1.605E1,-1.026060429976E0,2.819077862358E0));
#3000=LINE('',#2999,#2998);
#3001=CARTESIAN_POINT('',(2.155E1,-1.026060429976E0,2.819077862358E0));
#3002=CARTESIAN_POINT('',(2.160982766849E1,-1.052772023455E0,2.745688362437E0));
#3003=CARTESIAN_POINT('',(2.172554214906E1,-1.105562836596E0,2.600646795377E0));
#3004=CARTESIAN_POINT('',(2.188626244912E1,-1.182747436379E0,2.388583850343E0));
#3005=CARTESIAN_POINT('',(2.198538809352E1,-1.233474718401E0,2.249211788437E0));
#3006=CARTESIAN_POINT('',(2.203270110647E1,-1.258649446765E0,2.180044790717E0));
#3008=DIRECTION('',(1.E0,1.777781705392E-14,-3.251224997752E-14));
#3009=VECTOR('',#3008,5.982701106470E0);
#3010=CARTESIAN_POINT('',(1.605E1,-1.258649446765E0,2.180044790717E0));
#3011=LINE('',#3010,#3009);
#3012=CARTESIAN_POINT('',(2.203270110647E1,-1.258649446765E0,2.180044790717E0));
#3013=CARTESIAN_POINT('',(2.198543716882E1,-1.331062000364E0,2.192813077658E0));
#3014=CARTESIAN_POINT('',(2.188638215970E1,-1.477030623942E0,2.218551284332E0));
#3015=CARTESIAN_POINT('',(2.172557294873E1,-1.699405409747E0,2.257761958899E0));
#3016=CARTESIAN_POINT('',(2.160984034186E1,-1.851433568444E0,2.284568625105E0));
#3017=CARTESIAN_POINT('',(2.155E1,-1.928362829059E0,2.298133329357E0));
#3019=DIRECTION('',(0.E0,-3.199843830833E-14,1.E0));
#3020=VECTOR('',#3019,6.800447907169E-1);
#3021=CARTESIAN_POINT('',(1.605E1,-1.928362829059E0,1.618088538640E0));
#3022=LINE('',#3021,#3020);
#3023=DIRECTION('',(1.E0,0.E0,1.622944203270E-14));
#3024=VECTOR('',#3023,5.5E0);
#3025=CARTESIAN_POINT('',(1.605E1,-1.928362829059E0,2.298133329357E0));
#3026=LINE('',#3025,#3024);
#3027=DIRECTION('',(1.E0,2.928329364414E-14,-2.583165066707E-14));
#3028=VECTOR('',#3027,5.982701106470E0);
#3029=CARTESIAN_POINT('',(1.605E1,-1.928362829059E0,1.618088538640E0));
#3030=LINE('',#3029,#3028);
#3031=DIRECTION('',(1.E0,0.E0,0.E0));
#3032=VECTOR('',#3031,5.5E0);
#3033=CARTESIAN_POINT('',(1.605E1,-2.598076211353E0,1.5E0));
#3034=LINE('',#3033,#3032);
#3035=DIRECTION('',(1.E0,3.837633159447E-14,-1.297149699446E-14));
#3036=VECTOR('',#3035,5.982701106470E0);
#3037=CARTESIAN_POINT('',(1.605E1,-2.365487194564E0,8.609669283592E-1));
#3038=LINE('',#3037,#3036);
#3039=DIRECTION('',(1.E0,-1.550275059840E-14,0.E0));
#3040=VECTOR('',#3039,5.5E0);
#3041=CARTESIAN_POINT('',(1.605E1,-2.954423259036E0,5.209445330008E-1));
#3042=LINE('',#3041,#3040);
#3043=DIRECTION('',(1.E0,3.711444061361E-14,1.098084288811E-14));
#3044=VECTOR('',#3043,5.982701106470E0);
#3045=CARTESIAN_POINT('',(1.605E1,-2.517298893531E0,-1.202131617708E-13));
#3046=LINE('',#3045,#3044);
#3047=DIRECTION('',(1.E0,-3.229739708E-14,0.E0));
#3048=VECTOR('',#3047,5.5E0);
#3049=CARTESIAN_POINT('',(1.605E1,-2.954423259036E0,-5.209445330008E-1));
#3050=LINE('',#3049,#3048);
#3051=DIRECTION('',(1.E0,3.562986298906E-14,0.E0));
#3052=VECTOR('',#3051,5.982701106470E0);
#3053=CARTESIAN_POINT('',(1.605E1,-2.365487194564E0,-8.609669283591E-1));
#3054=LINE('',#3053,#3052);
#3055=DIRECTION('',(1.E0,0.E0,0.E0));
#3056=VECTOR('',#3055,5.5E0);
#3057=CARTESIAN_POINT('',(1.605E1,-2.598076211353E0,-1.5E0));
#3058=LINE('',#3057,#3056);
#3059=DIRECTION('',(0.E0,2.089693930339E-14,1.E0));
#3060=VECTOR('',#3059,6.800447907170E-1);
#3061=CARTESIAN_POINT('',(1.605E1,-1.928362829059E0,-2.298133329357E0));
#3062=LINE('',#3061,#3060);
#3063=DIRECTION('',(1.E0,3.173284672463E-14,2.557184958278E-14));
#3064=VECTOR('',#3063,5.982701106470E0);
#3065=CARTESIAN_POINT('',(1.605E1,-1.928362829059E0,-1.618088538640E0));
#3066=LINE('',#3065,#3064);
#3067=DIRECTION('',(1.E0,0.E0,0.E0));
#3068=VECTOR('',#3067,5.5E0);
#3069=CARTESIAN_POINT('',(1.605E1,-1.928362829059E0,-2.298133329357E0));
#3070=LINE('',#3069,#3068);
#3071=CARTESIAN_POINT('',(2.155E1,-1.928362829059E0,-2.298133329357E0));
#3072=CARTESIAN_POINT('',(2.160993339137E1,-1.851313946296E0,
-2.284547532493E0));
#3073=CARTESIAN_POINT('',(2.172578520219E1,-1.699122391806E0,
-2.257712055200E0));
#3074=CARTESIAN_POINT('',(2.188659562164E1,-1.476724451806E0,
-2.218497297924E0));
#3075=CARTESIAN_POINT('',(2.198552458528E1,-1.330928070573E0,
-2.192789462223E0));
#3076=CARTESIAN_POINT('',(2.203270110647E1,-1.258649446765E0,
-2.180044790717E0));
#3078=DIRECTION('',(1.E0,1.633035386999E-14,3.956399369410E-14));
#3079=VECTOR('',#3078,5.982701106470E0);
#3080=CARTESIAN_POINT('',(1.605E1,-1.258649446765E0,-2.180044790717E0));
#3081=LINE('',#3080,#3079);
#3082=CARTESIAN_POINT('',(2.203270110647E1,-1.258649446765E0,
-2.180044790717E0));
#3083=CARTESIAN_POINT('',(2.198530379255E1,-1.233429862792E0,
-2.249335028211E0));
#3084=CARTESIAN_POINT('',(2.188605655728E1,-1.182644557508E0,
-2.388866507720E0));
#3085=CARTESIAN_POINT('',(2.172529386604E1,-1.105447593512E0,
-2.600963423149E0));
#3086=CARTESIAN_POINT('',(2.160971843038E1,-1.052723251306E0,
-2.745822362814E0));
#3087=CARTESIAN_POINT('',(2.155E1,-1.026060429976E0,-2.819077862358E0));
#3089=DIRECTION('',(9.999995626260E-1,-8.589535413776E-5,-9.313269067918E-4));
#3090=VECTOR('',#3089,9.150887682350E-2);
#3091=CARTESIAN_POINT('',(8.950078274245E0,2.019972389928E-6,3.499954801105E0));
#3092=LINE('',#3091,#3090);
#3093=DIRECTION('',(9.999998920360E-1,1.236493337088E-4,4.479273157529E-4));
#3094=VECTOR('',#3093,9.142010905581E-2);
#3095=CARTESIAN_POINT('',(8.650160968986E0,-4.654461403329E-6,
-3.499907035414E0));
#3096=LINE('',#3095,#3094);
#3097=DIRECTION('',(9.999992137482E-1,-1.071583383365E-4,1.249407850308E-3));
#3098=VECTOR('',#3097,9.144848291309E-2);
#3099=CARTESIAN_POINT('',(8.350281125811E0,7.398751280049E-6,3.499837600877E0));
#3100=LINE('',#3099,#3098);
#3101=DIRECTION('',(9.999992022909E-1,7.207624525754E-5,-1.261040291030E-3));
#3102=VECTOR('',#3101,9.156030511533E-2);
#3103=CARTESIAN_POINT('',(9.250226280114E0,-5.851893804188E-6,
-3.499869297801E0));
#3104=LINE('',#3103,#3102);
#3105=DIRECTION('',(9.999998514308E-1,-1.673397419282E-4,-5.187829762233E-4));
#3106=VECTOR('',#3105,9.126841835970E-2);
#3107=CARTESIAN_POINT('',(9.550231291734E0,6.632942940937E-6,3.499866403159E0));
#3108=LINE('',#3107,#3106);
#3109=DIRECTION('',(1.E0,0.E0,0.E0));
#3110=VECTOR('',#3109,2.E-1);
#3111=CARTESIAN_POINT('',(-2.4E0,3.65E0,2.95E0));
#3112=LINE('',#3111,#3110);
#3113=DIRECTION('',(1.E0,0.E0,0.E0));
#3114=VECTOR('',#3113,2.E-1);
#3115=CARTESIAN_POINT('',(-2.4E0,3.65E0,4.65E0));
#3116=LINE('',#3115,#3114);
#3117=CARTESIAN_POINT('',(-2.4E0,3.65E0,3.8E0));
#3118=DIRECTION('',(1.E0,0.E0,0.E0));
#3119=DIRECTION('',(0.E0,0.E0,-1.E0));
#3120=AXIS2_PLACEMENT_3D('',#3117,#3118,#3119);
#3122=CARTESIAN_POINT('',(-2.4E0,3.65E0,3.8E0));
#3123=DIRECTION('',(1.E0,0.E0,0.E0));
#3124=DIRECTION('',(0.E0,0.E0,1.E0));
#3125=AXIS2_PLACEMENT_3D('',#3122,#3123,#3124);
#3127=DIRECTION('',(1.E0,0.E0,0.E0));
#3128=VECTOR('',#3127,6.E-1);
#3129=CARTESIAN_POINT('',(3.45E0,-6.3E0,4.8E0));
#3130=LINE('',#3129,#3128);
#3131=DIRECTION('',(-1.E0,0.E0,0.E0));
#3132=VECTOR('',#3131,6.E-1);
#3133=CARTESIAN_POINT('',(4.05E0,-6.5E0,4.6E0));
#3134=LINE('',#3133,#3132);
#3135=DIRECTION('',(1.E0,0.E0,0.E0));
#3136=VECTOR('',#3135,7.E-1);
#3137=CARTESIAN_POINT('',(-2.5E0,-6.3E0,4.8E0));
#3138=LINE('',#3137,#3136);
#3139=DIRECTION('',(-1.E0,0.E0,0.E0));
#3140=VECTOR('',#3139,7.E-1);
#3141=CARTESIAN_POINT('',(-1.8E0,-6.5E0,4.6E0));
#3142=LINE('',#3141,#3140);
#3143=DIRECTION('',(0.E0,0.E0,1.E0));
#3144=VECTOR('',#3143,6.E-1);
#3145=CARTESIAN_POINT('',(-2.5E0,-6.5E0,4.E0));
#3146=LINE('',#3145,#3144);
#3147=DIRECTION('',(0.E0,1.E0,0.E0));
#3148=VECTOR('',#3147,5.E0);
#3149=CARTESIAN_POINT('',(-2.5E0,-2.55E0,-4.E0));
#3150=LINE('',#3149,#3148);
#3151=DIRECTION('',(1.E0,0.E0,0.E0));
#3152=VECTOR('',#3151,1.E-1);
#3153=CARTESIAN_POINT('',(-2.6E0,-2.55E0,-4.E0));
#3154=LINE('',#3153,#3152);
#3155=DIRECTION('',(0.E0,0.E0,1.E0));
#3156=VECTOR('',#3155,8.E0);
#3157=CARTESIAN_POINT('',(-2.5E0,2.45E0,-4.E0));
#3158=LINE('',#3157,#3156);
#3159=DIRECTION('',(1.E0,0.E0,0.E0));
#3160=VECTOR('',#3159,1.E-1);
#3161=CARTESIAN_POINT('',(-2.6E0,2.45E0,-4.E0));
#3162=LINE('',#3161,#3160);
#3163=DIRECTION('',(0.E0,-1.E0,0.E0));
#3164=VECTOR('',#3163,5.E0);
#3165=CARTESIAN_POINT('',(-2.5E0,2.45E0,4.E0));
#3166=LINE('',#3165,#3164);
#3167=DIRECTION('',(1.E0,0.E0,0.E0));
#3168=VECTOR('',#3167,1.E-1);
#3169=CARTESIAN_POINT('',(-2.6E0,2.45E0,4.E0));
#3170=LINE('',#3169,#3168);
#3171=DIRECTION('',(0.E0,0.E0,-1.E0));
#3172=VECTOR('',#3171,8.E0);
#3173=CARTESIAN_POINT('',(-2.5E0,-2.55E0,4.E0));
#3174=LINE('',#3173,#3172);
#3175=DIRECTION('',(1.E0,0.E0,0.E0));
#3176=VECTOR('',#3175,1.E-1);
#3177=CARTESIAN_POINT('',(-2.6E0,-2.55E0,4.E0));
#3178=LINE('',#3177,#3176);
#3179=DIRECTION('',(0.E0,1.E0,0.E0));
#3180=VECTOR('',#3179,5.E0);
#3181=CARTESIAN_POINT('',(-2.6E0,-2.55E0,-4.E0));
#3182=LINE('',#3181,#3180);
#3183=DIRECTION('',(0.E0,0.E0,1.E0));
#3184=VECTOR('',#3183,8.E0);
#3185=CARTESIAN_POINT('',(-2.6E0,2.45E0,-4.E0));
#3186=LINE('',#3185,#3184);
#3187=DIRECTION('',(0.E0,-1.E0,0.E0));
#3188=VECTOR('',#3187,5.E0);
#3189=CARTESIAN_POINT('',(-2.6E0,2.45E0,4.E0));
#3190=LINE('',#3189,#3188);
#3191=DIRECTION('',(0.E0,0.E0,-1.E0));
#3192=VECTOR('',#3191,8.E0);
#3193=CARTESIAN_POINT('',(-2.6E0,-2.55E0,4.E0));
#3194=LINE('',#3193,#3192);
#3195=DIRECTION('',(0.E0,1.E0,0.E0));
#3196=VECTOR('',#3195,5.710190578787E-2);
#3197=CARTESIAN_POINT('',(2.2E0,-9.603168381924E0,-4.E-1));
#3198=LINE('',#3197,#3196);
#3199=DIRECTION('',(3.420201433257E-1,9.396926207859E-1,0.E0));
#3200=VECTOR('',#3199,1.233578079979E0);
#3201=CARTESIAN_POINT('',(2.2E0,-9.546066476136E0,-4.E-1));
#3202=LINE('',#3201,#3200);
#3203=CARTESIAN_POINT('',(2.34E0,-8.284278317364E0,-4.E-1));
#3204=DIRECTION('',(0.E0,0.E0,1.E0));
#3205=DIRECTION('',(9.397002753704E-1,-3.419991117953E-1,0.E0));
#3206=AXIS2_PLACEMENT_3D('',#3203,#3204,#3205);
#3208=CARTESIAN_POINT('',(2.34E0,-8.284278317364E0,-4.E-1));
#3209=DIRECTION('',(0.E0,0.E0,1.E0));
#3210=DIRECTION('',(1.E0,0.E0,0.E0));
#3211=AXIS2_PLACEMENT_3D('',#3208,#3209,#3210);
#3213=DIRECTION('',(-6.018149706325E-1,7.986355496236E-1,0.E0));
#3214=VECTOR('',#3213,6.311952473057E-1);
#3215=CARTESIAN_POINT('',(2.579862749221E0,-8.104094963252E0,-4.E-1));
#3216=LINE('',#3215,#3214);
#3217=DIRECTION('',(3.552713678801E-14,1.E0,0.E0));
#3218=VECTOR('',#3217,1.3E0);
#3219=CARTESIAN_POINT('',(2.2E0,-7.6E0,-4.E-1));
#3220=LINE('',#3219,#3218);
#3221=DIRECTION('',(0.E0,-1.E0,0.E0));
#3222=VECTOR('',#3221,1.400378595851E0);
#3223=CARTESIAN_POINT('',(1.9E0,-6.3E0,-4.E-1));
#3224=LINE('',#3223,#3222);
#3225=DIRECTION('',(6.018150231520E-1,-7.986355100473E-1,0.E0));
#3226=VECTOR('',#3225,7.311216620939E-1);
#3227=CARTESIAN_POINT('',(1.9E0,-7.700378595851E0,-4.E-1));
#3228=LINE('',#3227,#3226);
#3229=DIRECTION('',(-3.420201433257E-1,-9.396926207859E-1,0.E0));
#3230=VECTOR('',#3229,1.286473936072E0);
#3231=CARTESIAN_POINT('',(2.34E0,-8.284278317364E0,-4.E-1));
#3232=LINE('',#3231,#3230);
#3233=DIRECTION('',(1.130408897800E-13,-1.E0,0.E0));
#3234=VECTOR('',#3233,1.1E-1);
#3235=CARTESIAN_POINT('',(1.9E0,-9.493168381924E0,-4.E-1));
#3236=LINE('',#3235,#3234);
#3237=DIRECTION('',(1.E0,0.E0,0.E0));
#3238=VECTOR('',#3237,3.E-1);
#3239=CARTESIAN_POINT('',(1.9E0,-9.603168381924E0,4.E-1));
#3240=LINE('',#3239,#3238);
#3241=DIRECTION('',(-1.E0,0.E0,0.E0));
#3242=VECTOR('',#3241,3.E-1);
#3243=CARTESIAN_POINT('',(2.2E0,-9.603168381924E0,-4.E-1));
#3244=LINE('',#3243,#3242);
#3245=DIRECTION('',(3.420201433257E-1,9.396926207859E-1,0.E0));
#3246=VECTOR('',#3245,1.286473936072E0);
#3247=CARTESIAN_POINT('',(1.9E0,-9.493168381924E0,4.E-1));
#3248=LINE('',#3247,#3246);
#3249=DIRECTION('',(-6.018150231520E-1,7.986355100473E-1,0.E0));
#3250=VECTOR('',#3249,7.311216620939E-1);
#3251=CARTESIAN_POINT('',(2.34E0,-8.284278317364E0,4.E-1));
#3252=LINE('',#3251,#3250);
#3253=DIRECTION('',(1.E0,0.E0,0.E0));
#3254=VECTOR('',#3253,3.E-1);
#3255=CARTESIAN_POINT('',(1.9E0,-6.3E0,4.E-1));
#3256=LINE('',#3255,#3254);
#3257=DIRECTION('',(6.018148131353E-1,-7.986356683062E-1,0.E0));
#3258=VECTOR('',#3257,6.313774739831E-1);
#3259=CARTESIAN_POINT('',(2.2E0,-7.6E0,4.E-1));
#3260=LINE('',#3259,#3258);
#3261=CARTESIAN_POINT('',(2.34E0,-8.284278317364E0,4.E-1));
#3262=DIRECTION('',(0.E0,0.E0,-1.E0));
#3263=DIRECTION('',(8.002572186636E-1,5.996568885427E-1,0.E0));
#3264=AXIS2_PLACEMENT_3D('',#3261,#3262,#3263);
#3266=CARTESIAN_POINT('',(2.34E0,-8.284278317364E0,4.E-1));
#3267=DIRECTION('',(0.E0,0.E0,-1.E0));
#3268=DIRECTION('',(1.E0,0.E0,0.E0));
#3269=AXIS2_PLACEMENT_3D('',#3266,#3267,#3268);
#3271=DIRECTION('',(-3.420201433257E-1,-9.396926207859E-1,0.E0));
#3272=VECTOR('',#3271,1.233578079985E0);
#3273=CARTESIAN_POINT('',(2.621908551720E0,-8.386882257211E0,4.E-1));
#3274=LINE('',#3273,#3272);
#3275=CARTESIAN_POINT('',(1.9E0,-9.603168381924E0,0.E0));
#3276=DIRECTION('',(1.E0,0.E0,0.E0));
#3277=DIRECTION('',(0.E0,0.E0,1.E0));
#3278=AXIS2_PLACEMENT_3D('',#3275,#3276,#3277);
#3280=DIRECTION('',(0.E0,0.E0,1.E0));
#3281=VECTOR('',#3280,8.E-1);
#3282=CARTESIAN_POINT('',(1.9E0,-9.493168381924E0,-4.E-1));
#3283=LINE('',#3282,#3281);
#3284=DIRECTION('',(1.190966517325E-13,-1.E0,0.E0));
#3285=VECTOR('',#3284,1.1E-1);
#3286=CARTESIAN_POINT('',(1.9E0,-9.493168381924E0,4.E-1));
#3287=LINE('',#3286,#3285);
#3288=DIRECTION('',(0.E0,0.E0,1.E0));
#3289=VECTOR('',#3288,8.E-1);
#3290=CARTESIAN_POINT('',(2.34E0,-8.284278317364E0,-4.E-1));
#3291=LINE('',#3290,#3289);
#3292=DIRECTION('',(0.E0,0.E0,1.E0));
#3293=VECTOR('',#3292,8.E-1);
#3294=CARTESIAN_POINT('',(1.9E0,-7.700378595851E0,-4.E-1));
#3295=LINE('',#3294,#3293);
#3296=DIRECTION('',(0.E0,0.E0,1.E0));
#3297=VECTOR('',#3296,8.E-1);
#3298=CARTESIAN_POINT('',(1.9E0,-6.3E0,-4.E-1));
#3299=LINE('',#3298,#3297);
#3300=DIRECTION('',(0.E0,-1.E0,0.E0));
#3301=VECTOR('',#3300,1.400378595851E0);
#3302=CARTESIAN_POINT('',(1.9E0,-6.3E0,4.E-1));
#3303=LINE('',#3302,#3301);
#3304=DIRECTION('',(0.E0,-1.110223024625E-14,1.E0));
#3305=VECTOR('',#3304,8.E-1);
#3306=CARTESIAN_POINT('',(2.2E0,-7.6E0,-4.E-1));
#3307=LINE('',#3306,#3305);
#3308=DIRECTION('',(3.586874387251E-14,1.E0,0.E0));
#3309=VECTOR('',#3308,1.3E0);
#3310=CARTESIAN_POINT('',(2.2E0,-7.6E0,4.E-1));
#3311=LINE('',#3310,#3309);
#3312=DIRECTION('',(1.369591243890E-4,-1.820095405913E-4,9.999999740574E-1));
#3313=VECTOR('',#3312,8.000000207541E-1);
#3314=CARTESIAN_POINT('',(2.579862749221E0,-8.104094963252E0,-4.E-1));
#3315=LINE('',#3314,#3313);
#3316=DIRECTION('',(2.580713420741E-12,7.087663789207E-12,1.E0));
#3317=VECTOR('',#3316,8.E-1);
#3318=CARTESIAN_POINT('',(2.621908551718E0,-8.386882257217E0,-4.E-1));
#3319=LINE('',#3318,#3317);
#3320=DIRECTION('',(0.E0,0.E0,1.E0));
#3321=VECTOR('',#3320,8.E-1);
#3322=CARTESIAN_POINT('',(2.2E0,-9.546066476136E0,-4.E-1));
#3323=LINE('',#3322,#3321);
#3324=CARTESIAN_POINT('',(2.2E0,-9.603168381924E0,0.E0));
#3325=DIRECTION('',(-1.E0,0.E0,0.E0));
#3326=DIRECTION('',(0.E0,0.E0,-1.E0));
#3327=AXIS2_PLACEMENT_3D('',#3324,#3325,#3326);
#3329=DIRECTION('',(0.E0,1.E0,0.E0));
#3330=VECTOR('',#3329,5.710190578787E-2);
#3331=CARTESIAN_POINT('',(2.2E0,-9.603168381924E0,4.E-1));
#3332=LINE('',#3331,#3330);
#3333=DIRECTION('',(0.E0,1.E0,0.E0));
#3334=VECTOR('',#3333,3.303168381924E0);
#3335=CARTESIAN_POINT('',(2.2E0,-9.603168381924E0,2.1E0));
#3336=LINE('',#3335,#3334);
#3337=DIRECTION('',(0.E0,-1.E0,0.E0));
#3338=VECTOR('',#3337,3.303168381924E0);
#3339=CARTESIAN_POINT('',(1.9E0,-6.3E0,2.1E0));
#3340=LINE('',#3339,#3338);
#3341=DIRECTION('',(1.E0,0.E0,0.E0));
#3342=VECTOR('',#3341,3.E-1);
#3343=CARTESIAN_POINT('',(1.9E0,-9.603168381924E0,2.9E0));
#3344=LINE('',#3343,#3342);
#3345=DIRECTION('',(-1.E0,0.E0,0.E0));
#3346=VECTOR('',#3345,3.E-1);
#3347=CARTESIAN_POINT('',(2.2E0,-9.603168381924E0,2.1E0));
#3348=LINE('',#3347,#3346);
#3349=DIRECTION('',(1.E0,0.E0,0.E0));
#3350=VECTOR('',#3349,3.E-1);
#3351=CARTESIAN_POINT('',(1.9E0,-6.3E0,2.9E0));
#3352=LINE('',#3351,#3350);
#3353=CARTESIAN_POINT('',(1.9E0,-9.603168381924E0,2.5E0));
#3354=DIRECTION('',(1.E0,0.E0,0.E0));
#3355=DIRECTION('',(0.E0,0.E0,1.E0));
#3356=AXIS2_PLACEMENT_3D('',#3353,#3354,#3355);
#3358=DIRECTION('',(0.E0,0.E0,1.E0));
#3359=VECTOR('',#3358,8.E-1);
#3360=CARTESIAN_POINT('',(1.9E0,-6.3E0,2.1E0));
#3361=LINE('',#3360,#3359);
#3362=DIRECTION('',(0.E0,-1.E0,0.E0));
#3363=VECTOR('',#3362,3.303168381924E0);
#3364=CARTESIAN_POINT('',(1.9E0,-6.3E0,2.9E0));
#3365=LINE('',#3364,#3363);
#3366=CARTESIAN_POINT('',(2.2E0,-9.603168381924E0,2.5E0));
#3367=DIRECTION('',(-1.E0,0.E0,0.E0));
#3368=DIRECTION('',(0.E0,0.E0,-1.E0));
#3369=AXIS2_PLACEMENT_3D('',#3366,#3367,#3368);
#3371=DIRECTION('',(0.E0,1.E0,0.E0));
#3372=VECTOR('',#3371,3.303168381924E0);
#3373=CARTESIAN_POINT('',(2.2E0,-9.603168381924E0,2.9E0));
#3374=LINE('',#3373,#3372);
#3375=DIRECTION('',(0.E0,0.E0,-1.E0));
#3376=VECTOR('',#3375,8.E-1);
#3377=CARTESIAN_POINT('',(-3.E-1,-6.3E0,-2.1E0));
#3378=LINE('',#3377,#3376);
#3379=CARTESIAN_POINT('',(-3.E-1,-9.603168381924E0,-2.5E0));
#3380=DIRECTION('',(-1.E0,0.E0,0.E0));
#3381=DIRECTION('',(0.E0,0.E0,-1.E0));
#3382=AXIS2_PLACEMENT_3D('',#3379,#3380,#3381);
#3384=DIRECTION('',(0.E0,1.E0,0.E0));
#3385=VECTOR('',#3384,3.303168381924E0);
#3386=CARTESIAN_POINT('',(-3.E-1,-9.603168381924E0,-2.9E0));
#3387=LINE('',#3386,#3385);
#3388=DIRECTION('',(0.E0,-1.E0,0.E0));
#3389=VECTOR('',#3388,3.303168381924E0);
#3390=CARTESIAN_POINT('',(-6.E-1,-6.3E0,-2.1E0));
#3391=LINE('',#3390,#3389);
#3392=CARTESIAN_POINT('',(-6.E-1,-9.603168381924E0,-2.5E0));
#3393=DIRECTION('',(1.E0,0.E0,0.E0));
#3394=DIRECTION('',(0.E0,0.E0,1.E0));
#3395=AXIS2_PLACEMENT_3D('',#3392,#3393,#3394);
#3397=DIRECTION('',(0.E0,1.E0,0.E0));
#3398=VECTOR('',#3397,3.303168381924E0);
#3399=CARTESIAN_POINT('',(-6.E-1,-9.603168381924E0,-2.9E0));
#3400=LINE('',#3399,#3398);
#3401=DIRECTION('',(1.E0,0.E0,0.E0));
#3402=VECTOR('',#3401,3.E-1);
#3403=CARTESIAN_POINT('',(-6.E-1,-6.3E0,-2.1E0));
#3404=LINE('',#3403,#3402);
#3405=DIRECTION('',(0.E0,-1.E0,0.E0));
#3406=VECTOR('',#3405,3.303168381924E0);
#3407=CARTESIAN_POINT('',(-3.E-1,-6.3E0,-2.1E0));
#3408=LINE('',#3407,#3406);
#3409=DIRECTION('',(-1.E0,0.E0,0.E0));
#3410=VECTOR('',#3409,3.E-1);
#3411=CARTESIAN_POINT('',(-3.E-1,-9.603168381924E0,-2.9E0));
#3412=LINE('',#3411,#3410);
#3413=DIRECTION('',(1.E0,0.E0,0.E0));
#3414=VECTOR('',#3413,3.E-1);
#3415=CARTESIAN_POINT('',(-6.E-1,-9.603168381924E0,-2.1E0));
#3416=LINE('',#3415,#3414);
#3417=DIRECTION('',(0.E0,0.E0,-1.E0));
#3418=VECTOR('',#3417,8.E-1);
#3419=CARTESIAN_POINT('',(-3.E-1,-6.3E0,2.9E0));
#3420=LINE('',#3419,#3418);
#3421=CARTESIAN_POINT('',(-3.E-1,-9.603168381924E0,2.5E0));
#3422=DIRECTION('',(-1.E0,0.E0,0.E0));
#3423=DIRECTION('',(0.E0,0.E0,-1.E0));
#3424=AXIS2_PLACEMENT_3D('',#3421,#3422,#3423);
#3426=DIRECTION('',(0.E0,1.E0,0.E0));
#3427=VECTOR('',#3426,3.303168381924E0);
#3428=CARTESIAN_POINT('',(-3.E-1,-9.603168381924E0,2.1E0));
#3429=LINE('',#3428,#3427);
#3430=DIRECTION('',(0.E0,-1.E0,0.E0));
#3431=VECTOR('',#3430,3.303168381924E0);
#3432=CARTESIAN_POINT('',(-6.E-1,-6.3E0,2.9E0));
#3433=LINE('',#3432,#3431);
#3434=CARTESIAN_POINT('',(-6.E-1,-9.603168381924E0,2.5E0));
#3435=DIRECTION('',(1.E0,0.E0,0.E0));
#3436=DIRECTION('',(0.E0,0.E0,1.E0));
#3437=AXIS2_PLACEMENT_3D('',#3434,#3435,#3436);
#3439=DIRECTION('',(0.E0,1.E0,0.E0));
#3440=VECTOR('',#3439,3.303168381924E0);
#3441=CARTESIAN_POINT('',(-6.E-1,-9.603168381924E0,2.1E0));
#3442=LINE('',#3441,#3440);
#3443=DIRECTION('',(1.E0,0.E0,0.E0));
#3444=VECTOR('',#3443,3.E-1);
#3445=CARTESIAN_POINT('',(-6.E-1,-6.3E0,2.9E0));
#3446=LINE('',#3445,#3444);
#3447=DIRECTION('',(0.E0,-1.E0,0.E0));
#3448=VECTOR('',#3447,3.303168381924E0);
#3449=CARTESIAN_POINT('',(-3.E-1,-6.3E0,2.9E0));
#3450=LINE('',#3449,#3448);
#3451=DIRECTION('',(-1.E0,0.E0,0.E0));
#3452=VECTOR('',#3451,3.E-1);
#3453=CARTESIAN_POINT('',(-3.E-1,-9.603168381924E0,2.1E0));
#3454=LINE('',#3453,#3452);
#3455=DIRECTION('',(1.E0,0.E0,0.E0));
#3456=VECTOR('',#3455,3.E-1);
#3457=CARTESIAN_POINT('',(-6.E-1,-9.603168381924E0,2.9E0));
#3458=LINE('',#3457,#3456);
#3459=DIRECTION('',(1.E0,0.E0,0.E0));
#3460=VECTOR('',#3459,3.E-1);
#3461=CARTESIAN_POINT('',(-6.E-1,-6.3E0,4.E-1));
#3462=LINE('',#3461,#3460);
#3463=DIRECTION('',(-6.018150231520E-1,-7.986355100473E-1,0.E0));
#3464=VECTOR('',#3463,7.311216620939E-1);
#3465=CARTESIAN_POINT('',(-3.E-1,-7.700378595851E0,4.E-1));
#3466=LINE('',#3465,#3464);
#3467=DIRECTION('',(3.420201433256E-1,-9.396926207859E-1,0.E0));
#3468=VECTOR('',#3467,1.286473936072E0);
#3469=CARTESIAN_POINT('',(-7.4E-1,-8.284278317364E0,4.E-1));
#3470=LINE('',#3469,#3468);
#3471=DIRECTION('',(-3.420201433256E-1,9.396926207859E-1,0.E0));
#3472=VECTOR('',#3471,1.233575841859E0);
#3473=CARTESIAN_POINT('',(-6.E-1,-9.546066476137E0,4.E-1));
#3474=LINE('',#3473,#3472);
#3475=CARTESIAN_POINT('',(-7.4E-1,-8.284278317364E0,4.E-1));
#3476=DIRECTION('',(0.E0,0.E0,-1.E0));
#3477=DIRECTION('',(-9.396926207846E-1,-3.420201433294E-1,0.E0));
#3478=AXIS2_PLACEMENT_3D('',#3475,#3476,#3477);
#3480=CARTESIAN_POINT('',(-7.4E-1,-8.284278317364E0,4.E-1));
#3481=DIRECTION('',(0.E0,0.E0,-1.E0));
#3482=DIRECTION('',(-1.E0,0.E0,0.E0));
#3483=AXIS2_PLACEMENT_3D('',#3480,#3481,#3482);
#3485=DIRECTION('',(6.018150231519E-1,7.986355100474E-1,0.E0));
#3486=VECTOR('',#3485,6.310152038417E-1);
#3487=CARTESIAN_POINT('',(-9.797544295092E-1,-8.103951149168E0,4.E-1));
#3488=LINE('',#3487,#3486);
#3489=DIRECTION('',(0.E0,0.E0,1.E0));
#3490=VECTOR('',#3489,8.E-1);
#3491=CARTESIAN_POINT('',(-3.E-1,-7.700378595851E0,-4.E-1));
#3492=LINE('',#3491,#3490);
#3493=DIRECTION('',(0.E0,1.E0,0.E0));
#3494=VECTOR('',#3493,1.400378595851E0);
#3495=CARTESIAN_POINT('',(-3.E-1,-7.700378595851E0,4.E-1));
#3496=LINE('',#3495,#3494);
#3497=DIRECTION('',(0.E0,-1.E0,0.E0));
#3498=VECTOR('',#3497,1.3E0);
#3499=CARTESIAN_POINT('',(-6.E-1,-6.3E0,-4.E-1));
#3500=LINE('',#3499,#3498);
#3501=DIRECTION('',(-6.018150231519E-1,-7.986355100474E-1,0.E0));
#3502=VECTOR('',#3501,6.310152038417E-1);
#3503=CARTESIAN_POINT('',(-6.E-1,-7.6E0,-4.E-1));
#3504=LINE('',#3503,#3502);
#3505=CARTESIAN_POINT('',(-7.4E-1,-8.284278317364E0,-4.E-1));
#3506=DIRECTION('',(0.E0,0.E0,1.E0));
#3507=DIRECTION('',(-8.002703116471E-1,5.996394152291E-1,0.E0));
#3508=AXIS2_PLACEMENT_3D('',#3505,#3506,#3507);
#3510=CARTESIAN_POINT('',(-7.4E-1,-8.284278317364E0,-4.E-1));
#3511=DIRECTION('',(0.E0,0.E0,1.E0));
#3512=DIRECTION('',(-1.E0,0.E0,0.E0));
#3513=AXIS2_PLACEMENT_3D('',#3510,#3511,#3512);
#3515=DIRECTION('',(3.420201433256E-1,-9.396926207859E-1,0.E0));
#3516=VECTOR('',#3515,1.233575841859E0);
#3517=CARTESIAN_POINT('',(-1.021907786236E0,-8.386884360362E0,-4.E-1));
#3518=LINE('',#3517,#3516);
#3519=DIRECTION('',(0.E0,-1.E0,0.E0));
#3520=VECTOR('',#3519,4.571019057830E-1);
#3521=CARTESIAN_POINT('',(-6.E-1,-9.546066476137E0,-4.E-1));
#3522=LINE('',#3521,#3520);
#3523=DIRECTION('',(1.E0,0.E0,0.E0));
#3524=VECTOR('',#3523,3.E-1);
#3525=CARTESIAN_POINT('',(-6.E-1,-1.000316838192E1,-4.E-1));
#3526=LINE('',#3525,#3524);
#3527=DIRECTION('',(-5.583768741542E-14,1.E0,0.E0));
#3528=VECTOR('',#3527,5.099999999959E-1);
#3529=CARTESIAN_POINT('',(-3.E-1,-1.000316838192E1,-4.E-1));
#3530=LINE('',#3529,#3528);
#3531=DIRECTION('',(-3.420201433256E-1,9.396926207859E-1,0.E0));
#3532=VECTOR('',#3531,1.286473936072E0);
#3533=CARTESIAN_POINT('',(-3.E-1,-9.493168381924E0,-4.E-1));
#3534=LINE('',#3533,#3532);
#3535=DIRECTION('',(6.018150231520E-1,7.986355100473E-1,0.E0));
#3536=VECTOR('',#3535,7.311216620939E-1);
#3537=CARTESIAN_POINT('',(-7.4E-1,-8.284278317364E0,-4.E-1));
#3538=LINE('',#3537,#3536);
#3539=DIRECTION('',(0.E0,1.E0,0.E0));
#3540=VECTOR('',#3539,1.400378595851E0);
#3541=CARTESIAN_POINT('',(-3.E-1,-7.700378595851E0,-4.E-1));
#3542=LINE('',#3541,#3540);
#3543=DIRECTION('',(0.E0,0.E0,1.E0));
#3544=VECTOR('',#3543,8.E-1);
#3545=CARTESIAN_POINT('',(-6.E-1,-6.3E0,-4.E-1));
#3546=LINE('',#3545,#3544);
#3547=DIRECTION('',(0.E0,-1.E0,0.E0));
#3548=VECTOR('',#3547,1.3E0);
#3549=CARTESIAN_POINT('',(-6.E-1,-6.3E0,4.E-1));
#3550=LINE('',#3549,#3548);
#3551=DIRECTION('',(0.E0,0.E0,1.E0));
#3552=VECTOR('',#3551,8.E-1);
#3553=CARTESIAN_POINT('',(-6.E-1,-7.6E0,-4.E-1));
#3554=LINE('',#3553,#3552);
#3555=DIRECTION('',(0.E0,0.E0,-1.E0));
#3556=VECTOR('',#3555,8.E-1);
#3557=CARTESIAN_POINT('',(-1.021907786236E0,-8.386884360362E0,4.E-1));
#3558=LINE('',#3557,#3556);
#3559=DIRECTION('',(0.E0,0.E0,1.E0));
#3560=VECTOR('',#3559,8.E-1);
#3561=CARTESIAN_POINT('',(-9.797544295092E-1,-8.103951149168E0,-4.E-1));
#3562=LINE('',#3561,#3560);
#3563=DIRECTION('',(0.E0,-1.E0,0.E0));
#3564=VECTOR('',#3563,4.571019057830E-1);
#3565=CARTESIAN_POINT('',(-6.E-1,-9.546066476137E0,4.E-1));
#3566=LINE('',#3565,#3564);
#3567=DIRECTION('',(0.E0,0.E0,1.E0));
#3568=VECTOR('',#3567,8.E-1);
#3569=CARTESIAN_POINT('',(-6.E-1,-9.546066476137E0,-4.E-1));
#3570=LINE('',#3569,#3568);
#3571=DIRECTION('',(1.E0,0.E0,0.E0));
#3572=VECTOR('',#3571,3.E-1);
#3573=CARTESIAN_POINT('',(-6.E-1,-1.000316838192E1,4.E-1));
#3574=LINE('',#3573,#3572);
#3575=DIRECTION('',(0.E0,0.E0,1.E0));
#3576=VECTOR('',#3575,8.E-1);
#3577=CARTESIAN_POINT('',(-6.E-1,-1.000316838192E1,-4.E-1));
#3578=LINE('',#3577,#3576);
#3579=DIRECTION('',(-5.583768741542E-14,1.E0,0.E0));
#3580=VECTOR('',#3579,5.099999999959E-1);
#3581=CARTESIAN_POINT('',(-3.E-1,-1.000316838192E1,4.E-1));
#3582=LINE('',#3581,#3580);
#3583=DIRECTION('',(0.E0,0.E0,1.E0));
#3584=VECTOR('',#3583,8.E-1);
#3585=CARTESIAN_POINT('',(-3.E-1,-1.000316838192E1,-4.E-1));
#3586=LINE('',#3585,#3584);
#3587=DIRECTION('',(0.E0,0.E0,1.E0));
#3588=VECTOR('',#3587,8.E-1);
#3589=CARTESIAN_POINT('',(-3.E-1,-9.493168381924E0,-4.E-1));
#3590=LINE('',#3589,#3588);
#3591=DIRECTION('',(0.E0,0.E0,1.E0));
#3592=VECTOR('',#3591,8.E-1);
#3593=CARTESIAN_POINT('',(-7.4E-1,-8.284278317364E0,-4.E-1));
#3594=LINE('',#3593,#3592);
#3595=CARTESIAN_POINT('',(1.605E1,-2.365487194564E0,-8.609669283591E-1));
#3596=CARTESIAN_POINT('',(1.605E1,-2.598076211353E0,-1.5E0));
#3597=VERTEX_POINT('',#3595);
#3598=VERTEX_POINT('',#3596);
#3599=CARTESIAN_POINT('',(2.203270110647E1,-2.365487194564E0,
-8.609669283591E-1));
#3600=VERTEX_POINT('',#3599);
#3601=VERTEX_POINT('',#2843);
#3602=CARTESIAN_POINT('',(1.605E1,-5.E-1,2.449489742783E0));
#3603=CARTESIAN_POINT('',(1.605E1,-5.000000000001E-1,2.515356731501E0));
#3604=VERTEX_POINT('',#3602);
#3605=VERTEX_POINT('',#3603);
#3606=CARTESIAN_POINT('',(1.605E1,-1.026060429976E0,2.819077862358E0));
#3607=VERTEX_POINT('',#3606);
#3608=CARTESIAN_POINT('',(1.605E1,-1.258649446765E0,2.180044790717E0));
#3609=VERTEX_POINT('',#3608);
#3610=CARTESIAN_POINT('',(1.605E1,-1.928362829059E0,2.298133329357E0));
#3611=VERTEX_POINT('',#3610);
#3612=CARTESIAN_POINT('',(1.605E1,-1.928362829059E0,1.618088538640E0));
#3613=VERTEX_POINT('',#3612);
#3614=CARTESIAN_POINT('',(1.605E1,-2.598076211353E0,1.5E0));
#3615=VERTEX_POINT('',#3614);
#3616=CARTESIAN_POINT('',(1.605E1,-2.365487194564E0,8.609669283592E-1));
#3617=VERTEX_POINT('',#3616);
#3618=CARTESIAN_POINT('',(1.605E1,-2.954423259036E0,5.209445330008E-1));
#3619=VERTEX_POINT('',#3618);
#3620=CARTESIAN_POINT('',(1.605E1,-2.517298893531E0,-1.202371535669E-13));
#3621=VERTEX_POINT('',#3620);
#3622=CARTESIAN_POINT('',(1.605E1,-2.954423259036E0,-5.209445330008E-1));
#3623=VERTEX_POINT('',#3622);
#3624=CARTESIAN_POINT('',(1.605E1,-1.928362829059E0,-1.618088538640E0));
#3625=VERTEX_POINT('',#3624);
#3626=CARTESIAN_POINT('',(1.605E1,-1.928362829059E0,-2.298133329357E0));
#3627=VERTEX_POINT('',#3626);
#3628=CARTESIAN_POINT('',(1.605E1,-1.258649446765E0,-2.180044790717E0));
#3629=VERTEX_POINT('',#3628);
#3630=CARTESIAN_POINT('',(1.605E1,-1.026060429976E0,-2.819077862358E0));
#3631=VERTEX_POINT('',#3630);
#3632=CARTESIAN_POINT('',(1.605E1,-4.999999999999E-1,-2.515356731501E0));
#3633=VERTEX_POINT('',#3632);
#3634=CARTESIAN_POINT('',(1.605E1,-5.E-1,-2.449489742783E0));
#3635=VERTEX_POINT('',#3634);
#3636=CARTESIAN_POINT('',(1.605E1,5.E-1,-2.449489742783E0));
#3637=CARTESIAN_POINT('',(1.605E1,4.999999999999E-1,-2.515356731500E0));
#3638=VERTEX_POINT('',#3636);
#3639=VERTEX_POINT('',#3637);
#3640=CARTESIAN_POINT('',(1.605E1,1.026060429977E0,-2.819077862358E0));
#3641=VERTEX_POINT('',#3640);
#3642=CARTESIAN_POINT('',(1.605E1,1.258649446766E0,-2.180044790717E0));
#3643=VERTEX_POINT('',#3642);
#3644=CARTESIAN_POINT('',(1.605E1,1.928362829060E0,-2.298133329357E0));
#3645=VERTEX_POINT('',#3644);
#3646=CARTESIAN_POINT('',(1.605E1,1.928362829060E0,-1.618088538640E0));
#3647=VERTEX_POINT('',#3646);
#3648=CARTESIAN_POINT('',(1.605E1,2.598076211353E0,-1.5E0));
#3649=VERTEX_POINT('',#3648);
#3650=CARTESIAN_POINT('',(1.605E1,2.365487194564E0,-8.609669283595E-1));
#3651=VERTEX_POINT('',#3650);
#3652=CARTESIAN_POINT('',(1.605E1,2.954423259037E0,-5.209445330008E-1));
#3653=VERTEX_POINT('',#3652);
#3654=CARTESIAN_POINT('',(1.605E1,2.517298893532E0,-1.202371535669E-13));
#3655=VERTEX_POINT('',#3654);
#3656=CARTESIAN_POINT('',(1.605E1,2.954423259037E0,5.209445330005E-1));
#3657=VERTEX_POINT('',#3656);
#3658=CARTESIAN_POINT('',(1.605E1,2.365487194564E0,8.609669283592E-1));
#3659=VERTEX_POINT('',#3658);
#3660=CARTESIAN_POINT('',(1.605E1,2.598076211353E0,1.5E0));
#3661=VERTEX_POINT('',#3660);
#3662=CARTESIAN_POINT('',(1.605E1,1.928362829060E0,1.618088538640E0));
#3663=VERTEX_POINT('',#3662);
#3664=CARTESIAN_POINT('',(1.605E1,1.928362829060E0,2.298133329357E0));
#3665=VERTEX_POINT('',#3664);
#3666=CARTESIAN_POINT('',(1.605E1,1.258649446766E0,2.180044790717E0));
#3667=VERTEX_POINT('',#3666);
#3668=CARTESIAN_POINT('',(1.605E1,1.026060429977E0,2.819077862358E0));
#3669=VERTEX_POINT('',#3668);
#3670=CARTESIAN_POINT('',(1.605E1,5.E-1,2.515356731500E0));
#3671=VERTEX_POINT('',#3670);
#3672=CARTESIAN_POINT('',(1.605E1,5.E-1,2.449489742783E0));
#3673=VERTEX_POINT('',#3672);
#3674=CARTESIAN_POINT('',(2.205E1,-5.E-1,-2.449489742783E0));
#3675=CARTESIAN_POINT('',(2.205E1,-5.E-1,2.449489742783E0));
#3676=VERTEX_POINT('',#3674);
#3677=VERTEX_POINT('',#3675);
#3678=VERTEX_POINT('',#2899);
#3679=CARTESIAN_POINT('',(2.198542996065E1,-5.000000000001E-1,
-2.515356731502E0));
#3680=VERTEX_POINT('',#3679);
#3681=CARTESIAN_POINT('',(2.205E1,5.E-1,-2.449489742783E0));
#3682=CARTESIAN_POINT('',(2.205E1,5.E-1,2.449489742783E0));
#3683=VERTEX_POINT('',#3681);
#3684=VERTEX_POINT('',#3682);
#3685=VERTEX_POINT('',#2914);
#3686=VERTEX_POINT('',#3082);
#3687=VERTEX_POINT('',#3071);
#3688=VERTEX_POINT('',#2834);
#3689=VERTEX_POINT('',#2855);
#3690=VERTEX_POINT('',#2862);
#3691=VERTEX_POINT('',#2869);
#3692=VERTEX_POINT('',#2876);
#3693=VERTEX_POINT('',#2883);
#3694=VERTEX_POINT('',#2890);
#3695=VERTEX_POINT('',#2897);
#3696=VERTEX_POINT('',#3012);
#3697=VERTEX_POINT('',#3001);
#3698=VERTEX_POINT('',#2624);
#3699=VERTEX_POINT('',#2641);
#3700=VERTEX_POINT('',#2652);
#3701=VERTEX_POINT('',#2663);
#3702=VERTEX_POINT('',#2674);
#3703=VERTEX_POINT('',#2685);
#3704=VERTEX_POINT('',#2696);
#3705=VERTEX_POINT('',#2707);
#3706=VERTEX_POINT('',#2718);
#3707=VERTEX_POINT('',#2729);
#3708=VERTEX_POINT('',#2740);
#3709=VERTEX_POINT('',#2751);
#3710=VERTEX_POINT('',#2762);
#3711=VERTEX_POINT('',#2773);
#3712=VERTEX_POINT('',#2784);
#3713=VERTEX_POINT('',#2795);
#3714=VERTEX_POINT('',#2802);
#3715=CARTESIAN_POINT('',(1.605E1,4.184019359239E-13,-2.5E0));
#3716=VERTEX_POINT('',#3715);
#3717=CARTESIAN_POINT('',(1.605E1,4.324462571855E-13,2.5E0));
#3718=VERTEX_POINT('',#3717);
#3719=CARTESIAN_POINT('',(1.355E1,4.195722665747E-13,2.5E0));
#3720=VERTEX_POINT('',#3719);
#3721=CARTESIAN_POINT('',(1.355E1,4.195676700998E-13,-2.5E0));
#3722=VERTEX_POINT('',#3721);
#3723=CARTESIAN_POINT('',(1.305E1,0.E0,-3.E0));
#3724=CARTESIAN_POINT('',(1.305E1,8.279310655464E-14,3.E0));
#3725=VERTEX_POINT('',#3723);
#3726=VERTEX_POINT('',#3724);
#3727=CARTESIAN_POINT('',(1.205E1,0.E0,-3.E0));
#3728=VERTEX_POINT('',#3727);
#3729=CARTESIAN_POINT('',(1.205E1,0.E0,3.E0));
#3730=VERTEX_POINT('',#3729);
#3731=CARTESIAN_POINT('',(1.205E1,-3.031088913303E0,1.749999999900E0));
#3732=CARTESIAN_POINT('',(1.205E1,-2.997050786279E-1,3.487144514620E0));
#3733=VERTEX_POINT('',#3731);
#3734=VERTEX_POINT('',#3732);
#3735=VERTEX_POINT('',#2165);
#3736=VERTEX_POINT('',#2218);
#3737=VERTEX_POINT('',#2196);
#3738=VERTEX_POINT('',#2235);
#3739=VERTEX_POINT('',#2255);
#3740=VERTEX_POINT('',#2435);
#3741=VERTEX_POINT('',#2361);
#3742=VERTEX_POINT('',#2383);
#3743=VERTEX_POINT('',#2117);
#3744=CARTESIAN_POINT('',(1.079581758784E1,1.824440744554E-6,
-3.059508047702E0));
#3745=VERTEX_POINT('',#3744);
#3746=VERTEX_POINT('',#2429);
#3747=CARTESIAN_POINT('',(1.105024240458E1,-5.876286584982E-6,
-3.499868465711E0));
#3748=VERTEX_POINT('',#3747);
#3749=VERTEX_POINT('',#1722);
#3750=VERTEX_POINT('',#1742);
#3751=VERTEX_POINT('',#1764);
#3752=VERTEX_POINT('',#1786);
#3753=VERTEX_POINT('',#2051);
#3754=CARTESIAN_POINT('',(9.050605671462E0,-3.030820762298E0,1.749863268067E0));
#3755=VERTEX_POINT('',#3754);
#3756=VERTEX_POINT('',#2067);
#3757=VERTEX_POINT('',#2089);
#3758=CARTESIAN_POINT('',(9.941731075888E0,2.109565754162E-6,
-3.499952745719E0));
#3759=VERTEX_POINT('',#3758);
#3760=VERTEX_POINT('',#1566);
#3761=CARTESIAN_POINT('',(9.641499696534E0,-8.639890633570E-6,
3.499819054657E0));
#3762=VERTEX_POINT('',#3761);
#3763=CARTESIAN_POINT('',(9.341786512191E0,7.474292031601E-7,
-3.499984759034E0));
#3764=VERTEX_POINT('',#3763);
#3765=VERTEX_POINT('',#1131);
#3766=CARTESIAN_POINT('',(9.041587111045E0,-5.840214991576E-6,
3.499869576426E0));
#3767=VERTEX_POINT('',#3766);
#3768=VERTEX_POINT('',#1065);
#3769=VERTEX_POINT('',#1085);
#3770=VERTEX_POINT('',#1107);
#3771=VERTEX_POINT('',#1382);
#3772=CARTESIAN_POINT('',(7.050153508544E0,3.030912869514E0,1.749893471484E0));
#3773=VERTEX_POINT('',#3772);
#3774=VERTEX_POINT('',#1018);
#3775=VERTEX_POINT('',#996);
#3776=VERTEX_POINT('',#1404);
#3777=CARTESIAN_POINT('',(8.141657936350E0,3.975983674907E-6,
-3.499910498475E0));
#3778=VERTEX_POINT('',#3777);
#3779=VERTEX_POINT('',#1440);
#3780=CARTESIAN_POINT('',(7.841527963619E0,-8.036101775438E-6,
3.499835394395E0));
#3781=VERTEX_POINT('',#3780);
#3782=CARTESIAN_POINT('',(7.541812909018E0,0.E0,-3.5E0));
#3783=VERTEX_POINT('',#3782);
#3784=CARTESIAN_POINT('',(7.05E0,3.170162832717E0,-1.483262489938E0));
#3785=VERTEX_POINT('',#3784);
#3786=VERTEX_POINT('',#1043);
#3787=CARTESIAN_POINT('',(7.05E0,2.65E0,4.8E0));
#3788=CARTESIAN_POINT('',(7.05E0,2.65E0,3.4E0));
#3789=VERTEX_POINT('',#3787);
#3790=VERTEX_POINT('',#3788);
#3791=CARTESIAN_POINT('',(7.05E0,3.65E0,2.4E0));
#3792=VERTEX_POINT('',#3791);
#3793=CARTESIAN_POINT('',(7.05E0,4.85E0,2.4E0));
#3794=VERTEX_POINT('',#3793);
#3795=CARTESIAN_POINT('',(7.05E0,4.85E0,-4.2E0));
#3796=VERTEX_POINT('',#3795);
#3797=CARTESIAN_POINT('',(7.05E0,4.25E0,-4.8E0));
#3798=VERTEX_POINT('',#3797);
#3799=CARTESIAN_POINT('',(7.05E0,-2.35E0,-4.8E0));
#3800=VERTEX_POINT('',#3799);
#3801=CARTESIAN_POINT('',(7.05E0,-2.35E0,-3.4E0));
#3802=VERTEX_POINT('',#3801);
#3803=CARTESIAN_POINT('',(7.05E0,-3.35E0,-2.4E0));
#3804=VERTEX_POINT('',#3803);
#3805=CARTESIAN_POINT('',(7.05E0,-4.05E0,-2.4E0));
#3806=VERTEX_POINT('',#3805);
#3807=CARTESIAN_POINT('',(7.05E0,-5.05E0,-3.4E0));
#3808=VERTEX_POINT('',#3807);
#3809=CARTESIAN_POINT('',(7.05E0,-5.05E0,-4.8E0));
#3810=VERTEX_POINT('',#3809);
#3811=CARTESIAN_POINT('',(7.05E0,-5.7E0,-4.8E0));
#3812=VERTEX_POINT('',#3811);
#3813=CARTESIAN_POINT('',(7.05E0,-6.3E0,-4.2E0));
#3814=VERTEX_POINT('',#3813);
#3815=CARTESIAN_POINT('',(7.05E0,-6.3E0,-9.732050807569E-1));
#3816=VERTEX_POINT('',#3815);
#3817=CARTESIAN_POINT('',(7.05E0,-6.2E0,-1.E0));
#3818=VERTEX_POINT('',#3817);
#3819=CARTESIAN_POINT('',(7.05E0,-5.8E0,-1.E0));
#3820=VERTEX_POINT('',#3819);
#3821=CARTESIAN_POINT('',(7.05E0,-5.6E0,-8.E-1));
#3822=VERTEX_POINT('',#3821);
#3823=CARTESIAN_POINT('',(7.05E0,-5.6E0,8.E-1));
#3824=VERTEX_POINT('',#3823);
#3825=CARTESIAN_POINT('',(7.05E0,-5.8E0,1.E0));
#3826=VERTEX_POINT('',#3825);
#3827=CARTESIAN_POINT('',(7.05E0,-6.2E0,1.E0));
#3828=VERTEX_POINT('',#3827);
#3829=CARTESIAN_POINT('',(7.05E0,-6.3E0,9.732050807569E-1));
#3830=VERTEX_POINT('',#3829);
#3831=CARTESIAN_POINT('',(7.05E0,-6.3E0,4.2E0));
#3832=VERTEX_POINT('',#3831);
#3833=CARTESIAN_POINT('',(7.05E0,-5.7E0,4.8E0));
#3834=VERTEX_POINT('',#3833);
#3835=CARTESIAN_POINT('',(6.25E0,2.65E0,4.8E0));
#3836=VERTEX_POINT('',#3835);
#3837=CARTESIAN_POINT('',(6.25E0,2.65E0,3.4E0));
#3838=VERTEX_POINT('',#3837);
#3839=CARTESIAN_POINT('',(-2.2E0,2.65E0,4.8E0));
#3840=CARTESIAN_POINT('',(-2.2E0,4.25E0,4.8E0));
#3841=VERTEX_POINT('',#3839);
#3842=VERTEX_POINT('',#3840);
#3843=CARTESIAN_POINT('',(3.E-1,4.25E0,4.8E0));
#3844=VERTEX_POINT('',#3843);
#3845=CARTESIAN_POINT('',(6.25E0,4.25E0,4.8E0));
#3846=VERTEX_POINT('',#3845);
#3847=CARTESIAN_POINT('',(5.05E0,-5.7E0,4.8E0));
#3848=VERTEX_POINT('',#3847);
#3849=CARTESIAN_POINT('',(5.05E0,-5.05E0,4.8E0));
#3850=VERTEX_POINT('',#3849);
#3851=CARTESIAN_POINT('',(4.55E0,-5.05E0,4.8E0));
#3852=VERTEX_POINT('',#3851);
#3853=CARTESIAN_POINT('',(4.55E0,-5.5E0,4.8E0));
#3854=VERTEX_POINT('',#3853);
#3855=CARTESIAN_POINT('',(4.05E0,-5.5E0,4.8E0));
#3856=VERTEX_POINT('',#3855);
#3857=CARTESIAN_POINT('',(4.05E0,-6.3E0,4.8E0));
#3858=VERTEX_POINT('',#3857);
#3859=CARTESIAN_POINT('',(3.45E0,-6.3E0,4.8E0));
#3860=VERTEX_POINT('',#3859);
#3861=CARTESIAN_POINT('',(3.45E0,-5.7E0,4.8E0));
#3862=VERTEX_POINT('',#3861);
#3863=CARTESIAN_POINT('',(7.E-1,-5.7E0,4.8E0));
#3864=VERTEX_POINT('',#3863);
#3865=CARTESIAN_POINT('',(-1.8E0,-5.7E0,4.8E0));
#3866=VERTEX_POINT('',#3865);
#3867=CARTESIAN_POINT('',(-1.8E0,-6.3E0,4.8E0));
#3868=VERTEX_POINT('',#3867);
#3869=CARTESIAN_POINT('',(-2.5E0,-6.3E0,4.8E0));
#3870=VERTEX_POINT('',#3869);
#3871=CARTESIAN_POINT('',(-2.5E0,2.65E0,4.8E0));
#3872=VERTEX_POINT('',#3871);
#3873=CARTESIAN_POINT('',(-2.2E0,4.85E0,2.729547868675E0));
#3874=CARTESIAN_POINT('',(-2.2E0,4.85E0,4.2E0));
#3875=VERTEX_POINT('',#3873);
#3876=VERTEX_POINT('',#3874);
#3877=CARTESIAN_POINT('',(-2.2E0,2.65E0,3.587532367147E0));
#3878=VERTEX_POINT('',#3877);
#3879=CARTESIAN_POINT('',(-2.2E0,3.507984498472E0,2.729547868675E0));
#3880=VERTEX_POINT('',#3879);
#3881=CARTESIAN_POINT('',(-2.2E0,3.65E0,4.65E0));
#3882=CARTESIAN_POINT('',(-2.2E0,3.65E0,2.95E0));
#3883=VERTEX_POINT('',#3881);
#3884=VERTEX_POINT('',#3882);
#3885=CARTESIAN_POINT('',(-2.5E0,4.85E0,2.729547868675E0));
#3886=VERTEX_POINT('',#3885);
#3887=CARTESIAN_POINT('',(-2.5E0,4.85E0,-4.2E0));
#3888=VERTEX_POINT('',#3887);
#3889=CARTESIAN_POINT('',(0.E0,4.85E0,-4.2E0));
#3890=VERTEX_POINT('',#3889);
#3891=CARTESIAN_POINT('',(6.25E0,4.85E0,2.4E0));
#3892=VERTEX_POINT('',#3891);
#3893=CARTESIAN_POINT('',(6.25E0,4.85E0,4.2E0));
#3894=VERTEX_POINT('',#3893);
#3895=CARTESIAN_POINT('',(3.E-1,4.85E0,4.2E0));
#3896=VERTEX_POINT('',#3895);
#3897=CARTESIAN_POINT('',(-2.5E0,3.507984498472E0,2.729547868675E0));
#3898=VERTEX_POINT('',#3897);
#3899=CARTESIAN_POINT('',(-2.5E0,2.65E0,3.587532367147E0));
#3900=VERTEX_POINT('',#3899);
#3901=CARTESIAN_POINT('',(-2.5E0,-4.6E0,-3.85E0));
#3902=CARTESIAN_POINT('',(-2.5E0,-4.6E0,-4.8E0));
#3903=VERTEX_POINT('',#3901);
#3904=VERTEX_POINT('',#3902);
#3905=CARTESIAN_POINT('',(-2.5E0,-3.65E0,-2.9E0));
#3906=VERTEX_POINT('',#3905);
#3907=CARTESIAN_POINT('',(-2.5E0,-2.7E0,-3.85E0));
#3908=VERTEX_POINT('',#3907);
#3909=CARTESIAN_POINT('',(-2.5E0,-2.7E0,-4.8E0));
#3910=VERTEX_POINT('',#3909);
#3911=CARTESIAN_POINT('',(-2.5E0,4.25E0,-4.8E0));
#3912=VERTEX_POINT('',#3911);
#3913=CARTESIAN_POINT('',(-2.5E0,-6.5E0,4.6E0));
#3914=VERTEX_POINT('',#3913);
#3915=CARTESIAN_POINT('',(-2.5E0,-6.5E0,4.E0));
#3916=VERTEX_POINT('',#3915);
#3917=CARTESIAN_POINT('',(-2.5E0,-6.3E0,3.8E0));
#3918=VERTEX_POINT('',#3917);
#3919=CARTESIAN_POINT('',(-2.5E0,-6.3E0,-3.8E0));
#3920=VERTEX_POINT('',#3919);
#3921=CARTESIAN_POINT('',(-2.5E0,-6.5E0,-4.E0));
#3922=VERTEX_POINT('',#3921);
#3923=CARTESIAN_POINT('',(-2.5E0,-6.5E0,-4.6E0));
#3924=VERTEX_POINT('',#3923);
#3925=CARTESIAN_POINT('',(-2.5E0,-6.3E0,-4.8E0));
#3926=VERTEX_POINT('',#3925);
#3927=CARTESIAN_POINT('',(-2.5E0,-2.55E0,-4.E0));
#3928=CARTESIAN_POINT('',(-2.5E0,2.45E0,-4.E0));
#3929=VERTEX_POINT('',#3927);
#3930=VERTEX_POINT('',#3928);
#3931=CARTESIAN_POINT('',(-2.5E0,-2.55E0,4.E0));
#3932=VERTEX_POINT('',#3931);
#3933=CARTESIAN_POINT('',(-2.5E0,2.45E0,4.E0));
#3934=VERTEX_POINT('',#3933);
#3935=CARTESIAN_POINT('',(-2.6E0,2.45E0,-4.E0));
#3936=VERTEX_POINT('',#3935);
#3937=CARTESIAN_POINT('',(-2.6E0,-2.55E0,-4.E0));
#3938=VERTEX_POINT('',#3937);
#3939=CARTESIAN_POINT('',(-2.6E0,2.45E0,4.E0));
#3940=VERTEX_POINT('',#3939);
#3941=CARTESIAN_POINT('',(-2.6E0,-2.55E0,4.E0));
#3942=VERTEX_POINT('',#3941);
#3943=CARTESIAN_POINT('',(-2.2E0,-4.6E0,-4.8E0));
#3944=VERTEX_POINT('',#3943);
#3945=CARTESIAN_POINT('',(-2.2E0,-4.6E0,-3.85E0));
#3946=VERTEX_POINT('',#3945);
#3947=CARTESIAN_POINT('',(-2.2E0,-2.7E0,-4.8E0));
#3948=VERTEX_POINT('',#3947);
#3949=CARTESIAN_POINT('',(-1.8E0,-6.3E0,-4.8E0));
#3950=VERTEX_POINT('',#3949);
#3951=CARTESIAN_POINT('',(-1.8E0,-5.7E0,-4.8E0));
#3952=VERTEX_POINT('',#3951);
#3953=CARTESIAN_POINT('',(7.E-1,-5.7E0,-4.8E0));
#3954=VERTEX_POINT('',#3953);
#3955=CARTESIAN_POINT('',(3.45E0,-5.7E0,-4.8E0));
#3956=VERTEX_POINT('',#3955);
#3957=CARTESIAN_POINT('',(3.45E0,-6.3E0,-4.8E0));
#3958=VERTEX_POINT('',#3957);
#3959=CARTESIAN_POINT('',(4.05E0,-6.3E0,-4.8E0));
#3960=VERTEX_POINT('',#3959);
#3961=CARTESIAN_POINT('',(4.05E0,-5.5E0,-4.8E0));
#3962=VERTEX_POINT('',#3961);
#3963=CARTESIAN_POINT('',(4.55E0,-5.5E0,-4.8E0));
#3964=VERTEX_POINT('',#3963);
#3965=CARTESIAN_POINT('',(4.55E0,-5.05E0,-4.8E0));
#3966=VERTEX_POINT('',#3965);
#3967=CARTESIAN_POINT('',(5.05E0,-5.05E0,-4.8E0));
#3968=VERTEX_POINT('',#3967);
#3969=CARTESIAN_POINT('',(5.05E0,-5.7E0,-4.8E0));
#3970=VERTEX_POINT('',#3969);
#3971=CARTESIAN_POINT('',(6.25E0,-5.05E0,-4.8E0));
#3972=VERTEX_POINT('',#3971);
#3973=CARTESIAN_POINT('',(6.25E0,-2.35E0,-4.8E0));
#3974=VERTEX_POINT('',#3973);
#3975=CARTESIAN_POINT('',(0.E0,4.25E0,-4.8E0));
#3976=VERTEX_POINT('',#3975);
#3977=CARTESIAN_POINT('',(-2.2E0,-2.7E0,-3.85E0));
#3978=VERTEX_POINT('',#3977);
#3979=CARTESIAN_POINT('',(-2.2E0,-3.65E0,-2.9E0));
#3980=VERTEX_POINT('',#3979);
#3981=CARTESIAN_POINT('',(-2.2E0,-3.65E0,-2.95E0));
#3982=CARTESIAN_POINT('',(-2.2E0,-3.65E0,-4.65E0));
#3983=VERTEX_POINT('',#3981);
#3984=VERTEX_POINT('',#3982);
#3985=CARTESIAN_POINT('',(-2.4E0,-3.65E0,-2.95E0));
#3986=VERTEX_POINT('',#3985);
#3987=CARTESIAN_POINT('',(-2.4E0,-3.65E0,-4.65E0));
#3988=VERTEX_POINT('',#3987);
#3989=CARTESIAN_POINT('',(-2.4E0,3.65E0,2.95E0));
#3990=CARTESIAN_POINT('',(-2.4E0,3.65E0,4.65E0));
#3991=VERTEX_POINT('',#3989);
#3992=VERTEX_POINT('',#3990);
#3993=CARTESIAN_POINT('',(-1.8E0,-6.5E0,-4.6E0));
#3994=VERTEX_POINT('',#3993);
#3995=CARTESIAN_POINT('',(-1.8E0,-6.5E0,-4.E0));
#3996=VERTEX_POINT('',#3995);
#3997=CARTESIAN_POINT('',(-1.8E0,-6.3E0,-3.8E0));
#3998=VERTEX_POINT('',#3997);
#3999=CARTESIAN_POINT('',(-1.8E0,-6.3E0,3.8E0));
#4000=CARTESIAN_POINT('',(-1.8E0,-6.3E0,4.2E0));
#4001=VERTEX_POINT('',#3999);
#4002=VERTEX_POINT('',#4000);
#4003=CARTESIAN_POINT('',(7.E-1,-6.3E0,4.2E0));
#4004=VERTEX_POINT('',#4003);
#4005=CARTESIAN_POINT('',(3.45E0,-6.3E0,4.2E0));
#4006=VERTEX_POINT('',#4005);
#4007=CARTESIAN_POINT('',(3.45E0,-6.3E0,3.8E0));
#4008=VERTEX_POINT('',#4007);
#4009=CARTESIAN_POINT('',(4.05E0,-6.3E0,3.8E0));
#4010=VERTEX_POINT('',#4009);
#4011=CARTESIAN_POINT('',(4.05E0,-6.3E0,-3.8E0));
#4012=VERTEX_POINT('',#4011);
#4013=CARTESIAN_POINT('',(3.45E0,-6.3E0,-3.8E0));
#4014=VERTEX_POINT('',#4013);
#4015=CARTESIAN_POINT('',(3.45E0,-6.3E0,-4.2E0));
#4016=VERTEX_POINT('',#4015);
#4017=CARTESIAN_POINT('',(7.E-1,-6.3E0,-4.2E0));
#4018=VERTEX_POINT('',#4017);
#4019=CARTESIAN_POINT('',(-1.8E0,-6.3E0,-4.2E0));
#4020=VERTEX_POINT('',#4019);
#4021=CARTESIAN_POINT('',(1.9E0,-6.3E0,-4.E-1));
#4022=CARTESIAN_POINT('',(2.2E0,-6.3E0,-4.E-1));
#4023=VERTEX_POINT('',#4021);
#4024=VERTEX_POINT('',#4022);
#4025=CARTESIAN_POINT('',(2.2E0,-6.3E0,4.E-1));
#4026=VERTEX_POINT('',#4025);
#4027=CARTESIAN_POINT('',(1.9E0,-6.3E0,4.E-1));
#4028=VERTEX_POINT('',#4027);
#4029=CARTESIAN_POINT('',(1.9E0,-6.3E0,2.1E0));
#4030=CARTESIAN_POINT('',(2.2E0,-6.3E0,2.1E0));
#4031=VERTEX_POINT('',#4029);
#4032=VERTEX_POINT('',#4030);
#4033=CARTESIAN_POINT('',(2.2E0,-6.3E0,2.9E0));
#4034=VERTEX_POINT('',#4033);
#4035=CARTESIAN_POINT('',(1.9E0,-6.3E0,2.9E0));
#4036=VERTEX_POINT('',#4035);
#4037=CARTESIAN_POINT('',(1.9E0,-6.3E0,-2.9E0));
#4038=CARTESIAN_POINT('',(2.2E0,-6.3E0,-2.9E0));
#4039=VERTEX_POINT('',#4037);
#4040=VERTEX_POINT('',#4038);
#4041=CARTESIAN_POINT('',(2.2E0,-6.3E0,-2.1E0));
#4042=VERTEX_POINT('',#4041);
#4043=CARTESIAN_POINT('',(1.9E0,-6.3E0,-2.1E0));
#4044=VERTEX_POINT('',#4043);
#4045=CARTESIAN_POINT('',(-3.E-1,-6.3E0,-2.1E0));
#4046=CARTESIAN_POINT('',(-3.E-1,-6.3E0,-2.9E0));
#4047=VERTEX_POINT('',#4045);
#4048=VERTEX_POINT('',#4046);
#4049=CARTESIAN_POINT('',(-6.E-1,-6.3E0,-2.1E0));
#4050=VERTEX_POINT('',#4049);
#4051=CARTESIAN_POINT('',(-6.E-1,-6.3E0,-2.9E0));
#4052=VERTEX_POINT('',#4051);
#4053=CARTESIAN_POINT('',(-3.E-1,-6.3E0,2.9E0));
#4054=CARTESIAN_POINT('',(-3.E-1,-6.3E0,2.1E0));
#4055=VERTEX_POINT('',#4053);
#4056=VERTEX_POINT('',#4054);
#4057=CARTESIAN_POINT('',(-6.E-1,-6.3E0,2.9E0));
#4058=VERTEX_POINT('',#4057);
#4059=CARTESIAN_POINT('',(-6.E-1,-6.3E0,2.1E0));
#4060=VERTEX_POINT('',#4059);
#4061=CARTESIAN_POINT('',(-6.E-1,-6.3E0,4.E-1));
#4062=CARTESIAN_POINT('',(-3.E-1,-6.3E0,4.E-1));
#4063=VERTEX_POINT('',#4061);
#4064=VERTEX_POINT('',#4062);
#4065=CARTESIAN_POINT('',(-6.E-1,-6.3E0,-4.E-1));
#4066=VERTEX_POINT('',#4065);
#4067=CARTESIAN_POINT('',(-3.E-1,-6.3E0,-4.E-1));
#4068=VERTEX_POINT('',#4067);
#4069=CARTESIAN_POINT('',(2.2E0,-9.603168381924E0,-4.E-1));
#4070=CARTESIAN_POINT('',(1.9E0,-9.603168381924E0,-4.E-1));
#4071=VERTEX_POINT('',#4069);
#4072=VERTEX_POINT('',#4070);
#4073=CARTESIAN_POINT('',(2.2E0,-9.546066476136E0,-4.E-1));
#4074=VERTEX_POINT('',#4073);
#4075=CARTESIAN_POINT('',(2.621908551718E0,-8.386882257217E0,-4.E-1));
#4076=VERTEX_POINT('',#4075);
#4077=CARTESIAN_POINT('',(2.64E0,-8.284278317364E0,-4.E-1));
#4078=CARTESIAN_POINT('',(2.580077165610E0,-8.104381250816E0,-4.E-1));
#4079=VERTEX_POINT('',#4077);
#4080=VERTEX_POINT('',#4078);
#4081=CARTESIAN_POINT('',(2.2E0,-7.6E0,-4.E-1));
#4082=VERTEX_POINT('',#4081);
#4083=CARTESIAN_POINT('',(1.9E0,-7.700378595851E0,-4.E-1));
#4084=VERTEX_POINT('',#4083);
#4085=CARTESIAN_POINT('',(2.34E0,-8.284278317364E0,-4.E-1));
#4086=VERTEX_POINT('',#4085);
#4087=CARTESIAN_POINT('',(1.9E0,-9.493168381924E0,-4.E-1));
#4088=VERTEX_POINT('',#4087);
#4089=CARTESIAN_POINT('',(1.9E0,-9.603168381924E0,4.E-1));
#4090=CARTESIAN_POINT('',(2.2E0,-9.603168381924E0,4.E-1));
#4091=VERTEX_POINT('',#4089);
#4092=VERTEX_POINT('',#4090);
#4093=CARTESIAN_POINT('',(1.9E0,-9.493168381924E0,4.E-1));
#4094=VERTEX_POINT('',#4093);
#4095=CARTESIAN_POINT('',(2.34E0,-8.284278317364E0,4.E-1));
#4096=VERTEX_POINT('',#4095);
#4097=CARTESIAN_POINT('',(1.9E0,-7.700378595851E0,4.E-1));
#4098=VERTEX_POINT('',#4097);
#4099=CARTESIAN_POINT('',(2.2E0,-7.6E0,4.E-1));
#4100=VERTEX_POINT('',#4099);
#4101=CARTESIAN_POINT('',(2.579972316523E0,-8.104240570888E0,4.E-1));
#4102=VERTEX_POINT('',#4101);
#4103=CARTESIAN_POINT('',(2.64E0,-8.284278317364E0,4.E-1));
#4104=VERTEX_POINT('',#4103);
#4105=CARTESIAN_POINT('',(2.621910082617E0,-8.386878050886E0,4.E-1));
#4106=VERTEX_POINT('',#4105);
#4107=CARTESIAN_POINT('',(2.2E0,-9.546066476136E0,4.E-1));
#4108=VERTEX_POINT('',#4107);
#4109=CARTESIAN_POINT('',(2.2E0,-9.603168381924E0,2.1E0));
#4110=CARTESIAN_POINT('',(1.9E0,-9.603168381924E0,2.1E0));
#4111=VERTEX_POINT('',#4109);
#4112=VERTEX_POINT('',#4110);
#4113=CARTESIAN_POINT('',(1.9E0,-9.603168381924E0,2.9E0));
#4114=CARTESIAN_POINT('',(2.2E0,-9.603168381924E0,2.9E0));
#4115=VERTEX_POINT('',#4113);
#4116=VERTEX_POINT('',#4114);
#4117=CARTESIAN_POINT('',(2.2E0,-9.603168381924E0,-2.9E0));
#4118=CARTESIAN_POINT('',(1.9E0,-9.603168381924E0,-2.9E0));
#4119=VERTEX_POINT('',#4117);
#4120=VERTEX_POINT('',#4118);
#4121=CARTESIAN_POINT('',(1.9E0,-9.603168381924E0,-2.1E0));
#4122=CARTESIAN_POINT('',(2.2E0,-9.603168381924E0,-2.1E0));
#4123=VERTEX_POINT('',#4121);
#4124=VERTEX_POINT('',#4122);
#4125=CARTESIAN_POINT('',(-3.E-1,-9.603168381924E0,-2.9E0));
#4126=VERTEX_POINT('',#4125);
#4127=CARTESIAN_POINT('',(-3.E-1,-9.603168381924E0,-2.1E0));
#4128=VERTEX_POINT('',#4127);
#4129=CARTESIAN_POINT('',(-3.E-1,-9.603168381924E0,2.1E0));
#4130=VERTEX_POINT('',#4129);
#4131=CARTESIAN_POINT('',(-3.E-1,-9.603168381924E0,2.9E0));
#4132=VERTEX_POINT('',#4131);
#4133=CARTESIAN_POINT('',(-6.E-1,-9.603168381924E0,-2.9E0));
#4134=VERTEX_POINT('',#4133);
#4135=CARTESIAN_POINT('',(-6.E-1,-9.603168381924E0,-2.1E0));
#4136=VERTEX_POINT('',#4135);
#4137=CARTESIAN_POINT('',(-6.E-1,-9.603168381924E0,2.9E0));
#4138=VERTEX_POINT('',#4137);
#4139=CARTESIAN_POINT('',(-6.E-1,-9.603168381924E0,2.1E0));
#4140=VERTEX_POINT('',#4139);
#4141=CARTESIAN_POINT('',(-3.E-1,-7.700378595851E0,4.E-1));
#4142=VERTEX_POINT('',#4141);
#4143=CARTESIAN_POINT('',(-7.4E-1,-8.284278317364E0,4.E-1));
#4144=VERTEX_POINT('',#4143);
#4145=CARTESIAN_POINT('',(-3.E-1,-9.493168381924E0,4.E-1));
#4146=VERTEX_POINT('',#4145);
#4147=CARTESIAN_POINT('',(-3.E-1,-1.000316838192E1,4.E-1));
#4148=VERTEX_POINT('',#4147);
#4149=CARTESIAN_POINT('',(-6.E-1,-1.000316838192E1,4.E-1));
#4150=VERTEX_POINT('',#4149);
#4151=CARTESIAN_POINT('',(-6.E-1,-9.546066476137E0,4.E-1));
#4152=VERTEX_POINT('',#4151);
#4153=CARTESIAN_POINT('',(-1.021907786236E0,-8.386884360362E0,4.E-1));
#4154=VERTEX_POINT('',#4153);
#4155=CARTESIAN_POINT('',(-1.04E0,-8.284278317364E0,4.E-1));
#4156=VERTEX_POINT('',#4155);
#4157=CARTESIAN_POINT('',(-9.800810934941E-1,-8.104386492795E0,4.E-1));
#4158=VERTEX_POINT('',#4157);
#4159=CARTESIAN_POINT('',(-6.E-1,-7.6E0,4.E-1));
#4160=VERTEX_POINT('',#4159);
#4161=CARTESIAN_POINT('',(-3.E-1,-7.700378595851E0,-4.E-1));
#4162=VERTEX_POINT('',#4161);
#4163=CARTESIAN_POINT('',(-6.E-1,-7.6E0,-4.E-1));
#4164=VERTEX_POINT('',#4163);
#4165=CARTESIAN_POINT('',(-9.797544295092E-1,-8.103951149168E0,-4.E-1));
#4166=VERTEX_POINT('',#4165);
#4167=CARTESIAN_POINT('',(-1.04E0,-8.284278317364E0,-4.E-1));
#4168=CARTESIAN_POINT('',(-1.021907786235E0,-8.386884360363E0,-4.E-1));
#4169=VERTEX_POINT('',#4167);
#4170=VERTEX_POINT('',#4168);
#4171=CARTESIAN_POINT('',(-6.E-1,-9.546066476137E0,-4.E-1));
#4172=VERTEX_POINT('',#4171);
#4173=CARTESIAN_POINT('',(-6.E-1,-1.000316838192E1,-4.E-1));
#4174=VERTEX_POINT('',#4173);
#4175=CARTESIAN_POINT('',(-3.E-1,-1.000316838192E1,-4.E-1));
#4176=VERTEX_POINT('',#4175);
#4177=CARTESIAN_POINT('',(-3.E-1,-9.493168381924E0,-4.E-1));
#4178=VERTEX_POINT('',#4177);
#4179=CARTESIAN_POINT('',(-7.4E-1,-8.284278317364E0,-4.E-1));
#4180=VERTEX_POINT('',#4179);
#4181=CARTESIAN_POINT('',(-1.8E0,-6.5E0,4.E0));
#4182=VERTEX_POINT('',#4181);
#4183=CARTESIAN_POINT('',(-1.8E0,-6.5E0,4.6E0));
#4184=VERTEX_POINT('',#4183);
#4185=CARTESIAN_POINT('',(3.45E0,-6.5E0,4.E0));
#4186=VERTEX_POINT('',#4185);
#4187=CARTESIAN_POINT('',(3.45E0,-6.5E0,4.6E0));
#4188=VERTEX_POINT('',#4187);
#4189=CARTESIAN_POINT('',(4.05E0,-6.5E0,4.E0));
#4190=VERTEX_POINT('',#4189);
#4191=CARTESIAN_POINT('',(4.05E0,-6.5E0,4.6E0));
#4192=VERTEX_POINT('',#4191);
#4193=CARTESIAN_POINT('',(4.05E0,-6.5E0,-4.6E0));
#4194=VERTEX_POINT('',#4193);
#4195=CARTESIAN_POINT('',(4.05E0,-6.5E0,-4.E0));
#4196=VERTEX_POINT('',#4195);
#4197=CARTESIAN_POINT('',(5.05E0,-6.3E0,4.2E0));
#4198=VERTEX_POINT('',#4197);
#4199=CARTESIAN_POINT('',(5.05E0,-6.3E0,-4.2E0));
#4200=VERTEX_POINT('',#4199);
#4201=CARTESIAN_POINT('',(6.35E0,-6.3E0,9.732050807569E-1));
#4202=VERTEX_POINT('',#4201);
#4203=CARTESIAN_POINT('',(6.35E0,-6.3E0,-9.732050807569E-1));
#4204=VERTEX_POINT('',#4203);
#4205=CARTESIAN_POINT('',(7.85E0,-6.2E0,1.E0));
#4206=VERTEX_POINT('',#4205);
#4207=CARTESIAN_POINT('',(7.85E0,-6.4E0,8.E-1));
#4208=VERTEX_POINT('',#4207);
#4209=CARTESIAN_POINT('',(6.35E0,-6.4E0,8.E-1));
#4210=VERTEX_POINT('',#4209);
#4211=CARTESIAN_POINT('',(7.85E0,-5.8E0,1.E0));
#4212=VERTEX_POINT('',#4211);
#4213=CARTESIAN_POINT('',(7.85E0,-5.6E0,8.E-1));
#4214=VERTEX_POINT('',#4213);
#4215=CARTESIAN_POINT('',(7.85E0,-5.6E0,-8.E-1));
#4216=VERTEX_POINT('',#4215);
#4217=CARTESIAN_POINT('',(7.85E0,-5.8E0,-1.E0));
#4218=VERTEX_POINT('',#4217);
#4219=CARTESIAN_POINT('',(7.85E0,-6.2E0,-1.E0));
#4220=VERTEX_POINT('',#4219);
#4221=CARTESIAN_POINT('',(6.35E0,-6.4E0,-8.E-1));
#4222=VERTEX_POINT('',#4221);
#4223=CARTESIAN_POINT('',(7.85E0,-6.4E0,-8.E-1));
#4224=VERTEX_POINT('',#4223);
#4225=CARTESIAN_POINT('',(3.45E0,-6.5E0,-4.6E0));
#4226=VERTEX_POINT('',#4225);
#4227=CARTESIAN_POINT('',(3.45E0,-6.5E0,-4.E0));
#4228=VERTEX_POINT('',#4227);
#4229=CARTESIAN_POINT('',(6.25E0,-5.05E0,-3.4E0));
#4230=VERTEX_POINT('',#4229);
#4231=CARTESIAN_POINT('',(6.25E0,-4.05E0,-2.4E0));
#4232=VERTEX_POINT('',#4231);
#4233=CARTESIAN_POINT('',(6.25E0,-3.35E0,-2.4E0));
#4234=VERTEX_POINT('',#4233);
#4235=CARTESIAN_POINT('',(6.25E0,-2.35E0,-3.4E0));
#4236=VERTEX_POINT('',#4235);
#4237=CARTESIAN_POINT('',(6.25E0,-3.65E0,-2.85E0));
#4238=CARTESIAN_POINT('',(6.25E0,-3.65E0,-4.75E0));
#4239=VERTEX_POINT('',#4237);
#4240=VERTEX_POINT('',#4238);
#4241=CARTESIAN_POINT('',(6.25E0,-3.65E0,-3.65E0));
#4242=VERTEX_POINT('',#4241);
#4243=CARTESIAN_POINT('',(6.25E0,-3.65E0,-3.95E0));
#4244=VERTEX_POINT('',#4243);
#4245=CARTESIAN_POINT('',(6.25E0,3.65E0,2.4E0));
#4246=VERTEX_POINT('',#4245);
#4247=CARTESIAN_POINT('',(6.25E0,3.65E0,4.75E0));
#4248=CARTESIAN_POINT('',(6.25E0,3.65E0,2.85E0));
#4249=VERTEX_POINT('',#4247);
#4250=VERTEX_POINT('',#4248);
#4251=CARTESIAN_POINT('',(6.25E0,3.65E0,3.65E0));
#4252=CARTESIAN_POINT('',(6.25E0,3.65E0,3.95E0));
#4253=VERTEX_POINT('',#4251);
#4254=VERTEX_POINT('',#4252);
#4255=CARTESIAN_POINT('',(6.541576525871E0,3.030686086537E0,1.749774342192E0));
#4256=VERTEX_POINT('',#4255);
#4257=CARTESIAN_POINT('',(8.541204365211E0,-3.030837008526E0,1.749835133564E0));
#4258=VERTEX_POINT('',#4257);
#4259=VERTEX_POINT('',#1674);
#4260=CARTESIAN_POINT('',(2.241572616507E0,-9.603168381924E0,-2.5E0));
#4261=DIRECTION('',(-1.E0,0.E0,0.E0));
#4262=DIRECTION('',(0.E0,0.E0,1.E0));
#4263=AXIS2_PLACEMENT_3D('',#4260,#4261,#4262);
#4264=CYLINDRICAL_SURFACE('',#4263,4.E-1);
#4266=ORIENTED_EDGE('',*,*,#4265,.T.);
#4268=ORIENTED_EDGE('',*,*,#4267,.F.);
#4270=ORIENTED_EDGE('',*,*,#4269,.T.);
#4272=ORIENTED_EDGE('',*,*,#4271,.F.);
#4273=EDGE_LOOP('',(#4266,#4268,#4270,#4272));
#4274=FACE_OUTER_BOUND('',#4273,.F.);
#4275=ADVANCED_FACE('',(#4274),#4264,.T.);
#4276=CARTESIAN_POINT('',(0.E0,0.E0,-2.1E0));
#4277=DIRECTION('',(0.E0,0.E0,1.E0));
#4278=DIRECTION('',(1.E0,0.E0,0.E0));
#4279=AXIS2_PLACEMENT_3D('',#4276,#4277,#4278);
#4280=PLANE('',#4279);
#4281=ORIENTED_EDGE('',*,*,#4265,.F.);
#4283=ORIENTED_EDGE('',*,*,#4282,.F.);
#4285=ORIENTED_EDGE('',*,*,#4284,.T.);
#4287=ORIENTED_EDGE('',*,*,#4286,.F.);
#4288=EDGE_LOOP('',(#4281,#4283,#4285,#4287));
#4289=FACE_OUTER_BOUND('',#4288,.F.);
#4290=ADVANCED_FACE('',(#4289),#4280,.T.);
#4291=CARTESIAN_POINT('',(1.9E0,-6.3E0,-2.9E0));
#4292=DIRECTION('',(-1.E0,0.E0,0.E0));
#4293=DIRECTION('',(0.E0,-1.E0,0.E0));
#4294=AXIS2_PLACEMENT_3D('',#4291,#4292,#4293);
#4295=PLANE('',#4294);
#4296=ORIENTED_EDGE('',*,*,#4271,.T.);
#4298=ORIENTED_EDGE('',*,*,#4297,.F.);
#4300=ORIENTED_EDGE('',*,*,#4299,.T.);
#4301=ORIENTED_EDGE('',*,*,#4282,.T.);
#4302=EDGE_LOOP('',(#4296,#4298,#4300,#4301));
#4303=FACE_OUTER_BOUND('',#4302,.F.);
#4304=ADVANCED_FACE('',(#4303),#4295,.T.);
#4305=CARTESIAN_POINT('',(0.E0,0.E0,-2.9E0));
#4306=DIRECTION('',(0.E0,0.E0,1.E0));
#4307=DIRECTION('',(1.E0,0.E0,0.E0));
#4308=AXIS2_PLACEMENT_3D('',#4305,#4306,#4307);
#4309=PLANE('',#4308);
#4310=ORIENTED_EDGE('',*,*,#4269,.F.);
#4312=ORIENTED_EDGE('',*,*,#4311,.T.);
#4314=ORIENTED_EDGE('',*,*,#4313,.F.);
#4315=ORIENTED_EDGE('',*,*,#4297,.T.);
#4316=EDGE_LOOP('',(#4310,#4312,#4314,#4315));
#4317=FACE_OUTER_BOUND('',#4316,.F.);
#4318=ADVANCED_FACE('',(#4317),#4309,.F.);
#4319=CARTESIAN_POINT('',(2.2E0,-1.000316838192E1,-2.9E0));
#4320=DIRECTION('',(1.E0,0.E0,0.E0));
#4321=DIRECTION('',(0.E0,1.E0,0.E0));
#4322=AXIS2_PLACEMENT_3D('',#4319,#4320,#4321);
#4323=PLANE('',#4322);
#4324=ORIENTED_EDGE('',*,*,#4267,.T.);
#4325=ORIENTED_EDGE('',*,*,#4286,.T.);
#4327=ORIENTED_EDGE('',*,*,#4326,.F.);
#4328=ORIENTED_EDGE('',*,*,#4311,.F.);
#4329=EDGE_LOOP('',(#4324,#4325,#4327,#4328));
#4330=FACE_OUTER_BOUND('',#4329,.F.);
#4331=ADVANCED_FACE('',(#4330),#4323,.T.);
#4332=CARTESIAN_POINT('',(0.E0,-6.3E0,4.2E0));
#4333=DIRECTION('',(0.E0,-1.E0,0.E0));
#4334=DIRECTION('',(0.E0,0.E0,-1.E0));
#4335=AXIS2_PLACEMENT_3D('',#4332,#4333,#4334);
#4336=PLANE('',#4335);
#4338=ORIENTED_EDGE('',*,*,#4337,.T.);
#4340=ORIENTED_EDGE('',*,*,#4339,.F.);
#4342=ORIENTED_EDGE('',*,*,#4341,.F.);
#4344=ORIENTED_EDGE('',*,*,#4343,.T.);
#4346=ORIENTED_EDGE('',*,*,#4345,.F.);
#4348=ORIENTED_EDGE('',*,*,#4347,.T.);
#4350=ORIENTED_EDGE('',*,*,#4349,.F.);
#4352=ORIENTED_EDGE('',*,*,#4351,.F.);
#4354=ORIENTED_EDGE('',*,*,#4353,.F.);
#4356=ORIENTED_EDGE('',*,*,#4355,.F.);
#4358=ORIENTED_EDGE('',*,*,#4357,.T.);
#4360=ORIENTED_EDGE('',*,*,#4359,.F.);
#4362=ORIENTED_EDGE('',*,*,#4361,.F.);
#4364=ORIENTED_EDGE('',*,*,#4363,.F.);
#4365=EDGE_LOOP('',(#4338,#4340,#4342,#4344,#4346,#4348,#4350,#4352,#4354,#4356,
#4358,#4360,#4362,#4364));
#4366=FACE_OUTER_BOUND('',#4365,.F.);
#4368=ORIENTED_EDGE('',*,*,#4367,.T.);
#4370=ORIENTED_EDGE('',*,*,#4369,.T.);
#4372=ORIENTED_EDGE('',*,*,#4371,.F.);
#4374=ORIENTED_EDGE('',*,*,#4373,.F.);
#4375=EDGE_LOOP('',(#4368,#4370,#4372,#4374));
#4376=FACE_BOUND('',#4375,.F.);
#4378=ORIENTED_EDGE('',*,*,#4377,.T.);
#4380=ORIENTED_EDGE('',*,*,#4379,.T.);
#4382=ORIENTED_EDGE('',*,*,#4381,.F.);
#4384=ORIENTED_EDGE('',*,*,#4383,.F.);
#4385=EDGE_LOOP('',(#4378,#4380,#4382,#4384));
#4386=FACE_BOUND('',#4385,.F.);
#4387=ORIENTED_EDGE('',*,*,#4313,.T.);
#4388=ORIENTED_EDGE('',*,*,#4326,.T.);
#4389=ORIENTED_EDGE('',*,*,#4284,.F.);
#4390=ORIENTED_EDGE('',*,*,#4299,.F.);
#4391=EDGE_LOOP('',(#4387,#4388,#4389,#4390));
#4392=FACE_BOUND('',#4391,.F.);
#4394=ORIENTED_EDGE('',*,*,#4393,.F.);
#4396=ORIENTED_EDGE('',*,*,#4395,.F.);
#4398=ORIENTED_EDGE('',*,*,#4397,.T.);
#4400=ORIENTED_EDGE('',*,*,#4399,.T.);
#4401=EDGE_LOOP('',(#4394,#4396,#4398,#4400));
#4402=FACE_BOUND('',#4401,.F.);
#4404=ORIENTED_EDGE('',*,*,#4403,.F.);
#4406=ORIENTED_EDGE('',*,*,#4405,.F.);
#4408=ORIENTED_EDGE('',*,*,#4407,.T.);
#4410=ORIENTED_EDGE('',*,*,#4409,.T.);
#4411=EDGE_LOOP('',(#4404,#4406,#4408,#4410));
#4412=FACE_BOUND('',#4411,.F.);
#4414=ORIENTED_EDGE('',*,*,#4413,.F.);
#4416=ORIENTED_EDGE('',*,*,#4415,.F.);
#4418=ORIENTED_EDGE('',*,*,#4417,.T.);
#4420=ORIENTED_EDGE('',*,*,#4419,.T.);
#4421=EDGE_LOOP('',(#4414,#4416,#4418,#4420));
#4422=FACE_BOUND('',#4421,.F.);
#4423=ADVANCED_FACE('',(#4366,#4376,#4386,#4392,#4402,#4412,#4422),#4336,.T.);
#4424=CARTESIAN_POINT('',(-1.8E0,4.85E0,-4.2E0));
#4425=DIRECTION('',(1.E0,0.E0,0.E0));
#4426=DIRECTION('',(0.E0,0.E0,-1.E0));
#4427=AXIS2_PLACEMENT_3D('',#4424,#4425,#4426);
#4428=PLANE('',#4427);
#4429=ORIENTED_EDGE('',*,*,#4337,.F.);
#4431=ORIENTED_EDGE('',*,*,#4430,.T.);
#4433=ORIENTED_EDGE('',*,*,#4432,.T.);
#4435=ORIENTED_EDGE('',*,*,#4434,.T.);
#4437=ORIENTED_EDGE('',*,*,#4436,.T.);
#4439=ORIENTED_EDGE('',*,*,#4438,.T.);
#4440=EDGE_LOOP('',(#4429,#4431,#4433,#4435,#4437,#4439));
#4441=FACE_OUTER_BOUND('',#4440,.F.);
#4442=ADVANCED_FACE('',(#4441),#4428,.T.);
#4443=CARTESIAN_POINT('',(-2.5E0,-6.3E0,4.E0));
#4444=DIRECTION('',(1.E0,0.E0,0.E0));
#4445=DIRECTION('',(0.E0,0.E0,-1.E0));
#4446=AXIS2_PLACEMENT_3D('',#4443,#4444,#4445);
#4447=CYLINDRICAL_SURFACE('',#4446,2.E-1);
#4448=ORIENTED_EDGE('',*,*,#4363,.T.);
#4450=ORIENTED_EDGE('',*,*,#4449,.F.);
#4452=ORIENTED_EDGE('',*,*,#4451,.T.);
#4453=ORIENTED_EDGE('',*,*,#4430,.F.);
#4454=EDGE_LOOP('',(#4448,#4450,#4452,#4453));
#4455=FACE_OUTER_BOUND('',#4454,.F.);
#4456=ADVANCED_FACE('',(#4455),#4447,.T.);
#4457=CARTESIAN_POINT('',(-2.5E0,4.85E0,-4.2E0));
#4458=DIRECTION('',(-1.E0,0.E0,0.E0));
#4459=DIRECTION('',(0.E0,0.E0,1.E0));
#4460=AXIS2_PLACEMENT_3D('',#4457,#4458,#4459);
#4461=PLANE('',#4460);
#4463=ORIENTED_EDGE('',*,*,#4462,.F.);
#4465=ORIENTED_EDGE('',*,*,#4464,.T.);
#4467=ORIENTED_EDGE('',*,*,#4466,.T.);
#4469=ORIENTED_EDGE('',*,*,#4468,.T.);
#4471=ORIENTED_EDGE('',*,*,#4470,.T.);
#4473=ORIENTED_EDGE('',*,*,#4472,.T.);
#4475=ORIENTED_EDGE('',*,*,#4474,.T.);
#4477=ORIENTED_EDGE('',*,*,#4476,.F.);
#4479=ORIENTED_EDGE('',*,*,#4478,.T.);
#4481=ORIENTED_EDGE('',*,*,#4480,.T.);
#4483=ORIENTED_EDGE('',*,*,#4482,.T.);
#4485=ORIENTED_EDGE('',*,*,#4484,.T.);
#4487=ORIENTED_EDGE('',*,*,#4486,.F.);
#4488=ORIENTED_EDGE('',*,*,#4449,.T.);
#4489=ORIENTED_EDGE('',*,*,#4361,.T.);
#4491=ORIENTED_EDGE('',*,*,#4490,.T.);
#4493=ORIENTED_EDGE('',*,*,#4492,.F.);
#4495=ORIENTED_EDGE('',*,*,#4494,.T.);
#4497=ORIENTED_EDGE('',*,*,#4496,.T.);
#4498=EDGE_LOOP('',(#4463,#4465,#4467,#4469,#4471,#4473,#4475,#4477,#4479,#4481,
#4483,#4485,#4487,#4488,#4489,#4491,#4493,#4495,#4497));
#4499=FACE_OUTER_BOUND('',#4498,.F.);
#4501=ORIENTED_EDGE('',*,*,#4500,.F.);
#4503=ORIENTED_EDGE('',*,*,#4502,.F.);
#4505=ORIENTED_EDGE('',*,*,#4504,.F.);
#4507=ORIENTED_EDGE('',*,*,#4506,.F.);
#4508=EDGE_LOOP('',(#4501,#4503,#4505,#4507));
#4509=FACE_BOUND('',#4508,.F.);
#4510=ADVANCED_FACE('',(#4499,#4509),#4461,.T.);
#4511=CARTESIAN_POINT('',(-2.5E0,-4.6E0,-4.8E0));
#4512=DIRECTION('',(0.E0,-1.E0,0.E0));
#4513=DIRECTION('',(0.E0,0.E0,1.E0));
#4514=AXIS2_PLACEMENT_3D('',#4511,#4512,#4513);
#4515=PLANE('',#4514);
#4517=ORIENTED_EDGE('',*,*,#4516,.F.);
#4519=ORIENTED_EDGE('',*,*,#4518,.F.);
#4521=ORIENTED_EDGE('',*,*,#4520,.F.);
#4522=ORIENTED_EDGE('',*,*,#4462,.T.);
#4523=EDGE_LOOP('',(#4517,#4519,#4521,#4522));
#4524=FACE_OUTER_BOUND('',#4523,.F.);
#4525=ADVANCED_FACE('',(#4524),#4515,.F.);
#4526=CARTESIAN_POINT('',(0.E0,-5.7E0,-4.8E0));
#4527=DIRECTION('',(0.E0,0.E0,-1.E0));
#4528=DIRECTION('',(0.E0,1.E0,0.E0));
#4529=AXIS2_PLACEMENT_3D('',#4526,#4527,#4528);
#4530=PLANE('',#4529);
#4532=ORIENTED_EDGE('',*,*,#4531,.T.);
#4533=ORIENTED_EDGE('',*,*,#4516,.T.);
#4534=ORIENTED_EDGE('',*,*,#4496,.F.);
#4536=ORIENTED_EDGE('',*,*,#4535,.F.);
#4538=ORIENTED_EDGE('',*,*,#4537,.F.);
#4540=ORIENTED_EDGE('',*,*,#4539,.F.);
#4542=ORIENTED_EDGE('',*,*,#4541,.F.);
#4544=ORIENTED_EDGE('',*,*,#4543,.F.);
#4546=ORIENTED_EDGE('',*,*,#4545,.F.);
#4548=ORIENTED_EDGE('',*,*,#4547,.T.);
#4550=ORIENTED_EDGE('',*,*,#4549,.F.);
#4552=ORIENTED_EDGE('',*,*,#4551,.F.);
#4554=ORIENTED_EDGE('',*,*,#4553,.F.);
#4556=ORIENTED_EDGE('',*,*,#4555,.F.);
#4558=ORIENTED_EDGE('',*,*,#4557,.F.);
#4560=ORIENTED_EDGE('',*,*,#4559,.T.);
#4562=ORIENTED_EDGE('',*,*,#4561,.T.);
#4564=ORIENTED_EDGE('',*,*,#4563,.F.);
#4566=ORIENTED_EDGE('',*,*,#4565,.F.);
#4568=ORIENTED_EDGE('',*,*,#4567,.T.);
#4570=ORIENTED_EDGE('',*,*,#4569,.F.);
#4572=ORIENTED_EDGE('',*,*,#4571,.F.);
#4573=ORIENTED_EDGE('',*,*,#4470,.F.);
#4575=ORIENTED_EDGE('',*,*,#4574,.F.);
#4576=EDGE_LOOP('',(#4532,#4533,#4534,#4536,#4538,#4540,#4542,#4544,#4546,#4548,
#4550,#4552,#4554,#4556,#4558,#4560,#4562,#4564,#4566,#4568,#4570,#4572,#4573,
#4575));
#4577=FACE_OUTER_BOUND('',#4576,.F.);
#4578=ADVANCED_FACE('',(#4577),#4530,.T.);
#4579=CARTESIAN_POINT('',(-2.2E0,4.85E0,-4.2E0));
#4580=DIRECTION('',(-1.E0,0.E0,0.E0));
#4581=DIRECTION('',(0.E0,0.E0,1.E0));
#4582=AXIS2_PLACEMENT_3D('',#4579,#4580,#4581);
#4583=PLANE('',#4582);
#4584=ORIENTED_EDGE('',*,*,#4531,.F.);
#4586=ORIENTED_EDGE('',*,*,#4585,.T.);
#4588=ORIENTED_EDGE('',*,*,#4587,.T.);
#4590=ORIENTED_EDGE('',*,*,#4589,.T.);
#4591=ORIENTED_EDGE('',*,*,#4518,.T.);
#4592=EDGE_LOOP('',(#4584,#4586,#4588,#4590,#4591));
#4593=FACE_OUTER_BOUND('',#4592,.F.);
#4595=ORIENTED_EDGE('',*,*,#4594,.T.);
#4597=ORIENTED_EDGE('',*,*,#4596,.T.);
#4598=EDGE_LOOP('',(#4595,#4597));
#4599=FACE_BOUND('',#4598,.F.);
#4600=ADVANCED_FACE('',(#4593,#4599),#4583,.T.);
#4601=CARTESIAN_POINT('',(-2.5E0,-2.7E0,-3.85E0));
#4602=DIRECTION('',(0.E0,1.E0,0.E0));
#4603=DIRECTION('',(0.E0,0.E0,-1.E0));
#4604=AXIS2_PLACEMENT_3D('',#4601,#4602,#4603);
#4605=PLANE('',#4604);
#4606=ORIENTED_EDGE('',*,*,#4574,.T.);
#4607=ORIENTED_EDGE('',*,*,#4468,.F.);
#4609=ORIENTED_EDGE('',*,*,#4608,.F.);
#4610=ORIENTED_EDGE('',*,*,#4585,.F.);
#4611=EDGE_LOOP('',(#4606,#4607,#4609,#4610));
#4612=FACE_OUTER_BOUND('',#4611,.F.);
#4613=ADVANCED_FACE('',(#4612),#4605,.F.);
#4614=CARTESIAN_POINT('',(-2.5E0,-3.65E0,-3.85E0));
#4615=DIRECTION('',(-1.E0,0.E0,0.E0));
#4616=DIRECTION('',(0.E0,0.E0,1.E0));
#4617=AXIS2_PLACEMENT_3D('',#4614,#4615,#4616);
#4618=CYLINDRICAL_SURFACE('',#4617,9.5E-1);
#4619=ORIENTED_EDGE('',*,*,#4466,.F.);
#4620=ORIENTED_EDGE('',*,*,#4464,.F.);
#4621=ORIENTED_EDGE('',*,*,#4520,.T.);
#4622=ORIENTED_EDGE('',*,*,#4589,.F.);
#4623=ORIENTED_EDGE('',*,*,#4587,.F.);
#4624=ORIENTED_EDGE('',*,*,#4608,.T.);
#4625=EDGE_LOOP('',(#4619,#4620,#4621,#4622,#4623,#4624));
#4626=FACE_OUTER_BOUND('',#4625,.F.);
#4627=ADVANCED_FACE('',(#4626),#4618,.F.);
#4628=CARTESIAN_POINT('',(-2.2E0,-3.65E0,-3.8E0));
#4629=DIRECTION('',(-1.E0,0.E0,0.E0));
#4630=DIRECTION('',(0.E0,0.E0,1.E0));
#4631=AXIS2_PLACEMENT_3D('',#4628,#4629,#4630);
#4632=CYLINDRICAL_SURFACE('',#4631,8.5E-1);
#4633=ORIENTED_EDGE('',*,*,#4594,.F.);
#4635=ORIENTED_EDGE('',*,*,#4634,.F.);
#4637=ORIENTED_EDGE('',*,*,#4636,.F.);
#4639=ORIENTED_EDGE('',*,*,#4638,.T.);
#4640=EDGE_LOOP('',(#4633,#4635,#4637,#4639));
#4641=FACE_OUTER_BOUND('',#4640,.F.);
#4642=ADVANCED_FACE('',(#4641),#4632,.T.);
#4643=CARTESIAN_POINT('',(-2.2E0,-3.65E0,-3.8E0));
#4644=DIRECTION('',(-1.E0,0.E0,0.E0));
#4645=DIRECTION('',(0.E0,0.E0,1.E0));
#4646=AXIS2_PLACEMENT_3D('',#4643,#4644,#4645);
#4647=CYLINDRICAL_SURFACE('',#4646,8.5E-1);
#4648=ORIENTED_EDGE('',*,*,#4596,.F.);
#4649=ORIENTED_EDGE('',*,*,#4638,.F.);
#4651=ORIENTED_EDGE('',*,*,#4650,.F.);
#4652=ORIENTED_EDGE('',*,*,#4634,.T.);
#4653=EDGE_LOOP('',(#4648,#4649,#4651,#4652));
#4654=FACE_OUTER_BOUND('',#4653,.F.);
#4655=ADVANCED_FACE('',(#4654),#4647,.T.);
#4656=CARTESIAN_POINT('',(-2.4E0,4.85E0,-4.2E0));
#4657=DIRECTION('',(-1.E0,0.E0,0.E0));
#4658=DIRECTION('',(0.E0,0.E0,1.E0));
#4659=AXIS2_PLACEMENT_3D('',#4656,#4657,#4658);
#4660=PLANE('',#4659);
#4661=ORIENTED_EDGE('',*,*,#4636,.T.);
#4662=ORIENTED_EDGE('',*,*,#4650,.T.);
#4663=EDGE_LOOP('',(#4661,#4662));
#4664=FACE_OUTER_BOUND('',#4663,.F.);
#4665=ADVANCED_FACE('',(#4664),#4660,.T.);
#4666=CARTESIAN_POINT('',(-2.5E0,-6.3E0,-4.6E0));
#4667=DIRECTION('',(1.E0,0.E0,0.E0));
#4668=DIRECTION('',(0.E0,0.E0,-1.E0));
#4669=AXIS2_PLACEMENT_3D('',#4666,#4667,#4668);
#4670=CYLINDRICAL_SURFACE('',#4669,2.E-1);
#4671=ORIENTED_EDGE('',*,*,#4494,.F.);
#4673=ORIENTED_EDGE('',*,*,#4672,.T.);
#4675=ORIENTED_EDGE('',*,*,#4674,.F.);
#4676=ORIENTED_EDGE('',*,*,#4535,.T.);
#4677=EDGE_LOOP('',(#4671,#4673,#4675,#4676));
#4678=FACE_OUTER_BOUND('',#4677,.F.);
#4679=ADVANCED_FACE('',(#4678),#4670,.T.);
#4680=CARTESIAN_POINT('',(-2.5E0,-6.5E0,-4.E0));
#4681=DIRECTION('',(0.E0,-1.E0,0.E0));
#4682=DIRECTION('',(0.E0,0.E0,-1.E0));
#4683=AXIS2_PLACEMENT_3D('',#4680,#4681,#4682);
#4684=PLANE('',#4683);
#4685=ORIENTED_EDGE('',*,*,#4492,.T.);
#4687=ORIENTED_EDGE('',*,*,#4686,.F.);
#4689=ORIENTED_EDGE('',*,*,#4688,.F.);
#4690=ORIENTED_EDGE('',*,*,#4672,.F.);
#4691=EDGE_LOOP('',(#4685,#4687,#4689,#4690));
#4692=FACE_OUTER_BOUND('',#4691,.F.);
#4693=ADVANCED_FACE('',(#4692),#4684,.T.);
#4694=CARTESIAN_POINT('',(-2.5E0,-6.3E0,-4.E0));
#4695=DIRECTION('',(1.E0,0.E0,0.E0));
#4696=DIRECTION('',(0.E0,0.E0,-1.E0));
#4697=AXIS2_PLACEMENT_3D('',#4694,#4695,#4696);
#4698=CYLINDRICAL_SURFACE('',#4697,2.E-1);
#4699=ORIENTED_EDGE('',*,*,#4359,.T.);
#4701=ORIENTED_EDGE('',*,*,#4700,.F.);
#4702=ORIENTED_EDGE('',*,*,#4686,.T.);
#4703=ORIENTED_EDGE('',*,*,#4490,.F.);
#4704=EDGE_LOOP('',(#4699,#4701,#4702,#4703));
#4705=FACE_OUTER_BOUND('',#4704,.F.);
#4706=ADVANCED_FACE('',(#4705),#4698,.T.);
#4707=CARTESIAN_POINT('',(-1.8E0,4.85E0,-4.2E0));
#4708=DIRECTION('',(1.E0,0.E0,0.E0));
#4709=DIRECTION('',(0.E0,0.E0,-1.E0));
#4710=AXIS2_PLACEMENT_3D('',#4707,#4708,#4709);
#4711=PLANE('',#4710);
#4712=ORIENTED_EDGE('',*,*,#4357,.F.);
#4714=ORIENTED_EDGE('',*,*,#4713,.T.);
#4715=ORIENTED_EDGE('',*,*,#4537,.T.);
#4716=ORIENTED_EDGE('',*,*,#4674,.T.);
#4717=ORIENTED_EDGE('',*,*,#4688,.T.);
#4718=ORIENTED_EDGE('',*,*,#4700,.T.);
#4719=EDGE_LOOP('',(#4712,#4714,#4715,#4716,#4717,#4718));
#4720=FACE_OUTER_BOUND('',#4719,.F.);
#4721=ADVANCED_FACE('',(#4720),#4711,.T.);
#4722=CARTESIAN_POINT('',(0.E0,-5.7E0,-4.2E0));
#4723=DIRECTION('',(1.E0,0.E0,0.E0));
#4724=DIRECTION('',(0.E0,-1.E0,0.E0));
#4725=AXIS2_PLACEMENT_3D('',#4722,#4723,#4724);
#4726=CYLINDRICAL_SURFACE('',#4725,6.E-1);
#4727=ORIENTED_EDGE('',*,*,#4713,.F.);
#4728=ORIENTED_EDGE('',*,*,#4355,.T.);
#4729=ORIENTED_EDGE('',*,*,#4353,.T.);
#4731=ORIENTED_EDGE('',*,*,#4730,.F.);
#4732=ORIENTED_EDGE('',*,*,#4541,.T.);
#4733=ORIENTED_EDGE('',*,*,#4539,.T.);
#4734=EDGE_LOOP('',(#4727,#4728,#4729,#4731,#4732,#4733));
#4735=FACE_OUTER_BOUND('',#4734,.F.);
#4736=ADVANCED_FACE('',(#4735),#4726,.T.);
#4737=CARTESIAN_POINT('',(3.45E0,-6.5E0,-3.8E0));
#4738=DIRECTION('',(-1.E0,0.E0,0.E0));
#4739=DIRECTION('',(0.E0,0.E0,-1.E0));
#4740=AXIS2_PLACEMENT_3D('',#4737,#4738,#4739);
#4741=PLANE('',#4740);
#4743=ORIENTED_EDGE('',*,*,#4742,.T.);
#4744=ORIENTED_EDGE('',*,*,#4543,.T.);
#4745=ORIENTED_EDGE('',*,*,#4730,.T.);
#4746=ORIENTED_EDGE('',*,*,#4351,.T.);
#4748=ORIENTED_EDGE('',*,*,#4747,.T.);
#4750=ORIENTED_EDGE('',*,*,#4749,.T.);
#4751=EDGE_LOOP('',(#4743,#4744,#4745,#4746,#4748,#4750));
#4752=FACE_OUTER_BOUND('',#4751,.F.);
#4753=ADVANCED_FACE('',(#4752),#4741,.T.);
#4754=CARTESIAN_POINT('',(-3.555441589334E-2,-6.3E0,-4.6E0));
#4755=DIRECTION('',(1.E0,0.E0,0.E0));
#4756=DIRECTION('',(0.E0,-1.E0,0.E0));
#4757=AXIS2_PLACEMENT_3D('',#4754,#4755,#4756);
#4758=CYLINDRICAL_SURFACE('',#4757,2.E-1);
#4759=ORIENTED_EDGE('',*,*,#4545,.T.);
#4760=ORIENTED_EDGE('',*,*,#4742,.F.);
#4762=ORIENTED_EDGE('',*,*,#4761,.T.);
#4764=ORIENTED_EDGE('',*,*,#4763,.F.);
#4765=EDGE_LOOP('',(#4759,#4760,#4762,#4764));
#4766=FACE_OUTER_BOUND('',#4765,.F.);
#4767=ADVANCED_FACE('',(#4766),#4758,.T.);
#4768=CARTESIAN_POINT('',(0.E0,-6.5E0,0.E0));
#4769=DIRECTION('',(0.E0,-1.E0,0.E0));
#4770=DIRECTION('',(1.E0,0.E0,0.E0));
#4771=AXIS2_PLACEMENT_3D('',#4768,#4769,#4770);
#4772=PLANE('',#4771);
#4773=ORIENTED_EDGE('',*,*,#4761,.F.);
#4774=ORIENTED_EDGE('',*,*,#4749,.F.);
#4776=ORIENTED_EDGE('',*,*,#4775,.F.);
#4778=ORIENTED_EDGE('',*,*,#4777,.F.);
#4779=EDGE_LOOP('',(#4773,#4774,#4776,#4778));
#4780=FACE_OUTER_BOUND('',#4779,.F.);
#4781=ADVANCED_FACE('',(#4780),#4772,.T.);
#4782=CARTESIAN_POINT('',(4.089316635992E0,-6.3E0,-4.E0));
#4783=DIRECTION('',(-1.E0,0.E0,0.E0));
#4784=DIRECTION('',(0.E0,-1.E0,0.E0));
#4785=AXIS2_PLACEMENT_3D('',#4782,#4783,#4784);
#4786=CYLINDRICAL_SURFACE('',#4785,2.E-1);
#4787=ORIENTED_EDGE('',*,*,#4747,.F.);
#4788=ORIENTED_EDGE('',*,*,#4349,.T.);
#4790=ORIENTED_EDGE('',*,*,#4789,.F.);
#4791=ORIENTED_EDGE('',*,*,#4775,.T.);
#4792=EDGE_LOOP('',(#4787,#4788,#4790,#4791));
#4793=FACE_OUTER_BOUND('',#4792,.F.);
#4794=ADVANCED_FACE('',(#4793),#4786,.T.);
#4795=CARTESIAN_POINT('',(4.05E0,-5.5E0,4.8E0));
#4796=DIRECTION('',(-1.E0,0.E0,0.E0));
#4797=DIRECTION('',(0.E0,-1.E0,0.E0));
#4798=AXIS2_PLACEMENT_3D('',#4795,#4796,#4797);
#4799=PLANE('',#4798);
#4801=ORIENTED_EDGE('',*,*,#4800,.T.);
#4803=ORIENTED_EDGE('',*,*,#4802,.T.);
#4805=ORIENTED_EDGE('',*,*,#4804,.T.);
#4807=ORIENTED_EDGE('',*,*,#4806,.T.);
#4809=ORIENTED_EDGE('',*,*,#4808,.T.);
#4810=ORIENTED_EDGE('',*,*,#4547,.F.);
#4811=ORIENTED_EDGE('',*,*,#4763,.T.);
#4812=ORIENTED_EDGE('',*,*,#4777,.T.);
#4813=ORIENTED_EDGE('',*,*,#4789,.T.);
#4814=ORIENTED_EDGE('',*,*,#4347,.F.);
#4815=EDGE_LOOP('',(#4801,#4803,#4805,#4807,#4809,#4810,#4811,#4812,#4813,
#4814));
#4816=FACE_OUTER_BOUND('',#4815,.F.);
#4817=ADVANCED_FACE('',(#4816),#4799,.F.);
#4818=CARTESIAN_POINT('',(3.409110188004E0,-6.3E0,4.E0));
#4819=DIRECTION('',(1.E0,0.E0,0.E0));
#4820=DIRECTION('',(0.E0,-1.E0,0.E0));
#4821=AXIS2_PLACEMENT_3D('',#4818,#4819,#4820);
#4822=CYLINDRICAL_SURFACE('',#4821,2.E-1);
#4823=ORIENTED_EDGE('',*,*,#4800,.F.);
#4824=ORIENTED_EDGE('',*,*,#4345,.T.);
#4826=ORIENTED_EDGE('',*,*,#4825,.F.);
#4828=ORIENTED_EDGE('',*,*,#4827,.T.);
#4829=EDGE_LOOP('',(#4823,#4824,#4826,#4828));
#4830=FACE_OUTER_BOUND('',#4829,.F.);
#4831=ADVANCED_FACE('',(#4830),#4822,.T.);
#4832=CARTESIAN_POINT('',(3.45E0,-6.5E0,4.8E0));
#4833=DIRECTION('',(-1.E0,0.E0,0.E0));
#4834=DIRECTION('',(0.E0,0.E0,-1.E0));
#4835=AXIS2_PLACEMENT_3D('',#4832,#4833,#4834);
#4836=PLANE('',#4835);
#4837=ORIENTED_EDGE('',*,*,#4825,.T.);
#4838=ORIENTED_EDGE('',*,*,#4343,.F.);
#4840=ORIENTED_EDGE('',*,*,#4839,.T.);
#4842=ORIENTED_EDGE('',*,*,#4841,.F.);
#4844=ORIENTED_EDGE('',*,*,#4843,.T.);
#4846=ORIENTED_EDGE('',*,*,#4845,.T.);
#4847=EDGE_LOOP('',(#4837,#4838,#4840,#4842,#4844,#4846));
#4848=FACE_OUTER_BOUND('',#4847,.F.);
#4849=ADVANCED_FACE('',(#4848),#4836,.T.);
#4850=CARTESIAN_POINT('',(0.E0,-5.7E0,4.2E0));
#4851=DIRECTION('',(1.E0,0.E0,0.E0));
#4852=DIRECTION('',(0.E0,-1.E0,0.E0));
#4853=AXIS2_PLACEMENT_3D('',#4850,#4851,#4852);
#4854=CYLINDRICAL_SURFACE('',#4853,6.E-1);
#4855=ORIENTED_EDGE('',*,*,#4438,.F.);
#4857=ORIENTED_EDGE('',*,*,#4856,.T.);
#4859=ORIENTED_EDGE('',*,*,#4858,.T.);
#4860=ORIENTED_EDGE('',*,*,#4839,.F.);
#4861=ORIENTED_EDGE('',*,*,#4341,.T.);
#4862=ORIENTED_EDGE('',*,*,#4339,.T.);
#4863=EDGE_LOOP('',(#4855,#4857,#4859,#4860,#4861,#4862));
#4864=FACE_OUTER_BOUND('',#4863,.F.);
#4865=ADVANCED_FACE('',(#4864),#4854,.T.);
#4866=CARTESIAN_POINT('',(0.E0,4.25E0,4.8E0));
#4867=DIRECTION('',(0.E0,0.E0,1.E0));
#4868=DIRECTION('',(0.E0,-1.E0,0.E0));
#4869=AXIS2_PLACEMENT_3D('',#4866,#4867,#4868);
#4870=PLANE('',#4869);
#4872=ORIENTED_EDGE('',*,*,#4871,.T.);
#4874=ORIENTED_EDGE('',*,*,#4873,.F.);
#4876=ORIENTED_EDGE('',*,*,#4875,.F.);
#4878=ORIENTED_EDGE('',*,*,#4877,.T.);
#4880=ORIENTED_EDGE('',*,*,#4879,.F.);
#4882=ORIENTED_EDGE('',*,*,#4881,.T.);
#4884=ORIENTED_EDGE('',*,*,#4883,.F.);
#4886=ORIENTED_EDGE('',*,*,#4885,.T.);
#4888=ORIENTED_EDGE('',*,*,#4887,.T.);
#4890=ORIENTED_EDGE('',*,*,#4889,.T.);
#4892=ORIENTED_EDGE('',*,*,#4891,.T.);
#4893=ORIENTED_EDGE('',*,*,#4806,.F.);
#4895=ORIENTED_EDGE('',*,*,#4894,.F.);
#4896=ORIENTED_EDGE('',*,*,#4841,.T.);
#4897=ORIENTED_EDGE('',*,*,#4858,.F.);
#4898=ORIENTED_EDGE('',*,*,#4856,.F.);
#4899=ORIENTED_EDGE('',*,*,#4436,.F.);
#4901=ORIENTED_EDGE('',*,*,#4900,.F.);
#4902=ORIENTED_EDGE('',*,*,#4482,.F.);
#4904=ORIENTED_EDGE('',*,*,#4903,.F.);
#4905=EDGE_LOOP('',(#4872,#4874,#4876,#4878,#4880,#4882,#4884,#4886,#4888,#4890,
#4892,#4893,#4895,#4896,#4897,#4898,#4899,#4901,#4902,#4904));
#4906=FACE_OUTER_BOUND('',#4905,.F.);
#4907=ADVANCED_FACE('',(#4906),#4870,.T.);
#4908=CARTESIAN_POINT('',(-2.2E0,4.85E0,-4.2E0));
#4909=DIRECTION('',(-1.E0,0.E0,0.E0));
#4910=DIRECTION('',(0.E0,0.E0,1.E0));
#4911=AXIS2_PLACEMENT_3D('',#4908,#4909,#4910);
#4912=PLANE('',#4911);
#4914=ORIENTED_EDGE('',*,*,#4913,.T.);
#4916=ORIENTED_EDGE('',*,*,#4915,.T.);
#4917=ORIENTED_EDGE('',*,*,#4871,.F.);
#4919=ORIENTED_EDGE('',*,*,#4918,.T.);
#4921=ORIENTED_EDGE('',*,*,#4920,.T.);
#4923=ORIENTED_EDGE('',*,*,#4922,.T.);
#4924=EDGE_LOOP('',(#4914,#4916,#4917,#4919,#4921,#4923));
#4925=FACE_OUTER_BOUND('',#4924,.F.);
#4927=ORIENTED_EDGE('',*,*,#4926,.T.);
#4929=ORIENTED_EDGE('',*,*,#4928,.T.);
#4930=EDGE_LOOP('',(#4927,#4929));
#4931=FACE_BOUND('',#4930,.F.);
#4932=ADVANCED_FACE('',(#4925,#4931),#4912,.T.);
#4933=CARTESIAN_POINT('',(0.E0,4.85E0,-4.2E0));
#4934=DIRECTION('',(0.E0,1.E0,0.E0));
#4935=DIRECTION('',(0.E0,0.E0,1.E0));
#4936=AXIS2_PLACEMENT_3D('',#4933,#4934,#4935);
#4937=PLANE('',#4936);
#4938=ORIENTED_EDGE('',*,*,#4913,.F.);
#4940=ORIENTED_EDGE('',*,*,#4939,.T.);
#4941=ORIENTED_EDGE('',*,*,#4474,.F.);
#4943=ORIENTED_EDGE('',*,*,#4942,.F.);
#4945=ORIENTED_EDGE('',*,*,#4944,.F.);
#4947=ORIENTED_EDGE('',*,*,#4946,.T.);
#4949=ORIENTED_EDGE('',*,*,#4948,.T.);
#4951=ORIENTED_EDGE('',*,*,#4950,.T.);
#4953=ORIENTED_EDGE('',*,*,#4952,.F.);
#4955=ORIENTED_EDGE('',*,*,#4954,.F.);
#4956=EDGE_LOOP('',(#4938,#4940,#4941,#4943,#4945,#4947,#4949,#4951,#4953,
#4955));
#4957=FACE_OUTER_BOUND('',#4956,.F.);
#4958=ADVANCED_FACE('',(#4957),#4937,.T.);
#4959=CARTESIAN_POINT('',(-2.5E0,4.85E0,2.729547868675E0));
#4960=DIRECTION('',(0.E0,0.E0,-1.E0));
#4961=DIRECTION('',(0.E0,-1.E0,0.E0));
#4962=AXIS2_PLACEMENT_3D('',#4959,#4960,#4961);
#4963=PLANE('',#4962);
#4964=ORIENTED_EDGE('',*,*,#4939,.F.);
#4965=ORIENTED_EDGE('',*,*,#4922,.F.);
#4967=ORIENTED_EDGE('',*,*,#4966,.F.);
#4968=ORIENTED_EDGE('',*,*,#4476,.T.);
#4969=EDGE_LOOP('',(#4964,#4965,#4967,#4968));
#4970=FACE_OUTER_BOUND('',#4969,.F.);
#4971=ADVANCED_FACE('',(#4970),#4963,.F.);
#4972=CARTESIAN_POINT('',(-2.5E0,3.507984498472E0,3.587532367147E0));
#4973=DIRECTION('',(-1.E0,0.E0,0.E0));
#4974=DIRECTION('',(0.E0,0.E0,1.E0));
#4975=AXIS2_PLACEMENT_3D('',#4972,#4973,#4974);
#4976=CYLINDRICAL_SURFACE('',#4975,8.579844984720E-1);
#4977=ORIENTED_EDGE('',*,*,#4478,.F.);
#4978=ORIENTED_EDGE('',*,*,#4966,.T.);
#4979=ORIENTED_EDGE('',*,*,#4920,.F.);
#4981=ORIENTED_EDGE('',*,*,#4980,.T.);
#4982=EDGE_LOOP('',(#4977,#4978,#4979,#4981));
#4983=FACE_OUTER_BOUND('',#4982,.F.);
#4984=ADVANCED_FACE('',(#4983),#4976,.F.);
#4985=CARTESIAN_POINT('',(-2.5E0,2.65E0,3.587532367147E0));
#4986=DIRECTION('',(0.E0,-1.E0,0.E0));
#4987=DIRECTION('',(0.E0,0.E0,1.E0));
#4988=AXIS2_PLACEMENT_3D('',#4985,#4986,#4987);
#4989=PLANE('',#4988);
#4990=ORIENTED_EDGE('',*,*,#4903,.T.);
#4991=ORIENTED_EDGE('',*,*,#4480,.F.);
#4992=ORIENTED_EDGE('',*,*,#4980,.F.);
#4993=ORIENTED_EDGE('',*,*,#4918,.F.);
#4994=EDGE_LOOP('',(#4990,#4991,#4992,#4993));
#4995=FACE_OUTER_BOUND('',#4994,.F.);
#4996=ADVANCED_FACE('',(#4995),#4989,.F.);
#4997=CARTESIAN_POINT('',(0.E0,4.25E0,-4.2E0));
#4998=DIRECTION('',(1.E0,0.E0,0.E0));
#4999=DIRECTION('',(0.E0,-1.E0,0.E0));
#5000=AXIS2_PLACEMENT_3D('',#4997,#4998,#4999);
#5001=CYLINDRICAL_SURFACE('',#5000,6.E-1);
#5002=ORIENTED_EDGE('',*,*,#4944,.T.);
#5003=ORIENTED_EDGE('',*,*,#4942,.T.);
#5004=ORIENTED_EDGE('',*,*,#4472,.F.);
#5005=ORIENTED_EDGE('',*,*,#4571,.T.);
#5006=ORIENTED_EDGE('',*,*,#4569,.T.);
#5008=ORIENTED_EDGE('',*,*,#5007,.F.);
#5009=EDGE_LOOP('',(#5002,#5003,#5004,#5005,#5006,#5008));
#5010=FACE_OUTER_BOUND('',#5009,.F.);
#5011=ADVANCED_FACE('',(#5010),#5001,.T.);
#5012=CARTESIAN_POINT('',(7.05E0,0.E0,0.E0));
#5013=DIRECTION('',(1.E0,0.E0,0.E0));
#5014=DIRECTION('',(0.E0,-1.E0,0.E0));
#5015=AXIS2_PLACEMENT_3D('',#5012,#5013,#5014);
#5016=PLANE('',#5015);
#5018=ORIENTED_EDGE('',*,*,#5017,.T.);
#5020=ORIENTED_EDGE('',*,*,#5019,.T.);
#5022=ORIENTED_EDGE('',*,*,#5021,.F.);
#5023=ORIENTED_EDGE('',*,*,#4946,.F.);
#5024=ORIENTED_EDGE('',*,*,#5007,.T.);
#5025=ORIENTED_EDGE('',*,*,#4567,.F.);
#5027=ORIENTED_EDGE('',*,*,#5026,.T.);
#5029=ORIENTED_EDGE('',*,*,#5028,.T.);
#5031=ORIENTED_EDGE('',*,*,#5030,.T.);
#5033=ORIENTED_EDGE('',*,*,#5032,.T.);
#5035=ORIENTED_EDGE('',*,*,#5034,.F.);
#5036=ORIENTED_EDGE('',*,*,#4559,.F.);
#5038=ORIENTED_EDGE('',*,*,#5037,.T.);
#5040=ORIENTED_EDGE('',*,*,#5039,.F.);
#5042=ORIENTED_EDGE('',*,*,#5041,.T.);
#5044=ORIENTED_EDGE('',*,*,#5043,.T.);
#5046=ORIENTED_EDGE('',*,*,#5045,.T.);
#5048=ORIENTED_EDGE('',*,*,#5047,.T.);
#5050=ORIENTED_EDGE('',*,*,#5049,.T.);
#5052=ORIENTED_EDGE('',*,*,#5051,.T.);
#5054=ORIENTED_EDGE('',*,*,#5053,.T.);
#5056=ORIENTED_EDGE('',*,*,#5055,.F.);
#5058=ORIENTED_EDGE('',*,*,#5057,.T.);
#5059=ORIENTED_EDGE('',*,*,#4881,.F.);
#5060=EDGE_LOOP('',(#5018,#5020,#5022,#5023,#5024,#5025,#5027,#5029,#5031,#5033,
#5035,#5036,#5038,#5040,#5042,#5044,#5046,#5048,#5050,#5052,#5054,#5056,#5058,
#5059));
#5061=FACE_OUTER_BOUND('',#5060,.F.);
#5063=ORIENTED_EDGE('',*,*,#5062,.T.);
#5065=ORIENTED_EDGE('',*,*,#5064,.T.);
#5066=EDGE_LOOP('',(#5063,#5065));
#5067=FACE_BOUND('',#5066,.F.);
#5068=ADVANCED_FACE('',(#5061,#5067),#5016,.T.);
#5069=CARTESIAN_POINT('',(7.05E0,2.65E0,4.8E0));
#5070=DIRECTION('',(0.E0,-1.E0,0.E0));
#5071=DIRECTION('',(0.E0,0.E0,-1.E0));
#5072=AXIS2_PLACEMENT_3D('',#5069,#5070,#5071);
#5073=PLANE('',#5072);
#5074=ORIENTED_EDGE('',*,*,#5017,.F.);
#5075=ORIENTED_EDGE('',*,*,#4879,.T.);
#5077=ORIENTED_EDGE('',*,*,#5076,.T.);
#5079=ORIENTED_EDGE('',*,*,#5078,.F.);
#5080=EDGE_LOOP('',(#5074,#5075,#5077,#5079));
#5081=FACE_OUTER_BOUND('',#5080,.F.);
#5082=ADVANCED_FACE('',(#5081),#5073,.F.);
#5083=CARTESIAN_POINT('',(6.25E0,0.E0,0.E0));
#5084=DIRECTION('',(1.E0,0.E0,0.E0));
#5085=DIRECTION('',(0.E0,0.E0,-1.E0));
#5086=AXIS2_PLACEMENT_3D('',#5083,#5084,#5085);
#5087=PLANE('',#5086);
#5088=ORIENTED_EDGE('',*,*,#4950,.F.);
#5090=ORIENTED_EDGE('',*,*,#5089,.F.);
#5092=ORIENTED_EDGE('',*,*,#5091,.T.);
#5093=ORIENTED_EDGE('',*,*,#5076,.F.);
#5094=ORIENTED_EDGE('',*,*,#4877,.F.);
#5096=ORIENTED_EDGE('',*,*,#5095,.T.);
#5097=EDGE_LOOP('',(#5088,#5090,#5092,#5093,#5094,#5096));
#5098=FACE_OUTER_BOUND('',#5097,.F.);
#5100=ORIENTED_EDGE('',*,*,#5099,.T.);
#5102=ORIENTED_EDGE('',*,*,#5101,.T.);
#5103=EDGE_LOOP('',(#5100,#5102));
#5104=FACE_BOUND('',#5103,.F.);
#5105=ADVANCED_FACE('',(#5098,#5104),#5087,.T.);
#5106=CARTESIAN_POINT('',(7.05E0,3.65E0,2.4E0));
#5107=DIRECTION('',(0.E0,0.E0,-1.E0));
#5108=DIRECTION('',(0.E0,1.E0,0.E0));
#5109=AXIS2_PLACEMENT_3D('',#5106,#5107,#5108);
#5110=PLANE('',#5109);
#5111=ORIENTED_EDGE('',*,*,#5021,.T.);
#5113=ORIENTED_EDGE('',*,*,#5112,.F.);
#5114=ORIENTED_EDGE('',*,*,#5089,.T.);
#5115=ORIENTED_EDGE('',*,*,#4948,.F.);
#5116=EDGE_LOOP('',(#5111,#5113,#5114,#5115));
#5117=FACE_OUTER_BOUND('',#5116,.F.);
#5118=ADVANCED_FACE('',(#5117),#5110,.F.);
#5119=CARTESIAN_POINT('',(7.05E0,3.65E0,3.4E0));
#5120=DIRECTION('',(1.E0,0.E0,0.E0));
#5121=DIRECTION('',(0.E0,0.E0,-1.E0));
#5122=AXIS2_PLACEMENT_3D('',#5119,#5120,#5121);
#5123=CYLINDRICAL_SURFACE('',#5122,1.E0);
#5124=ORIENTED_EDGE('',*,*,#5019,.F.);
#5125=ORIENTED_EDGE('',*,*,#5078,.T.);
#5126=ORIENTED_EDGE('',*,*,#5091,.F.);
#5127=ORIENTED_EDGE('',*,*,#5112,.T.);
#5128=EDGE_LOOP('',(#5124,#5125,#5126,#5127));
#5129=FACE_OUTER_BOUND('',#5128,.F.);
#5130=ADVANCED_FACE('',(#5129),#5123,.F.);
#5131=CARTESIAN_POINT('',(0.E0,4.25E0,4.2E0));
#5132=DIRECTION('',(1.E0,0.E0,0.E0));
#5133=DIRECTION('',(0.E0,-1.E0,0.E0));
#5134=AXIS2_PLACEMENT_3D('',#5131,#5132,#5133);
#5135=CYLINDRICAL_SURFACE('',#5134,6.E-1);
#5136=ORIENTED_EDGE('',*,*,#4915,.F.);
#5137=ORIENTED_EDGE('',*,*,#4954,.T.);
#5138=ORIENTED_EDGE('',*,*,#4952,.T.);
#5139=ORIENTED_EDGE('',*,*,#5095,.F.);
#5140=ORIENTED_EDGE('',*,*,#4875,.T.);
#5141=ORIENTED_EDGE('',*,*,#4873,.T.);
#5142=EDGE_LOOP('',(#5136,#5137,#5138,#5139,#5140,#5141));
#5143=FACE_OUTER_BOUND('',#5142,.F.);
#5144=ADVANCED_FACE('',(#5143),#5135,.T.);
#5145=CARTESIAN_POINT('',(6.25E0,3.65E0,3.8E0));
#5146=DIRECTION('',(-1.E0,0.E0,0.E0));
#5147=DIRECTION('',(0.E0,0.E0,1.E0));
#5148=AXIS2_PLACEMENT_3D('',#5145,#5146,#5147);
#5149=TOROIDAL_SURFACE('',#5148,5.5E-1,4.E-1);
#5151=ORIENTED_EDGE('',*,*,#5150,.F.);
#5153=ORIENTED_EDGE('',*,*,#5152,.F.);
#5154=ORIENTED_EDGE('',*,*,#5099,.F.);
#5156=ORIENTED_EDGE('',*,*,#5155,.T.);
#5157=EDGE_LOOP('',(#5151,#5153,#5154,#5156));
#5158=FACE_OUTER_BOUND('',#5157,.F.);
#5159=ADVANCED_FACE('',(#5158),#5149,.T.);
#5160=CARTESIAN_POINT('',(6.25E0,0.E0,0.E0));
#5161=DIRECTION('',(1.E0,0.E0,0.E0));
#5162=DIRECTION('',(0.E0,0.E0,-1.E0));
#5163=AXIS2_PLACEMENT_3D('',#5160,#5161,#5162);
#5164=PLANE('',#5163);
#5165=ORIENTED_EDGE('',*,*,#5150,.T.);
#5167=ORIENTED_EDGE('',*,*,#5166,.T.);
#5168=EDGE_LOOP('',(#5165,#5167));
#5169=FACE_OUTER_BOUND('',#5168,.F.);
#5170=ADVANCED_FACE('',(#5169),#5164,.T.);
#5171=CARTESIAN_POINT('',(6.25E0,3.65E0,3.8E0));
#5172=DIRECTION('',(-1.E0,0.E0,0.E0));
#5173=DIRECTION('',(0.E0,0.E0,1.E0));
#5174=AXIS2_PLACEMENT_3D('',#5171,#5172,#5173);
#5175=TOROIDAL_SURFACE('',#5174,5.5E-1,4.E-1);
#5176=ORIENTED_EDGE('',*,*,#5166,.F.);
#5177=ORIENTED_EDGE('',*,*,#5155,.F.);
#5178=ORIENTED_EDGE('',*,*,#5101,.F.);
#5179=ORIENTED_EDGE('',*,*,#5152,.T.);
#5180=EDGE_LOOP('',(#5176,#5177,#5178,#5179));
#5181=FACE_OUTER_BOUND('',#5180,.F.);
#5182=ADVANCED_FACE('',(#5181),#5175,.T.);
#5183=CARTESIAN_POINT('',(7.05E0,-2.35E0,-4.8E0));
#5184=DIRECTION('',(0.E0,1.E0,0.E0));
#5185=DIRECTION('',(0.E0,0.E0,1.E0));
#5186=AXIS2_PLACEMENT_3D('',#5183,#5184,#5185);
#5187=PLANE('',#5186);
#5188=ORIENTED_EDGE('',*,*,#5026,.F.);
#5189=ORIENTED_EDGE('',*,*,#4565,.T.);
#5191=ORIENTED_EDGE('',*,*,#5190,.T.);
#5193=ORIENTED_EDGE('',*,*,#5192,.F.);
#5194=EDGE_LOOP('',(#5188,#5189,#5191,#5193));
#5195=FACE_OUTER_BOUND('',#5194,.F.);
#5196=ADVANCED_FACE('',(#5195),#5187,.F.);
#5197=CARTESIAN_POINT('',(6.25E0,0.E0,0.E0));
#5198=DIRECTION('',(1.E0,0.E0,0.E0));
#5199=DIRECTION('',(0.E0,0.E0,-1.E0));
#5200=AXIS2_PLACEMENT_3D('',#5197,#5198,#5199);
#5201=PLANE('',#5200);
#5202=ORIENTED_EDGE('',*,*,#4563,.T.);
#5204=ORIENTED_EDGE('',*,*,#5203,.F.);
#5206=ORIENTED_EDGE('',*,*,#5205,.T.);
#5208=ORIENTED_EDGE('',*,*,#5207,.F.);
#5210=ORIENTED_EDGE('',*,*,#5209,.T.);
#5211=ORIENTED_EDGE('',*,*,#5190,.F.);
#5212=EDGE_LOOP('',(#5202,#5204,#5206,#5208,#5210,#5211));
#5213=FACE_OUTER_BOUND('',#5212,.F.);
#5215=ORIENTED_EDGE('',*,*,#5214,.T.);
#5217=ORIENTED_EDGE('',*,*,#5216,.T.);
#5218=EDGE_LOOP('',(#5215,#5217));
#5219=FACE_BOUND('',#5218,.F.);
#5220=ADVANCED_FACE('',(#5213,#5219),#5201,.T.);
#5221=CARTESIAN_POINT('',(7.05E0,-5.05E0,-3.4E0));
#5222=DIRECTION('',(0.E0,-1.E0,0.E0));
#5223=DIRECTION('',(0.E0,0.E0,-1.E0));
#5224=AXIS2_PLACEMENT_3D('',#5221,#5222,#5223);
#5225=PLANE('',#5224);
#5226=ORIENTED_EDGE('',*,*,#5034,.T.);
#5228=ORIENTED_EDGE('',*,*,#5227,.F.);
#5229=ORIENTED_EDGE('',*,*,#5203,.T.);
#5230=ORIENTED_EDGE('',*,*,#4561,.F.);
#5231=EDGE_LOOP('',(#5226,#5228,#5229,#5230));
#5232=FACE_OUTER_BOUND('',#5231,.F.);
#5233=ADVANCED_FACE('',(#5232),#5225,.F.);
#5234=CARTESIAN_POINT('',(7.05E0,-4.05E0,-3.4E0));
#5235=DIRECTION('',(1.E0,0.E0,0.E0));
#5236=DIRECTION('',(0.E0,0.E0,-1.E0));
#5237=AXIS2_PLACEMENT_3D('',#5234,#5235,#5236);
#5238=CYLINDRICAL_SURFACE('',#5237,1.E0);
#5239=ORIENTED_EDGE('',*,*,#5032,.F.);
#5241=ORIENTED_EDGE('',*,*,#5240,.T.);
#5242=ORIENTED_EDGE('',*,*,#5205,.F.);
#5243=ORIENTED_EDGE('',*,*,#5227,.T.);
#5244=EDGE_LOOP('',(#5239,#5241,#5242,#5243));
#5245=FACE_OUTER_BOUND('',#5244,.F.);
#5246=ADVANCED_FACE('',(#5245),#5238,.F.);
#5247=CARTESIAN_POINT('',(7.05E0,-3.35E0,-2.4E0));
#5248=DIRECTION('',(0.E0,0.E0,1.E0));
#5249=DIRECTION('',(0.E0,-1.E0,0.E0));
#5250=AXIS2_PLACEMENT_3D('',#5247,#5248,#5249);
#5251=PLANE('',#5250);
#5252=ORIENTED_EDGE('',*,*,#5030,.F.);
#5254=ORIENTED_EDGE('',*,*,#5253,.F.);
#5255=ORIENTED_EDGE('',*,*,#5207,.T.);
#5256=ORIENTED_EDGE('',*,*,#5240,.F.);
#5257=EDGE_LOOP('',(#5252,#5254,#5255,#5256));
#5258=FACE_OUTER_BOUND('',#5257,.F.);
#5259=ADVANCED_FACE('',(#5258),#5251,.F.);
#5260=CARTESIAN_POINT('',(7.05E0,-3.35E0,-3.4E0));
#5261=DIRECTION('',(1.E0,0.E0,0.E0));
#5262=DIRECTION('',(0.E0,0.E0,-1.E0));
#5263=AXIS2_PLACEMENT_3D('',#5260,#5261,#5262);
#5264=CYLINDRICAL_SURFACE('',#5263,1.E0);
#5265=ORIENTED_EDGE('',*,*,#5028,.F.);
#5266=ORIENTED_EDGE('',*,*,#5192,.T.);
#5267=ORIENTED_EDGE('',*,*,#5209,.F.);
#5268=ORIENTED_EDGE('',*,*,#5253,.T.);
#5269=EDGE_LOOP('',(#5265,#5266,#5267,#5268));
#5270=FACE_OUTER_BOUND('',#5269,.F.);
#5271=ADVANCED_FACE('',(#5270),#5264,.F.);
#5272=CARTESIAN_POINT('',(6.25E0,-3.65E0,-3.8E0));
#5273=DIRECTION('',(1.E0,0.E0,0.E0));
#5274=DIRECTION('',(0.E0,0.E0,-1.E0));
#5275=AXIS2_PLACEMENT_3D('',#5272,#5273,#5274);
#5276=TOROIDAL_SURFACE('',#5275,5.5E-1,4.E-1);
#5277=ORIENTED_EDGE('',*,*,#5214,.F.);
#5279=ORIENTED_EDGE('',*,*,#5278,.F.);
#5281=ORIENTED_EDGE('',*,*,#5280,.F.);
#5283=ORIENTED_EDGE('',*,*,#5282,.T.);
#5284=EDGE_LOOP('',(#5277,#5279,#5281,#5283));
#5285=FACE_OUTER_BOUND('',#5284,.F.);
#5286=ADVANCED_FACE('',(#5285),#5276,.T.);
#5287=CARTESIAN_POINT('',(6.25E0,-3.65E0,-3.8E0));
#5288=DIRECTION('',(1.E0,0.E0,0.E0));
#5289=DIRECTION('',(0.E0,0.E0,-1.E0));
#5290=AXIS2_PLACEMENT_3D('',#5287,#5288,#5289);
#5291=TOROIDAL_SURFACE('',#5290,5.5E-1,4.E-1);
#5292=ORIENTED_EDGE('',*,*,#5216,.F.);
#5293=ORIENTED_EDGE('',*,*,#5282,.F.);
#5295=ORIENTED_EDGE('',*,*,#5294,.F.);
#5296=ORIENTED_EDGE('',*,*,#5278,.T.);
#5297=EDGE_LOOP('',(#5292,#5293,#5295,#5296));
#5298=FACE_OUTER_BOUND('',#5297,.F.);
#5299=ADVANCED_FACE('',(#5298),#5291,.T.);
#5300=CARTESIAN_POINT('',(6.25E0,0.E0,0.E0));
#5301=DIRECTION('',(1.E0,0.E0,0.E0));
#5302=DIRECTION('',(0.E0,0.E0,-1.E0));
#5303=AXIS2_PLACEMENT_3D('',#5300,#5301,#5302);
#5304=PLANE('',#5303);
#5305=ORIENTED_EDGE('',*,*,#5280,.T.);
#5306=ORIENTED_EDGE('',*,*,#5294,.T.);
#5307=EDGE_LOOP('',(#5305,#5306));
#5308=FACE_OUTER_BOUND('',#5307,.F.);
#5309=ADVANCED_FACE('',(#5308),#5304,.T.);
#5310=CARTESIAN_POINT('',(0.E0,-5.7E0,-4.2E0));
#5311=DIRECTION('',(1.E0,0.E0,0.E0));
#5312=DIRECTION('',(0.E0,-1.E0,0.E0));
#5313=AXIS2_PLACEMENT_3D('',#5310,#5311,#5312);
#5314=CYLINDRICAL_SURFACE('',#5313,6.E-1);
#5316=ORIENTED_EDGE('',*,*,#5315,.F.);
#5318=ORIENTED_EDGE('',*,*,#5317,.T.);
#5319=ORIENTED_EDGE('',*,*,#5037,.F.);
#5320=ORIENTED_EDGE('',*,*,#4557,.T.);
#5321=EDGE_LOOP('',(#5316,#5318,#5319,#5320));
#5322=FACE_OUTER_BOUND('',#5321,.F.);
#5323=ADVANCED_FACE('',(#5322),#5314,.T.);
#5324=CARTESIAN_POINT('',(5.05E0,-6.3E0,4.8E0));
#5325=DIRECTION('',(1.E0,0.E0,0.E0));
#5326=DIRECTION('',(0.E0,1.E0,0.E0));
#5327=AXIS2_PLACEMENT_3D('',#5324,#5325,#5326);
#5328=PLANE('',#5327);
#5329=ORIENTED_EDGE('',*,*,#4885,.F.);
#5331=ORIENTED_EDGE('',*,*,#5330,.T.);
#5333=ORIENTED_EDGE('',*,*,#5332,.T.);
#5334=ORIENTED_EDGE('',*,*,#5315,.T.);
#5335=ORIENTED_EDGE('',*,*,#4555,.T.);
#5337=ORIENTED_EDGE('',*,*,#5336,.F.);
#5338=EDGE_LOOP('',(#5329,#5331,#5333,#5334,#5335,#5337));
#5339=FACE_OUTER_BOUND('',#5338,.F.);
#5340=ADVANCED_FACE('',(#5339),#5328,.F.);
#5341=CARTESIAN_POINT('',(0.E0,-5.7E0,4.2E0));
#5342=DIRECTION('',(1.E0,0.E0,0.E0));
#5343=DIRECTION('',(0.E0,-1.E0,0.E0));
#5344=AXIS2_PLACEMENT_3D('',#5341,#5342,#5343);
#5345=CYLINDRICAL_SURFACE('',#5344,6.E-1);
#5346=ORIENTED_EDGE('',*,*,#5330,.F.);
#5347=ORIENTED_EDGE('',*,*,#4883,.T.);
#5348=ORIENTED_EDGE('',*,*,#5057,.F.);
#5350=ORIENTED_EDGE('',*,*,#5349,.T.);
#5351=EDGE_LOOP('',(#5346,#5347,#5348,#5350));
#5352=FACE_OUTER_BOUND('',#5351,.F.);
#5353=ADVANCED_FACE('',(#5352),#5345,.T.);
#5354=CARTESIAN_POINT('',(0.E0,-6.3E0,4.2E0));
#5355=DIRECTION('',(0.E0,-1.E0,0.E0));
#5356=DIRECTION('',(0.E0,0.E0,-1.E0));
#5357=AXIS2_PLACEMENT_3D('',#5354,#5355,#5356);
#5358=PLANE('',#5357);
#5359=ORIENTED_EDGE('',*,*,#5332,.F.);
#5360=ORIENTED_EDGE('',*,*,#5349,.F.);
#5361=ORIENTED_EDGE('',*,*,#5055,.T.);
#5363=ORIENTED_EDGE('',*,*,#5362,.F.);
#5365=ORIENTED_EDGE('',*,*,#5364,.T.);
#5367=ORIENTED_EDGE('',*,*,#5366,.F.);
#5368=ORIENTED_EDGE('',*,*,#5039,.T.);
#5369=ORIENTED_EDGE('',*,*,#5317,.F.);
#5370=EDGE_LOOP('',(#5359,#5360,#5361,#5363,#5365,#5367,#5368,#5369));
#5371=FACE_OUTER_BOUND('',#5370,.F.);
#5372=ADVANCED_FACE('',(#5371),#5358,.T.);
#5373=CARTESIAN_POINT('',(6.35E0,-6.2E0,8.E-1));
#5374=DIRECTION('',(1.E0,0.E0,0.E0));
#5375=DIRECTION('',(0.E0,0.E0,-1.E0));
#5376=AXIS2_PLACEMENT_3D('',#5373,#5374,#5375);
#5377=CYLINDRICAL_SURFACE('',#5376,2.E-1);
#5378=ORIENTED_EDGE('',*,*,#5053,.F.);
#5380=ORIENTED_EDGE('',*,*,#5379,.T.);
#5382=ORIENTED_EDGE('',*,*,#5381,.F.);
#5384=ORIENTED_EDGE('',*,*,#5383,.T.);
#5386=ORIENTED_EDGE('',*,*,#5385,.F.);
#5387=ORIENTED_EDGE('',*,*,#5362,.T.);
#5388=EDGE_LOOP('',(#5378,#5380,#5382,#5384,#5386,#5387));
#5389=FACE_OUTER_BOUND('',#5388,.F.);
#5390=ADVANCED_FACE('',(#5389),#5377,.T.);
#5391=CARTESIAN_POINT('',(6.35E0,-5.8E0,1.E0));
#5392=DIRECTION('',(0.E0,0.E0,1.E0));
#5393=DIRECTION('',(0.E0,-1.E0,0.E0));
#5394=AXIS2_PLACEMENT_3D('',#5391,#5392,#5393);
#5395=PLANE('',#5394);
#5396=ORIENTED_EDGE('',*,*,#5051,.F.);
#5398=ORIENTED_EDGE('',*,*,#5397,.F.);
#5400=ORIENTED_EDGE('',*,*,#5399,.T.);
#5401=ORIENTED_EDGE('',*,*,#5379,.F.);
#5402=EDGE_LOOP('',(#5396,#5398,#5400,#5401));
#5403=FACE_OUTER_BOUND('',#5402,.F.);
#5404=ADVANCED_FACE('',(#5403),#5395,.T.);
#5405=CARTESIAN_POINT('',(6.35E0,-5.8E0,8.E-1));
#5406=DIRECTION('',(1.E0,0.E0,0.E0));
#5407=DIRECTION('',(0.E0,0.E0,-1.E0));
#5408=AXIS2_PLACEMENT_3D('',#5405,#5406,#5407);
#5409=CYLINDRICAL_SURFACE('',#5408,2.E-1);
#5410=ORIENTED_EDGE('',*,*,#5049,.F.);
#5412=ORIENTED_EDGE('',*,*,#5411,.T.);
#5414=ORIENTED_EDGE('',*,*,#5413,.F.);
#5415=ORIENTED_EDGE('',*,*,#5397,.T.);
#5416=EDGE_LOOP('',(#5410,#5412,#5414,#5415));
#5417=FACE_OUTER_BOUND('',#5416,.F.);
#5418=ADVANCED_FACE('',(#5417),#5409,.T.);
#5419=CARTESIAN_POINT('',(6.35E0,-5.6E0,-8.E-1));
#5420=DIRECTION('',(0.E0,1.E0,0.E0));
#5421=DIRECTION('',(0.E0,0.E0,1.E0));
#5422=AXIS2_PLACEMENT_3D('',#5419,#5420,#5421);
#5423=PLANE('',#5422);
#5424=ORIENTED_EDGE('',*,*,#5047,.F.);
#5426=ORIENTED_EDGE('',*,*,#5425,.F.);
#5428=ORIENTED_EDGE('',*,*,#5427,.T.);
#5429=ORIENTED_EDGE('',*,*,#5411,.F.);
#5430=EDGE_LOOP('',(#5424,#5426,#5428,#5429));
#5431=FACE_OUTER_BOUND('',#5430,.F.);
#5432=ADVANCED_FACE('',(#5431),#5423,.T.);
#5433=CARTESIAN_POINT('',(6.35E0,-5.8E0,-8.E-1));
#5434=DIRECTION('',(1.E0,0.E0,0.E0));
#5435=DIRECTION('',(0.E0,0.E0,-1.E0));
#5436=AXIS2_PLACEMENT_3D('',#5433,#5434,#5435);
#5437=CYLINDRICAL_SURFACE('',#5436,2.E-1);
#5438=ORIENTED_EDGE('',*,*,#5045,.F.);
#5440=ORIENTED_EDGE('',*,*,#5439,.T.);
#5442=ORIENTED_EDGE('',*,*,#5441,.F.);
#5443=ORIENTED_EDGE('',*,*,#5425,.T.);
#5444=EDGE_LOOP('',(#5438,#5440,#5442,#5443));
#5445=FACE_OUTER_BOUND('',#5444,.F.);
#5446=ADVANCED_FACE('',(#5445),#5437,.T.);
#5447=CARTESIAN_POINT('',(6.35E0,-6.2E0,-1.E0));
#5448=DIRECTION('',(0.E0,0.E0,-1.E0));
#5449=DIRECTION('',(0.E0,1.E0,0.E0));
#5450=AXIS2_PLACEMENT_3D('',#5447,#5448,#5449);
#5451=PLANE('',#5450);
#5452=ORIENTED_EDGE('',*,*,#5043,.F.);
#5454=ORIENTED_EDGE('',*,*,#5453,.F.);
#5456=ORIENTED_EDGE('',*,*,#5455,.T.);
#5457=ORIENTED_EDGE('',*,*,#5439,.F.);
#5458=EDGE_LOOP('',(#5452,#5454,#5456,#5457));
#5459=FACE_OUTER_BOUND('',#5458,.F.);
#5460=ADVANCED_FACE('',(#5459),#5451,.T.);
#5461=CARTESIAN_POINT('',(6.35E0,-6.2E0,-8.E-1));
#5462=DIRECTION('',(1.E0,0.E0,0.E0));
#5463=DIRECTION('',(0.E0,0.E0,-1.E0));
#5464=AXIS2_PLACEMENT_3D('',#5461,#5462,#5463);
#5465=CYLINDRICAL_SURFACE('',#5464,2.E-1);
#5466=ORIENTED_EDGE('',*,*,#5041,.F.);
#5467=ORIENTED_EDGE('',*,*,#5366,.T.);
#5469=ORIENTED_EDGE('',*,*,#5468,.F.);
#5471=ORIENTED_EDGE('',*,*,#5470,.T.);
#5473=ORIENTED_EDGE('',*,*,#5472,.F.);
#5474=ORIENTED_EDGE('',*,*,#5453,.T.);
#5475=EDGE_LOOP('',(#5466,#5467,#5469,#5471,#5473,#5474));
#5476=FACE_OUTER_BOUND('',#5475,.F.);
#5477=ADVANCED_FACE('',(#5476),#5465,.T.);
#5478=CARTESIAN_POINT('',(6.35E0,0.E0,0.E0));
#5479=DIRECTION('',(1.E0,0.E0,0.E0));
#5480=DIRECTION('',(0.E0,0.E0,-1.E0));
#5481=AXIS2_PLACEMENT_3D('',#5478,#5479,#5480);
#5482=PLANE('',#5481);
#5483=ORIENTED_EDGE('',*,*,#5364,.F.);
#5484=ORIENTED_EDGE('',*,*,#5385,.T.);
#5486=ORIENTED_EDGE('',*,*,#5485,.T.);
#5487=ORIENTED_EDGE('',*,*,#5468,.T.);
#5488=EDGE_LOOP('',(#5483,#5484,#5486,#5487));
#5489=FACE_OUTER_BOUND('',#5488,.F.);
#5490=ADVANCED_FACE('',(#5489),#5482,.F.);
#5491=CARTESIAN_POINT('',(6.35E0,-6.4E0,8.E-1));
#5492=DIRECTION('',(0.E0,-1.E0,0.E0));
#5493=DIRECTION('',(0.E0,0.E0,-1.E0));
#5494=AXIS2_PLACEMENT_3D('',#5491,#5492,#5493);
#5495=PLANE('',#5494);
#5496=ORIENTED_EDGE('',*,*,#5485,.F.);
#5497=ORIENTED_EDGE('',*,*,#5383,.F.);
#5499=ORIENTED_EDGE('',*,*,#5498,.T.);
#5500=ORIENTED_EDGE('',*,*,#5470,.F.);
#5501=EDGE_LOOP('',(#5496,#5497,#5499,#5500));
#5502=FACE_OUTER_BOUND('',#5501,.F.);
#5503=ADVANCED_FACE('',(#5502),#5495,.T.);
#5504=CARTESIAN_POINT('',(7.85E0,0.E0,0.E0));
#5505=DIRECTION('',(1.E0,0.E0,0.E0));
#5506=DIRECTION('',(0.E0,0.E0,-1.E0));
#5507=AXIS2_PLACEMENT_3D('',#5504,#5505,#5506);
#5508=PLANE('',#5507);
#5509=ORIENTED_EDGE('',*,*,#5413,.T.);
#5510=ORIENTED_EDGE('',*,*,#5427,.F.);
#5511=ORIENTED_EDGE('',*,*,#5441,.T.);
#5512=ORIENTED_EDGE('',*,*,#5455,.F.);
#5513=ORIENTED_EDGE('',*,*,#5472,.T.);
#5514=ORIENTED_EDGE('',*,*,#5498,.F.);
#5515=ORIENTED_EDGE('',*,*,#5381,.T.);
#5516=ORIENTED_EDGE('',*,*,#5399,.F.);
#5517=EDGE_LOOP('',(#5509,#5510,#5511,#5512,#5513,#5514,#5515,#5516));
#5518=FACE_OUTER_BOUND('',#5517,.F.);
#5519=ADVANCED_FACE('',(#5518),#5508,.T.);
#5520=CARTESIAN_POINT('',(5.05E0,-5.05E0,4.8E0));
#5521=DIRECTION('',(0.E0,1.E0,0.E0));
#5522=DIRECTION('',(-1.E0,0.E0,0.E0));
#5523=AXIS2_PLACEMENT_3D('',#5520,#5521,#5522);
#5524=PLANE('',#5523);
#5525=ORIENTED_EDGE('',*,*,#4887,.F.);
#5526=ORIENTED_EDGE('',*,*,#5336,.T.);
#5527=ORIENTED_EDGE('',*,*,#4553,.T.);
#5529=ORIENTED_EDGE('',*,*,#5528,.F.);
#5530=EDGE_LOOP('',(#5525,#5526,#5527,#5529));
#5531=FACE_OUTER_BOUND('',#5530,.F.);
#5532=ADVANCED_FACE('',(#5531),#5524,.F.);
#5533=CARTESIAN_POINT('',(4.55E0,-5.05E0,4.8E0));
#5534=DIRECTION('',(-1.E0,0.E0,0.E0));
#5535=DIRECTION('',(0.E0,-1.E0,0.E0));
#5536=AXIS2_PLACEMENT_3D('',#5533,#5534,#5535);
#5537=PLANE('',#5536);
#5538=ORIENTED_EDGE('',*,*,#4889,.F.);
#5539=ORIENTED_EDGE('',*,*,#5528,.T.);
#5540=ORIENTED_EDGE('',*,*,#4551,.T.);
#5542=ORIENTED_EDGE('',*,*,#5541,.F.);
#5543=EDGE_LOOP('',(#5538,#5539,#5540,#5542));
#5544=FACE_OUTER_BOUND('',#5543,.F.);
#5545=ADVANCED_FACE('',(#5544),#5537,.F.);
#5546=CARTESIAN_POINT('',(4.55E0,-5.5E0,4.8E0));
#5547=DIRECTION('',(0.E0,1.E0,0.E0));
#5548=DIRECTION('',(-1.E0,0.E0,0.E0));
#5549=AXIS2_PLACEMENT_3D('',#5546,#5547,#5548);
#5550=PLANE('',#5549);
#5551=ORIENTED_EDGE('',*,*,#4891,.F.);
#5552=ORIENTED_EDGE('',*,*,#5541,.T.);
#5553=ORIENTED_EDGE('',*,*,#4549,.T.);
#5554=ORIENTED_EDGE('',*,*,#4808,.F.);
#5555=EDGE_LOOP('',(#5551,#5552,#5553,#5554));
#5556=FACE_OUTER_BOUND('',#5555,.F.);
#5557=ADVANCED_FACE('',(#5556),#5550,.F.);
#5558=CARTESIAN_POINT('',(7.05E0,0.E0,0.E0));
#5559=DIRECTION('',(1.E0,0.E0,0.E0));
#5560=DIRECTION('',(0.E0,0.E0,-1.E0));
#5561=AXIS2_PLACEMENT_3D('',#5558,#5559,#5560);
#5562=CYLINDRICAL_SURFACE('',#5561,3.5E0);
#5564=ORIENTED_EDGE('',*,*,#5563,.T.);
#5566=ORIENTED_EDGE('',*,*,#5565,.T.);
#5567=ORIENTED_EDGE('',*,*,#5062,.F.);
#5569=ORIENTED_EDGE('',*,*,#5568,.T.);
#5571=ORIENTED_EDGE('',*,*,#5570,.T.);
#5573=ORIENTED_EDGE('',*,*,#5572,.F.);
#5574=EDGE_LOOP('',(#5564,#5566,#5567,#5569,#5571,#5573));
#5575=FACE_OUTER_BOUND('',#5574,.F.);
#5576=ADVANCED_FACE('',(#5575),#5562,.T.);
#5577=CARTESIAN_POINT('',(9.051318679861E0,-3.031469283913E0,1.750242120724E0));
#5578=CARTESIAN_POINT('',(8.966155250729E0,-2.903790362499E0,1.676525712851E0));
#5579=CARTESIAN_POINT('',(8.880991821597E0,-2.776111441084E0,1.602809304977E0));
#5580=CARTESIAN_POINT('',(8.795828392466E0,-2.648432519670E0,1.529092897104E0));
#5581=CARTESIAN_POINT('',(9.042979715420E0,-2.878974481532E0,2.015332645336E0));
#5582=CARTESIAN_POINT('',(8.957816286288E0,-2.757718310964E0,1.930451198636E0));
#5583=CARTESIAN_POINT('',(8.872652857156E0,-2.636462140396E0,1.845569751935E0));
#5584=CARTESIAN_POINT('',(8.787489428024E0,-2.515205969828E0,1.760688305235E0));
#5585=CARTESIAN_POINT('',(9.012974084787E0,-2.207790142836E0,2.897809354888E0));
#5586=CARTESIAN_POINT('',(8.927810655655E0,-2.114802803110E0,2.775759900235E0));
#5587=CARTESIAN_POINT('',(8.842647226523E0,-2.021815463384E0,2.653710445582E0));
#5588=CARTESIAN_POINT('',(8.757483797391E0,-1.928828123659E0,2.531660990929E0));
#5589=CARTESIAN_POINT('',(8.961301786911E0,-3.954490657918E-1,
3.762694220736E0));
#5590=CARTESIAN_POINT('',(8.876138357779E0,-3.787936075119E-1,
3.604217688493E0));
#5591=CARTESIAN_POINT('',(8.790974928646E0,-3.621381492320E-1,
3.445741156250E0));
#5592=CARTESIAN_POINT('',(8.705811499514E0,-3.454826909521E-1,
3.287264624007E0));
#5593=CARTESIAN_POINT('',(8.896301786994E0,2.060527013676E0,3.172905542435E0));
#5594=CARTESIAN_POINT('',(8.811138357862E0,1.973742078052E0,3.039269632100E0));
#5595=CARTESIAN_POINT('',(8.725974928730E0,1.886957142428E0,2.905633721765E0));
#5596=CARTESIAN_POINT('',(8.640811499598E0,1.800172206803E0,2.771997811431E0));
#5597=CARTESIAN_POINT('',(8.831301786972E0,3.598128932021E0,1.169111547503E0));
#5598=CARTESIAN_POINT('',(8.746138357840E0,3.446583533362E0,1.119871100902E0));
#5599=CARTESIAN_POINT('',(8.660974928708E0,3.295038134703E0,1.070630654302E0));
#5600=CARTESIAN_POINT('',(8.575811499576E0,3.143492736044E0,1.021390207701E0));
#5601=CARTESIAN_POINT('',(8.766301786979E0,3.532010532283E0,-1.355814293271E0));
#5602=CARTESIAN_POINT('',(8.681138357847E0,3.383249897439E0,-1.298710331332E0));
#5603=CARTESIAN_POINT('',(8.595974928715E0,3.234489262595E0,-1.241606369394E0));
#5604=CARTESIAN_POINT('',(8.510811499583E0,3.085728627750E0,-1.184502407455E0));
#5605=CARTESIAN_POINT('',(8.701301786977E0,1.891647900797E0,-3.276429519543E0));
#5606=CARTESIAN_POINT('',(8.616138357845E0,1.811975787691E0,-3.138433403478E0));
#5607=CARTESIAN_POINT('',(8.530974928713E0,1.732303674586E0,-3.000437287413E0));
#5608=CARTESIAN_POINT('',(8.445811499581E0,1.652631561480E0,-2.862441171348E0));
#5609=CARTESIAN_POINT('',(8.636301786978E0,-5.918378517527E-1,
-3.736717190714E0));
#5610=CARTESIAN_POINT('',(8.551138357846E0,-5.669109230931E-1,
-3.579334754721E0));
#5611=CARTESIAN_POINT('',(8.465974928713E0,-5.419839944335E-1,
-3.421952318728E0));
#5612=CARTESIAN_POINT('',(8.380811499581E0,-5.170570657740E-1,
-3.264569882735E0));
#5613=CARTESIAN_POINT('',(8.571301786978E0,-2.811536593594E0,
-2.531518878114E0));
#5614=CARTESIAN_POINT('',(8.486138357846E0,-2.693120760816E0,
-2.424896785123E0));
#5615=CARTESIAN_POINT('',(8.400974928713E0,-2.574704928038E0,
-2.318274692132E0));
#5616=CARTESIAN_POINT('',(8.315811499581E0,-2.456289095260E0,
-2.211652599141E0));
#5617=CARTESIAN_POINT('',(8.506301786978E0,-3.778110793404E0,
-1.980024088119E-1));
#5618=CARTESIAN_POINT('',(8.421138357846E0,-3.618984948505E0,
-1.896629761437E-1));
#5619=CARTESIAN_POINT('',(8.335974928713E0,-3.459859103606E0,
-1.813235434755E-1));
#5620=CARTESIAN_POINT('',(8.250811499581E0,-3.300733258708E0,
-1.729841108072E-1));
#5621=CARTESIAN_POINT('',(8.441301786978E0,-3.060750489294E0,2.223765401594E0));
#5622=CARTESIAN_POINT('',(8.356138357846E0,-2.931838306922E0,2.130105218568E0));
#5623=CARTESIAN_POINT('',(8.270974928713E0,-2.802926124550E0,2.036445035541E0));
#5624=CARTESIAN_POINT('',(8.185811499581E0,-2.674013942179E0,1.942784852514E0));
#5625=CARTESIAN_POINT('',(8.376301786978E0,-9.791889720748E-1,
3.654382992684E0));
#5626=CARTESIAN_POINT('',(8.291138357846E0,-9.379476530688E-1,
3.500468294810E0));
#5627=CARTESIAN_POINT('',(8.205974928713E0,-8.967063340628E-1,
3.346553596936E0));
#5628=CARTESIAN_POINT('',(8.120811499581E0,-8.554650150568E-1,
3.192638899063E0));
#5629=CARTESIAN_POINT('',(8.311301786978E0,1.538804979509E0,3.456212572061E0));
#5630=CARTESIAN_POINT('',(8.226138357845E0,1.473993846137E0,3.310644383159E0));
#5631=CARTESIAN_POINT('',(8.140974928713E0,1.409182712764E0,3.165076194257E0));
#5632=CARTESIAN_POINT('',(8.055811499580E0,1.344371579392E0,3.019508005355E0));
#5633=CARTESIAN_POINT('',(8.246301786978E0,3.370941122524E0,1.717580290623E0));
#5634=CARTESIAN_POINT('',(8.161138357845E0,3.228964382409E0,1.645239528310E0));
#5635=CARTESIAN_POINT('',(8.075974928713E0,3.086987642294E0,1.572898765998E0));
#5636=CARTESIAN_POINT('',(7.990811499580E0,2.945010902179E0,1.500558003685E0));
#5637=CARTESIAN_POINT('',(8.181301786978E0,3.700621579878E0,
-7.865913990423E-1));
#5638=CARTESIAN_POINT('',(8.096138357845E0,3.544759412848E0,
-7.534618727144E-1));
#5639=CARTESIAN_POINT('',(8.010974928713E0,3.388897245817E0,
-7.203323463864E-1));
#5640=CARTESIAN_POINT('',(7.925811499580E0,3.233035078787E0,
-6.872028200585E-1));
#5641=CARTESIAN_POINT('',(8.116301786977E0,2.380905108823E0,-2.940172948880E0));
#5642=CARTESIAN_POINT('',(8.031138357845E0,2.280626541637E0,-2.816339231383E0));
#5643=CARTESIAN_POINT('',(7.945974928712E0,2.180347974450E0,-2.692505513886E0));
#5644=CARTESIAN_POINT('',(7.860811499580E0,2.080069407264E0,-2.568671796389E0));
#5645=CARTESIAN_POINT('',(8.051301786977E0,-1.408351213428E-11,
-3.783295667338E0));
#5646=CARTESIAN_POINT('',(7.966138357845E0,-1.622035838977E-12,
-3.623951446778E0));
#5647=CARTESIAN_POINT('',(7.880974928712E0,1.083988454553E-11,
-3.464607226217E0));
#5648=CARTESIAN_POINT('',(7.795811499580E0,2.330147186314E-11,
-3.305263005657E0));
#5649=CARTESIAN_POINT('',(7.986301786977E0,-2.380905108844E0,
-2.940172948863E0));
#5650=CARTESIAN_POINT('',(7.901138357844E0,-2.280626541639E0,
-2.816339231381E0));
#5651=CARTESIAN_POINT('',(7.815974928712E0,-2.180347974433E0,
-2.692505513899E0));
#5652=CARTESIAN_POINT('',(7.730811499579E0,-2.080069407228E0,
-2.568671796417E0));
#5653=CARTESIAN_POINT('',(7.921301786977E0,-3.700621579884E0,
-7.865913990152E-1));
#5654=CARTESIAN_POINT('',(7.836138357844E0,-3.544759412849E0,
-7.534618727112E-1));
#5655=CARTESIAN_POINT('',(7.750974928712E0,-3.388897245813E0,
-7.203323464072E-1));
#5656=CARTESIAN_POINT('',(7.665811499579E0,-3.233035078778E0,
-6.872028201032E-1));
#5657=CARTESIAN_POINT('',(7.856301786977E0,-3.370941122511E0,1.717580290646E0));
#5658=CARTESIAN_POINT('',(7.771138357844E0,-3.228964382408E0,1.645239528313E0));
#5659=CARTESIAN_POINT('',(7.685974928712E0,-3.086987642304E0,1.572898765979E0));
#5660=CARTESIAN_POINT('',(7.600811499579E0,-2.945010902200E0,1.500558003646E0));
#5661=CARTESIAN_POINT('',(7.791301786977E0,-1.538804979485E0,3.456212572072E0));
#5662=CARTESIAN_POINT('',(7.706138357844E0,-1.473993846134E0,3.310644383160E0));
#5663=CARTESIAN_POINT('',(7.620974928712E0,-1.409182712782E0,3.165076194249E0));
#5664=CARTESIAN_POINT('',(7.535811499579E0,-1.344371579431E0,3.019508005337E0));
#5665=CARTESIAN_POINT('',(7.726301786977E0,9.791889720991E-1,3.654382992678E0));
#5666=CARTESIAN_POINT('',(7.641138357844E0,9.379476530716E-1,3.500468294809E0));
#5667=CARTESIAN_POINT('',(7.555974928712E0,8.967063340442E-1,3.346553596941E0));
#5668=CARTESIAN_POINT('',(7.470811499579E0,8.554650150167E-1,3.192638899073E0));
#5669=CARTESIAN_POINT('',(7.661301786976E0,3.060750489307E0,2.223765401574E0));
#5670=CARTESIAN_POINT('',(7.576138357843E0,2.931838306923E0,2.130105218565E0));
#5671=CARTESIAN_POINT('',(7.490974928711E0,2.802926124540E0,2.036445035556E0));
#5672=CARTESIAN_POINT('',(7.405811499578E0,2.674013942156E0,1.942784852547E0));
#5673=CARTESIAN_POINT('',(7.596301786976E0,3.778110793402E0,
-1.980024088343E-1));
#5674=CARTESIAN_POINT('',(7.511138357843E0,3.618984948505E0,
-1.896629761463E-1));
#5675=CARTESIAN_POINT('',(7.425974928711E0,3.459859103607E0,
-1.813235434583E-1));
#5676=CARTESIAN_POINT('',(7.340811499578E0,3.300733258709E0,
-1.729841107702E-1));
#5677=CARTESIAN_POINT('',(7.531301786976E0,2.811536593581E0,-2.531518878128E0));
#5678=CARTESIAN_POINT('',(7.446138357843E0,2.693120760815E0,-2.424896785124E0));
#5679=CARTESIAN_POINT('',(7.360974928711E0,2.574704928049E0,-2.318274692120E0));
#5680=CARTESIAN_POINT('',(7.275811499578E0,2.456289095283E0,-2.211652599115E0));
#5681=CARTESIAN_POINT('',(7.466301786976E0,5.918378517343E-1,
-3.736717190718E0));
#5682=CARTESIAN_POINT('',(7.381138357843E0,5.669109230909E-1,
-3.579334754723E0));
#5683=CARTESIAN_POINT('',(7.295974928711E0,5.419839944476E-1,
-3.421952318727E0));
#5684=CARTESIAN_POINT('',(7.210811499578E0,5.170570658043E-1,
-3.264569882732E0));
#5685=CARTESIAN_POINT('',(7.401301786976E0,-1.891647900810E0,
-3.276429519534E0));
#5686=CARTESIAN_POINT('',(7.316138357843E0,-1.811975787693E0,
-3.138433403477E0));
#5687=CARTESIAN_POINT('',(7.230974928711E0,-1.732303674575E0,
-3.000437287420E0));
#5688=CARTESIAN_POINT('',(7.145811499578E0,-1.652631561458E0,
-2.862441171363E0));
#5689=CARTESIAN_POINT('',(7.336301786976E0,-3.532010532287E0,
-1.355814293259E0));
#5690=CARTESIAN_POINT('',(7.251138357843E0,-3.383249897439E0,
-1.298710331331E0));
#5691=CARTESIAN_POINT('',(7.165974928711E0,-3.234489262591E0,
-1.241606369404E0));
#5692=CARTESIAN_POINT('',(7.080811499578E0,-3.085728627743E0,
-1.184502407476E0));
#5693=CARTESIAN_POINT('',(7.271301786976E0,-3.598128932016E0,1.169111547513E0));
#5694=CARTESIAN_POINT('',(7.186138357844E0,-3.446583533361E0,1.119871100904E0));
#5695=CARTESIAN_POINT('',(7.100974928711E0,-3.295038134706E0,1.070630654294E0));
#5696=CARTESIAN_POINT('',(7.015811499579E0,-3.143492736050E0,1.021390207685E0));
#5697=CARTESIAN_POINT('',(7.206301786976E0,-2.060527013670E0,3.172905542438E0));
#5698=CARTESIAN_POINT('',(7.121138357844E0,-1.973742078051E0,3.039269632099E0));
#5699=CARTESIAN_POINT('',(7.035974928711E0,-1.886957142432E0,2.905633721761E0));
#5700=CARTESIAN_POINT('',(6.950811499579E0,-1.800172206813E0,2.771997811423E0));
#5701=CARTESIAN_POINT('',(7.141301786976E0,3.954490657991E-1,3.762694220738E0));
#5702=CARTESIAN_POINT('',(7.056138357844E0,3.787936075119E-1,3.604217688495E0));
#5703=CARTESIAN_POINT('',(6.970974928711E0,3.621381492246E-1,3.445741156253E0));
#5704=CARTESIAN_POINT('',(6.885811499579E0,3.454826909374E-1,3.287264624011E0));
#5705=CARTESIAN_POINT('',(7.089629133435E0,2.207802625993E0,2.897803397668E0));
#5706=CARTESIAN_POINT('',(7.004465704303E0,2.114814760511E0,2.775754193922E0));
#5707=CARTESIAN_POINT('',(6.919302275171E0,2.021826895029E0,2.653704990176E0));
#5708=CARTESIAN_POINT('',(6.834138846038E0,1.928839029547E0,2.531655786430E0));
#5709=CARTESIAN_POINT('',(7.059623146562E0,2.878990403988E0,2.015311710295E0));
#5710=CARTESIAN_POINT('',(6.974459717430E0,2.757733562794E0,1.930431145333E0));
#5711=CARTESIAN_POINT('',(6.889296288297E0,2.636476721600E0,1.845550580371E0));
#5712=CARTESIAN_POINT('',(6.804132859165E0,2.515219880406E0,1.760670015409E0));
#5713=CARTESIAN_POINT('',(7.051283826355E0,3.031488809421E0,1.750208177972E0));
#5714=CARTESIAN_POINT('',(6.966120397223E0,2.903809065635E0,1.676493199694E0));
#5715=CARTESIAN_POINT('',(6.880956968090E0,2.776129321848E0,1.602778221416E0));
#5716=CARTESIAN_POINT('',(6.795793538958E0,2.648449578062E0,1.529063243138E0));
#5717=B_SPLINE_SURFACE_WITH_KNOTS('',3,3,((#5577,#5578,#5579,#5580),(#5581,
#5582,#5583,#5584),(#5585,#5586,#5587,#5588),(#5589,#5590,#5591,#5592),(#5593,
#5594,#5595,#5596),(#5597,#5598,#5599,#5600),(#5601,#5602,#5603,#5604),(#5605,
#5606,#5607,#5608),(#5609,#5610,#5611,#5612),(#5613,#5614,#5615,#5616),(#5617,
#5618,#5619,#5620),(#5621,#5622,#5623,#5624),(#5625,#5626,#5627,#5628),(#5629,
#5630,#5631,#5632),(#5633,#5634,#5635,#5636),(#5637,#5638,#5639,#5640),(#5641,
#5642,#5643,#5644),(#5645,#5646,#5647,#5648),(#5649,#5650,#5651,#5652),(#5653,
#5654,#5655,#5656),(#5657,#5658,#5659,#5660),(#5661,#5662,#5663,#5664),(#5665,
#5666,#5667,#5668),(#5669,#5670,#5671,#5672),(#5673,#5674,#5675,#5676),(#5677,
#5678,#5679,#5680),(#5681,#5682,#5683,#5684),(#5685,#5686,#5687,#5688),(#5689,
#5690,#5691,#5692),(#5693,#5694,#5695,#5696),(#5697,#5698,#5699,#5700),(#5701,
#5702,#5703,#5704),(#5705,#5706,#5707,#5708),(#5709,#5710,#5711,#5712),(#5713,
#5714,#5715,#5716)),.UNSPECIFIED.,.F.,.F.,.F.,(4,1,1,1,1,1,1,1,1,1,1,1,1,1,1,1,
1,1,1,1,1,1,1,1,1,1,1,1,1,1,1,1,4),(4,4),(3.499792394105E-8,1.250826292701E-2,
4.500769517470E-2,7.750712742239E-2,1.100065596701E-1,1.425059919178E-1,
1.750054241654E-1,2.075048564132E-1,2.400042886608E-1,2.725037209085E-1,
3.050031531562E-1,3.375025854039E-1,3.700020176516E-1,4.025014498992E-1,
4.350008821470E-1,4.675003143946E-1,4.999997466423E-1,5.324991788900E-1,
5.649986111377E-1,5.974980433854E-1,6.299974756331E-1,6.624969078808E-1,
6.949963401284E-1,7.274957723761E-1,7.599952046239E-1,7.924946368715E-1,
8.249940691192E-1,8.574935013669E-1,8.899929336146E-1,9.224923658622E-1,
9.549917981100E-1,9.874912303577E-1,9.999999921452E-1),(6.239769556322E-2,
9.377101563263E-1),.UNSPECIFIED.);
#5719=ORIENTED_EDGE('',*,*,#5718,.T.);
#5721=ORIENTED_EDGE('',*,*,#5720,.T.);
#5723=ORIENTED_EDGE('',*,*,#5722,.T.);
#5725=ORIENTED_EDGE('',*,*,#5724,.T.);
#5727=ORIENTED_EDGE('',*,*,#5726,.T.);
#5729=ORIENTED_EDGE('',*,*,#5728,.T.);
#5731=ORIENTED_EDGE('',*,*,#5730,.F.);
#5732=ORIENTED_EDGE('',*,*,#5565,.F.);
#5733=ORIENTED_EDGE('',*,*,#5563,.F.);
#5735=ORIENTED_EDGE('',*,*,#5734,.T.);
#5737=ORIENTED_EDGE('',*,*,#5736,.T.);
#5738=EDGE_LOOP('',(#5719,#5721,#5723,#5725,#5727,#5729,#5731,#5732,#5733,#5735,
#5737));
#5739=FACE_OUTER_BOUND('',#5738,.F.);
#5740=ADVANCED_FACE('',(#5739),#5717,.T.);
#5741=CARTESIAN_POINT('',(7.05E0,0.E0,0.E0));
#5742=DIRECTION('',(1.E0,0.E0,0.E0));
#5743=DIRECTION('',(0.E0,0.E0,-1.E0));
#5744=AXIS2_PLACEMENT_3D('',#5741,#5742,#5743);
#5745=CYLINDRICAL_SURFACE('',#5744,3.5E0);
#5746=ORIENTED_EDGE('',*,*,#5718,.F.);
#5748=ORIENTED_EDGE('',*,*,#5747,.T.);
#5750=ORIENTED_EDGE('',*,*,#5749,.F.);
#5752=ORIENTED_EDGE('',*,*,#5751,.F.);
#5753=EDGE_LOOP('',(#5746,#5748,#5750,#5752));
#5754=FACE_OUTER_BOUND('',#5753,.F.);
#5755=ADVANCED_FACE('',(#5754),#5745,.T.);
#5756=CARTESIAN_POINT('',(7.05E0,0.E0,0.E0));
#5757=DIRECTION('',(1.E0,0.E0,0.E0));
#5758=DIRECTION('',(0.E0,0.E0,-1.E0));
#5759=AXIS2_PLACEMENT_3D('',#5756,#5757,#5758);
#5760=CYLINDRICAL_SURFACE('',#5759,3.5E0);
#5761=ORIENTED_EDGE('',*,*,#5736,.F.);
#5763=ORIENTED_EDGE('',*,*,#5762,.T.);
#5765=ORIENTED_EDGE('',*,*,#5764,.F.);
#5766=ORIENTED_EDGE('',*,*,#5747,.F.);
#5767=EDGE_LOOP('',(#5761,#5763,#5765,#5766));
#5768=FACE_OUTER_BOUND('',#5767,.F.);
#5769=ADVANCED_FACE('',(#5768),#5760,.T.);
#5770=CARTESIAN_POINT('',(7.05E0,0.E0,0.E0));
#5771=DIRECTION('',(1.E0,0.E0,0.E0));
#5772=DIRECTION('',(0.E0,0.E0,-1.E0));
#5773=AXIS2_PLACEMENT_3D('',#5770,#5771,#5772);
#5774=CYLINDRICAL_SURFACE('',#5773,3.5E0);
#5775=ORIENTED_EDGE('',*,*,#5734,.F.);
#5776=ORIENTED_EDGE('',*,*,#5572,.T.);
#5778=ORIENTED_EDGE('',*,*,#5777,.F.);
#5779=ORIENTED_EDGE('',*,*,#5762,.F.);
#5780=EDGE_LOOP('',(#5775,#5776,#5778,#5779));
#5781=FACE_OUTER_BOUND('',#5780,.F.);
#5782=ADVANCED_FACE('',(#5781),#5774,.T.);
#5783=CARTESIAN_POINT('',(8.828004407547E0,-2.812156494937E0,1.119076113559E0));
#5784=CARTESIAN_POINT('',(8.730717812560E0,-2.968636157453E0,1.181345995372E0));
#5785=CARTESIAN_POINT('',(8.633431217572E0,-3.125115819968E0,1.243615877184E0));
#5786=CARTESIAN_POINT('',(8.536144622585E0,-3.281595482483E0,1.305885758997E0));
#5787=CARTESIAN_POINT('',(8.823396885217E0,-2.757942284220E0,1.254807975018E0));
#5788=CARTESIAN_POINT('',(8.726110290229E0,-2.911405250683E0,1.324630521810E0));
#5789=CARTESIAN_POINT('',(8.628823695242E0,-3.064868217146E0,1.394453068601E0));
#5790=CARTESIAN_POINT('',(8.531537100255E0,-3.218331183609E0,1.464275615392E0));
#5791=CARTESIAN_POINT('',(8.810450033062E0,-2.578475356207E0,1.625397067752E0));
#5792=CARTESIAN_POINT('',(8.713163438075E0,-2.721952063236E0,1.715840677512E0));
#5793=CARTESIAN_POINT('',(8.615876843087E0,-2.865428770265E0,1.806284287273E0));
#5794=CARTESIAN_POINT('',(8.518590248100E0,-3.008905477293E0,1.896727897033E0));
#5795=CARTESIAN_POINT('',(8.775836514240E0,-1.909008195372E0,2.505626733615E0));
#5796=CARTESIAN_POINT('',(8.678549919253E0,-2.015233065392E0,2.645049851201E0));
#5797=CARTESIAN_POINT('',(8.581263324265E0,-2.121457935412E0,2.784472968787E0));
#5798=CARTESIAN_POINT('',(8.483976729278E0,-2.227682805431E0,2.923896086373E0));
#5799=CARTESIAN_POINT('',(8.724163851084E0,-3.419306523272E-1,
3.253467009255E0));
#5800=CARTESIAN_POINT('',(8.626877256096E0,-3.609570447685E-1,
3.434502958189E0));
#5801=CARTESIAN_POINT('',(8.529590661108E0,-3.799834372098E-1,
3.615538907123E0));
#5802=CARTESIAN_POINT('',(8.432304066120E0,-3.990098296511E-1,
3.796574856057E0));
#5803=CARTESIAN_POINT('',(8.659163851084E0,1.781663953377E0,2.743497850263E0));
#5804=CARTESIAN_POINT('',(8.561877256096E0,1.880802879196E0,2.896157070507E0));
#5805=CARTESIAN_POINT('',(8.464590661108E0,1.979941805015E0,3.048816290750E0));
#5806=CARTESIAN_POINT('',(8.367304066120E0,2.079080730833E0,3.201475510994E0));
#5807=CARTESIAN_POINT('',(8.594163851084E0,3.111173294616E0,1.010888907471E0));
#5808=CARTESIAN_POINT('',(8.496877256096E0,3.284291450752E0,1.067138819368E0));
#5809=CARTESIAN_POINT('',(8.399590661108E0,3.457409606888E0,1.123388731264E0));
#5810=CARTESIAN_POINT('',(8.302304066120E0,3.630527763024E0,1.179638643160E0));
#5811=CARTESIAN_POINT('',(8.529163851084E0,3.054003081035E0,-1.172324088816E0));
#5812=CARTESIAN_POINT('',(8.431877256096E0,3.223940057267E0,-1.237556901467E0));
#5813=CARTESIAN_POINT('',(8.334590661108E0,3.393877033498E0,-1.302789714119E0));
#5814=CARTESIAN_POINT('',(8.237304066121E0,3.563814009730E0,-1.368022526771E0));
#5815=CARTESIAN_POINT('',(8.464163851084E0,1.635640229407E0,-2.833011327685E0));
#5816=CARTESIAN_POINT('',(8.366877256096E0,1.726653809748E0,-2.990651436711E0));
#5817=CARTESIAN_POINT('',(8.269590661108E0,1.817667390090E0,-3.148291545738E0));
#5818=CARTESIAN_POINT('',(8.172304066121E0,1.908680970432E0,-3.305931654764E0));
#5819=CARTESIAN_POINT('',(8.399163851084E0,-5.117410059139E-1,
-3.231005601228E0));
#5820=CARTESIAN_POINT('',(8.301877256096E0,-5.402163272755E-1,
-3.410791707361E0));
#5821=CARTESIAN_POINT('',(8.204590661108E0,-5.686916486370E-1,
-3.590577813495E0));
#5822=CARTESIAN_POINT('',(8.107304066121E0,-5.971669699986E-1,
-3.770363919628E0));
#5823=CARTESIAN_POINT('',(8.334163851084E0,-2.431035055180E0,
-2.188913759691E0));
#5824=CARTESIAN_POINT('',(8.236877256096E0,-2.566307592712E0,
-2.310713697567E0));
#5825=CARTESIAN_POINT('',(8.139590661108E0,-2.701580130244E0,
-2.432513635443E0));
#5826=CARTESIAN_POINT('',(8.042304066121E0,-2.836852667776E0,
-2.554313573318E0));
#5827=CARTESIAN_POINT('',(8.269163851084E0,-3.266797167811E0,
-1.712055955368E-1));
#5828=CARTESIAN_POINT('',(8.171877256096E0,-3.448574860214E0,
-1.807321613021E-1));
#5829=CARTESIAN_POINT('',(8.074590661108E0,-3.630352552617E0,
-1.902587270673E-1));
#5830=CARTESIAN_POINT('',(7.977304066121E0,-3.812130245019E0,
-1.997852928326E-1));
#5831=CARTESIAN_POINT('',(8.204163851084E0,-2.646521390347E0,1.922810344372E0));
#5832=CARTESIAN_POINT('',(8.106877256096E0,-2.793784451536E0,2.029803221308E0));
#5833=CARTESIAN_POINT('',(8.009590661108E0,-2.941047512725E0,2.136796098245E0));
#5834=CARTESIAN_POINT('',(7.912304066121E0,-3.088310573915E0,2.243788975181E0));
#5835=CARTESIAN_POINT('',(8.139163851084E0,-8.466696546842E-1,
3.159814167288E0));
#5836=CARTESIAN_POINT('',(8.041877256096E0,-8.937817489221E-1,
3.335638896603E0));
#5837=CARTESIAN_POINT('',(7.944590661108E0,-9.408938431600E-1,
3.511463625918E0));
#5838=CARTESIAN_POINT('',(7.847304066120E0,-9.880059373979E-1,
3.687288355233E0));
#5839=CARTESIAN_POINT('',(8.074163851084E0,1.330549585141E0,2.988463297983E0));
#5840=CARTESIAN_POINT('',(7.976877256096E0,1.404586698810E0,3.154753377905E0));
#5841=CARTESIAN_POINT('',(7.879590661108E0,1.478623812479E0,3.321043457827E0));
#5842=CARTESIAN_POINT('',(7.782304066120E0,1.552660926149E0,3.487333537748E0));
#5843=CARTESIAN_POINT('',(8.009163851084E0,2.914732127786E0,1.485130197556E0));
#5844=CARTESIAN_POINT('',(7.911877256096E0,3.076919509788E0,1.567768796258E0));
#5845=CARTESIAN_POINT('',(7.814590661108E0,3.239106891790E0,1.650407394961E0));
#5846=CARTESIAN_POINT('',(7.717304066120E0,3.401294273792E0,1.733045993663E0));
#5847=CARTESIAN_POINT('',(7.944163851083E0,3.199795018563E0,
-6.801374271454E-1));
#5848=CARTESIAN_POINT('',(7.846877256095E0,3.377844442739E0,
-7.179830005664E-1));
#5849=CARTESIAN_POINT('',(7.749590661107E0,3.555893866914E0,
-7.558285739874E-1));
#5850=CARTESIAN_POINT('',(7.652304066120E0,3.733943291089E0,
-7.936741474084E-1));
#5851=CARTESIAN_POINT('',(7.879163851083E0,2.058683424534E0,-2.542262307121E0));
#5852=CARTESIAN_POINT('',(7.781877256095E0,2.173236824405E0,-2.683723974913E0));
#5853=CARTESIAN_POINT('',(7.684590661107E0,2.287790224277E0,-2.825185642706E0));
#5854=CARTESIAN_POINT('',(7.587304066120E0,2.402343624148E0,-2.966647310499E0));
#5855=CARTESIAN_POINT('',(7.814163851083E0,2.594735537542E-11,
-3.271280342714E0));
#5856=CARTESIAN_POINT('',(7.716877256095E0,1.171251984289E-11,
-3.453307496943E0));
#5857=CARTESIAN_POINT('',(7.619590661107E0,-2.522537734251E-12,
-3.635334651172E0));
#5858=CARTESIAN_POINT('',(7.522304066119E0,-1.675704019988E-11,
-3.817361805400E0));
#5859=CARTESIAN_POINT('',(7.749163851083E0,-2.058683424494E0,
-2.542262307154E0));
#5860=CARTESIAN_POINT('',(7.651877256095E0,-2.173236824387E0,
-2.683723974929E0));
#5861=CARTESIAN_POINT('',(7.554590661107E0,-2.287790224280E0,
-2.825185642704E0));
#5862=CARTESIAN_POINT('',(7.457304066119E0,-2.402343624173E0,
-2.966647310479E0));
#5863=CARTESIAN_POINT('',(7.684163851083E0,-3.199795018552E0,
-6.801374271953E-1));
#5864=CARTESIAN_POINT('',(7.586877256095E0,-3.377844442734E0,
-7.179830005889E-1));
#5865=CARTESIAN_POINT('',(7.489590661107E0,-3.555893866915E0,
-7.558285739826E-1));
#5866=CARTESIAN_POINT('',(7.392304066119E0,-3.733943291096E0,
-7.936741473762E-1));
#5867=CARTESIAN_POINT('',(7.619163851082E0,-2.914732127809E0,1.485130197511E0));
#5868=CARTESIAN_POINT('',(7.521877256094E0,-3.076919509798E0,1.567768796238E0));
#5869=CARTESIAN_POINT('',(7.424590661106E0,-3.239106891788E0,1.650407394965E0));
#5870=CARTESIAN_POINT('',(7.327304066119E0,-3.401294273777E0,1.733045993692E0));
#5871=CARTESIAN_POINT('',(7.554163851082E0,-1.330549585186E0,2.988463297965E0));
#5872=CARTESIAN_POINT('',(7.456877256094E0,-1.404586698830E0,3.154753377897E0));
#5873=CARTESIAN_POINT('',(7.359590661106E0,-1.478623812475E0,3.321043457829E0));
#5874=CARTESIAN_POINT('',(7.262304066119E0,-1.552660926120E0,3.487333537760E0));
#5875=CARTESIAN_POINT('',(7.489163851082E0,8.466696546395E-1,3.159814167300E0));
#5876=CARTESIAN_POINT('',(7.391877256094E0,8.937817489019E-1,3.335638896608E0));
#5877=CARTESIAN_POINT('',(7.294590661106E0,9.408938431643E-1,3.511463625917E0));
#5878=CARTESIAN_POINT('',(7.197304066118E0,9.880059374268E-1,3.687288355225E0));
#5879=CARTESIAN_POINT('',(7.424163851082E0,2.646521390322E0,1.922810344409E0));
#5880=CARTESIAN_POINT('',(7.326877256094E0,2.793784451525E0,2.029803221325E0));
#5881=CARTESIAN_POINT('',(7.229590661106E0,2.941047512728E0,2.136796098240E0));
#5882=CARTESIAN_POINT('',(7.132304066118E0,3.088310573931E0,2.243788975156E0));
#5883=CARTESIAN_POINT('',(7.359163851082E0,3.266797167814E0,
-1.712055954957E-1));
#5884=CARTESIAN_POINT('',(7.261877256094E0,3.448574860215E0,
-1.807321612836E-1));
#5885=CARTESIAN_POINT('',(7.164590661106E0,3.630352552616E0,
-1.902587270714E-1));
#5886=CARTESIAN_POINT('',(7.067304066118E0,3.812130245017E0,
-1.997852928592E-1));
#5887=CARTESIAN_POINT('',(7.294163851082E0,2.431035055206E0,-2.188913759663E0));
#5888=CARTESIAN_POINT('',(7.196877256094E0,2.566307592724E0,-2.310713697554E0));
#5889=CARTESIAN_POINT('',(7.099590661106E0,2.701580130242E0,-2.432513635445E0));
#5890=CARTESIAN_POINT('',(7.002304066118E0,2.836852667760E0,-2.554313573335E0));
#5891=CARTESIAN_POINT('',(7.229163851082E0,5.117410059477E-1,
-3.231005601223E0));
#5892=CARTESIAN_POINT('',(7.131877256094E0,5.402163272907E-1,
-3.410791707359E0));
#5893=CARTESIAN_POINT('',(7.034590661106E0,5.686916486337E-1,
-3.590577813495E0));
#5894=CARTESIAN_POINT('',(6.937304066118E0,5.971669699767E-1,
-3.770363919631E0));
#5895=CARTESIAN_POINT('',(7.164163851082E0,-1.635640229382E0,
-2.833011327701E0));
#5896=CARTESIAN_POINT('',(7.066877256094E0,-1.726653809737E0,
-2.990651436719E0));
#5897=CARTESIAN_POINT('',(6.969590661106E0,-1.817667390093E0,
-3.148291545737E0));
#5898=CARTESIAN_POINT('',(6.872304066118E0,-1.908680970448E0,
-3.305931654754E0));
#5899=CARTESIAN_POINT('',(7.099163851082E0,-3.054003081028E0,
-1.172324088840E0));
#5900=CARTESIAN_POINT('',(7.001877256094E0,-3.223940057263E0,
-1.237556901478E0));
#5901=CARTESIAN_POINT('',(6.904590661106E0,-3.393877033499E0,
-1.302789714117E0));
#5902=CARTESIAN_POINT('',(6.807304066118E0,-3.563814009734E0,
-1.368022526756E0));
#5903=CARTESIAN_POINT('',(7.034163851082E0,-3.111173294624E0,1.010888907453E0));
#5904=CARTESIAN_POINT('',(6.936877256094E0,-3.284291450756E0,1.067138819360E0));
#5905=CARTESIAN_POINT('',(6.839590661106E0,-3.457409606888E0,1.123388731266E0));
#5906=CARTESIAN_POINT('',(6.742304066118E0,-3.630527763019E0,1.179638643172E0));
#5907=CARTESIAN_POINT('',(6.969163851082E0,-1.781663953390E0,2.743497850256E0));
#5908=CARTESIAN_POINT('',(6.871877256094E0,-1.880802879202E0,2.896157070504E0));
#5909=CARTESIAN_POINT('',(6.774590661106E0,-1.979941805013E0,3.048816290751E0));
#5910=CARTESIAN_POINT('',(6.677304066119E0,-2.079080730824E0,3.201475510998E0));
#5911=CARTESIAN_POINT('',(6.904163851082E0,3.419306523184E-1,3.253467009258E0));
#5912=CARTESIAN_POINT('',(6.806877256094E0,3.609570447645E-1,3.434502958191E0));
#5913=CARTESIAN_POINT('',(6.709590661106E0,3.799834372106E-1,3.615538907124E0));
#5914=CARTESIAN_POINT('',(6.612304066119E0,3.990098296568E-1,3.796574856056E0));
#5915=CARTESIAN_POINT('',(6.852491553357E0,1.908997112879E0,2.505632022399E0));
#5916=CARTESIAN_POINT('',(6.755204958369E0,2.015221366226E0,2.645055434273E0));
#5917=CARTESIAN_POINT('',(6.657918363382E0,2.121445619573E0,2.784478846147E0));
#5918=CARTESIAN_POINT('',(6.560631768394E0,2.227669872920E0,2.923902258022E0));
#5919=CARTESIAN_POINT('',(6.817878401591E0,2.578461805405E0,1.625416309913E0));
#5920=CARTESIAN_POINT('',(6.720591806603E0,2.721937758412E0,1.715860990384E0));
#5921=CARTESIAN_POINT('',(6.623305211615E0,2.865413711420E0,1.806305670856E0));
#5922=CARTESIAN_POINT('',(6.526018616627E0,3.008889664427E0,1.896750351328E0));
#5923=CARTESIAN_POINT('',(6.804931916491E0,2.757927808082E0,1.254839753226E0));
#5924=CARTESIAN_POINT('',(6.707645321504E0,2.911389969034E0,1.324664068284E0));
#5925=CARTESIAN_POINT('',(6.610358726516E0,3.064852129986E0,1.394488383343E0));
#5926=CARTESIAN_POINT('',(6.513072131528E0,3.218314290938E0,1.464312698401E0));
#5927=CARTESIAN_POINT('',(6.800324395783E0,2.812143537935E0,1.119108552455E0));
#5928=CARTESIAN_POINT('',(6.703037800795E0,2.968622479470E0,1.181380239298E0));
#5929=CARTESIAN_POINT('',(6.605751205808E0,3.125101421005E0,1.243651926142E0));
#5930=CARTESIAN_POINT('',(6.508464610820E0,3.281580362540E0,1.305923612986E0));
#5931=B_SPLINE_SURFACE_WITH_KNOTS('',3,3,((#5783,#5784,#5785,#5786),(#5787,
#5788,#5789,#5790),(#5791,#5792,#5793,#5794),(#5795,#5796,#5797,#5798),(#5799,
#5800,#5801,#5802),(#5803,#5804,#5805,#5806),(#5807,#5808,#5809,#5810),(#5811,
#5812,#5813,#5814),(#5815,#5816,#5817,#5818),(#5819,#5820,#5821,#5822),(#5823,
#5824,#5825,#5826),(#5827,#5828,#5829,#5830),(#5831,#5832,#5833,#5834),(#5835,
#5836,#5837,#5838),(#5839,#5840,#5841,#5842),(#5843,#5844,#5845,#5846),(#5847,
#5848,#5849,#5850),(#5851,#5852,#5853,#5854),(#5855,#5856,#5857,#5858),(#5859,
#5860,#5861,#5862),(#5863,#5864,#5865,#5866),(#5867,#5868,#5869,#5870),(#5871,
#5872,#5873,#5874),(#5875,#5876,#5877,#5878),(#5879,#5880,#5881,#5882),(#5883,
#5884,#5885,#5886),(#5887,#5888,#5889,#5890),(#5891,#5892,#5893,#5894),(#5895,
#5896,#5897,#5898),(#5899,#5900,#5901,#5902),(#5903,#5904,#5905,#5906),(#5907,
#5908,#5909,#5910),(#5911,#5912,#5913,#5914),(#5915,#5916,#5917,#5918),(#5919,
#5920,#5921,#5922),(#5923,#5924,#5925,#5926),(#5927,#5928,#5929,#5930)),
.UNSPECIFIED.,.F.,.F.,.F.,(4,1,1,1,1,1,1,1,1,1,1,1,1,1,1,1,1,1,1,1,1,1,1,1,1,1,
1,1,1,1,1,1,1,1,4),(4,4),(-6.911162956079E-3,0.E0,1.250877656723E-2,
4.500820973407E-2,7.750764290092E-2,1.100070760678E-1,1.425065092346E-1,
1.750059424015E-1,2.075053755683E-1,2.400048087352E-1,2.725042419020E-1,
3.050036750688E-1,3.375031082357E-1,3.700025414025E-1,4.025019745694E-1,
4.350014077362E-1,4.675008409031E-1,5.000002740699E-1,5.324997072367E-1,
5.649991404036E-1,5.974985735704E-1,6.299980067374E-1,6.624974399042E-1,
6.949968730710E-1,7.274963062379E-1,7.599957394047E-1,7.924951725716E-1,
8.249946057384E-1,8.574940389053E-1,8.899934720721E-1,9.224929052389E-1,
9.549923384058E-1,9.874917715726E-1,1.E0,1.006911160523E0),(6.512410327962E-5,
9.999800360850E-1),.UNSPECIFIED.);
#5932=ORIENTED_EDGE('',*,*,#5749,.T.);
#5933=ORIENTED_EDGE('',*,*,#5764,.T.);
#5934=ORIENTED_EDGE('',*,*,#5777,.T.);
#5935=ORIENTED_EDGE('',*,*,#5570,.F.);
#5936=ORIENTED_EDGE('',*,*,#5568,.F.);
#5938=ORIENTED_EDGE('',*,*,#5937,.F.);
#5940=ORIENTED_EDGE('',*,*,#5939,.F.);
#5941=ORIENTED_EDGE('',*,*,#5728,.F.);
#5943=ORIENTED_EDGE('',*,*,#5942,.T.);
#5945=ORIENTED_EDGE('',*,*,#5944,.T.);
#5946=EDGE_LOOP('',(#5932,#5933,#5934,#5935,#5936,#5938,#5940,#5941,#5943,
#5945));
#5947=FACE_OUTER_BOUND('',#5946,.F.);
#5948=ADVANCED_FACE('',(#5947),#5931,.T.);
#5949=CARTESIAN_POINT('',(6.786188307592E0,3.244082140845E0,-1.313286451515E0));
#5950=CARTESIAN_POINT('',(6.786188307592E0,3.220694500890E0,-1.370775935315E0));
#5951=CARTESIAN_POINT('',(6.786188307592E0,2.921217827322E0,-2.053079425535E0));
#5952=CARTESIAN_POINT('',(6.786188307592E0,1.844298310879E0,-3.262305974208E0));
#5953=CARTESIAN_POINT('',(6.786188307592E0,-5.450454238722E-1,
-3.751241407852E0));
#5954=CARTESIAN_POINT('',(6.786188307592E0,-2.812680115945E0,
-2.540960488185E0));
#5955=CARTESIAN_POINT('',(6.786188307592E0,-3.787024034308E0,
-1.624397968422E-1));
#5956=CARTESIAN_POINT('',(6.786188307592E0,-3.019931657227E0,2.290777689523E0));
#5957=CARTESIAN_POINT('',(6.786188307592E0,-8.642623602012E-1,
3.690790861968E0));
#5958=CARTESIAN_POINT('',(6.786188307592E0,1.558172877138E0,3.408250843732E0));
#5959=CARTESIAN_POINT('',(6.786188307592E0,2.734677229733E0,2.295687848995E0));
#5960=CARTESIAN_POINT('',(6.786188307592E0,3.091478076670E0,1.641542520257E0));
#5961=CARTESIAN_POINT('',(6.786188307592E0,3.119699564045E0,1.586273809483E0));
#5963=DIRECTION('',(1.E0,0.E0,0.E0));
#5964=VECTOR('',#5963,1.E0);
#5965=SURFACE_OF_LINEAR_EXTRUSION('',#5962,#5964);
#5966=ORIENTED_EDGE('',*,*,#5064,.F.);
#5968=ORIENTED_EDGE('',*,*,#5967,.F.);
#5969=ORIENTED_EDGE('',*,*,#5937,.T.);
#5970=EDGE_LOOP('',(#5966,#5968,#5969));
#5971=FACE_OUTER_BOUND('',#5970,.F.);
#5972=ADVANCED_FACE('',(#5971),#5965,.T.);
#5973=CARTESIAN_POINT('',(7.05E0,3.031088913246E0,1.75E0));
#5974=DIRECTION('',(0.E0,5.E-1,-8.660254037844E-1));
#5975=DIRECTION('',(0.E0,-8.660254037844E-1,-5.E-1));
#5976=AXIS2_PLACEMENT_3D('',#5973,#5974,#5975);
#5977=PLANE('',#5976);
#5978=ORIENTED_EDGE('',*,*,#5730,.T.);
#5979=ORIENTED_EDGE('',*,*,#5939,.T.);
#5980=ORIENTED_EDGE('',*,*,#5967,.T.);
#5981=EDGE_LOOP('',(#5978,#5979,#5980));
#5982=FACE_OUTER_BOUND('',#5981,.F.);
#5983=ADVANCED_FACE('',(#5982),#5977,.F.);
#5984=CARTESIAN_POINT('',(1.079596936523E1,1.928080343116E-5,
-3.058242913432E0));
#5985=CARTESIAN_POINT('',(1.071082152736E1,2.021011983208E-5,
-3.205647313133E0));
#5986=CARTESIAN_POINT('',(1.062567368949E1,2.113943623301E-5,
-3.353051712835E0));
#5987=CARTESIAN_POINT('',(1.054052585162E1,2.206875263393E-5,
-3.500456112536E0));
#5988=CARTESIAN_POINT('',(1.078763002314E1,-2.671811917821E-1,
-3.058666190645E0));
#5989=CARTESIAN_POINT('',(1.070248218526E1,-2.800590711072E-1,
-3.206090991905E0));
#5990=CARTESIAN_POINT('',(1.061733434739E1,-2.929369504323E-1,
-3.353515793166E0));
#5991=CARTESIAN_POINT('',(1.053218650952E1,-3.058148297574E-1,
-3.500940594426E0));
#5992=CARTESIAN_POINT('',(1.075762401438E1,-1.228092905327E0,
-2.936335138104E0));
#5993=CARTESIAN_POINT('',(1.067247617651E1,-1.287285815311E0,
-3.077863698983E0));
#5994=CARTESIAN_POINT('',(1.058732833863E1,-1.346478725296E0,
-3.219392259861E0));
#5995=CARTESIAN_POINT('',(1.050218050076E1,-1.405671635281E0,
-3.360920820740E0));
#5996=CARTESIAN_POINT('',(1.070595133895E1,-2.674189122592E0,
-1.942884166188E0));
#5997=CARTESIAN_POINT('',(1.062080350108E1,-2.803082494852E0,
-2.036529335102E0));
#5998=CARTESIAN_POINT('',(1.053565566321E1,-2.931975867112E0,
-2.130174504015E0));
#5999=CARTESIAN_POINT('',(1.045050782534E1,-3.060869239372E0,
-2.223819672928E0));
#6000=CARTESIAN_POINT('',(1.064095133895E1,-3.300800182101E0,
1.730008599753E-1));
#6001=CARTESIAN_POINT('',(1.055580350108E1,-3.459895611453E0,
1.813393368832E-1));
#6002=CARTESIAN_POINT('',(1.047065566321E1,-3.618991040806E0,
1.896778137912E-1));
#6003=CARTESIAN_POINT('',(1.038550782534E1,-3.778086470158E0,
1.980162906991E-1));
#6004=CARTESIAN_POINT('',(1.057595133894E1,-2.456365855951E0,2.211712148898E0));
#6005=CARTESIAN_POINT('',(1.049080350108E1,-2.574760353933E0,2.318314570893E0));
#6006=CARTESIAN_POINT('',(1.040565566321E1,-2.693154851915E0,2.424916992888E0));
#6007=CARTESIAN_POINT('',(1.032050782534E1,-2.811549349898E0,2.531519414883E0));
#6008=CARTESIAN_POINT('',(1.051095133894E1,-5.170697934521E-1,
3.264663115087E0));
#6009=CARTESIAN_POINT('',(1.042580350108E1,-5.419920657060E-1,
3.422016772180E0));
#6010=CARTESIAN_POINT('',(1.034065566321E1,-5.669143379599E-1,
3.579370429273E0));
#6011=CARTESIAN_POINT('',(1.025550782534E1,-5.918366102138E-1,
3.736724086365E0));
#6012=CARTESIAN_POINT('',(1.044595133894E1,1.652677832490E0,2.862522633618E0));
#6013=CARTESIAN_POINT('',(1.036080350108E1,1.732335332137E0,3.000493501984E0));
#6014=CARTESIAN_POINT('',(1.027565566321E1,1.811992831785E0,3.138464370350E0));
#6015=CARTESIAN_POINT('',(1.019050782534E1,1.891650331432E0,3.276435238715E0));
#6016=CARTESIAN_POINT('',(1.038095133894E1,3.085816445265E0,1.184533960441E0));
#6017=CARTESIAN_POINT('',(1.029580350108E1,3.234549862975E0,1.241627370712E0));
#6018=CARTESIAN_POINT('',(1.021065566321E1,3.383283280685E0,1.298720780983E0));
#6019=CARTESIAN_POINT('',(1.012550782534E1,3.532016698395E0,1.355814191253E0));
#6020=CARTESIAN_POINT('',(1.031595133894E1,3.143580981499E0,-1.021411405965E0));
#6021=CARTESIAN_POINT('',(1.023080350108E1,3.295098594915E0,-1.070642464258E0));
#6022=CARTESIAN_POINT('',(1.014565566321E1,3.446616208331E0,-1.119873522552E0));
#6023=CARTESIAN_POINT('',(1.006050782534E1,3.598133821747E0,-1.169104580845E0));
#6024=CARTESIAN_POINT('',(1.025095133894E1,1.800226287605E0,-2.772105367741E0));
#6025=CARTESIAN_POINT('',(1.016580350107E1,1.886995482453E0,-2.905718209888E0));
#6026=CARTESIAN_POINT('',(1.008065566320E1,1.973764677302E0,-3.039331052035E0));
#6027=CARTESIAN_POINT('',(9.995507825334E0,2.060533872150E0,-3.172943894183E0));
#6028=CARTESIAN_POINT('',(1.018595133894E1,-3.455038580024E-1,
-3.287249600949E0));
#6029=CARTESIAN_POINT('',(1.010080350107E1,-3.621568153463E-1,
-3.445691905178E0));
#6030=CARTESIAN_POINT('',(1.001565566320E1,-3.788097726901E-1,
-3.604134209408E0));
#6031=CARTESIAN_POINT('',(9.930507825334E0,-3.954627300340E-1,
-3.762576513637E0));
#6032=CARTESIAN_POINT('',(1.012095133894E1,-2.337240128765E0,
-2.337240129083E0));
#6033=CARTESIAN_POINT('',(1.003580350107E1,-2.449892879998E0,
-2.449892880331E0));
#6034=CARTESIAN_POINT('',(9.950655663204E0,-2.562545631232E0,
-2.562545631580E0));
#6035=CARTESIAN_POINT('',(9.865507825334E0,-2.675198382466E0,
-2.675198382828E0));
#6036=CARTESIAN_POINT('',(1.005595133894E1,-3.287249599975E0,
-3.455038553422E-1));
#6037=CARTESIAN_POINT('',(9.970803501074E0,-3.445691904157E0,
-3.621568125569E-1));
#6038=CARTESIAN_POINT('',(9.885655663204E0,-3.604134208338E0,
-3.788097697717E-1));
#6039=CARTESIAN_POINT('',(9.800507825334E0,-3.762576512520E0,
-3.954627269864E-1));
#6040=CARTESIAN_POINT('',(9.990951338944E0,-2.772105372022E0,1.800226277857E0));
#6041=CARTESIAN_POINT('',(9.905803501074E0,-2.905718214375E0,1.886995472237E0));
#6042=CARTESIAN_POINT('',(9.820655663204E0,-3.039331056728E0,1.973764666617E0));
#6043=CARTESIAN_POINT('',(9.735507825334E0,-3.172943899081E0,2.060533860997E0));
#6044=CARTESIAN_POINT('',(9.925951338945E0,-1.021411389506E0,3.143581018306E0));
#6045=CARTESIAN_POINT('',(9.840803501075E0,-1.070642447005E0,3.295098633496E0));
#6046=CARTESIAN_POINT('',(9.755655663204E0,-1.119873504504E0,3.446616248686E0));
#6047=CARTESIAN_POINT('',(9.670507825334E0,-1.169104562003E0,3.598133863877E0));
#6048=CARTESIAN_POINT('',(9.860951338945E0,1.184533899416E0,3.085816307954E0));
#6049=CARTESIAN_POINT('',(9.775803501075E0,1.241627306746E0,3.234549719045E0));
#6050=CARTESIAN_POINT('',(9.690655663204E0,1.298720714076E0,3.383283130137E0));
#6051=CARTESIAN_POINT('',(9.605507825334E0,1.355814121406E0,3.532016541229E0));
#6052=CARTESIAN_POINT('',(9.795951338946E0,2.862522861763E0,1.652678344732E0));
#6053=CARTESIAN_POINT('',(9.710803501075E0,3.000493741126E0,1.732335869069E0));
#6054=CARTESIAN_POINT('',(9.625655663205E0,3.138464620489E0,1.811993393405E0));
#6055=CARTESIAN_POINT('',(9.540507825334E0,3.276435499851E0,1.891650917741E0));
#6056=CARTESIAN_POINT('',(9.730951338946E0,3.264662263789E0,
-5.170717055554E-1));
#6057=CARTESIAN_POINT('',(9.645803501075E0,3.422015879850E0,
-5.419940699718E-1));
#6058=CARTESIAN_POINT('',(9.560655663205E0,3.579369495911E0,
-5.669164343882E-1));
#6059=CARTESIAN_POINT('',(9.475507825334E0,3.736723111971E0,
-5.918387988045E-1));
#6060=CARTESIAN_POINT('',(9.665951338946E0,2.211715325868E0,-2.456358720258E0));
#6061=CARTESIAN_POINT('',(9.580803501075E0,2.318317900989E0,-2.574752874306E0));
#6062=CARTESIAN_POINT('',(9.495655663205E0,2.424920476111E0,-2.693147028355E0));
#6063=CARTESIAN_POINT('',(9.410507825334E0,2.531523051232E0,-2.811541182404E0));
#6064=CARTESIAN_POINT('',(9.600951338946E0,1.729890030606E-1,
-3.300826813072E0));
#6065=CARTESIAN_POINT('',(9.515803501075E0,1.813269084757E-1,
-3.459923526011E0));
#6066=CARTESIAN_POINT('',(9.430655663205E0,1.896648138908E-1,
-3.619020238951E0));
#6067=CARTESIAN_POINT('',(9.345507825334E0,1.980027193059E-1,
-3.778116951891E0));
#6068=CARTESIAN_POINT('',(9.535951338946E0,-1.942839915907E0,
-2.674089734422E0));
#6069=CARTESIAN_POINT('',(9.450803501075E0,-2.036482952E0,-2.802978316266E0));
#6070=CARTESIAN_POINT('',(9.365655663205E0,-2.130125988092E0,
-2.931866898110E0));
#6071=CARTESIAN_POINT('',(9.280507825334E0,-2.223769024185E0,
-3.060755479955E0));
#6072=CARTESIAN_POINT('',(9.470951338947E0,-3.192729390939E0,
-8.554892616106E-1));
#6073=CARTESIAN_POINT('',(9.385803501076E0,-3.346615910944E0,
-8.967230303548E-1));
#6074=CARTESIAN_POINT('',(9.300655663206E0,-3.500502430950E0,
-9.379567990990E-1));
#6075=CARTESIAN_POINT('',(9.215507825335E0,-3.654388950956E0,
-9.791905678432E-1));
#6076=CARTESIAN_POINT('',(9.405951338947E0,-3.019593591962E0,1.344409682430E0));
#6077=CARTESIAN_POINT('',(9.320803501076E0,-3.165135131128E0,1.409208950442E0));
#6078=CARTESIAN_POINT('',(9.235655663206E0,-3.310676670293E0,1.474008218454E0));
#6079=CARTESIAN_POINT('',(9.150507825335E0,-3.456218209459E0,1.538807486466E0));
#6080=CARTESIAN_POINT('',(9.340951338947E0,-1.500600526544E0,2.945094381538E0));
#6081=CARTESIAN_POINT('',(9.255803501076E0,-1.572928044686E0,3.087045129619E0));
#6082=CARTESIAN_POINT('',(9.170655663206E0,-1.645255562829E0,3.228995877700E0));
#6083=CARTESIAN_POINT('',(9.085507825335E0,-1.717583080971E0,3.370946625782E0));
#6084=CARTESIAN_POINT('',(9.275951338947E0,6.872222655520E-1,3.233126691794E0));
#6085=CARTESIAN_POINT('',(9.190803501077E0,7.203457251283E-1,3.388960323279E0));
#6086=CARTESIAN_POINT('',(9.105655663206E0,7.534691847045E-1,3.544793954763E0));
#6087=CARTESIAN_POINT('',(9.020507825336E0,7.865926442808E-1,3.700627586247E0));
#6088=CARTESIAN_POINT('',(9.210951338948E0,2.568744724067E0,2.080128452732E0));
#6089=CARTESIAN_POINT('',(9.125803501077E0,2.692555776608E0,2.180388665722E0));
#6090=CARTESIAN_POINT('',(9.040655663207E0,2.816366829149E0,2.280648878712E0));
#6091=CARTESIAN_POINT('',(8.955507825336E0,2.940177881690E0,2.380909091702E0));
#6092=CARTESIAN_POINT('',(9.145951338949E0,3.305356235864E0,
-3.296697760335E-7));
#6093=CARTESIAN_POINT('',(9.060803501078E0,3.464671262675E0,
-3.455601704783E-7));
#6094=CARTESIAN_POINT('',(8.975655663207E0,3.623986289485E0,
-3.614505650340E-7));
#6095=CARTESIAN_POINT('',(8.890507825335E0,3.783301316295E0,
-3.773409594787E-7));
#6096=CARTESIAN_POINT('',(9.080951338945E0,2.568746295697E0,-2.080127134245E0));
#6097=CARTESIAN_POINT('',(8.995803501076E0,2.692557423989E0,-2.180387283686E0));
#6098=CARTESIAN_POINT('',(8.910655663208E0,2.816368552281E0,-2.280647433128E0));
#6099=CARTESIAN_POINT('',(8.825507825339E0,2.940179680573E0,-2.380907582569E0));
#6100=CARTESIAN_POINT('',(9.015951338960E0,6.872159787882E-1,
-3.233131306701E0));
#6101=CARTESIAN_POINT('',(8.930803501083E0,7.203391353447E-1,
-3.388965160618E0));
#6102=CARTESIAN_POINT('',(8.845655663206E0,7.534622919012E-1,
-3.544799014535E0));
#6103=CARTESIAN_POINT('',(8.760507825329E0,7.865854484577E-1,
-3.700632868453E0));
#6104=CARTESIAN_POINT('',(8.950951338903E0,-1.500576951483E0,
-2.945077240478E0));
#6105=CARTESIAN_POINT('',(8.865803501058E0,-1.572903333322E0,
-3.087027162381E0));
#6106=CARTESIAN_POINT('',(8.780655663214E0,-1.645229715161E0,
-3.228977084283E0));
#6107=CARTESIAN_POINT('',(8.695507825369E0,-1.717556097E0,-3.370927006185E0));
#6108=CARTESIAN_POINT('',(8.885951339121E0,-3.019681605758E0,
-1.344473631597E0));
#6109=CARTESIAN_POINT('',(8.800803501154E0,-3.165227387139E0,
-1.409275981881E0));
#6110=CARTESIAN_POINT('',(8.715655663187E0,-3.310773168521E0,
-1.474078332166E0));
#6111=CARTESIAN_POINT('',(8.630507825220E0,-3.456318949902E0,
-1.538880682450E0));
#6112=CARTESIAN_POINT('',(8.834279065585E0,-3.156986206853E0,
4.045942893159E-1));
#6113=CARTESIAN_POINT('',(8.749131227982E0,-3.309149939288E0,
4.240953492032E-1));
#6114=CARTESIAN_POINT('',(8.663983390378E0,-3.461313671723E0,
4.435964090905E-1));
#6115=CARTESIAN_POINT('',(8.578835552774E0,-3.613477404159E0,
4.630974689778E-1));
#6116=CARTESIAN_POINT('',(8.804273460215E0,-2.782483266826E0,1.297923427048E0));
#6117=CARTESIAN_POINT('',(8.719125622131E0,-2.916596313913E0,1.360482101799E0));
#6118=CARTESIAN_POINT('',(8.633977784047E0,-3.050709361001E0,1.423040776550E0));
#6119=CARTESIAN_POINT('',(8.548829945963E0,-3.184822408088E0,1.485599451301E0));
#6120=CARTESIAN_POINT('',(8.795934520279E0,-2.648525812973E0,1.529104675743E0));
#6121=CARTESIAN_POINT('',(8.710786682409E0,-2.776182238119E0,1.602806066767E0));
#6122=CARTESIAN_POINT('',(8.625638844539E0,-2.903838663264E0,1.676507457791E0));
#6123=CARTESIAN_POINT('',(8.540491006668E0,-3.031495088410E0,1.750208848815E0));
#6124=B_SPLINE_SURFACE_WITH_KNOTS('',3,3,((#5984,#5985,#5986,#5987),(#5988,
#5989,#5990,#5991),(#5992,#5993,#5994,#5995),(#5996,#5997,#5998,#5999),(#6000,
#6001,#6002,#6003),(#6004,#6005,#6006,#6007),(#6008,#6009,#6010,#6011),(#6012,
#6013,#6014,#6015),(#6016,#6017,#6018,#6019),(#6020,#6021,#6022,#6023),(#6024,
#6025,#6026,#6027),(#6028,#6029,#6030,#6031),(#6032,#6033,#6034,#6035),(#6036,
#6037,#6038,#6039),(#6040,#6041,#6042,#6043),(#6044,#6045,#6046,#6047),(#6048,
#6049,#6050,#6051),(#6052,#6053,#6054,#6055),(#6056,#6057,#6058,#6059),(#6060,
#6061,#6062,#6063),(#6064,#6065,#6066,#6067),(#6068,#6069,#6070,#6071),(#6072,
#6073,#6074,#6075),(#6076,#6077,#6078,#6079),(#6080,#6081,#6082,#6083),(#6084,
#6085,#6086,#6087),(#6088,#6089,#6090,#6091),(#6092,#6093,#6094,#6095),(#6096,
#6097,#6098,#6099),(#6100,#6101,#6102,#6103),(#6104,#6105,#6106,#6107),(#6108,
#6109,#6110,#6111),(#6112,#6113,#6114,#6115),(#6116,#6117,#6118,#6119),(#6120,
#6121,#6122,#6123)),.UNSPECIFIED.,.F.,.F.,.F.,(4,1,1,1,1,1,1,1,1,1,1,1,1,1,1,1,
1,1,1,1,1,1,1,1,1,1,1,1,1,1,1,1,4),(4,4),(0.E0,1.250879510605E-2,
4.500822862376E-2,7.750766214148E-2,1.100070956592E-1,1.425065291769E-1,
1.750059626946E-1,2.075053962124E-1,2.400048297300E-1,2.725042632478E-1,
3.050036967655E-1,3.375031302832E-1,3.700025638010E-1,4.025019973186E-1,
4.350014308364E-1,4.675008643541E-1,5.000002978718E-1,5.324997313896E-1,
5.649991649072E-1,5.974985984250E-1,6.299980319426E-1,6.624974654604E-1,
6.949968989782E-1,7.274963324958E-1,7.599957660136E-1,7.924951995312E-1,
8.249946330490E-1,8.574940665667E-1,8.899935000844E-1,9.224929336022E-1,
9.549923671198E-1,9.874918006376E-1,9.999999919481E-1),(6.246142122960E-2,
9.376141323049E-1),.UNSPECIFIED.);
#6126=ORIENTED_EDGE('',*,*,#6125,.T.);
#6128=ORIENTED_EDGE('',*,*,#6127,.T.);
#6130=ORIENTED_EDGE('',*,*,#6129,.T.);
#6132=ORIENTED_EDGE('',*,*,#6131,.T.);
#6134=ORIENTED_EDGE('',*,*,#6133,.T.);
#6136=ORIENTED_EDGE('',*,*,#6135,.T.);
#6137=ORIENTED_EDGE('',*,*,#5942,.F.);
#6139=ORIENTED_EDGE('',*,*,#6138,.F.);
#6141=ORIENTED_EDGE('',*,*,#6140,.T.);
#6143=ORIENTED_EDGE('',*,*,#6142,.T.);
#6144=EDGE_LOOP('',(#6126,#6128,#6130,#6132,#6134,#6136,#6137,#6139,#6141,
#6143));
#6145=FACE_OUTER_BOUND('',#6144,.F.);
#6146=ADVANCED_FACE('',(#6145),#6124,.T.);
#6147=CARTESIAN_POINT('',(7.05E0,0.E0,0.E0));
#6148=DIRECTION('',(1.E0,0.E0,0.E0));
#6149=DIRECTION('',(0.E0,0.E0,-1.E0));
#6150=AXIS2_PLACEMENT_3D('',#6147,#6148,#6149);
#6151=CYLINDRICAL_SURFACE('',#6150,3.5E0);
#6153=ORIENTED_EDGE('',*,*,#6152,.F.);
#6155=ORIENTED_EDGE('',*,*,#6154,.T.);
#6156=ORIENTED_EDGE('',*,*,#6125,.F.);
#6158=ORIENTED_EDGE('',*,*,#6157,.F.);
#6159=EDGE_LOOP('',(#6153,#6155,#6156,#6158));
#6160=FACE_OUTER_BOUND('',#6159,.F.);
#6161=ADVANCED_FACE('',(#6160),#6151,.T.);
#6162=CARTESIAN_POINT('',(1.105132103340E1,-2.164064227144E-5,
-3.500454649903E0));
#6163=CARTESIAN_POINT('',(1.096615855030E1,-2.072919650256E-5,
-3.353024894080E0));
#6164=CARTESIAN_POINT('',(1.088099606719E1,-1.981775073369E-5,
-3.205595138257E0));
#6165=CARTESIAN_POINT('',(1.079583358409E1,-1.890630496482E-5,
-3.058165382434E0));
#6166=CARTESIAN_POINT('',(1.104298208839E1,-3.058438200763E-1,
-3.500935355022E0));
#6167=CARTESIAN_POINT('',(1.095781960516E1,-2.929624991562E-1,
-3.353485353118E0));
#6168=CARTESIAN_POINT('',(1.087265712194E1,-2.800811782361E-1,
-3.206035351213E0));
#6169=CARTESIAN_POINT('',(1.078749463871E1,-2.671998573161E-1,
-3.058585349308E0));
#6170=CARTESIAN_POINT('',(1.101297647735E1,-1.405683746013E0,
-3.360910607453E0));
#6171=CARTESIAN_POINT('',(1.092781399440E1,-1.346480119008E0,
-3.219358072299E0));
#6172=CARTESIAN_POINT('',(1.084265151145E1,-1.287276492003E0,
-3.077805537146E0));
#6173=CARTESIAN_POINT('',(1.075748902850E1,-1.228072864998E0,
-2.936253001992E0));
#6174=CARTESIAN_POINT('',(1.096130419886E1,-3.060867900105E0,
-2.223818700008E0));
#6175=CARTESIAN_POINT('',(1.087614171570E1,-2.931952358482E0,
-2.130157424305E0));
#6176=CARTESIAN_POINT('',(1.079097923255E1,-2.803036816860E0,
-2.036496148602E0));
#6177=CARTESIAN_POINT('',(1.070581674939E1,-2.674121275238E0,
-1.942834872899E0));
#6178=CARTESIAN_POINT('',(1.089630419897E1,-3.778084817077E0,
1.980162040849E-1));
#6179=CARTESIAN_POINT('',(1.081114171589E1,-3.618962023678E0,
1.896762929684E-1));
#6180=CARTESIAN_POINT('',(1.072597923280E1,-3.459839230278E0,
1.813363818518E-1));
#6181=CARTESIAN_POINT('',(1.064081674971E1,-3.300716436879E0,
1.729964707352E-1));
#6182=CARTESIAN_POINT('',(1.083130419894E1,-2.811548119719E0,2.531518307223E0));
#6183=CARTESIAN_POINT('',(1.074614171584E1,-2.693133258157E0,2.424897549860E0));
#6184=CARTESIAN_POINT('',(1.066097923273E1,-2.574718396595E0,2.318276792498E0));
#6185=CARTESIAN_POINT('',(1.057581674963E1,-2.456303535032E0,2.211656035135E0));
#6186=CARTESIAN_POINT('',(1.076630419895E1,-5.918363512589E-1,
3.736722451383E0));
#6187=CARTESIAN_POINT('',(1.068114171585E1,-5.669097924316E-1,
3.579341729824E0));
#6188=CARTESIAN_POINT('',(1.059597923275E1,-5.419832336044E-1,
3.421961008264E0));
#6189=CARTESIAN_POINT('',(1.051081674965E1,-5.170566747771E-1,
3.264580286705E0));
#6190=CARTESIAN_POINT('',(1.070130419895E1,1.891649503751E0,3.276433805128E0));
#6191=CARTESIAN_POINT('',(1.061614171585E1,1.811978303198E0,3.138439206091E0));
#6192=CARTESIAN_POINT('',(1.053097923274E1,1.732307102644E0,3.000444607055E0));
#6193=CARTESIAN_POINT('',(1.044581674964E1,1.652635902090E0,2.862450008019E0));
#6194=CARTESIAN_POINT('',(1.063630419894E1,3.532015152980E0,1.355813598024E0));
#6195=CARTESIAN_POINT('',(1.055114171584E1,3.383256153465E0,1.298710367818E0));
#6196=CARTESIAN_POINT('',(1.046597923274E1,3.234497153950E0,1.241607137613E0));
#6197=CARTESIAN_POINT('',(1.038081674964E1,3.085738154435E0,1.184503907407E0));
#6198=CARTESIAN_POINT('',(1.057130419894E1,3.598132247403E0,-1.169104069309E0));
#6199=CARTESIAN_POINT('',(1.048614171584E1,3.446588573307E0,-1.119864543388E0));
#6200=CARTESIAN_POINT('',(1.040097923274E1,3.295044899211E0,-1.070625017466E0));
#6201=CARTESIAN_POINT('',(1.031581674964E1,3.143501225115E0,-1.021385491545E0));
#6202=CARTESIAN_POINT('',(1.050630419894E1,2.060532970575E0,-3.172942505878E0));
#6203=CARTESIAN_POINT('',(1.042114171584E1,1.973748851625E0,-3.039306682630E0));
#6204=CARTESIAN_POINT('',(1.033597923274E1,1.886964732675E0,-2.905670859383E0));
#6205=CARTESIAN_POINT('',(1.025081674964E1,1.800180613725E0,-2.772035036135E0));
#6206=CARTESIAN_POINT('',(1.044130419894E1,-3.954625570014E-1,
-3.762574867341E0));
#6207=CARTESIAN_POINT('',(1.035614171584E1,-3.788067353873E-1,
-3.604105311401E0));
#6208=CARTESIAN_POINT('',(1.027097923274E1,-3.621509137732E-1,
-3.445635755462E0));
#6209=CARTESIAN_POINT('',(1.018581674964E1,-3.454950921591E-1,
-3.287166199522E0));
#6210=CARTESIAN_POINT('',(1.037630419894E1,-2.675197211946E0,
-2.675197212310E0));
#6211=CARTESIAN_POINT('',(1.029114171584E1,-2.562525084699E0,
-2.562525085048E0));
#6212=CARTESIAN_POINT('',(1.020597923274E1,-2.449852957452E0,
-2.449852957786E0));
#6213=CARTESIAN_POINT('',(1.012081674964E1,-2.337180830205E0,
-2.337180830524E0));
#6214=CARTESIAN_POINT('',(1.031130419894E1,-3.762574866224E0,
-3.954625539538E-1));
#6215=CARTESIAN_POINT('',(1.022614171584E1,-3.604105310332E0,
-3.788067324688E-1));
#6216=CARTESIAN_POINT('',(1.014097923274E1,-3.445635754439E0,
-3.621509109839E-1));
#6217=CARTESIAN_POINT('',(1.005581674964E1,-3.287166198546E0,
-3.454950894989E-1));
#6218=CARTESIAN_POINT('',(1.024630419894E1,-3.172942510777E0,2.060532959421E0));
#6219=CARTESIAN_POINT('',(1.016114171584E1,-3.039306687323E0,1.973748840940E0));
#6220=CARTESIAN_POINT('',(1.007597923274E1,-2.905670863869E0,1.886964722459E0));
#6221=CARTESIAN_POINT('',(9.990816749641E0,-2.772035040416E0,1.800180603978E0));
#6222=CARTESIAN_POINT('',(1.018130419894E1,-1.169104050467E0,3.598132289533E0));
#6223=CARTESIAN_POINT('',(1.009614171584E1,-1.119864525340E0,3.446588613663E0));
#6224=CARTESIAN_POINT('',(1.001097923274E1,-1.070625000213E0,3.295044937792E0));
#6225=CARTESIAN_POINT('',(9.925816749641E0,-1.021385475086E0,3.143501261922E0));
#6226=CARTESIAN_POINT('',(1.011630419894E1,1.355813528176E0,3.532014995814E0));
#6227=CARTESIAN_POINT('',(1.003114171584E1,1.298710300912E0,3.383256002919E0));
#6228=CARTESIAN_POINT('',(9.945979232740E0,1.241607073648E0,3.234497010023E0));
#6229=CARTESIAN_POINT('',(9.860816749641E0,1.184503846384E0,3.085738017128E0));
#6230=CARTESIAN_POINT('',(1.005130419894E1,3.276434066264E0,1.891650090059E0));
#6231=CARTESIAN_POINT('',(9.966141715839E0,3.138439456229E0,1.811978864813E0));
#6232=CARTESIAN_POINT('',(9.880979232740E0,3.000444846193E0,1.732307639566E0));
#6233=CARTESIAN_POINT('',(9.795816749641E0,2.862450236158E0,1.652636414319E0));
#6234=CARTESIAN_POINT('',(9.986304198948E0,3.736721476989E0,
-5.918385398486E-1));
#6235=CARTESIAN_POINT('',(9.901141715846E0,3.579340796469E0,
-5.669118888431E-1));
#6236=CARTESIAN_POINT('',(9.815979232744E0,3.421960115950E0,
-5.419852378375E-1));
#6237=CARTESIAN_POINT('',(9.730816749642E0,3.264579435430E0,
-5.170585868320E-1));
#6238=CARTESIAN_POINT('',(9.921304198946E0,2.531521943577E0,-2.811539952230E0));
#6239=CARTESIAN_POINT('',(9.836141715845E0,2.424901033059E0,-2.693125434659E0));
#6240=CARTESIAN_POINT('',(9.750979232744E0,2.318280122541E0,-2.574710917089E0));
#6241=CARTESIAN_POINT('',(9.665816749643E0,2.211659212024E0,-2.456296399519E0));
#6242=CARTESIAN_POINT('',(9.856304198946E0,1.980026326708E-1,
-3.778115298797E0));
#6243=CARTESIAN_POINT('',(9.771141715845E0,1.896632931553E-1,
-3.618991221589E0));
#6244=CARTESIAN_POINT('',(9.685979232744E0,1.813239536397E-1,
-3.459867144382E0));
#6245=CARTESIAN_POINT('',(9.600816749643E0,1.729846141242E-1,
-3.300743067174E0));
#6246=CARTESIAN_POINT('',(9.791304198946E0,-2.223768051187E0,
-3.060754140737E0));
#6247=CARTESIAN_POINT('',(9.706141715845E0,-2.130108908708E0,
-2.931843390354E0));
#6248=CARTESIAN_POINT('',(9.620979232744E0,-2.036449766229E0,
-2.802932639971E0));
#6249=CARTESIAN_POINT('',(9.535816749643E0,-1.942790623751E0,
-2.674021889588E0));
#6250=CARTESIAN_POINT('',(9.726304198946E0,-3.654387351997E0,
-9.791901394036E-1));
#6251=CARTESIAN_POINT('',(9.641141715845E0,-3.500474363865E0,
-9.379492785464E-1));
#6252=CARTESIAN_POINT('',(9.555979232744E0,-3.346561375733E0,
-8.967084176891E-1));
#6253=CARTESIAN_POINT('',(9.470816749643E0,-3.192648387601E0,
-8.554675568318E-1));
#6254=CARTESIAN_POINT('',(9.661304198947E0,-3.456216697210E0,1.538806813169E0));
#6255=CARTESIAN_POINT('',(9.576141715846E0,-3.310650125235E0,1.473996399832E0));
#6256=CARTESIAN_POINT('',(9.490979232744E0,-3.165083553260E0,1.409185986496E0));
#6257=CARTESIAN_POINT('',(9.405816749643E0,-3.019516981285E0,1.344375573159E0));
#6258=CARTESIAN_POINT('',(9.596304198947E0,-1.717582329451E0,3.370945150842E0));
#6259=CARTESIAN_POINT('',(9.511141715846E0,-1.645242371143E0,3.228969987559E0));
#6260=CARTESIAN_POINT('',(9.425979232745E0,-1.572902412834E0,3.086994824277E0));
#6261=CARTESIAN_POINT('',(9.340816749644E0,-1.500562454526E0,2.945019660995E0));
#6262=CARTESIAN_POINT('',(9.531304198947E0,7.865923001114E-1,3.700625967058E0));
#6263=CARTESIAN_POINT('',(9.446141715846E0,7.534631433765E-1,3.544765532549E0));
#6264=CARTESIAN_POINT('',(9.360979232745E0,7.203339866417E-1,3.388905098039E0));
#6265=CARTESIAN_POINT('',(9.275816749644E0,6.872048299068E-1,3.233044663530E0));
#6266=CARTESIAN_POINT('',(9.466304198948E0,2.940176595231E0,2.380908049948E0));
#6267=CARTESIAN_POINT('',(9.381141715847E0,2.816344247474E0,2.280630592433E0));
#6268=CARTESIAN_POINT('',(9.295979232745E0,2.692511899718E0,2.180353134918E0));
#6269=CARTESIAN_POINT('',(9.210816749644E0,2.568679551961E0,2.080075677403E0));
#6270=CARTESIAN_POINT('',(9.401304198948E0,3.783299660932E0,
-3.773408711050E-7));
#6271=CARTESIAN_POINT('',(9.316141715847E0,3.623957232305E0,
-3.614476756786E-7));
#6272=CARTESIAN_POINT('',(9.230979232745E0,3.464614803677E0,
-3.455544806963E-7));
#6273=CARTESIAN_POINT('',(9.145816749644E0,3.305272375050E0,
-3.296612857140E-7));
#6274=CARTESIAN_POINT('',(9.336304198948E0,2.940178394113E0,-2.380906540815E0));
#6275=CARTESIAN_POINT('',(9.251141715847E0,2.816345970593E0,-2.280629146860E0));
#6276=CARTESIAN_POINT('',(9.165979232746E0,2.692513547073E0,-2.180351752905E0));
#6277=CARTESIAN_POINT('',(9.080816749645E0,2.568681123554E0,-2.080074358949E0));
#6278=CARTESIAN_POINT('',(9.271304198949E0,7.865851042927E-1,
-3.700631249262E0));
#6279=CARTESIAN_POINT('',(9.186141715848E0,7.534562506276E-1,
-3.544770592280E0));
#6280=CARTESIAN_POINT('',(9.100979232746E0,7.203273969625E-1,
-3.388909935299E0));
#6281=CARTESIAN_POINT('',(9.015816749645E0,6.871985432973E-1,
-3.233049278317E0));
#6282=CARTESIAN_POINT('',(9.206304198949E0,-1.717555345497E0,
-3.370925531249E0));
#6283=CARTESIAN_POINT('',(9.121141715848E0,-1.645216523680E0,
-3.228951194291E0));
#6284=CARTESIAN_POINT('',(9.035979232746E0,-1.572877701862E0,
-3.086976857334E0));
#6285=CARTESIAN_POINT('',(8.950816749645E0,-1.500538880045E0,
-2.945002520377E0));
#6286=CARTESIAN_POINT('',(9.141304198951E0,-3.456317437589E0,
-1.538880009143E0));
#6287=CARTESIAN_POINT('',(9.056141715849E0,-3.310746622700E0,
-1.474066512989E0));
#6288=CARTESIAN_POINT('',(8.970979232746E0,-3.165175807811E0,
-1.409253016835E0));
#6289=CARTESIAN_POINT('',(8.885816749644E0,-3.019604992921E0,
-1.344439520681E0));
#6290=CARTESIAN_POINT('',(9.089631565758E0,-3.613476918993E0,
4.631112258778E-1));
#6291=CARTESIAN_POINT('',(9.004469082656E0,-3.461286968509E0,
4.436062238769E-1));
#6292=CARTESIAN_POINT('',(8.919306599555E0,-3.309097018026E0,
4.241012218761E-1));
#6293=CARTESIAN_POINT('',(8.834144116453E0,-3.156907067542E0,
4.045962198753E-1));
#6294=CARTESIAN_POINT('',(9.059625599232E0,-3.184810720027E0,1.485623357303E0));
#6295=CARTESIAN_POINT('',(8.974463116131E0,-3.050675039449E0,1.423052888401E0));
#6296=CARTESIAN_POINT('',(8.889300633029E0,-2.916539358872E0,1.360482419500E0));
#6297=CARTESIAN_POINT('',(8.804138149927E0,-2.782403678294E0,1.297911950599E0));
#6298=CARTESIAN_POINT('',(9.051286299373E0,-3.031473887251E0,1.750242382040E0));
#6299=CARTESIAN_POINT('',(8.966123816271E0,-2.903796342566E0,1.676526869964E0));
#6300=CARTESIAN_POINT('',(8.880961333169E0,-2.776118797880E0,1.602811357889E0));
#6301=CARTESIAN_POINT('',(8.795798850067E0,-2.648441253195E0,1.529095845813E0));
#6302=B_SPLINE_SURFACE_WITH_KNOTS('',3,3,((#6162,#6163,#6164,#6165),(#6166,
#6167,#6168,#6169),(#6170,#6171,#6172,#6173),(#6174,#6175,#6176,#6177),(#6178,
#6179,#6180,#6181),(#6182,#6183,#6184,#6185),(#6186,#6187,#6188,#6189),(#6190,
#6191,#6192,#6193),(#6194,#6195,#6196,#6197),(#6198,#6199,#6200,#6201),(#6202,
#6203,#6204,#6205),(#6206,#6207,#6208,#6209),(#6210,#6211,#6212,#6213),(#6214,
#6215,#6216,#6217),(#6218,#6219,#6220,#6221),(#6222,#6223,#6224,#6225),(#6226,
#6227,#6228,#6229),(#6230,#6231,#6232,#6233),(#6234,#6235,#6236,#6237),(#6238,
#6239,#6240,#6241),(#6242,#6243,#6244,#6245),(#6246,#6247,#6248,#6249),(#6250,
#6251,#6252,#6253),(#6254,#6255,#6256,#6257),(#6258,#6259,#6260,#6261),(#6262,
#6263,#6264,#6265),(#6266,#6267,#6268,#6269),(#6270,#6271,#6272,#6273),(#6274,
#6275,#6276,#6277),(#6278,#6279,#6280,#6281),(#6282,#6283,#6284,#6285),(#6286,
#6287,#6288,#6289),(#6290,#6291,#6292,#6293),(#6294,#6295,#6296,#6297),(#6298,
#6299,#6300,#6301)),.UNSPECIFIED.,.F.,.F.,.F.,(4,1,1,1,1,1,1,1,1,1,1,1,1,1,1,1,
1,1,1,1,1,1,1,1,1,1,1,1,1,1,1,1,4),(4,4),(7.487293562832E-9,1.250820682715E-2,
4.500764071342E-2,7.750707459970E-2,1.100065084860E-1,1.425059423723E-1,
1.750053762585E-1,2.075048101448E-1,2.400042440311E-1,2.725036779174E-1,
3.050031118036E-1,3.375025456899E-1,3.700019795762E-1,4.025014134625E-1,
4.350008473488E-1,4.675002812350E-1,4.999997151213E-1,5.324991490076E-1,
5.649985828939E-1,5.974980167802E-1,6.299974506664E-1,6.624968845527E-1,
6.949963184389E-1,7.274957523253E-1,7.599951862116E-1,7.924946200978E-1,
8.249940539841E-1,8.574934878703E-1,8.899929217567E-1,9.224923556429E-1,
9.549917895292E-1,9.874912234155E-1,9.999999553122E-1),(6.238904042636E-2,
9.376921435157E-1),.UNSPECIFIED.);
#6303=ORIENTED_EDGE('',*,*,#6152,.T.);
#6305=ORIENTED_EDGE('',*,*,#6304,.T.);
#6307=ORIENTED_EDGE('',*,*,#6306,.T.);
#6309=ORIENTED_EDGE('',*,*,#6308,.T.);
#6311=ORIENTED_EDGE('',*,*,#6310,.T.);
#6312=ORIENTED_EDGE('',*,*,#6138,.T.);
#6313=ORIENTED_EDGE('',*,*,#5726,.F.);
#6315=ORIENTED_EDGE('',*,*,#6314,.T.);
#6317=ORIENTED_EDGE('',*,*,#6316,.T.);
#6319=ORIENTED_EDGE('',*,*,#6318,.T.);
#6320=EDGE_LOOP('',(#6303,#6305,#6307,#6309,#6311,#6312,#6313,#6315,#6317,
#6319));
#6321=FACE_OUTER_BOUND('',#6320,.F.);
#6322=ADVANCED_FACE('',(#6321),#6302,.T.);
#6323=CARTESIAN_POINT('',(7.05E0,0.E0,0.E0));
#6324=DIRECTION('',(1.E0,0.E0,0.E0));
#6325=DIRECTION('',(0.E0,0.E0,-1.E0));
#6326=AXIS2_PLACEMENT_3D('',#6323,#6324,#6325);
#6327=CYLINDRICAL_SURFACE('',#6326,3.5E0);
#6328=ORIENTED_EDGE('',*,*,#6304,.F.);
#6329=ORIENTED_EDGE('',*,*,#6157,.T.);
#6330=ORIENTED_EDGE('',*,*,#6142,.F.);
#6332=ORIENTED_EDGE('',*,*,#6331,.F.);
#6333=EDGE_LOOP('',(#6328,#6329,#6330,#6332));
#6334=FACE_OUTER_BOUND('',#6333,.F.);
#6335=ADVANCED_FACE('',(#6334),#6327,.T.);
#6336=CARTESIAN_POINT('',(7.05E0,0.E0,0.E0));
#6337=DIRECTION('',(1.E0,0.E0,0.E0));
#6338=DIRECTION('',(0.E0,0.E0,-1.E0));
#6339=AXIS2_PLACEMENT_3D('',#6336,#6337,#6338);
#6340=CYLINDRICAL_SURFACE('',#6339,3.5E0);
#6342=ORIENTED_EDGE('',*,*,#6341,.T.);
#6344=ORIENTED_EDGE('',*,*,#6343,.F.);
#6345=ORIENTED_EDGE('',*,*,#6306,.F.);
#6346=ORIENTED_EDGE('',*,*,#6331,.T.);
#6347=EDGE_LOOP('',(#6342,#6344,#6345,#6346));
#6348=FACE_OUTER_BOUND('',#6347,.F.);
#6349=ADVANCED_FACE('',(#6348),#6340,.T.);
#6350=CARTESIAN_POINT('',(1.230406699936E1,-2.619863040414E-1,
3.048209439622E0));
#6351=CARTESIAN_POINT('',(1.221929598373E1,-2.745573719400E-1,
3.194473756627E0));
#6352=CARTESIAN_POINT('',(1.213452496810E1,-2.871284398387E-1,
3.340738073633E0));
#6353=CARTESIAN_POINT('',(1.204975395247E1,-2.996995077373E-1,
3.487002390639E0));
#6354=CARTESIAN_POINT('',(1.229778141334E1,-6.132667938843E-2,
3.065587171813E0));
#6355=CARTESIAN_POINT('',(1.221301039771E1,-6.426935936568E-2,
3.212685336420E0));
#6356=CARTESIAN_POINT('',(1.212823938208E1,-6.721203934293E-2,
3.359783501027E0));
#6357=CARTESIAN_POINT('',(1.204346836645E1,-7.015471932019E-2,
3.506881665634E0));
#6358=CARTESIAN_POINT('',(1.227515713384E1,6.668718918555E-1,3.057476260303E0));
#6359=CARTESIAN_POINT('',(1.219038611821E1,6.988708616489E-1,3.204185233501E0));
#6360=CARTESIAN_POINT('',(1.210561510257E1,7.308698314424E-1,3.350894206698E0));
#6361=CARTESIAN_POINT('',(1.202084408694E1,7.628688012358E-1,3.497603179895E0));
#6362=CARTESIAN_POINT('',(1.223619416084E1,1.870703995124E0,2.592932924807E0));
#6363=CARTESIAN_POINT('',(1.215142314522E1,1.960467263553E0,2.717351397621E0));
#6364=CARTESIAN_POINT('',(1.206665212959E1,2.050230531983E0,2.841769870435E0));
#6365=CARTESIAN_POINT('',(1.198188111396E1,2.139993800412E0,2.966188343249E0));
#6366=CARTESIAN_POINT('',(1.218717808039E1,2.902857244934E0,1.340174725614E0));
#6367=CARTESIAN_POINT('',(1.210240706476E1,3.042147028232E0,1.404481245492E0));
#6368=CARTESIAN_POINT('',(1.201763604913E1,3.181436811529E0,1.468787765370E0));
#6369=CARTESIAN_POINT('',(1.193286503350E1,3.320726594826E0,1.533094285249E0));
#6370=CARTESIAN_POINT('',(1.213816199993E1,3.186871340372E0,
-2.579814867858E-1));
#6371=CARTESIAN_POINT('',(1.205339098430E1,3.339789166137E0,
-2.703603887927E-1));
#6372=CARTESIAN_POINT('',(1.196861996867E1,3.492706991903E0,
-2.827392907997E-1));
#6373=CARTESIAN_POINT('',(1.188384895304E1,3.645624817668E0,
-2.951181928066E-1));
#6374=CARTESIAN_POINT('',(1.208914591947E1,2.649498609386E0,-1.789650310926E0));
#6375=CARTESIAN_POINT('',(1.200437490385E1,2.776631312107E0,-1.875524325024E0));
#6376=CARTESIAN_POINT('',(1.191960388822E1,2.903764014829E0,-1.961398339123E0));
#6377=CARTESIAN_POINT('',(1.183483287259E1,3.030896717550E0,-2.047272353222E0));
#6378=CARTESIAN_POINT('',(1.204012983902E1,1.429252747277E0,-2.860057602098E0));
#6379=CARTESIAN_POINT('',(1.195535882339E1,1.497833558756E0,-2.997293700878E0));
#6380=CARTESIAN_POINT('',(1.187058780776E1,1.566414370234E0,-3.134529799659E0));
#6381=CARTESIAN_POINT('',(1.178581679213E1,1.634995181713E0,-3.271765898439E0));
#6382=CARTESIAN_POINT('',(1.199111375856E1,-1.593661838189E-1,
-3.193320430124E0));
#6383=CARTESIAN_POINT('',(1.190634274293E1,-1.670131603379E-1,
-3.346547706971E0));
#6384=CARTESIAN_POINT('',(1.182157172730E1,-1.746601368569E-1,
-3.499774983819E0));
#6385=CARTESIAN_POINT('',(1.173680071167E1,-1.823071133759E-1,
-3.653002260667E0));
#6386=CARTESIAN_POINT('',(1.194209767810E1,-1.706910246827E0,
-2.703544009081E0));
#6387=CARTESIAN_POINT('',(1.185732666247E1,-1.788814087875E0,
-2.833270009156E0));
#6388=CARTESIAN_POINT('',(1.177255564684E1,-1.870717928923E0,
-2.962996009232E0));
#6389=CARTESIAN_POINT('',(1.168778463121E1,-1.952621769971E0,
-3.092722009307E0));
#6390=CARTESIAN_POINT('',(1.189308159764E1,-2.814519182878E0,
-1.516962305305E0));
#6391=CARTESIAN_POINT('',(1.180831058202E1,-2.949570180563E0,
-1.589751744458E0));
#6392=CARTESIAN_POINT('',(1.172353956639E1,-3.084621178248E0,
-1.662541183610E0));
#6393=CARTESIAN_POINT('',(1.163876855076E1,-3.219672175933E0,
-1.735330622763E0));
#6394=CARTESIAN_POINT('',(1.184406551719E1,-3.196720311372E0,
6.059783001490E-2));
#6395=CARTESIAN_POINT('',(1.175929450156E1,-3.350110727044E0,
6.350553710316E-2));
#6396=CARTESIAN_POINT('',(1.167452348593E1,-3.503501142717E0,
6.641324419142E-2));
#6397=CARTESIAN_POINT('',(1.158975247030E1,-3.656891558389E0,
6.932095127968E-2));
#6398=CARTESIAN_POINT('',(1.179504943673E1,-2.755005997072E0,1.622539616450E0));
#6399=CARTESIAN_POINT('',(1.171027842110E1,-2.887201332893E0,1.700395043872E0));
#6400=CARTESIAN_POINT('',(1.162550740547E1,-3.019396668713E0,1.778250471293E0));
#6401=CARTESIAN_POINT('',(1.154073638984E1,-3.151592004534E0,1.856105898715E0));
#6402=CARTESIAN_POINT('',(1.174603335627E1,-1.603222681418E0,2.766291720680E0));
#6403=CARTESIAN_POINT('',(1.166126234065E1,-1.680151211158E0,2.899028587081E0));
#6404=CARTESIAN_POINT('',(1.157649132502E1,-1.757079740898E0,3.031765453482E0));
#6405=CARTESIAN_POINT('',(1.149172030939E1,-1.834008270638E0,3.164502319884E0));
#6406=CARTESIAN_POINT('',(1.169701727582E1,-3.822838645152E-2,
3.197066067598E0));
#6407=CARTESIAN_POINT('',(1.161224626019E1,-4.006272525732E-2,
3.350473073928E0));
#6408=CARTESIAN_POINT('',(1.152747524456E1,-4.189706406311E-2,
3.503880080258E0));
#6409=CARTESIAN_POINT('',(1.144270422893E1,-4.373140286891E-2,
3.657287086589E0));
#6410=CARTESIAN_POINT('',(1.164800119536E1,1.536618806248E0,2.803835853692E0));
#6411=CARTESIAN_POINT('',(1.156323017973E1,1.610351436706E0,2.938374225898E0));
#6412=CARTESIAN_POINT('',(1.147845916410E1,1.684084067163E0,3.072912598105E0));
#6413=CARTESIAN_POINT('',(1.139368814847E1,1.757816697621E0,3.207450970312E0));
#6414=CARTESIAN_POINT('',(1.159898511490E1,2.715421351158E0,1.687951342846E0));
#6415=CARTESIAN_POINT('',(1.151421409928E1,2.845717269848E0,1.768945465860E0));
#6416=CARTESIAN_POINT('',(1.142944308365E1,2.976013188539E0,1.849939588874E0));
#6417=CARTESIAN_POINT('',(1.134467206802E1,3.106309107229E0,1.930933711888E0));
#6418=CARTESIAN_POINT('',(1.154996903445E1,3.194357352598E0,1.370180793026E-1));
#6419=CARTESIAN_POINT('',(1.146519801882E1,3.347634384804E0,1.435927114643E-1));
#6420=CARTESIAN_POINT('',(1.138042700319E1,3.500911417011E0,1.501673436261E-1));
#6421=CARTESIAN_POINT('',(1.129565598756E1,3.654188449217E0,1.567419757879E-1));
#6422=CARTESIAN_POINT('',(1.150095295399E1,2.849986931245E0,-1.449229913395E0));
#6423=CARTESIAN_POINT('',(1.141618193836E1,2.986739802150E0,-1.518769302875E0));
#6424=CARTESIAN_POINT('',(1.133141092273E1,3.123492673055E0,-1.588308692355E0));
#6425=CARTESIAN_POINT('',(1.124663990710E1,3.260245543959E0,-1.657848081835E0));
#6426=CARTESIAN_POINT('',(1.145193687353E1,1.771067338856E0,-2.661956673464E0));
#6427=CARTESIAN_POINT('',(1.136716585790E1,1.856049673517E0,-2.789687159980E0));
#6428=CARTESIAN_POINT('',(1.128239484227E1,1.941032008178E0,-2.917417646497E0));
#6429=CARTESIAN_POINT('',(1.119762382664E1,2.026014342840E0,-3.045148133013E0));
#6430=CARTESIAN_POINT('',(1.140292079308E1,2.356768653541E-1,
-3.188596754884E0));
#6431=CARTESIAN_POINT('',(1.131814977745E1,2.469855094807E-1,
-3.341597372392E0));
#6432=CARTESIAN_POINT('',(1.123337876182E1,2.582941536073E-1,
-3.494597989901E0));
#6433=CARTESIAN_POINT('',(1.114860774619E1,2.696027977340E-1,
-3.647598607410E0));
#6434=CARTESIAN_POINT('',(1.135390471262E1,-1.360456429097E0,
-2.893415136934E0));
#6435=CARTESIAN_POINT('',(1.126913369699E1,-1.425736139804E0,
-3.032251853116E0));
#6436=CARTESIAN_POINT('',(1.118436268136E1,-1.491015850510E0,
-3.171088569297E0));
#6437=CARTESIAN_POINT('',(1.109959166573E1,-1.556295561216E0,
-3.309925285479E0));
#6438=CARTESIAN_POINT('',(1.130488863216E1,-2.605948767794E0,
-1.852491260569E0));
#6439=CARTESIAN_POINT('',(1.122011761653E1,-2.730991788690E0,
-1.941380614919E0));
#6440=CARTESIAN_POINT('',(1.113534660090E1,-2.856034809587E0,
-2.030269969268E0));
#6441=CARTESIAN_POINT('',(1.105057558527E1,-2.981077830484E0,
-2.119159323618E0));
#6442=CARTESIAN_POINT('',(1.125587255170E1,-3.179789777483E0,
-3.341104864363E-1));
#6443=CARTESIAN_POINT('',(1.117110153608E1,-3.332367803775E0,
-3.501423382824E-1));
#6444=CARTESIAN_POINT('',(1.108633052045E1,-3.484945830067E0,
-3.661741901284E-1));
#6445=CARTESIAN_POINT('',(1.100155950482E1,-3.637523856360E0,
-3.822060419745E-1));
#6446=CARTESIAN_POINT('',(1.120685647125E1,-2.934078981928E0,1.270383168305E0));
#6447=CARTESIAN_POINT('',(1.112208545562E1,-3.074866899178E0,1.331340832174E0));
#6448=CARTESIAN_POINT('',(1.103731443999E1,-3.215654816427E0,1.392298496042E0));
#6449=CARTESIAN_POINT('',(1.095254342436E1,-3.356442733677E0,1.453256159911E0));
#6450=CARTESIAN_POINT('',(1.115784039079E1,-1.932145306797E0,2.547451140489E0));
#6451=CARTESIAN_POINT('',(1.107306937516E1,-2.024856755689E0,2.669687229752E0));
#6452=CARTESIAN_POINT('',(1.098829835953E1,-2.117568204582E0,2.791923319015E0));
#6453=CARTESIAN_POINT('',(1.090352734390E1,-2.210279653475E0,2.914159408278E0));
#6454=CARTESIAN_POINT('',(1.110882431033E1,-4.322249325976E-1,
3.167944847630E0));
#6455=CARTESIAN_POINT('',(1.102405329471E1,-4.529646769738E-1,
3.319954510557E0));
#6456=CARTESIAN_POINT('',(1.093928227908E1,-4.737044213500E-1,
3.471964173484E0));
#6457=CARTESIAN_POINT('',(1.085451126345E1,-4.944441657261E-1,
3.623973836411E0));
#6458=CARTESIAN_POINT('',(1.105980822988E1,1.179096311240E0,2.971939567307E0));
#6459=CARTESIAN_POINT('',(1.097503721425E1,1.235673695454E0,3.114544174902E0));
#6460=CARTESIAN_POINT('',(1.089026619862E1,1.292251079667E0,3.257148782496E0));
#6461=CARTESIAN_POINT('',(1.080549518299E1,1.348828463880E0,3.399753390091E0));
#6462=CARTESIAN_POINT('',(1.101079214942E1,2.486519215762E0,2.009953558213E0));
#6463=CARTESIAN_POINT('',(1.092602113379E1,2.605831566836E0,2.106398533614E0));
#6464=CARTESIAN_POINT('',(1.084125011816E1,2.725143917909E0,2.202843509015E0));
#6465=CARTESIAN_POINT('',(1.075647910253E1,2.844456268982E0,2.299288484415E0));
#6466=CARTESIAN_POINT('',(1.096177606896E1,3.153075014747E0,5.299257862897E-1));
#6467=CARTESIAN_POINT('',(1.087700505333E1,3.304371168319E0,5.553535775049E-1));
#6468=CARTESIAN_POINT('',(1.079223403770E1,3.455667321892E0,5.807813687201E-1));
#6469=CARTESIAN_POINT('',(1.070746302208E1,3.606963475464E0,6.062091599353E-1));
#6470=CARTESIAN_POINT('',(1.091275998852E1,3.006954254248E0,-1.086680538376E0));
#6471=CARTESIAN_POINT('',(1.082798897289E1,3.151238995497E0,-1.138823473397E0));
#6472=CARTESIAN_POINT('',(1.074321795726E1,3.295523736747E0,-1.190966408418E0));
#6473=CARTESIAN_POINT('',(1.065844694163E1,3.439808477996E0,-1.243109343440E0));
#6474=CARTESIAN_POINT('',(1.086374390801E1,2.085865811747E0,-2.423220667901E0));
#6475=CARTESIAN_POINT('',(1.077897289238E1,2.185953336693E0,-2.539495721486E0));
#6476=CARTESIAN_POINT('',(1.069420187675E1,2.286040861640E0,-2.655770775071E0));
#6477=CARTESIAN_POINT('',(1.060943086112E1,2.386128386587E0,-2.772045828656E0));
#6478=CARTESIAN_POINT('',(1.082478105861E1,9.262379085945E-1,
-2.989140114897E0));
#6479=CARTESIAN_POINT('',(1.074001004298E1,9.706822152479E-1,
-3.132570068130E0));
#6480=CARTESIAN_POINT('',(1.065523902735E1,1.015126521901E0,-3.276000021364E0));
#6481=CARTESIAN_POINT('',(1.057046801171E1,1.059570828555E0,-3.419429974597E0));
#6482=CARTESIAN_POINT('',(1.080215690233E1,2.014127804493E-1,
-3.059577919327E0));
#6483=CARTESIAN_POINT('',(1.071738588670E1,2.110773075631E-1,
-3.206387737858E0));
#6484=CARTESIAN_POINT('',(1.063261487107E1,2.207418346769E-1,
-3.353197556388E0));
#6485=CARTESIAN_POINT('',(1.054784385544E1,2.304063617906E-1,
-3.500007374919E0));
#6486=CARTESIAN_POINT('',(1.079587143983E1,6.078638911895E-6,
-3.059447279902E0));
#6487=CARTESIAN_POINT('',(1.071110042420E1,6.370314377255E-6,
-3.206250829879E0));
#6488=CARTESIAN_POINT('',(1.062632940857E1,6.661989842616E-6,
-3.353054379856E0));
#6489=CARTESIAN_POINT('',(1.054155839294E1,6.953665307977E-6,
-3.499857929834E0));
#6490=B_SPLINE_SURFACE_WITH_KNOTS('',3,3,((#6350,#6351,#6352,#6353),(#6354,
#6355,#6356,#6357),(#6358,#6359,#6360,#6361),(#6362,#6363,#6364,#6365),(#6366,
#6367,#6368,#6369),(#6370,#6371,#6372,#6373),(#6374,#6375,#6376,#6377),(#6378,
#6379,#6380,#6381),(#6382,#6383,#6384,#6385),(#6386,#6387,#6388,#6389),(#6390,
#6391,#6392,#6393),(#6394,#6395,#6396,#6397),(#6398,#6399,#6400,#6401),(#6402,
#6403,#6404,#6405),(#6406,#6407,#6408,#6409),(#6410,#6411,#6412,#6413),(#6414,
#6415,#6416,#6417),(#6418,#6419,#6420,#6421),(#6422,#6423,#6424,#6425),(#6426,
#6427,#6428,#6429),(#6430,#6431,#6432,#6433),(#6434,#6435,#6436,#6437),(#6438,
#6439,#6440,#6441),(#6442,#6443,#6444,#6445),(#6446,#6447,#6448,#6449),(#6450,
#6451,#6452,#6453),(#6454,#6455,#6456,#6457),(#6458,#6459,#6460,#6461),(#6462,
#6463,#6464,#6465),(#6466,#6467,#6468,#6469),(#6470,#6471,#6472,#6473),(#6474,
#6475,#6476,#6477),(#6478,#6479,#6480,#6481),(#6482,#6483,#6484,#6485),(#6486,
#6487,#6488,#6489)),.UNSPECIFIED.,.F.,.F.,.F.,(4,1,1,1,1,1,1,1,1,1,1,1,1,1,1,1,
1,1,1,1,1,1,1,1,1,1,1,1,1,1,1,1,4),(4,4),(0.E0,1.250285996726E-2,
4.500267718142E-2,7.750249439559E-2,1.100023116099E-1,1.425021288241E-1,
1.750019460383E-1,2.075017632524E-1,2.400015804667E-1,2.725013976808E-1,
3.050012148950E-1,3.375010321092E-1,3.700008493234E-1,4.025006665376E-1,
4.350004837518E-1,4.675003009659E-1,5.000001181803E-1,5.324999353944E-1,
5.649997526086E-1,5.974995698228E-1,6.299993870370E-1,6.624992042512E-1,
6.949990214654E-1,7.274988386795E-1,7.599986558939E-1,7.924984731080E-1,
8.249982903222E-1,8.574981075364E-1,8.899979247506E-1,9.224977419648E-1,
9.549975591790E-1,9.874973763931E-1,9.999999908422E-1),(6.311219852347E-2,
9.366932330076E-1),.UNSPECIFIED.);
#6492=ORIENTED_EDGE('',*,*,#6491,.F.);
#6494=ORIENTED_EDGE('',*,*,#6493,.F.);
#6496=ORIENTED_EDGE('',*,*,#6495,.F.);
#6498=ORIENTED_EDGE('',*,*,#6497,.F.);
#6500=ORIENTED_EDGE('',*,*,#6499,.F.);
#6502=ORIENTED_EDGE('',*,*,#6501,.F.);
#6503=ORIENTED_EDGE('',*,*,#6341,.F.);
#6504=ORIENTED_EDGE('',*,*,#6140,.F.);
#6506=ORIENTED_EDGE('',*,*,#6505,.F.);
#6507=EDGE_LOOP('',(#6492,#6494,#6496,#6498,#6500,#6502,#6503,#6504,#6506));
#6508=FACE_OUTER_BOUND('',#6507,.F.);
#6509=ADVANCED_FACE('',(#6508),#6490,.T.);
#6510=CARTESIAN_POINT('',(1.205E1,3.964078151197E0,5.76E0));
#6511=DIRECTION('',(-1.E0,0.E0,0.E0));
#6512=DIRECTION('',(0.E0,-1.E0,0.E0));
#6513=AXIS2_PLACEMENT_3D('',#6510,#6511,#6512);
#6514=PLANE('',#6513);
#6516=ORIENTED_EDGE('',*,*,#6515,.T.);
#6517=ORIENTED_EDGE('',*,*,#6491,.T.);
#6519=ORIENTED_EDGE('',*,*,#6518,.T.);
#6520=EDGE_LOOP('',(#6516,#6517,#6519));
#6521=FACE_OUTER_BOUND('',#6520,.F.);
#6523=ORIENTED_EDGE('',*,*,#6522,.T.);
#6525=ORIENTED_EDGE('',*,*,#6524,.T.);
#6526=EDGE_LOOP('',(#6523,#6525));
#6527=FACE_BOUND('',#6526,.F.);
#6528=ADVANCED_FACE('',(#6521,#6527),#6514,.F.);
#6529=CARTESIAN_POINT('',(7.05E0,0.E0,0.E0));
#6530=DIRECTION('',(1.E0,0.E0,0.E0));
#6531=DIRECTION('',(0.E0,0.E0,-1.E0));
#6532=AXIS2_PLACEMENT_3D('',#6529,#6530,#6531);
#6533=CYLINDRICAL_SURFACE('',#6532,3.5E0);
#6534=ORIENTED_EDGE('',*,*,#6495,.T.);
#6535=ORIENTED_EDGE('',*,*,#6493,.T.);
#6536=ORIENTED_EDGE('',*,*,#6515,.F.);
#6538=ORIENTED_EDGE('',*,*,#6537,.T.);
#6540=ORIENTED_EDGE('',*,*,#6539,.T.);
#6542=ORIENTED_EDGE('',*,*,#6541,.T.);
#6543=EDGE_LOOP('',(#6534,#6535,#6536,#6538,#6540,#6542));
#6544=FACE_OUTER_BOUND('',#6543,.F.);
#6545=ADVANCED_FACE('',(#6544),#6533,.T.);
#6546=CARTESIAN_POINT('',(1.230421421546E1,1.878248723695E0,-2.953253737561E0));
#6547=CARTESIAN_POINT('',(1.221940247135E1,1.799421525723E0,-2.829310239515E0));
#6548=CARTESIAN_POINT('',(1.213459072724E1,1.720594327751E0,-2.705366741469E0));
#6549=CARTESIAN_POINT('',(1.204977898313E1,1.641767129779E0,-2.581423243423E0));
#6550=CARTESIAN_POINT('',(1.229898829379E1,1.716656086174E0,-3.056109040121E0));
#6551=CARTESIAN_POINT('',(1.221417654968E1,1.644610681570E0,-2.927848863897E0));
#6552=CARTESIAN_POINT('',(1.212936480557E1,1.572565276965E0,-2.799588687673E0));
#6553=CARTESIAN_POINT('',(1.204455306146E1,1.500519872360E0,-2.671328511449E0));
#6554=CARTESIAN_POINT('',(1.228017635807E1,1.104833526120E0,-3.378875473858E0));
#6555=CARTESIAN_POINT('',(1.219536461396E1,1.058465369506E0,-3.237069288901E0));
#6556=CARTESIAN_POINT('',(1.211055286985E1,1.012097212892E0,-3.095263103944E0));
#6557=CARTESIAN_POINT('',(1.202574112574E1,9.657290562781E-1,
-2.953456918987E0));
#6558=CARTESIAN_POINT('',(1.224777840972E1,-8.843859791381E-2,
-3.607027771343E0));
#6559=CARTESIAN_POINT('',(1.216296666561E1,-8.472696658103E-2,
-3.455646386858E0));
#6560=CARTESIAN_POINT('',(1.207815492150E1,-8.101533524824E-2,
-3.304265002374E0));
#6561=CARTESIAN_POINT('',(1.199334317739E1,-7.730370391546E-2,
-3.152883617889E0));
#6562=CARTESIAN_POINT('',(1.220702036938E1,-1.573713368856E0,
-3.246815653482E0));
#6563=CARTESIAN_POINT('',(1.212220862527E1,-1.507667049374E0,
-3.110551815226E0));
#6564=CARTESIAN_POINT('',(1.203739688116E1,-1.441620729891E0,
-2.974287976970E0));
#6565=CARTESIAN_POINT('',(1.195258513706E1,-1.375574410409E0,
-2.838024138714E0));
#6566=CARTESIAN_POINT('',(1.216626232918E1,-2.776638359587E0,
-2.304060042682E0));
#6567=CARTESIAN_POINT('',(1.208145058507E1,-2.660107136174E0,
-2.207362201320E0));
#6568=CARTESIAN_POINT('',(1.199663884096E1,-2.543575912762E0,
-2.110664359957E0));
#6569=CARTESIAN_POINT('',(1.191182709686E1,-2.427044689349E0,
-2.013966518595E0));
#6570=CARTESIAN_POINT('',(1.212550428895E1,-3.481364274197E0,
-9.478969839340E-1));
#6571=CARTESIAN_POINT('',(1.204069254484E1,-3.335256792597E0,
-9.081152115437E-1));
#6572=CARTESIAN_POINT('',(1.195588080073E1,-3.189149310996E0,
-8.683334391534E-1));
#6573=CARTESIAN_POINT('',(1.187106905662E1,-3.043041829396E0,
-8.285516667631E-1));
#6574=CARTESIAN_POINT('',(1.208474624872E1,-3.561450490416E0,
5.783406554578E-1));
#6575=CARTESIAN_POINT('',(1.199993450461E1,-3.411981914012E0,
5.540685914056E-1));
#6576=CARTESIAN_POINT('',(1.191512276050E1,-3.262513337608E0,
5.297965273535E-1));
#6577=CARTESIAN_POINT('',(1.183031101639E1,-3.113044761204E0,
5.055244633013E-1));
#6578=CARTESIAN_POINT('',(1.204398820849E1,-3.002526493540E0,2.000810313122E0));
#6579=CARTESIAN_POINT('',(1.195917646438E1,-2.876515094021E0,1.916839394550E0));
#6580=CARTESIAN_POINT('',(1.187436472027E1,-2.750503694501E0,1.832868475977E0));
#6581=CARTESIAN_POINT('',(1.178955297616E1,-2.624492294982E0,1.748897557404E0));
#6582=CARTESIAN_POINT('',(1.200323016826E1,-1.904877007180E0,3.064286352553E0));
#6583=CARTESIAN_POINT('',(1.191841842415E1,-1.824932261275E0,2.935682987148E0));
#6584=CARTESIAN_POINT('',(1.183360668004E1,-1.744987515370E0,2.807079621743E0));
#6585=CARTESIAN_POINT('',(1.174879493593E1,-1.665042769465E0,2.678476256337E0));
#6586=CARTESIAN_POINT('',(1.196247212803E1,-4.654466999028E-1,
3.577955651801E0));
#6587=CARTESIAN_POINT('',(1.187766038392E1,-4.459126207849E-1,
3.427794379269E0));
#6588=CARTESIAN_POINT('',(1.179284863981E1,-4.263785416670E-1,
3.277633106736E0));
#6589=CARTESIAN_POINT('',(1.170803689570E1,-4.068444625490E-1,
3.127471834204E0));
#6590=CARTESIAN_POINT('',(1.192171408780E1,1.057495948600E0,3.449653546084E0));
#6591=CARTESIAN_POINT('',(1.183690234370E1,1.013114476954E0,3.304876914761E0));
#6592=CARTESIAN_POINT('',(1.175209059959E1,9.687330053069E-1,3.160100283439E0));
#6593=CARTESIAN_POINT('',(1.166727885548E1,9.243515336602E-1,3.015323652116E0));
#6594=CARTESIAN_POINT('',(1.188095604757E1,2.390698360967E0,2.702400528938E0));
#6595=CARTESIAN_POINT('',(1.179614430347E1,2.290364443210E0,2.588984952605E0));
#6596=CARTESIAN_POINT('',(1.171133255936E1,2.190030525453E0,2.475569376272E0));
#6597=CARTESIAN_POINT('',(1.162652081525E1,2.089696607696E0,2.362153799939E0));
#6598=CARTESIAN_POINT('',(1.184019800735E1,3.294951919771E0,1.470271783574E0));
#6599=CARTESIAN_POINT('',(1.175538626324E1,3.156667876774E0,1.408566747652E0));
#6600=CARTESIAN_POINT('',(1.167057451913E1,3.018383833776E0,1.346861711731E0));
#6601=CARTESIAN_POINT('',(1.158576277502E1,2.880099790778E0,1.285156675810E0));
#6602=CARTESIAN_POINT('',(1.179943996712E1,3.608011762834E0,
-2.565912335646E-2));
#6603=CARTESIAN_POINT('',(1.171462822301E1,3.456589081742E0,
-2.458224958860E-2));
#6604=CARTESIAN_POINT('',(1.162981647890E1,3.305166400649E0,
-2.350537582074E-2));
#6605=CARTESIAN_POINT('',(1.154500473479E1,3.153743719557E0,
-2.242850205288E-2));
#6606=CARTESIAN_POINT('',(1.175868192689E1,3.273707415813E0,-1.516986165719E0));
#6607=CARTESIAN_POINT('',(1.167387018278E1,3.136314971827E0,-1.453320599346E0));
#6608=CARTESIAN_POINT('',(1.158905843867E1,2.998922527840E0,-1.389655032972E0));
#6609=CARTESIAN_POINT('',(1.150424669456E1,2.861530083854E0,-1.325989466598E0));
#6610=CARTESIAN_POINT('',(1.171792388666E1,2.352021128538E0,-2.736129361386E0));
#6611=CARTESIAN_POINT('',(1.163311214255E1,2.253310434476E0,-2.621298238061E0));
#6612=CARTESIAN_POINT('',(1.154830039844E1,2.154599740415E0,-2.506467114737E0));
#6613=CARTESIAN_POINT('',(1.146348865433E1,2.055889046353E0,-2.391635991412E0));
#6614=CARTESIAN_POINT('',(1.167716584643E1,1.008325614860E0,-3.464345064474E0));
#6615=CARTESIAN_POINT('',(1.159235410232E1,9.660077461608E-1,
-3.318951852821E0));
#6616=CARTESIAN_POINT('',(1.150754235821E1,9.236898774613E-1,
-3.173558641168E0));
#6617=CARTESIAN_POINT('',(1.142273061410E1,8.813720087617E-1,
-3.028165429514E0));
#6618=CARTESIAN_POINT('',(1.163640780620E1,-5.162877942912E-1,
-3.570973842637E0));
#6619=CARTESIAN_POINT('',(1.155159606210E1,-4.946199929828E-1,
-3.421105585849E0));
#6620=CARTESIAN_POINT('',(1.146678431799E1,-4.729521916744E-1,
-3.271237329061E0));
#6621=CARTESIAN_POINT('',(1.138197257388E1,-4.512843903659E-1,
-3.121369072273E0));
#6622=CARTESIAN_POINT('',(1.159564976598E1,-1.948266741095E0,
-3.036883925486E0));
#6623=CARTESIAN_POINT('',(1.151083802187E1,-1.866500995087E0,
-2.909430597612E0));
#6624=CARTESIAN_POINT('',(1.142602627776E1,-1.784735249079E0,
-2.781977269738E0));
#6625=CARTESIAN_POINT('',(1.134121453365E1,-1.702969503071E0,
-2.654523941865E0));
#6626=CARTESIAN_POINT('',(1.155489172575E1,-3.030679720894E0,
-1.957903904873E0));
#6627=CARTESIAN_POINT('',(1.147007998164E1,-2.903486773914E0,
-1.875733701972E0));
#6628=CARTESIAN_POINT('',(1.138526823753E1,-2.776293826935E0,
-1.793563499071E0));
#6629=CARTESIAN_POINT('',(1.130045649342E1,-2.649100879955E0,
-1.711393296170E0));
#6630=CARTESIAN_POINT('',(1.151413368552E1,-3.569315780901E0,
-5.276287780167E-1));
#6631=CARTESIAN_POINT('',(1.142932194141E1,-3.419517110406E0,
-5.054850131207E-1));
#6632=CARTESIAN_POINT('',(1.134451019730E1,-3.269718439911E0,
-4.833412482248E-1));
#6633=CARTESIAN_POINT('',(1.125969845319E1,-3.119919769415E0,
-4.611974833288E-1));
#6634=CARTESIAN_POINT('',(1.147337564529E1,-3.467530641920E0,
9.973156567882E-1));
#6635=CARTESIAN_POINT('',(1.138856390118E1,-3.322003736496E0,
9.554598590398E-1));
#6636=CARTESIAN_POINT('',(1.130375215707E1,-3.176476831073E0,
9.136040612915E-1));
#6637=CARTESIAN_POINT('',(1.121894041296E1,-3.030949925650E0,
8.717482635431E-1));
#6638=CARTESIAN_POINT('',(1.143261760506E1,-2.743587008247E0,2.343317647587E0));
#6639=CARTESIAN_POINT('',(1.134780586095E1,-2.628442898991E0,2.244972225191E0));
#6640=CARTESIAN_POINT('',(1.126299411684E1,-2.513298789736E0,2.146626802794E0));
#6641=CARTESIAN_POINT('',(1.117818237273E1,-2.398154680480E0,2.048281380398E0));
#6642=CARTESIAN_POINT('',(1.139185956483E1,-1.527377802309E0,3.268872026514E0));
#6643=CARTESIAN_POINT('',(1.130704782073E1,-1.463276114983E0,3.131682516354E0));
#6644=CARTESIAN_POINT('',(1.122223607662E1,-1.399174427657E0,2.994493006195E0));
#6645=CARTESIAN_POINT('',(1.113742433251E1,-1.335072740332E0,2.857303496036E0));
#6646=CARTESIAN_POINT('',(1.135110152461E1,-3.712023334962E-2,
3.607912048707E0));
#6647=CARTESIAN_POINT('',(1.126628978050E1,-3.556235448184E-2,
3.456493552463E0));
#6648=CARTESIAN_POINT('',(1.118147803639E1,-3.400447561407E-2,
3.305075056218E0));
#6649=CARTESIAN_POINT('',(1.109666629228E1,-3.244659674629E-2,
3.153656559974E0));
#6650=CARTESIAN_POINT('',(1.131034348438E1,1.459797575045E0,3.299605778483E0));
#6651=CARTESIAN_POINT('',(1.122553174027E1,1.398532125491E0,3.161126420217E0));
#6652=CARTESIAN_POINT('',(1.114071999616E1,1.337266675937E0,3.022647061951E0));
#6653=CARTESIAN_POINT('',(1.105590825205E1,1.276001226383E0,2.884167703685E0));
#6654=CARTESIAN_POINT('',(1.126958544415E1,2.694792637588E0,2.399270753757E0));
#6655=CARTESIAN_POINT('',(1.118477370004E1,2.581696352713E0,2.298577065905E0));
#6656=CARTESIAN_POINT('',(1.109996195593E1,2.468600067839E0,2.197883378053E0));
#6657=CARTESIAN_POINT('',(1.101515021182E1,2.355503782965E0,2.097189690201E0));
#6658=CARTESIAN_POINT('',(1.122882740392E1,3.446276673102E0,1.068448873008E0));
#6659=CARTESIAN_POINT('',(1.114401565981E1,3.301641763926E0,1.023607724029E0));
#6660=CARTESIAN_POINT('',(1.105920391570E1,3.157006854751E0,9.787665750493E-1));
#6661=CARTESIAN_POINT('',(1.097439217159E1,3.012371945575E0,9.339254260699E-1));
#6662=CARTESIAN_POINT('',(1.118806936369E1,3.579416949891E0,
-4.540788027106E-1));
#6663=CARTESIAN_POINT('',(1.110325761958E1,3.429194348932E0,
-4.350218166916E-1));
#6664=CARTESIAN_POINT('',(1.101844587547E1,3.278971747974E0,
-4.159648306726E-1));
#6665=CARTESIAN_POINT('',(1.093363413136E1,3.128749147016E0,
-3.969078446536E-1));
#6666=CARTESIAN_POINT('',(1.114731132346E1,3.070318925869E0,-1.895132541112E0));
#6667=CARTESIAN_POINT('',(1.106249957936E1,2.941462382674E0,-1.815596755407E0));
#6668=CARTESIAN_POINT('',(1.097768783525E1,2.812605839478E0,-1.736060969701E0));
#6669=CARTESIAN_POINT('',(1.089287609114E1,2.683749296282E0,-1.656525183995E0));
#6670=CARTESIAN_POINT('',(1.110655328324E1,2.010349327504E0,-2.996158592334E0));
#6671=CARTESIAN_POINT('',(1.102174153913E1,1.925978071223E0,-2.870414443798E0));
#6672=CARTESIAN_POINT('',(1.093692979502E1,1.841606814941E0,-2.744670295262E0));
#6673=CARTESIAN_POINT('',(1.085211805091E1,1.757235558660E0,-2.618926146726E0));
#6674=CARTESIAN_POINT('',(1.107415529536E1,8.810230524253E-1,
-3.444017464232E0));
#6675=CARTESIAN_POINT('',(1.098934355125E1,8.440478756592E-1,
-3.299477370562E0));
#6676=CARTESIAN_POINT('',(1.090453180714E1,8.070726988932E-1,
-3.154937276892E0));
#6677=CARTESIAN_POINT('',(1.081972006303E1,7.700975221271E-1,
-3.010397183222E0));
#6678=CARTESIAN_POINT('',(1.105534332088E1,1.915502821481E-1,
-3.500002800739E0));
#6679=CARTESIAN_POINT('',(1.097053157677E1,1.835112126566E-1,
-3.353113088966E0));
#6680=CARTESIAN_POINT('',(1.088571983266E1,1.754721431652E-1,
-3.206223377192E0));
#6681=CARTESIAN_POINT('',(1.080090808855E1,1.674330736737E-1,
-3.059333665419E0));
#6682=CARTESIAN_POINT('',(1.105011735982E1,-1.119256515653E-6,
-3.499932270114E0));
#6683=CARTESIAN_POINT('',(1.096530561571E1,-1.072283063990E-6,
-3.353045518402E0));
#6684=CARTESIAN_POINT('',(1.088049387160E1,-1.025309612327E-6,
-3.206158766690E0));
#6685=CARTESIAN_POINT('',(1.079568212749E1,-9.783361606644E-7,
-3.059272014978E0));
#6686=B_SPLINE_SURFACE_WITH_KNOTS('',3,3,((#6546,#6547,#6548,#6549),(#6550,
#6551,#6552,#6553),(#6554,#6555,#6556,#6557),(#6558,#6559,#6560,#6561),(#6562,
#6563,#6564,#6565),(#6566,#6567,#6568,#6569),(#6570,#6571,#6572,#6573),(#6574,
#6575,#6576,#6577),(#6578,#6579,#6580,#6581),(#6582,#6583,#6584,#6585),(#6586,
#6587,#6588,#6589),(#6590,#6591,#6592,#6593),(#6594,#6595,#6596,#6597),(#6598,
#6599,#6600,#6601),(#6602,#6603,#6604,#6605),(#6606,#6607,#6608,#6609),(#6610,
#6611,#6612,#6613),(#6614,#6615,#6616,#6617),(#6618,#6619,#6620,#6621),(#6622,
#6623,#6624,#6625),(#6626,#6627,#6628,#6629),(#6630,#6631,#6632,#6633),(#6634,
#6635,#6636,#6637),(#6638,#6639,#6640,#6641),(#6642,#6643,#6644,#6645),(#6646,
#6647,#6648,#6649),(#6650,#6651,#6652,#6653),(#6654,#6655,#6656,#6657),(#6658,
#6659,#6660,#6661),(#6662,#6663,#6664,#6665),(#6666,#6667,#6668,#6669),(#6670,
#6671,#6672,#6673),(#6674,#6675,#6676,#6677),(#6678,#6679,#6680,#6681),(#6682,
#6683,#6684,#6685)),.UNSPECIFIED.,.F.,.F.,.F.,(4,1,1,1,1,1,1,1,1,1,1,1,1,1,1,1,
1,1,1,1,1,1,1,1,1,1,1,1,1,1,1,1,4),(4,4),(0.E0,1.250123928274E-2,
4.500115200855E-2,7.750106473436E-2,1.100009774602E-1,1.425008901861E-1,
1.750008029119E-1,2.075007156377E-1,2.400006283636E-1,2.725005410894E-1,
3.050004538152E-1,3.375003665410E-1,3.700002792668E-1,4.025001919926E-1,
4.350001047184E-1,4.675000174442E-1,4.999999301701E-1,5.324998428959E-1,
5.649997556217E-1,5.974996683475E-1,6.299995810733E-1,6.624994937991E-1,
6.949994065249E-1,7.274993192507E-1,7.599992319765E-1,7.924991447024E-1,
8.249990574282E-1,8.574989701540E-1,8.899988828798E-1,9.224987956056E-1,
9.549987083314E-1,9.874986210574E-1,9.999999541089E-1),(6.294659203528E-2,
9.374333790984E-1),.UNSPECIFIED.);
#6687=ORIENTED_EDGE('',*,*,#6518,.F.);
#6688=ORIENTED_EDGE('',*,*,#6505,.T.);
#6689=ORIENTED_EDGE('',*,*,#6310,.F.);
#6691=ORIENTED_EDGE('',*,*,#6690,.F.);
#6693=ORIENTED_EDGE('',*,*,#6692,.F.);
#6694=ORIENTED_EDGE('',*,*,#6539,.F.);
#6695=ORIENTED_EDGE('',*,*,#6537,.F.);
#6696=EDGE_LOOP('',(#6687,#6688,#6689,#6691,#6693,#6694,#6695));
#6697=FACE_OUTER_BOUND('',#6696,.F.);
#6698=ADVANCED_FACE('',(#6697),#6686,.T.);
#6699=CARTESIAN_POINT('',(7.05E0,0.E0,0.E0));
#6700=DIRECTION('',(1.E0,0.E0,0.E0));
#6701=DIRECTION('',(0.E0,0.E0,-1.E0));
#6702=AXIS2_PLACEMENT_3D('',#6699,#6700,#6701);
#6703=CYLINDRICAL_SURFACE('',#6702,3.5E0);
#6704=ORIENTED_EDGE('',*,*,#6690,.T.);
#6706=ORIENTED_EDGE('',*,*,#6705,.T.);
#6707=ORIENTED_EDGE('',*,*,#6499,.T.);
#6709=ORIENTED_EDGE('',*,*,#6708,.F.);
#6710=EDGE_LOOP('',(#6704,#6706,#6707,#6709));
#6711=FACE_OUTER_BOUND('',#6710,.F.);
#6712=ADVANCED_FACE('',(#6711),#6703,.T.);
#6713=CARTESIAN_POINT('',(7.05E0,0.E0,0.E0));
#6714=DIRECTION('',(1.E0,0.E0,0.E0));
#6715=DIRECTION('',(0.E0,0.E0,-1.E0));
#6716=AXIS2_PLACEMENT_3D('',#6713,#6714,#6715);
#6717=CYLINDRICAL_SURFACE('',#6716,3.5E0);
#6718=ORIENTED_EDGE('',*,*,#6501,.T.);
#6719=ORIENTED_EDGE('',*,*,#6705,.F.);
#6720=ORIENTED_EDGE('',*,*,#6308,.F.);
#6721=ORIENTED_EDGE('',*,*,#6343,.T.);
#6722=EDGE_LOOP('',(#6718,#6719,#6720,#6721));
#6723=FACE_OUTER_BOUND('',#6722,.F.);
#6724=ADVANCED_FACE('',(#6723),#6717,.T.);
#6725=CARTESIAN_POINT('',(7.05E0,0.E0,0.E0));
#6726=DIRECTION('',(1.E0,0.E0,0.E0));
#6727=DIRECTION('',(0.E0,0.E0,-1.E0));
#6728=AXIS2_PLACEMENT_3D('',#6725,#6726,#6727);
#6729=CYLINDRICAL_SURFACE('',#6728,3.5E0);
#6730=ORIENTED_EDGE('',*,*,#6692,.T.);
#6731=ORIENTED_EDGE('',*,*,#6708,.T.);
#6732=ORIENTED_EDGE('',*,*,#6497,.T.);
#6733=ORIENTED_EDGE('',*,*,#6541,.F.);
#6734=EDGE_LOOP('',(#6730,#6731,#6732,#6733));
#6735=FACE_OUTER_BOUND('',#6734,.F.);
#6736=ADVANCED_FACE('',(#6735),#6729,.T.);
#6737=CARTESIAN_POINT('',(1.205E1,0.E0,0.E0));
#6738=DIRECTION('',(1.E0,0.E0,0.E0));
#6739=DIRECTION('',(0.E0,0.E0,-1.E0));
#6740=AXIS2_PLACEMENT_3D('',#6737,#6738,#6739);
#6741=CYLINDRICAL_SURFACE('',#6740,3.E0);
#6743=ORIENTED_EDGE('',*,*,#6742,.F.);
#6745=ORIENTED_EDGE('',*,*,#6744,.F.);
#6746=ORIENTED_EDGE('',*,*,#6522,.F.);
#6748=ORIENTED_EDGE('',*,*,#6747,.T.);
#6749=EDGE_LOOP('',(#6743,#6745,#6746,#6748));
#6750=FACE_OUTER_BOUND('',#6749,.F.);
#6751=ADVANCED_FACE('',(#6750),#6741,.T.);
#6752=CARTESIAN_POINT('',(1.33E1,4.195768630497E-13,0.E0));
#6753=DIRECTION('',(-1.E0,0.E0,0.E0));
#6754=DIRECTION('',(0.E0,0.E0,1.E0));
#6755=AXIS2_PLACEMENT_3D('',#6752,#6753,#6754);
#6756=CONICAL_SURFACE('',#6755,2.75E0,4.5E1);
#6757=ORIENTED_EDGE('',*,*,#6742,.T.);
#6759=ORIENTED_EDGE('',*,*,#6758,.T.);
#6761=ORIENTED_EDGE('',*,*,#6760,.T.);
#6763=ORIENTED_EDGE('',*,*,#6762,.F.);
#6764=EDGE_LOOP('',(#6757,#6759,#6761,#6763));
#6765=FACE_OUTER_BOUND('',#6764,.F.);
#6766=ADVANCED_FACE('',(#6765),#6756,.T.);
#6767=CARTESIAN_POINT('',(1.33E1,4.195768630497E-13,0.E0));
#6768=DIRECTION('',(-1.E0,0.E0,0.E0));
#6769=DIRECTION('',(0.E0,0.E0,1.E0));
#6770=AXIS2_PLACEMENT_3D('',#6767,#6768,#6769);
#6771=CONICAL_SURFACE('',#6770,2.75E0,4.5E1);
#6773=ORIENTED_EDGE('',*,*,#6772,.T.);
#6774=ORIENTED_EDGE('',*,*,#6762,.T.);
#6776=ORIENTED_EDGE('',*,*,#6775,.T.);
#6777=ORIENTED_EDGE('',*,*,#6758,.F.);
#6778=EDGE_LOOP('',(#6773,#6774,#6776,#6777));
#6779=FACE_OUTER_BOUND('',#6778,.F.);
#6780=ADVANCED_FACE('',(#6779),#6771,.T.);
#6781=CARTESIAN_POINT('',(1.205E1,0.E0,0.E0));
#6782=DIRECTION('',(1.E0,0.E0,0.E0));
#6783=DIRECTION('',(0.E0,0.E0,-1.E0));
#6784=AXIS2_PLACEMENT_3D('',#6781,#6782,#6783);
#6785=CYLINDRICAL_SURFACE('',#6784,3.E0);
#6786=ORIENTED_EDGE('',*,*,#6772,.F.);
#6787=ORIENTED_EDGE('',*,*,#6747,.F.);
#6788=ORIENTED_EDGE('',*,*,#6524,.F.);
#6789=ORIENTED_EDGE('',*,*,#6744,.T.);
#6790=EDGE_LOOP('',(#6786,#6787,#6788,#6789));
#6791=FACE_OUTER_BOUND('',#6790,.F.);
#6792=ADVANCED_FACE('',(#6791),#6785,.T.);
#6793=CARTESIAN_POINT('',(1.29E1,4.195676700998E-13,0.E0));
#6794=DIRECTION('',(1.E0,0.E0,0.E0));
#6795=DIRECTION('',(0.E0,0.E0,-1.E0));
#6796=AXIS2_PLACEMENT_3D('',#6793,#6794,#6795);
#6797=CYLINDRICAL_SURFACE('',#6796,2.5E0);
#6799=ORIENTED_EDGE('',*,*,#6798,.F.);
#6801=ORIENTED_EDGE('',*,*,#6800,.F.);
#6803=ORIENTED_EDGE('',*,*,#6802,.F.);
#6805=ORIENTED_EDGE('',*,*,#6804,.F.);
#6806=ORIENTED_EDGE('',*,*,#6775,.F.);
#6808=ORIENTED_EDGE('',*,*,#6807,.T.);
#6809=EDGE_LOOP('',(#6799,#6801,#6803,#6805,#6806,#6808));
#6810=FACE_OUTER_BOUND('',#6809,.F.);
#6811=ADVANCED_FACE('',(#6810),#6797,.T.);
#6812=CARTESIAN_POINT('',(1.605E1,4.85E0,-4.2E0));
#6813=DIRECTION('',(1.E0,0.E0,0.E0));
#6814=DIRECTION('',(0.E0,0.E0,-1.E0));
#6815=AXIS2_PLACEMENT_3D('',#6812,#6813,#6814);
#6816=PLANE('',#6815);
#6818=ORIENTED_EDGE('',*,*,#6817,.T.);
#6819=ORIENTED_EDGE('',*,*,#6802,.T.);
#6821=ORIENTED_EDGE('',*,*,#6820,.T.);
#6822=ORIENTED_EDGE('',*,*,#6798,.T.);
#6824=ORIENTED_EDGE('',*,*,#6823,.T.);
#6826=ORIENTED_EDGE('',*,*,#6825,.T.);
#6827=EDGE_LOOP('',(#6818,#6819,#6821,#6822,#6824,#6826));
#6828=FACE_OUTER_BOUND('',#6827,.F.);
#6829=ADVANCED_FACE('',(#6828),#6816,.T.);
#6830=CARTESIAN_POINT('',(1.29E1,4.195676700998E-13,0.E0));
#6831=DIRECTION('',(1.E0,0.E0,0.E0));
#6832=DIRECTION('',(0.E0,0.E0,-1.E0));
#6833=AXIS2_PLACEMENT_3D('',#6830,#6831,#6832);
#6834=CYLINDRICAL_SURFACE('',#6833,2.5E0);
#6835=ORIENTED_EDGE('',*,*,#6817,.F.);
#6837=ORIENTED_EDGE('',*,*,#6836,.F.);
#6838=ORIENTED_EDGE('',*,*,#6823,.F.);
#6839=ORIENTED_EDGE('',*,*,#6807,.F.);
#6840=ORIENTED_EDGE('',*,*,#6760,.F.);
#6841=ORIENTED_EDGE('',*,*,#6804,.T.);
#6842=EDGE_LOOP('',(#6835,#6837,#6838,#6839,#6840,#6841));
#6843=FACE_OUTER_BOUND('',#6842,.F.);
#6844=ADVANCED_FACE('',(#6843),#6834,.T.);
#6845=CARTESIAN_POINT('',(1.605E1,4.195768630497E-13,0.E0));
#6846=DIRECTION('',(1.E0,0.E0,0.E0));
#6847=DIRECTION('',(0.E0,0.E0,-1.E0));
#6848=AXIS2_PLACEMENT_3D('',#6845,#6846,#6847);
#6849=PLANE('',#6848);
#6851=ORIENTED_EDGE('',*,*,#6850,.T.);
#6853=ORIENTED_EDGE('',*,*,#6852,.T.);
#6855=ORIENTED_EDGE('',*,*,#6854,.T.);
#6857=ORIENTED_EDGE('',*,*,#6856,.T.);
#6859=ORIENTED_EDGE('',*,*,#6858,.T.);
#6861=ORIENTED_EDGE('',*,*,#6860,.T.);
#6863=ORIENTED_EDGE('',*,*,#6862,.T.);
#6865=ORIENTED_EDGE('',*,*,#6864,.T.);
#6867=ORIENTED_EDGE('',*,*,#6866,.T.);
#6869=ORIENTED_EDGE('',*,*,#6868,.T.);
#6871=ORIENTED_EDGE('',*,*,#6870,.T.);
#6873=ORIENTED_EDGE('',*,*,#6872,.T.);
#6875=ORIENTED_EDGE('',*,*,#6874,.T.);
#6877=ORIENTED_EDGE('',*,*,#6876,.T.);
#6879=ORIENTED_EDGE('',*,*,#6878,.T.);
#6881=ORIENTED_EDGE('',*,*,#6880,.T.);
#6883=ORIENTED_EDGE('',*,*,#6882,.T.);
#6885=ORIENTED_EDGE('',*,*,#6884,.T.);
#6886=ORIENTED_EDGE('',*,*,#6836,.T.);
#6887=EDGE_LOOP('',(#6851,#6853,#6855,#6857,#6859,#6861,#6863,#6865,#6867,#6869,
#6871,#6873,#6875,#6877,#6879,#6881,#6883,#6885,#6886));
#6888=FACE_OUTER_BOUND('',#6887,.F.);
#6889=ADVANCED_FACE('',(#6888),#6849,.F.);
#6890=CARTESIAN_POINT('',(2.205E1,5.E-1,-2.958039891550E0));
#6891=DIRECTION('',(0.E0,1.E0,0.E0));
#6892=DIRECTION('',(0.E0,0.E0,1.E0));
#6893=AXIS2_PLACEMENT_3D('',#6890,#6891,#6892);
#6894=PLANE('',#6893);
#6896=ORIENTED_EDGE('',*,*,#6895,.F.);
#6898=ORIENTED_EDGE('',*,*,#6897,.F.);
#6900=ORIENTED_EDGE('',*,*,#6899,.T.);
#6901=ORIENTED_EDGE('',*,*,#6850,.F.);
#6902=ORIENTED_EDGE('',*,*,#6825,.F.);
#6903=ORIENTED_EDGE('',*,*,#6884,.F.);
#6905=ORIENTED_EDGE('',*,*,#6904,.F.);
#6907=ORIENTED_EDGE('',*,*,#6906,.F.);
#6908=EDGE_LOOP('',(#6896,#6898,#6900,#6901,#6902,#6903,#6905,#6907));
#6909=FACE_OUTER_BOUND('',#6908,.F.);
#6910=ADVANCED_FACE('',(#6909),#6894,.F.);
#6911=CARTESIAN_POINT('',(2.205E1,0.E0,5.76E0));
#6912=DIRECTION('',(1.E0,0.E0,0.E0));
#6913=DIRECTION('',(0.E0,0.E0,-1.E0));
#6914=AXIS2_PLACEMENT_3D('',#6911,#6912,#6913);
#6915=PLANE('',#6914);
#6916=ORIENTED_EDGE('',*,*,#6895,.T.);
#6918=ORIENTED_EDGE('',*,*,#6917,.T.);
#6919=EDGE_LOOP('',(#6916,#6918));
#6920=FACE_OUTER_BOUND('',#6919,.F.);
#6921=ADVANCED_FACE('',(#6920),#6915,.T.);
#6922=CARTESIAN_POINT('',(2.18E1,0.E0,0.E0));
#6923=DIRECTION('',(-1.E0,0.E0,0.E0));
#6924=DIRECTION('',(0.E0,0.E0,1.E0));
#6925=AXIS2_PLACEMENT_3D('',#6922,#6923,#6924);
#6926=CONICAL_SURFACE('',#6925,2.75E0,4.5E1);
#6927=ORIENTED_EDGE('',*,*,#6906,.T.);
#6929=ORIENTED_EDGE('',*,*,#6928,.F.);
#6931=ORIENTED_EDGE('',*,*,#6930,.F.);
#6933=ORIENTED_EDGE('',*,*,#6932,.F.);
#6935=ORIENTED_EDGE('',*,*,#6934,.F.);
#6937=ORIENTED_EDGE('',*,*,#6936,.F.);
#6939=ORIENTED_EDGE('',*,*,#6938,.F.);
#6941=ORIENTED_EDGE('',*,*,#6940,.F.);
#6943=ORIENTED_EDGE('',*,*,#6942,.F.);
#6945=ORIENTED_EDGE('',*,*,#6944,.F.);
#6947=ORIENTED_EDGE('',*,*,#6946,.F.);
#6949=ORIENTED_EDGE('',*,*,#6948,.F.);
#6951=ORIENTED_EDGE('',*,*,#6950,.F.);
#6953=ORIENTED_EDGE('',*,*,#6952,.F.);
#6955=ORIENTED_EDGE('',*,*,#6954,.F.);
#6957=ORIENTED_EDGE('',*,*,#6956,.F.);
#6959=ORIENTED_EDGE('',*,*,#6958,.F.);
#6960=ORIENTED_EDGE('',*,*,#6897,.T.);
#6961=ORIENTED_EDGE('',*,*,#6917,.F.);
#6962=EDGE_LOOP('',(#6927,#6929,#6931,#6933,#6935,#6937,#6939,#6941,#6943,#6945,
#6947,#6949,#6951,#6953,#6955,#6957,#6959,#6960,#6961));
#6963=FACE_OUTER_BOUND('',#6962,.F.);
#6964=ADVANCED_FACE('',(#6963),#6926,.T.);
#6965=CARTESIAN_POINT('',(2.205E1,4.371243655051E-1,2.479055466999E0));
#6966=DIRECTION('',(0.E0,4.999999999999E-1,-8.660254037845E-1));
#6967=DIRECTION('',(0.E0,8.660254037845E-1,4.999999999999E-1));
#6968=AXIS2_PLACEMENT_3D('',#6965,#6966,#6967);
#6969=PLANE('',#6968);
#6970=ORIENTED_EDGE('',*,*,#6904,.T.);
#6971=ORIENTED_EDGE('',*,*,#6882,.F.);
#6973=ORIENTED_EDGE('',*,*,#6972,.T.);
#6974=ORIENTED_EDGE('',*,*,#6928,.T.);
#6975=EDGE_LOOP('',(#6970,#6971,#6973,#6974));
#6976=FACE_OUTER_BOUND('',#6975,.F.);
#6977=ADVANCED_FACE('',(#6976),#6969,.F.);
#6978=CARTESIAN_POINT('',(2.205E1,1.026060429977E0,2.819077862358E0));
#6979=DIRECTION('',(0.E0,-9.396926207859E-1,-3.420201433256E-1));
#6980=DIRECTION('',(0.E0,3.420201433256E-1,-9.396926207859E-1));
#6981=AXIS2_PLACEMENT_3D('',#6978,#6979,#6980);
#6982=PLANE('',#6981);
#6983=ORIENTED_EDGE('',*,*,#6880,.F.);
#6985=ORIENTED_EDGE('',*,*,#6984,.T.);
#6986=ORIENTED_EDGE('',*,*,#6930,.T.);
#6987=ORIENTED_EDGE('',*,*,#6972,.F.);
#6988=EDGE_LOOP('',(#6983,#6985,#6986,#6987));
#6989=FACE_OUTER_BOUND('',#6988,.F.);
#6990=ADVANCED_FACE('',(#6989),#6982,.F.);
#6991=CARTESIAN_POINT('',(2.205E1,1.258649446766E0,2.180044790717E0));
#6992=DIRECTION('',(0.E0,1.736481776668E-1,-9.848077530122E-1));
#6993=DIRECTION('',(0.E0,9.848077530122E-1,1.736481776668E-1));
#6994=AXIS2_PLACEMENT_3D('',#6991,#6992,#6993);
#6995=PLANE('',#6994);
#6996=ORIENTED_EDGE('',*,*,#6878,.F.);
#6998=ORIENTED_EDGE('',*,*,#6997,.T.);
#6999=ORIENTED_EDGE('',*,*,#6932,.T.);
#7000=ORIENTED_EDGE('',*,*,#6984,.F.);
#7001=EDGE_LOOP('',(#6996,#6998,#6999,#7000));
#7002=FACE_OUTER_BOUND('',#7001,.F.);
#7003=ADVANCED_FACE('',(#7002),#6995,.F.);
#7004=CARTESIAN_POINT('',(2.205E1,1.928362829060E0,2.298133329357E0));
#7005=DIRECTION('',(0.E0,-1.E0,6.399687661664E-14));
#7006=DIRECTION('',(0.E0,-6.399687661664E-14,-1.E0));
#7007=AXIS2_PLACEMENT_3D('',#7004,#7005,#7006);
#7008=PLANE('',#7007);
#7009=ORIENTED_EDGE('',*,*,#6876,.F.);
#7011=ORIENTED_EDGE('',*,*,#7010,.T.);
#7012=ORIENTED_EDGE('',*,*,#6934,.T.);
#7013=ORIENTED_EDGE('',*,*,#6997,.F.);
#7014=EDGE_LOOP('',(#7009,#7011,#7012,#7013));
#7015=FACE_OUTER_BOUND('',#7014,.F.);
#7016=ADVANCED_FACE('',(#7015),#7008,.F.);
#7017=CARTESIAN_POINT('',(2.205E1,1.928362829060E0,1.618088538640E0));
#7018=DIRECTION('',(0.E0,-1.736481776670E-1,-9.848077530122E-1));
#7019=DIRECTION('',(0.E0,9.848077530122E-1,-1.736481776670E-1));
#7020=AXIS2_PLACEMENT_3D('',#7017,#7018,#7019);
#7021=PLANE('',#7020);
#7022=ORIENTED_EDGE('',*,*,#6874,.F.);
#7024=ORIENTED_EDGE('',*,*,#7023,.T.);
#7025=ORIENTED_EDGE('',*,*,#6936,.T.);
#7026=ORIENTED_EDGE('',*,*,#7010,.F.);
#7027=EDGE_LOOP('',(#7022,#7024,#7025,#7026));
#7028=FACE_OUTER_BOUND('',#7027,.F.);
#7029=ADVANCED_FACE('',(#7028),#7021,.F.);
#7030=CARTESIAN_POINT('',(2.205E1,2.598076211353E0,1.5E0));
#7031=DIRECTION('',(0.E0,-9.396926207859E-1,3.420201433257E-1));
#7032=DIRECTION('',(0.E0,-3.420201433257E-1,-9.396926207859E-1));
#7033=AXIS2_PLACEMENT_3D('',#7030,#7031,#7032);
#7034=PLANE('',#7033);
#7035=ORIENTED_EDGE('',*,*,#6872,.F.);
#7037=ORIENTED_EDGE('',*,*,#7036,.T.);
#7038=ORIENTED_EDGE('',*,*,#6938,.T.);
#7039=ORIENTED_EDGE('',*,*,#7023,.F.);
#7040=EDGE_LOOP('',(#7035,#7037,#7038,#7039));
#7041=FACE_OUTER_BOUND('',#7040,.F.);
#7042=ADVANCED_FACE('',(#7041),#7034,.F.);
#7043=CARTESIAN_POINT('',(2.205E1,2.365487194564E0,8.609669283592E-1));
#7044=DIRECTION('',(0.E0,-5.E-1,-8.660254037844E-1));
#7045=DIRECTION('',(0.E0,8.660254037844E-1,-5.E-1));
#7046=AXIS2_PLACEMENT_3D('',#7043,#7044,#7045);
#7047=PLANE('',#7046);
#7048=ORIENTED_EDGE('',*,*,#6870,.F.);
#7050=ORIENTED_EDGE('',*,*,#7049,.T.);
#7051=ORIENTED_EDGE('',*,*,#6940,.T.);
#7052=ORIENTED_EDGE('',*,*,#7036,.F.);
#7053=EDGE_LOOP('',(#7048,#7050,#7051,#7052));
#7054=FACE_OUTER_BOUND('',#7053,.F.);
#7055=ADVANCED_FACE('',(#7054),#7047,.F.);
#7056=CARTESIAN_POINT('',(2.205E1,2.954423259037E0,5.209445330007E-1));
#7057=DIRECTION('',(0.E0,-7.660444431190E-1,6.427876096865E-1));
#7058=DIRECTION('',(0.E0,-6.427876096865E-1,-7.660444431190E-1));
#7059=AXIS2_PLACEMENT_3D('',#7056,#7057,#7058);
#7060=PLANE('',#7059);
#7061=ORIENTED_EDGE('',*,*,#6868,.F.);
#7063=ORIENTED_EDGE('',*,*,#7062,.T.);
#7064=ORIENTED_EDGE('',*,*,#6942,.T.);
#7065=ORIENTED_EDGE('',*,*,#7049,.F.);
#7066=EDGE_LOOP('',(#7061,#7063,#7064,#7065));
#7067=FACE_OUTER_BOUND('',#7066,.F.);
#7068=ADVANCED_FACE('',(#7067),#7060,.F.);
#7069=CARTESIAN_POINT('',(2.205E1,2.517298893532E0,0.E0));
#7070=DIRECTION('',(0.E0,-7.660444431190E-1,-6.427876096865E-1));
#7071=DIRECTION('',(0.E0,6.427876096865E-1,-7.660444431190E-1));
#7072=AXIS2_PLACEMENT_3D('',#7069,#7070,#7071);
#7073=PLANE('',#7072);
#7074=ORIENTED_EDGE('',*,*,#6866,.F.);
#7076=ORIENTED_EDGE('',*,*,#7075,.T.);
#7077=ORIENTED_EDGE('',*,*,#6944,.T.);
#7078=ORIENTED_EDGE('',*,*,#7062,.F.);
#7079=EDGE_LOOP('',(#7074,#7076,#7077,#7078));
#7080=FACE_OUTER_BOUND('',#7079,.F.);
#7081=ADVANCED_FACE('',(#7080),#7073,.F.);
#7082=CARTESIAN_POINT('',(2.205E1,2.954423259037E0,-5.209445330007E-1));
#7083=DIRECTION('',(0.E0,-5.E-1,8.660254037844E-1));
#7084=DIRECTION('',(0.E0,-8.660254037844E-1,-5.E-1));
#7085=AXIS2_PLACEMENT_3D('',#7082,#7083,#7084);
#7086=PLANE('',#7085);
#7087=ORIENTED_EDGE('',*,*,#6864,.F.);
#7089=ORIENTED_EDGE('',*,*,#7088,.T.);
#7090=ORIENTED_EDGE('',*,*,#6946,.T.);
#7091=ORIENTED_EDGE('',*,*,#7075,.F.);
#7092=EDGE_LOOP('',(#7087,#7089,#7090,#7091));
#7093=FACE_OUTER_BOUND('',#7092,.F.);
#7094=ADVANCED_FACE('',(#7093),#7086,.F.);
#7095=CARTESIAN_POINT('',(2.205E1,2.365487194564E0,-8.609669283592E-1));
#7096=DIRECTION('',(0.E0,-9.396926207859E-1,-3.420201433257E-1));
#7097=DIRECTION('',(0.E0,3.420201433257E-1,-9.396926207859E-1));
#7098=AXIS2_PLACEMENT_3D('',#7095,#7096,#7097);
#7099=PLANE('',#7098);
#7100=ORIENTED_EDGE('',*,*,#6862,.F.);
#7102=ORIENTED_EDGE('',*,*,#7101,.T.);
#7103=ORIENTED_EDGE('',*,*,#6948,.T.);
#7104=ORIENTED_EDGE('',*,*,#7088,.F.);
#7105=EDGE_LOOP('',(#7100,#7102,#7103,#7104));
#7106=FACE_OUTER_BOUND('',#7105,.F.);
#7107=ADVANCED_FACE('',(#7106),#7099,.F.);
#7108=CARTESIAN_POINT('',(2.205E1,2.598076211353E0,-1.5E0));
#7109=DIRECTION('',(0.E0,-1.736481776670E-1,9.848077530122E-1));
#7110=DIRECTION('',(0.E0,-9.848077530122E-1,-1.736481776670E-1));
#7111=AXIS2_PLACEMENT_3D('',#7108,#7109,#7110);
#7112=PLANE('',#7111);
#7113=ORIENTED_EDGE('',*,*,#6860,.F.);
#7115=ORIENTED_EDGE('',*,*,#7114,.T.);
#7116=ORIENTED_EDGE('',*,*,#6950,.T.);
#7117=ORIENTED_EDGE('',*,*,#7101,.F.);
#7118=EDGE_LOOP('',(#7113,#7115,#7116,#7117));
#7119=FACE_OUTER_BOUND('',#7118,.F.);
#7120=ADVANCED_FACE('',(#7119),#7112,.F.);
#7121=CARTESIAN_POINT('',(2.205E1,1.928362829060E0,-1.618088538640E0));
#7122=DIRECTION('',(0.E0,-1.E0,-6.399687661664E-14));
#7123=DIRECTION('',(0.E0,6.399687661664E-14,-1.E0));
#7124=AXIS2_PLACEMENT_3D('',#7121,#7122,#7123);
#7125=PLANE('',#7124);
#7126=ORIENTED_EDGE('',*,*,#6858,.F.);
#7128=ORIENTED_EDGE('',*,*,#7127,.T.);
#7129=ORIENTED_EDGE('',*,*,#6952,.T.);
#7130=ORIENTED_EDGE('',*,*,#7114,.F.);
#7131=EDGE_LOOP('',(#7126,#7128,#7129,#7130));
#7132=FACE_OUTER_BOUND('',#7131,.F.);
#7133=ADVANCED_FACE('',(#7132),#7125,.F.);
#7134=CARTESIAN_POINT('',(2.205E1,1.928362829060E0,-2.298133329357E0));
#7135=DIRECTION('',(0.E0,1.736481776668E-1,9.848077530122E-1));
#7136=DIRECTION('',(0.E0,-9.848077530122E-1,1.736481776668E-1));
#7137=AXIS2_PLACEMENT_3D('',#7134,#7135,#7136);
#7138=PLANE('',#7137);
#7139=ORIENTED_EDGE('',*,*,#6856,.F.);
#7141=ORIENTED_EDGE('',*,*,#7140,.T.);
#7142=ORIENTED_EDGE('',*,*,#6954,.T.);
#7143=ORIENTED_EDGE('',*,*,#7127,.F.);
#7144=EDGE_LOOP('',(#7139,#7141,#7142,#7143));
#7145=FACE_OUTER_BOUND('',#7144,.F.);
#7146=ADVANCED_FACE('',(#7145),#7138,.F.);
#7147=CARTESIAN_POINT('',(2.205E1,1.258649446766E0,-2.180044790717E0));
#7148=DIRECTION('',(0.E0,-9.396926207859E-1,3.420201433256E-1));
#7149=DIRECTION('',(0.E0,-3.420201433256E-1,-9.396926207859E-1));
#7150=AXIS2_PLACEMENT_3D('',#7147,#7148,#7149);
#7151=PLANE('',#7150);
#7152=ORIENTED_EDGE('',*,*,#6854,.F.);
#7154=ORIENTED_EDGE('',*,*,#7153,.T.);
#7155=ORIENTED_EDGE('',*,*,#6956,.T.);
#7156=ORIENTED_EDGE('',*,*,#7140,.F.);
#7157=EDGE_LOOP('',(#7152,#7154,#7155,#7156));
#7158=FACE_OUTER_BOUND('',#7157,.F.);
#7159=ADVANCED_FACE('',(#7158),#7151,.F.);
#7160=CARTESIAN_POINT('',(2.205E1,1.026060429977E0,-2.819077862358E0));
#7161=DIRECTION('',(0.E0,4.999999999999E-1,8.660254037845E-1));
#7162=DIRECTION('',(0.E0,-8.660254037845E-1,4.999999999999E-1));
#7163=AXIS2_PLACEMENT_3D('',#7160,#7161,#7162);
#7164=PLANE('',#7163);
#7165=ORIENTED_EDGE('',*,*,#6899,.F.);
#7166=ORIENTED_EDGE('',*,*,#6958,.T.);
#7167=ORIENTED_EDGE('',*,*,#7153,.F.);
#7168=ORIENTED_EDGE('',*,*,#6852,.F.);
#7169=EDGE_LOOP('',(#7165,#7166,#7167,#7168));
#7170=FACE_OUTER_BOUND('',#7169,.F.);
#7171=ADVANCED_FACE('',(#7170),#7164,.F.);
#7172=CARTESIAN_POINT('',(2.205E1,-5.E-1,2.958039891550E0));
#7173=DIRECTION('',(0.E0,-1.E0,0.E0));
#7174=DIRECTION('',(0.E0,0.E0,-1.E0));
#7175=AXIS2_PLACEMENT_3D('',#7172,#7173,#7174);
#7176=PLANE('',#7175);
#7178=ORIENTED_EDGE('',*,*,#7177,.T.);
#7180=ORIENTED_EDGE('',*,*,#7179,.F.);
#7182=ORIENTED_EDGE('',*,*,#7181,.T.);
#7184=ORIENTED_EDGE('',*,*,#7183,.F.);
#7185=ORIENTED_EDGE('',*,*,#6820,.F.);
#7187=ORIENTED_EDGE('',*,*,#7186,.F.);
#7189=ORIENTED_EDGE('',*,*,#7188,.F.);
#7191=ORIENTED_EDGE('',*,*,#7190,.F.);
#7192=EDGE_LOOP('',(#7178,#7180,#7182,#7184,#7185,#7187,#7189,#7191));
#7193=FACE_OUTER_BOUND('',#7192,.F.);
#7194=ADVANCED_FACE('',(#7193),#7176,.F.);
#7195=CARTESIAN_POINT('',(2.205E1,0.E0,5.76E0));
#7196=DIRECTION('',(1.E0,0.E0,0.E0));
#7197=DIRECTION('',(0.E0,0.E0,-1.E0));
#7198=AXIS2_PLACEMENT_3D('',#7195,#7196,#7197);
#7199=PLANE('',#7198);
#7200=ORIENTED_EDGE('',*,*,#7177,.F.);
#7202=ORIENTED_EDGE('',*,*,#7201,.T.);
#7203=EDGE_LOOP('',(#7200,#7202));
#7204=FACE_OUTER_BOUND('',#7203,.F.);
#7205=ADVANCED_FACE('',(#7204),#7199,.T.);
#7206=CARTESIAN_POINT('',(2.18E1,0.E0,0.E0));
#7207=DIRECTION('',(-1.E0,0.E0,0.E0));
#7208=DIRECTION('',(0.E0,0.E0,1.E0));
#7209=AXIS2_PLACEMENT_3D('',#7206,#7207,#7208);
#7210=CONICAL_SURFACE('',#7209,2.75E0,4.5E1);
#7211=ORIENTED_EDGE('',*,*,#7201,.F.);
#7212=ORIENTED_EDGE('',*,*,#7190,.T.);
#7214=ORIENTED_EDGE('',*,*,#7213,.F.);
#7216=ORIENTED_EDGE('',*,*,#7215,.F.);
#7218=ORIENTED_EDGE('',*,*,#7217,.F.);
#7220=ORIENTED_EDGE('',*,*,#7219,.T.);
#7222=ORIENTED_EDGE('',*,*,#7221,.T.);
#7224=ORIENTED_EDGE('',*,*,#7223,.T.);
#7226=ORIENTED_EDGE('',*,*,#7225,.T.);
#7228=ORIENTED_EDGE('',*,*,#7227,.T.);
#7230=ORIENTED_EDGE('',*,*,#7229,.T.);
#7232=ORIENTED_EDGE('',*,*,#7231,.T.);
#7234=ORIENTED_EDGE('',*,*,#7233,.T.);
#7236=ORIENTED_EDGE('',*,*,#7235,.T.);
#7238=ORIENTED_EDGE('',*,*,#7237,.T.);
#7240=ORIENTED_EDGE('',*,*,#7239,.F.);
#7242=ORIENTED_EDGE('',*,*,#7241,.F.);
#7244=ORIENTED_EDGE('',*,*,#7243,.F.);
#7245=ORIENTED_EDGE('',*,*,#7179,.T.);
#7246=EDGE_LOOP('',(#7211,#7212,#7214,#7216,#7218,#7220,#7222,#7224,#7226,#7228,
#7230,#7232,#7234,#7236,#7238,#7240,#7242,#7244,#7245));
#7247=FACE_OUTER_BOUND('',#7246,.F.);
#7248=ADVANCED_FACE('',(#7247),#7210,.T.);
#7249=CARTESIAN_POINT('',(2.205E1,-1.026060429976E0,-2.819077862358E0));
#7250=DIRECTION('',(0.E0,4.999999999999E-1,-8.660254037845E-1));
#7251=DIRECTION('',(0.E0,8.660254037845E-1,4.999999999999E-1));
#7252=AXIS2_PLACEMENT_3D('',#7249,#7250,#7251);
#7253=PLANE('',#7252);
#7254=ORIENTED_EDGE('',*,*,#7188,.T.);
#7256=ORIENTED_EDGE('',*,*,#7255,.F.);
#7258=ORIENTED_EDGE('',*,*,#7257,.T.);
#7259=ORIENTED_EDGE('',*,*,#7213,.T.);
#7260=EDGE_LOOP('',(#7254,#7256,#7258,#7259));
#7261=FACE_OUTER_BOUND('',#7260,.F.);
#7262=ADVANCED_FACE('',(#7261),#7253,.T.);
#7263=CARTESIAN_POINT('',(1.605E1,4.195768630497E-13,0.E0));
#7264=DIRECTION('',(1.E0,0.E0,0.E0));
#7265=DIRECTION('',(0.E0,0.E0,-1.E0));
#7266=AXIS2_PLACEMENT_3D('',#7263,#7264,#7265);
#7267=PLANE('',#7266);
#7268=ORIENTED_EDGE('',*,*,#7183,.T.);
#7270=ORIENTED_EDGE('',*,*,#7269,.T.);
#7272=ORIENTED_EDGE('',*,*,#7271,.T.);
#7274=ORIENTED_EDGE('',*,*,#7273,.T.);
#7276=ORIENTED_EDGE('',*,*,#7275,.F.);
#7278=ORIENTED_EDGE('',*,*,#7277,.T.);
#7280=ORIENTED_EDGE('',*,*,#7279,.T.);
#7282=ORIENTED_EDGE('',*,*,#7281,.T.);
#7284=ORIENTED_EDGE('',*,*,#7283,.T.);
#7286=ORIENTED_EDGE('',*,*,#7285,.T.);
#7288=ORIENTED_EDGE('',*,*,#7287,.T.);
#7290=ORIENTED_EDGE('',*,*,#7289,.T.);
#7292=ORIENTED_EDGE('',*,*,#7291,.T.);
#7294=ORIENTED_EDGE('',*,*,#7293,.F.);
#7296=ORIENTED_EDGE('',*,*,#7295,.T.);
#7298=ORIENTED_EDGE('',*,*,#7297,.T.);
#7299=ORIENTED_EDGE('',*,*,#7255,.T.);
#7300=ORIENTED_EDGE('',*,*,#7186,.T.);
#7301=ORIENTED_EDGE('',*,*,#6800,.T.);
#7302=EDGE_LOOP('',(#7268,#7270,#7272,#7274,#7276,#7278,#7280,#7282,#7284,#7286,
#7288,#7290,#7292,#7294,#7296,#7298,#7299,#7300,#7301));
#7303=FACE_OUTER_BOUND('',#7302,.F.);
#7304=ADVANCED_FACE('',(#7303),#7267,.F.);
#7305=CARTESIAN_POINT('',(2.205E1,-4.371243655043E-1,2.479055466999E0));
#7306=DIRECTION('',(0.E0,4.999999999999E-1,8.660254037845E-1));
#7307=DIRECTION('',(0.E0,-8.660254037845E-1,4.999999999999E-1));
#7308=AXIS2_PLACEMENT_3D('',#7305,#7306,#7307);
#7309=PLANE('',#7308);
#7310=ORIENTED_EDGE('',*,*,#7181,.F.);
#7311=ORIENTED_EDGE('',*,*,#7243,.T.);
#7313=ORIENTED_EDGE('',*,*,#7312,.F.);
#7314=ORIENTED_EDGE('',*,*,#7269,.F.);
#7315=EDGE_LOOP('',(#7310,#7311,#7313,#7314));
#7316=FACE_OUTER_BOUND('',#7315,.F.);
#7317=ADVANCED_FACE('',(#7316),#7309,.T.);
#7318=CARTESIAN_POINT('',(2.205E1,-1.026060429976E0,2.819077862358E0));
#7319=DIRECTION('',(0.E0,-9.396926207859E-1,3.420201433256E-1));
#7320=DIRECTION('',(0.E0,-3.420201433256E-1,-9.396926207859E-1));
#7321=AXIS2_PLACEMENT_3D('',#7318,#7319,#7320);
#7322=PLANE('',#7321);
#7323=ORIENTED_EDGE('',*,*,#7271,.F.);
#7324=ORIENTED_EDGE('',*,*,#7312,.T.);
#7325=ORIENTED_EDGE('',*,*,#7241,.T.);
#7327=ORIENTED_EDGE('',*,*,#7326,.F.);
#7328=EDGE_LOOP('',(#7323,#7324,#7325,#7327));
#7329=FACE_OUTER_BOUND('',#7328,.F.);
#7330=ADVANCED_FACE('',(#7329),#7322,.T.);
#7331=CARTESIAN_POINT('',(2.205E1,-1.258649446765E0,2.180044790717E0));
#7332=DIRECTION('',(0.E0,1.736481776668E-1,9.848077530122E-1));
#7333=DIRECTION('',(0.E0,-9.848077530122E-1,1.736481776668E-1));
#7334=AXIS2_PLACEMENT_3D('',#7331,#7332,#7333);
#7335=PLANE('',#7334);
#7336=ORIENTED_EDGE('',*,*,#7273,.F.);
#7337=ORIENTED_EDGE('',*,*,#7326,.T.);
#7338=ORIENTED_EDGE('',*,*,#7239,.T.);
#7340=ORIENTED_EDGE('',*,*,#7339,.F.);
#7341=EDGE_LOOP('',(#7336,#7337,#7338,#7340));
#7342=FACE_OUTER_BOUND('',#7341,.F.);
#7343=ADVANCED_FACE('',(#7342),#7335,.T.);
#7344=CARTESIAN_POINT('',(2.205E1,-1.928362829059E0,2.298133329357E0));
#7345=DIRECTION('',(0.E0,-1.E0,-6.371956070772E-14));
#7346=DIRECTION('',(0.E0,6.371956070772E-14,-1.E0));
#7347=AXIS2_PLACEMENT_3D('',#7344,#7345,#7346);
#7348=PLANE('',#7347);
#7349=ORIENTED_EDGE('',*,*,#7275,.T.);
#7350=ORIENTED_EDGE('',*,*,#7339,.T.);
#7351=ORIENTED_EDGE('',*,*,#7237,.F.);
#7353=ORIENTED_EDGE('',*,*,#7352,.F.);
#7354=EDGE_LOOP('',(#7349,#7350,#7351,#7353));
#7355=FACE_OUTER_BOUND('',#7354,.F.);
#7356=ADVANCED_FACE('',(#7355),#7348,.T.);
#7357=CARTESIAN_POINT('',(2.205E1,-1.928362829059E0,1.618088538640E0));
#7358=DIRECTION('',(0.E0,-1.736481776670E-1,9.848077530122E-1));
#7359=DIRECTION('',(0.E0,-9.848077530122E-1,-1.736481776670E-1));
#7360=AXIS2_PLACEMENT_3D('',#7357,#7358,#7359);
#7361=PLANE('',#7360);
#7362=ORIENTED_EDGE('',*,*,#7277,.F.);
#7363=ORIENTED_EDGE('',*,*,#7352,.T.);
#7364=ORIENTED_EDGE('',*,*,#7235,.F.);
#7366=ORIENTED_EDGE('',*,*,#7365,.F.);
#7367=EDGE_LOOP('',(#7362,#7363,#7364,#7366));
#7368=FACE_OUTER_BOUND('',#7367,.F.);
#7369=ADVANCED_FACE('',(#7368),#7361,.T.);
#7370=CARTESIAN_POINT('',(2.205E1,-2.598076211353E0,1.5E0));
#7371=DIRECTION('',(0.E0,-9.396926207859E-1,-3.420201433257E-1));
#7372=DIRECTION('',(0.E0,3.420201433257E-1,-9.396926207859E-1));
#7373=AXIS2_PLACEMENT_3D('',#7370,#7371,#7372);
#7374=PLANE('',#7373);
#7375=ORIENTED_EDGE('',*,*,#7279,.F.);
#7376=ORIENTED_EDGE('',*,*,#7365,.T.);
#7377=ORIENTED_EDGE('',*,*,#7233,.F.);
#7379=ORIENTED_EDGE('',*,*,#7378,.F.);
#7380=EDGE_LOOP('',(#7375,#7376,#7377,#7379));
#7381=FACE_OUTER_BOUND('',#7380,.F.);
#7382=ADVANCED_FACE('',(#7381),#7374,.T.);
#7383=CARTESIAN_POINT('',(2.205E1,-2.365487194564E0,8.609669283593E-1));
#7384=DIRECTION('',(0.E0,-5.E-1,8.660254037844E-1));
#7385=DIRECTION('',(0.E0,-8.660254037844E-1,-5.E-1));
#7386=AXIS2_PLACEMENT_3D('',#7383,#7384,#7385);
#7387=PLANE('',#7386);
#7388=ORIENTED_EDGE('',*,*,#7281,.F.);
#7389=ORIENTED_EDGE('',*,*,#7378,.T.);
#7390=ORIENTED_EDGE('',*,*,#7231,.F.);
#7392=ORIENTED_EDGE('',*,*,#7391,.F.);
#7393=EDGE_LOOP('',(#7388,#7389,#7390,#7392));
#7394=FACE_OUTER_BOUND('',#7393,.F.);
#7395=ADVANCED_FACE('',(#7394),#7387,.T.);
#7396=CARTESIAN_POINT('',(2.205E1,-2.954423259036E0,5.209445330007E-1));
#7397=DIRECTION('',(0.E0,-7.660444431190E-1,-6.427876096865E-1));
#7398=DIRECTION('',(0.E0,6.427876096865E-1,-7.660444431190E-1));
#7399=AXIS2_PLACEMENT_3D('',#7396,#7397,#7398);
#7400=PLANE('',#7399);
#7401=ORIENTED_EDGE('',*,*,#7283,.F.);
#7402=ORIENTED_EDGE('',*,*,#7391,.T.);
#7403=ORIENTED_EDGE('',*,*,#7229,.F.);
#7405=ORIENTED_EDGE('',*,*,#7404,.F.);
#7406=EDGE_LOOP('',(#7401,#7402,#7403,#7405));
#7407=FACE_OUTER_BOUND('',#7406,.F.);
#7408=ADVANCED_FACE('',(#7407),#7400,.T.);
#7409=CARTESIAN_POINT('',(2.205E1,-2.517298893531E0,0.E0));
#7410=DIRECTION('',(0.E0,-7.660444431190E-1,6.427876096865E-1));
#7411=DIRECTION('',(0.E0,-6.427876096865E-1,-7.660444431190E-1));
#7412=AXIS2_PLACEMENT_3D('',#7409,#7410,#7411);
#7413=PLANE('',#7412);
#7414=ORIENTED_EDGE('',*,*,#7285,.F.);
#7415=ORIENTED_EDGE('',*,*,#7404,.T.);
#7416=ORIENTED_EDGE('',*,*,#7227,.F.);
#7418=ORIENTED_EDGE('',*,*,#7417,.F.);
#7419=EDGE_LOOP('',(#7414,#7415,#7416,#7418));
#7420=FACE_OUTER_BOUND('',#7419,.F.);
#7421=ADVANCED_FACE('',(#7420),#7413,.T.);
#7422=CARTESIAN_POINT('',(2.205E1,-2.954423259036E0,-5.209445330007E-1));
#7423=DIRECTION('',(0.E0,-5.E-1,-8.660254037844E-1));
#7424=DIRECTION('',(0.E0,8.660254037844E-1,-5.E-1));
#7425=AXIS2_PLACEMENT_3D('',#7422,#7423,#7424);
#7426=PLANE('',#7425);
#7427=ORIENTED_EDGE('',*,*,#7287,.F.);
#7428=ORIENTED_EDGE('',*,*,#7417,.T.);
#7429=ORIENTED_EDGE('',*,*,#7225,.F.);
#7431=ORIENTED_EDGE('',*,*,#7430,.F.);
#7432=EDGE_LOOP('',(#7427,#7428,#7429,#7431));
#7433=FACE_OUTER_BOUND('',#7432,.F.);
#7434=ADVANCED_FACE('',(#7433),#7426,.T.);
#7435=CARTESIAN_POINT('',(2.205E1,-2.365487194564E0,-8.609669283592E-1));
#7436=DIRECTION('',(0.E0,-9.396926207859E-1,3.420201433257E-1));
#7437=DIRECTION('',(0.E0,-3.420201433257E-1,-9.396926207859E-1));
#7438=AXIS2_PLACEMENT_3D('',#7435,#7436,#7437);
#7439=PLANE('',#7438);
#7440=ORIENTED_EDGE('',*,*,#7289,.F.);
#7441=ORIENTED_EDGE('',*,*,#7430,.T.);
#7442=ORIENTED_EDGE('',*,*,#7223,.F.);
#7444=ORIENTED_EDGE('',*,*,#7443,.F.);
#7445=EDGE_LOOP('',(#7440,#7441,#7442,#7444));
#7446=FACE_OUTER_BOUND('',#7445,.F.);
#7447=ADVANCED_FACE('',(#7446),#7439,.T.);
#7448=CARTESIAN_POINT('',(2.205E1,-2.598076211353E0,-1.5E0));
#7449=DIRECTION('',(0.E0,-1.736481776670E-1,-9.848077530122E-1));
#7450=DIRECTION('',(0.E0,9.848077530122E-1,-1.736481776670E-1));
#7451=AXIS2_PLACEMENT_3D('',#7448,#7449,#7450);
#7452=PLANE('',#7451);
#7453=ORIENTED_EDGE('',*,*,#7291,.F.);
#7454=ORIENTED_EDGE('',*,*,#7443,.T.);
#7455=ORIENTED_EDGE('',*,*,#7221,.F.);
#7457=ORIENTED_EDGE('',*,*,#7456,.F.);
#7458=EDGE_LOOP('',(#7453,#7454,#7455,#7457));
#7459=FACE_OUTER_BOUND('',#7458,.F.);
#7460=ADVANCED_FACE('',(#7459),#7452,.T.);
#7461=CARTESIAN_POINT('',(2.205E1,-1.928362829059E0,-1.618088538640E0));
#7462=DIRECTION('',(0.E0,-1.E0,6.427419252557E-14));
#7463=DIRECTION('',(0.E0,-6.427419252557E-14,-1.E0));
#7464=AXIS2_PLACEMENT_3D('',#7461,#7462,#7463);
#7465=PLANE('',#7464);
#7466=ORIENTED_EDGE('',*,*,#7293,.T.);
#7467=ORIENTED_EDGE('',*,*,#7456,.T.);
#7468=ORIENTED_EDGE('',*,*,#7219,.F.);
#7470=ORIENTED_EDGE('',*,*,#7469,.F.);
#7471=EDGE_LOOP('',(#7466,#7467,#7468,#7470));
#7472=FACE_OUTER_BOUND('',#7471,.F.);
#7473=ADVANCED_FACE('',(#7472),#7465,.T.);
#7474=CARTESIAN_POINT('',(2.205E1,-1.928362829059E0,-2.298133329357E0));
#7475=DIRECTION('',(0.E0,1.736481776668E-1,-9.848077530122E-1));
#7476=DIRECTION('',(0.E0,9.848077530122E-1,1.736481776668E-1));
#7477=AXIS2_PLACEMENT_3D('',#7474,#7475,#7476);
#7478=PLANE('',#7477);
#7479=ORIENTED_EDGE('',*,*,#7295,.F.);
#7480=ORIENTED_EDGE('',*,*,#7469,.T.);
#7481=ORIENTED_EDGE('',*,*,#7217,.T.);
#7483=ORIENTED_EDGE('',*,*,#7482,.F.);
#7484=EDGE_LOOP('',(#7479,#7480,#7481,#7483));
#7485=FACE_OUTER_BOUND('',#7484,.F.);
#7486=ADVANCED_FACE('',(#7485),#7478,.T.);
#7487=CARTESIAN_POINT('',(2.205E1,-1.258649446765E0,-2.180044790717E0));
#7488=DIRECTION('',(0.E0,-9.396926207859E-1,-3.420201433256E-1));
#7489=DIRECTION('',(0.E0,3.420201433256E-1,-9.396926207859E-1));
#7490=AXIS2_PLACEMENT_3D('',#7487,#7488,#7489);
#7491=PLANE('',#7490);
#7492=ORIENTED_EDGE('',*,*,#7297,.F.);
#7493=ORIENTED_EDGE('',*,*,#7482,.T.);
#7494=ORIENTED_EDGE('',*,*,#7215,.T.);
#7495=ORIENTED_EDGE('',*,*,#7257,.F.);
#7496=EDGE_LOOP('',(#7492,#7493,#7494,#7495));
#7497=FACE_OUTER_BOUND('',#7496,.F.);
#7498=ADVANCED_FACE('',(#7497),#7491,.T.);
#7499=CARTESIAN_POINT('',(7.05E0,0.E0,0.E0));
#7500=DIRECTION('',(1.E0,0.E0,0.E0));
#7501=DIRECTION('',(0.E0,0.E0,-1.E0));
#7502=AXIS2_PLACEMENT_3D('',#7499,#7500,#7501);
#7503=CYLINDRICAL_SURFACE('',#7502,3.5E0);
#7504=ORIENTED_EDGE('',*,*,#6314,.F.);
#7505=ORIENTED_EDGE('',*,*,#5724,.F.);
#7507=ORIENTED_EDGE('',*,*,#7506,.T.);
#7508=ORIENTED_EDGE('',*,*,#6131,.F.);
#7510=ORIENTED_EDGE('',*,*,#7509,.F.);
#7511=EDGE_LOOP('',(#7504,#7505,#7507,#7508,#7510));
#7512=FACE_OUTER_BOUND('',#7511,.F.);
#7513=ADVANCED_FACE('',(#7512),#7503,.T.);
#7514=CARTESIAN_POINT('',(7.05E0,0.E0,0.E0));
#7515=DIRECTION('',(1.E0,0.E0,0.E0));
#7516=DIRECTION('',(0.E0,0.E0,-1.E0));
#7517=AXIS2_PLACEMENT_3D('',#7514,#7515,#7516);
#7518=CYLINDRICAL_SURFACE('',#7517,3.5E0);
#7519=ORIENTED_EDGE('',*,*,#6133,.F.);
#7520=ORIENTED_EDGE('',*,*,#7506,.F.);
#7521=ORIENTED_EDGE('',*,*,#5722,.F.);
#7523=ORIENTED_EDGE('',*,*,#7522,.T.);
#7524=EDGE_LOOP('',(#7519,#7520,#7521,#7523));
#7525=FACE_OUTER_BOUND('',#7524,.F.);
#7526=ADVANCED_FACE('',(#7525),#7518,.T.);
#7527=CARTESIAN_POINT('',(7.05E0,0.E0,0.E0));
#7528=DIRECTION('',(1.E0,0.E0,0.E0));
#7529=DIRECTION('',(0.E0,0.E0,-1.E0));
#7530=AXIS2_PLACEMENT_3D('',#7527,#7528,#7529);
#7531=CYLINDRICAL_SURFACE('',#7530,3.5E0);
#7532=ORIENTED_EDGE('',*,*,#6135,.F.);
#7533=ORIENTED_EDGE('',*,*,#7522,.F.);
#7534=ORIENTED_EDGE('',*,*,#5720,.F.);
#7535=ORIENTED_EDGE('',*,*,#5751,.T.);
#7536=ORIENTED_EDGE('',*,*,#5944,.F.);
#7537=EDGE_LOOP('',(#7532,#7533,#7534,#7535,#7536));
#7538=FACE_OUTER_BOUND('',#7537,.F.);
#7539=ADVANCED_FACE('',(#7538),#7531,.T.);
#7540=CARTESIAN_POINT('',(7.05E0,0.E0,0.E0));
#7541=DIRECTION('',(1.E0,0.E0,0.E0));
#7542=DIRECTION('',(0.E0,0.E0,-1.E0));
#7543=AXIS2_PLACEMENT_3D('',#7540,#7541,#7542);
#7544=CYLINDRICAL_SURFACE('',#7543,3.5E0);
#7545=ORIENTED_EDGE('',*,*,#6316,.F.);
#7546=ORIENTED_EDGE('',*,*,#7509,.T.);
#7547=ORIENTED_EDGE('',*,*,#6129,.F.);
#7549=ORIENTED_EDGE('',*,*,#7548,.F.);
#7550=EDGE_LOOP('',(#7545,#7546,#7547,#7549));
#7551=FACE_OUTER_BOUND('',#7550,.F.);
#7552=ADVANCED_FACE('',(#7551),#7544,.T.);
#7553=CARTESIAN_POINT('',(7.05E0,0.E0,0.E0));
#7554=DIRECTION('',(1.E0,0.E0,0.E0));
#7555=DIRECTION('',(0.E0,0.E0,-1.E0));
#7556=AXIS2_PLACEMENT_3D('',#7553,#7554,#7555);
#7557=CYLINDRICAL_SURFACE('',#7556,3.5E0);
#7558=ORIENTED_EDGE('',*,*,#6318,.F.);
#7559=ORIENTED_EDGE('',*,*,#7548,.T.);
#7560=ORIENTED_EDGE('',*,*,#6127,.F.);
#7561=ORIENTED_EDGE('',*,*,#6154,.F.);
#7562=EDGE_LOOP('',(#7558,#7559,#7560,#7561));
#7563=FACE_OUTER_BOUND('',#7562,.F.);
#7564=ADVANCED_FACE('',(#7563),#7557,.T.);
#7565=CARTESIAN_POINT('',(-2.2E0,3.65E0,3.8E0));
#7566=DIRECTION('',(-1.E0,0.E0,0.E0));
#7567=DIRECTION('',(0.E0,0.E0,1.E0));
#7568=AXIS2_PLACEMENT_3D('',#7565,#7566,#7567);
#7569=CYLINDRICAL_SURFACE('',#7568,8.5E-1);
#7570=ORIENTED_EDGE('',*,*,#4926,.F.);
#7572=ORIENTED_EDGE('',*,*,#7571,.F.);
#7574=ORIENTED_EDGE('',*,*,#7573,.F.);
#7576=ORIENTED_EDGE('',*,*,#7575,.T.);
#7577=EDGE_LOOP('',(#7570,#7572,#7574,#7576));
#7578=FACE_OUTER_BOUND('',#7577,.F.);
#7579=ADVANCED_FACE('',(#7578),#7569,.T.);
#7580=CARTESIAN_POINT('',(-2.2E0,3.65E0,3.8E0));
#7581=DIRECTION('',(-1.E0,0.E0,0.E0));
#7582=DIRECTION('',(0.E0,0.E0,1.E0));
#7583=AXIS2_PLACEMENT_3D('',#7580,#7581,#7582);
#7584=CYLINDRICAL_SURFACE('',#7583,8.5E-1);
#7585=ORIENTED_EDGE('',*,*,#4928,.F.);
#7586=ORIENTED_EDGE('',*,*,#7575,.F.);
#7588=ORIENTED_EDGE('',*,*,#7587,.F.);
#7589=ORIENTED_EDGE('',*,*,#7571,.T.);
#7590=EDGE_LOOP('',(#7585,#7586,#7588,#7589));
#7591=FACE_OUTER_BOUND('',#7590,.F.);
#7592=ADVANCED_FACE('',(#7591),#7584,.T.);
#7593=CARTESIAN_POINT('',(-2.4E0,4.85E0,-4.2E0));
#7594=DIRECTION('',(-1.E0,0.E0,0.E0));
#7595=DIRECTION('',(0.E0,0.E0,1.E0));
#7596=AXIS2_PLACEMENT_3D('',#7593,#7594,#7595);
#7597=PLANE('',#7596);
#7598=ORIENTED_EDGE('',*,*,#7573,.T.);
#7599=ORIENTED_EDGE('',*,*,#7587,.T.);
#7600=EDGE_LOOP('',(#7598,#7599));
#7601=FACE_OUTER_BOUND('',#7600,.F.);
#7602=ADVANCED_FACE('',(#7601),#7597,.T.);
#7603=CARTESIAN_POINT('',(4.089316635992E0,-6.3E0,4.6E0));
#7604=DIRECTION('',(-1.E0,0.E0,0.E0));
#7605=DIRECTION('',(0.E0,-1.E0,0.E0));
#7606=AXIS2_PLACEMENT_3D('',#7603,#7604,#7605);
#7607=CYLINDRICAL_SURFACE('',#7606,2.E-1);
#7608=ORIENTED_EDGE('',*,*,#4894,.T.);
#7609=ORIENTED_EDGE('',*,*,#4804,.F.);
#7611=ORIENTED_EDGE('',*,*,#7610,.T.);
#7612=ORIENTED_EDGE('',*,*,#4843,.F.);
#7613=EDGE_LOOP('',(#7608,#7609,#7611,#7612));
#7614=FACE_OUTER_BOUND('',#7613,.F.);
#7615=ADVANCED_FACE('',(#7614),#7607,.T.);
#7616=CARTESIAN_POINT('',(0.E0,-6.5E0,0.E0));
#7617=DIRECTION('',(0.E0,-1.E0,0.E0));
#7618=DIRECTION('',(1.E0,0.E0,0.E0));
#7619=AXIS2_PLACEMENT_3D('',#7616,#7617,#7618);
#7620=PLANE('',#7619);
#7621=ORIENTED_EDGE('',*,*,#4827,.F.);
#7622=ORIENTED_EDGE('',*,*,#4845,.F.);
#7623=ORIENTED_EDGE('',*,*,#7610,.F.);
#7624=ORIENTED_EDGE('',*,*,#4802,.F.);
#7625=EDGE_LOOP('',(#7621,#7622,#7623,#7624));
#7626=FACE_OUTER_BOUND('',#7625,.F.);
#7627=ADVANCED_FACE('',(#7626),#7620,.T.);
#7628=CARTESIAN_POINT('',(-2.5E0,-6.3E0,4.6E0));
#7629=DIRECTION('',(1.E0,0.E0,0.E0));
#7630=DIRECTION('',(0.E0,0.E0,-1.E0));
#7631=AXIS2_PLACEMENT_3D('',#7628,#7629,#7630);
#7632=CYLINDRICAL_SURFACE('',#7631,2.E-1);
#7633=ORIENTED_EDGE('',*,*,#4484,.F.);
#7634=ORIENTED_EDGE('',*,*,#4900,.T.);
#7635=ORIENTED_EDGE('',*,*,#4434,.F.);
#7637=ORIENTED_EDGE('',*,*,#7636,.T.);
#7638=EDGE_LOOP('',(#7633,#7634,#7635,#7637));
#7639=FACE_OUTER_BOUND('',#7638,.F.);
#7640=ADVANCED_FACE('',(#7639),#7632,.T.);
#7641=CARTESIAN_POINT('',(-2.5E0,-6.5E0,4.6E0));
#7642=DIRECTION('',(0.E0,-1.E0,0.E0));
#7643=DIRECTION('',(0.E0,0.E0,-1.E0));
#7644=AXIS2_PLACEMENT_3D('',#7641,#7642,#7643);
#7645=PLANE('',#7644);
#7646=ORIENTED_EDGE('',*,*,#4486,.T.);
#7647=ORIENTED_EDGE('',*,*,#7636,.F.);
#7648=ORIENTED_EDGE('',*,*,#4432,.F.);
#7649=ORIENTED_EDGE('',*,*,#4451,.F.);
#7650=EDGE_LOOP('',(#7646,#7647,#7648,#7649));
#7651=FACE_OUTER_BOUND('',#7650,.F.);
#7652=ADVANCED_FACE('',(#7651),#7645,.T.);
#7653=CARTESIAN_POINT('',(-2.5E0,2.45E0,-4.E0));
#7654=DIRECTION('',(0.E0,0.E0,-1.E0));
#7655=DIRECTION('',(0.E0,-1.E0,0.E0));
#7656=AXIS2_PLACEMENT_3D('',#7653,#7654,#7655);
#7657=PLANE('',#7656);
#7658=ORIENTED_EDGE('',*,*,#4500,.T.);
#7660=ORIENTED_EDGE('',*,*,#7659,.F.);
#7662=ORIENTED_EDGE('',*,*,#7661,.F.);
#7664=ORIENTED_EDGE('',*,*,#7663,.T.);
#7665=EDGE_LOOP('',(#7658,#7660,#7662,#7664));
#7666=FACE_OUTER_BOUND('',#7665,.F.);
#7667=ADVANCED_FACE('',(#7666),#7657,.T.);
#7668=CARTESIAN_POINT('',(-2.5E0,2.45E0,4.E0));
#7669=DIRECTION('',(0.E0,1.E0,0.E0));
#7670=DIRECTION('',(0.E0,0.E0,-1.E0));
#7671=AXIS2_PLACEMENT_3D('',#7668,#7669,#7670);
#7672=PLANE('',#7671);
#7673=ORIENTED_EDGE('',*,*,#4506,.T.);
#7675=ORIENTED_EDGE('',*,*,#7674,.F.);
#7677=ORIENTED_EDGE('',*,*,#7676,.F.);
#7678=ORIENTED_EDGE('',*,*,#7659,.T.);
#7679=EDGE_LOOP('',(#7673,#7675,#7677,#7678));
#7680=FACE_OUTER_BOUND('',#7679,.F.);
#7681=ADVANCED_FACE('',(#7680),#7672,.T.);
#7682=CARTESIAN_POINT('',(-2.5E0,-2.55E0,4.E0));
#7683=DIRECTION('',(0.E0,0.E0,1.E0));
#7684=DIRECTION('',(0.E0,1.E0,0.E0));
#7685=AXIS2_PLACEMENT_3D('',#7682,#7683,#7684);
#7686=PLANE('',#7685);
#7687=ORIENTED_EDGE('',*,*,#4504,.T.);
#7689=ORIENTED_EDGE('',*,*,#7688,.F.);
#7691=ORIENTED_EDGE('',*,*,#7690,.F.);
#7692=ORIENTED_EDGE('',*,*,#7674,.T.);
#7693=EDGE_LOOP('',(#7687,#7689,#7691,#7692));
#7694=FACE_OUTER_BOUND('',#7693,.F.);
#7695=ADVANCED_FACE('',(#7694),#7686,.T.);
#7696=CARTESIAN_POINT('',(-2.5E0,-2.55E0,-4.E0));
#7697=DIRECTION('',(0.E0,-1.E0,0.E0));
#7698=DIRECTION('',(0.E0,0.E0,1.E0));
#7699=AXIS2_PLACEMENT_3D('',#7696,#7697,#7698);
#7700=PLANE('',#7699);
#7701=ORIENTED_EDGE('',*,*,#4502,.T.);
#7702=ORIENTED_EDGE('',*,*,#7663,.F.);
#7704=ORIENTED_EDGE('',*,*,#7703,.F.);
#7705=ORIENTED_EDGE('',*,*,#7688,.T.);
#7706=EDGE_LOOP('',(#7701,#7702,#7704,#7705));
#7707=FACE_OUTER_BOUND('',#7706,.F.);
#7708=ADVANCED_FACE('',(#7707),#7700,.T.);
#7709=CARTESIAN_POINT('',(-2.6E0,4.85E0,-4.2E0));
#7710=DIRECTION('',(-1.E0,0.E0,0.E0));
#7711=DIRECTION('',(0.E0,0.E0,1.E0));
#7712=AXIS2_PLACEMENT_3D('',#7709,#7710,#7711);
#7713=PLANE('',#7712);
#7714=ORIENTED_EDGE('',*,*,#7661,.T.);
#7715=ORIENTED_EDGE('',*,*,#7676,.T.);
#7716=ORIENTED_EDGE('',*,*,#7690,.T.);
#7717=ORIENTED_EDGE('',*,*,#7703,.T.);
#7718=EDGE_LOOP('',(#7714,#7715,#7716,#7717));
#7719=FACE_OUTER_BOUND('',#7718,.F.);
#7720=ADVANCED_FACE('',(#7719),#7713,.T.);
#7721=CARTESIAN_POINT('',(0.E0,0.E0,-4.E-1));
#7722=DIRECTION('',(0.E0,0.E0,1.E0));
#7723=DIRECTION('',(1.E0,0.E0,0.E0));
#7724=AXIS2_PLACEMENT_3D('',#7721,#7722,#7723);
#7725=PLANE('',#7724);
#7727=ORIENTED_EDGE('',*,*,#7726,.F.);
#7729=ORIENTED_EDGE('',*,*,#7728,.T.);
#7731=ORIENTED_EDGE('',*,*,#7730,.T.);
#7733=ORIENTED_EDGE('',*,*,#7732,.T.);
#7735=ORIENTED_EDGE('',*,*,#7734,.T.);
#7737=ORIENTED_EDGE('',*,*,#7736,.T.);
#7739=ORIENTED_EDGE('',*,*,#7738,.T.);
#7740=ORIENTED_EDGE('',*,*,#4367,.F.);
#7742=ORIENTED_EDGE('',*,*,#7741,.T.);
#7744=ORIENTED_EDGE('',*,*,#7743,.T.);
#7746=ORIENTED_EDGE('',*,*,#7745,.T.);
#7748=ORIENTED_EDGE('',*,*,#7747,.T.);
#7749=EDGE_LOOP('',(#7727,#7729,#7731,#7733,#7735,#7737,#7739,#7740,#7742,#7744,
#7746,#7748));
#7750=FACE_OUTER_BOUND('',#7749,.F.);
#7751=ADVANCED_FACE('',(#7750),#7725,.F.);
#7752=CARTESIAN_POINT('',(2.261912323319E0,-9.603168381924E0,0.E0));
#7753=DIRECTION('',(-1.E0,0.E0,0.E0));
#7754=DIRECTION('',(0.E0,0.E0,1.E0));
#7755=AXIS2_PLACEMENT_3D('',#7752,#7753,#7754);
#7756=CYLINDRICAL_SURFACE('',#7755,4.E-1);
#7758=ORIENTED_EDGE('',*,*,#7757,.T.);
#7760=ORIENTED_EDGE('',*,*,#7759,.F.);
#7761=ORIENTED_EDGE('',*,*,#7726,.T.);
#7763=ORIENTED_EDGE('',*,*,#7762,.F.);
#7764=EDGE_LOOP('',(#7758,#7760,#7761,#7763));
#7765=FACE_OUTER_BOUND('',#7764,.F.);
#7766=ADVANCED_FACE('',(#7765),#7756,.T.);
#7767=CARTESIAN_POINT('',(0.E0,0.E0,4.E-1));
#7768=DIRECTION('',(0.E0,0.E0,1.E0));
#7769=DIRECTION('',(1.E0,0.E0,0.E0));
#7770=AXIS2_PLACEMENT_3D('',#7767,#7768,#7769);
#7771=PLANE('',#7770);
#7772=ORIENTED_EDGE('',*,*,#7757,.F.);
#7774=ORIENTED_EDGE('',*,*,#7773,.F.);
#7776=ORIENTED_EDGE('',*,*,#7775,.T.);
#7778=ORIENTED_EDGE('',*,*,#7777,.T.);
#7780=ORIENTED_EDGE('',*,*,#7779,.F.);
#7781=ORIENTED_EDGE('',*,*,#4371,.T.);
#7783=ORIENTED_EDGE('',*,*,#7782,.F.);
#7785=ORIENTED_EDGE('',*,*,#7784,.T.);
#7787=ORIENTED_EDGE('',*,*,#7786,.T.);
#7789=ORIENTED_EDGE('',*,*,#7788,.T.);
#7791=ORIENTED_EDGE('',*,*,#7790,.T.);
#7793=ORIENTED_EDGE('',*,*,#7792,.F.);
#7794=EDGE_LOOP('',(#7772,#7774,#7776,#7778,#7780,#7781,#7783,#7785,#7787,#7789,
#7791,#7793));
#7795=FACE_OUTER_BOUND('',#7794,.F.);
#7796=ADVANCED_FACE('',(#7795),#7771,.T.);
#7797=CARTESIAN_POINT('',(1.9E0,-9.493168381924E0,-4.E-1));
#7798=DIRECTION('',(-1.E0,0.E0,0.E0));
#7799=DIRECTION('',(0.E0,-1.E0,0.E0));
#7800=AXIS2_PLACEMENT_3D('',#7797,#7798,#7799);
#7801=PLANE('',#7800);
#7802=ORIENTED_EDGE('',*,*,#7762,.T.);
#7803=ORIENTED_EDGE('',*,*,#7747,.F.);
#7805=ORIENTED_EDGE('',*,*,#7804,.T.);
#7806=ORIENTED_EDGE('',*,*,#7773,.T.);
#7807=EDGE_LOOP('',(#7802,#7803,#7805,#7806));
#7808=FACE_OUTER_BOUND('',#7807,.F.);
#7809=ADVANCED_FACE('',(#7808),#7801,.T.);
#7810=CARTESIAN_POINT('',(2.34E0,-8.284278317364E0,-4.E-1));
#7811=DIRECTION('',(-9.396926207859E-1,3.420201433257E-1,0.E0));
#7812=DIRECTION('',(-3.420201433257E-1,-9.396926207859E-1,0.E0));
#7813=AXIS2_PLACEMENT_3D('',#7810,#7811,#7812);
#7814=PLANE('',#7813);
#7815=ORIENTED_EDGE('',*,*,#7745,.F.);
#7817=ORIENTED_EDGE('',*,*,#7816,.T.);
#7818=ORIENTED_EDGE('',*,*,#7775,.F.);
#7819=ORIENTED_EDGE('',*,*,#7804,.F.);
#7820=EDGE_LOOP('',(#7815,#7817,#7818,#7819));
#7821=FACE_OUTER_BOUND('',#7820,.F.);
#7822=ADVANCED_FACE('',(#7821),#7814,.T.);
#7823=CARTESIAN_POINT('',(1.9E0,-7.700378595851E0,-4.E-1));
#7824=DIRECTION('',(-7.986355100473E-1,-6.018150231520E-1,0.E0));
#7825=DIRECTION('',(6.018150231520E-1,-7.986355100473E-1,0.E0));
#7826=AXIS2_PLACEMENT_3D('',#7823,#7824,#7825);
#7827=PLANE('',#7826);
#7828=ORIENTED_EDGE('',*,*,#7743,.F.);
#7830=ORIENTED_EDGE('',*,*,#7829,.T.);
#7831=ORIENTED_EDGE('',*,*,#7777,.F.);
#7832=ORIENTED_EDGE('',*,*,#7816,.F.);
#7833=EDGE_LOOP('',(#7828,#7830,#7831,#7832));
#7834=FACE_OUTER_BOUND('',#7833,.F.);
#7835=ADVANCED_FACE('',(#7834),#7827,.T.);
#7836=CARTESIAN_POINT('',(1.9E0,-6.3E0,-4.E-1));
#7837=DIRECTION('',(-1.E0,0.E0,0.E0));
#7838=DIRECTION('',(0.E0,-1.E0,0.E0));
#7839=AXIS2_PLACEMENT_3D('',#7836,#7837,#7838);
#7840=PLANE('',#7839);
#7841=ORIENTED_EDGE('',*,*,#4373,.T.);
#7842=ORIENTED_EDGE('',*,*,#7779,.T.);
#7843=ORIENTED_EDGE('',*,*,#7829,.F.);
#7844=ORIENTED_EDGE('',*,*,#7741,.F.);
#7845=EDGE_LOOP('',(#7841,#7842,#7843,#7844));
#7846=FACE_OUTER_BOUND('',#7845,.F.);
#7847=ADVANCED_FACE('',(#7846),#7840,.T.);
#7848=CARTESIAN_POINT('',(2.2E0,-7.6E0,-4.E-1));
#7849=DIRECTION('',(1.E0,0.E0,0.E0));
#7850=DIRECTION('',(0.E0,1.E0,0.E0));
#7851=AXIS2_PLACEMENT_3D('',#7848,#7849,#7850);
#7852=PLANE('',#7851);
#7853=ORIENTED_EDGE('',*,*,#4369,.F.);
#7854=ORIENTED_EDGE('',*,*,#7738,.F.);
#7856=ORIENTED_EDGE('',*,*,#7855,.T.);
#7857=ORIENTED_EDGE('',*,*,#7782,.T.);
#7858=EDGE_LOOP('',(#7853,#7854,#7856,#7857));
#7859=FACE_OUTER_BOUND('',#7858,.F.);
#7860=ADVANCED_FACE('',(#7859),#7852,.T.);
#7861=CARTESIAN_POINT('',(2.579590653014E0,-8.103733810418E0,-4.E-1));
#7862=DIRECTION('',(7.986355100473E-1,6.018150231520E-1,0.E0));
#7863=DIRECTION('',(-6.018150231520E-1,7.986355100473E-1,0.E0));
#7864=AXIS2_PLACEMENT_3D('',#7861,#7862,#7863);
#7865=PLANE('',#7864);
#7866=ORIENTED_EDGE('',*,*,#7736,.F.);
#7868=ORIENTED_EDGE('',*,*,#7867,.T.);
#7869=ORIENTED_EDGE('',*,*,#7784,.F.);
#7870=ORIENTED_EDGE('',*,*,#7855,.F.);
#7871=EDGE_LOOP('',(#7866,#7868,#7869,#7870));
#7872=FACE_OUTER_BOUND('',#7871,.F.);
#7873=ADVANCED_FACE('',(#7872),#7865,.T.);
#7874=CARTESIAN_POINT('',(2.34E0,-8.284278317364E0,-4.E-1));
#7875=DIRECTION('',(0.E0,0.E0,1.E0));
#7876=DIRECTION('',(1.E0,0.E0,0.E0));
#7877=AXIS2_PLACEMENT_3D('',#7874,#7875,#7876);
#7878=CYLINDRICAL_SURFACE('',#7877,3.E-1);
#7879=ORIENTED_EDGE('',*,*,#7734,.F.);
#7880=ORIENTED_EDGE('',*,*,#7732,.F.);
#7882=ORIENTED_EDGE('',*,*,#7881,.T.);
#7883=ORIENTED_EDGE('',*,*,#7788,.F.);
#7884=ORIENTED_EDGE('',*,*,#7786,.F.);
#7885=ORIENTED_EDGE('',*,*,#7867,.F.);
#7886=EDGE_LOOP('',(#7879,#7880,#7882,#7883,#7884,#7885));
#7887=FACE_OUTER_BOUND('',#7886,.F.);
#7888=ADVANCED_FACE('',(#7887),#7878,.T.);
#7889=CARTESIAN_POINT('',(2.2E0,-9.546066476136E0,-4.E-1));
#7890=DIRECTION('',(9.396926207859E-1,-3.420201433257E-1,0.E0));
#7891=DIRECTION('',(3.420201433257E-1,9.396926207859E-1,0.E0));
#7892=AXIS2_PLACEMENT_3D('',#7889,#7890,#7891);
#7893=PLANE('',#7892);
#7894=ORIENTED_EDGE('',*,*,#7730,.F.);
#7896=ORIENTED_EDGE('',*,*,#7895,.T.);
#7897=ORIENTED_EDGE('',*,*,#7790,.F.);
#7898=ORIENTED_EDGE('',*,*,#7881,.F.);
#7899=EDGE_LOOP('',(#7894,#7896,#7897,#7898));
#7900=FACE_OUTER_BOUND('',#7899,.F.);
#7901=ADVANCED_FACE('',(#7900),#7893,.T.);
#7902=CARTESIAN_POINT('',(2.2E0,-1.000316838192E1,-4.E-1));
#7903=DIRECTION('',(1.E0,0.E0,0.E0));
#7904=DIRECTION('',(0.E0,1.E0,0.E0));
#7905=AXIS2_PLACEMENT_3D('',#7902,#7903,#7904);
#7906=PLANE('',#7905);
#7907=ORIENTED_EDGE('',*,*,#7759,.T.);
#7908=ORIENTED_EDGE('',*,*,#7792,.T.);
#7909=ORIENTED_EDGE('',*,*,#7895,.F.);
#7910=ORIENTED_EDGE('',*,*,#7728,.F.);
#7911=EDGE_LOOP('',(#7907,#7908,#7909,#7910));
#7912=FACE_OUTER_BOUND('',#7911,.F.);
#7913=ADVANCED_FACE('',(#7912),#7906,.T.);
#7914=CARTESIAN_POINT('',(0.E0,0.E0,2.1E0));
#7915=DIRECTION('',(0.E0,0.E0,1.E0));
#7916=DIRECTION('',(1.E0,0.E0,0.E0));
#7917=AXIS2_PLACEMENT_3D('',#7914,#7915,#7916);
#7918=PLANE('',#7917);
#7920=ORIENTED_EDGE('',*,*,#7919,.F.);
#7922=ORIENTED_EDGE('',*,*,#7921,.T.);
#7923=ORIENTED_EDGE('',*,*,#4377,.F.);
#7925=ORIENTED_EDGE('',*,*,#7924,.T.);
#7926=EDGE_LOOP('',(#7920,#7922,#7923,#7925));
#7927=FACE_OUTER_BOUND('',#7926,.F.);
#7928=ADVANCED_FACE('',(#7927),#7918,.F.);
#7929=CARTESIAN_POINT('',(2.241573055403E0,-9.603168381924E0,2.5E0));
#7930=DIRECTION('',(-1.E0,0.E0,0.E0));
#7931=DIRECTION('',(0.E0,0.E0,1.E0));
#7932=AXIS2_PLACEMENT_3D('',#7929,#7930,#7931);
#7933=CYLINDRICAL_SURFACE('',#7932,4.E-1);
#7935=ORIENTED_EDGE('',*,*,#7934,.T.);
#7937=ORIENTED_EDGE('',*,*,#7936,.F.);
#7938=ORIENTED_EDGE('',*,*,#7919,.T.);
#7940=ORIENTED_EDGE('',*,*,#7939,.F.);
#7941=EDGE_LOOP('',(#7935,#7937,#7938,#7940));
#7942=FACE_OUTER_BOUND('',#7941,.F.);
#7943=ADVANCED_FACE('',(#7942),#7933,.T.);
#7944=CARTESIAN_POINT('',(0.E0,0.E0,2.9E0));
#7945=DIRECTION('',(0.E0,0.E0,1.E0));
#7946=DIRECTION('',(1.E0,0.E0,0.E0));
#7947=AXIS2_PLACEMENT_3D('',#7944,#7945,#7946);
#7948=PLANE('',#7947);
#7949=ORIENTED_EDGE('',*,*,#7934,.F.);
#7951=ORIENTED_EDGE('',*,*,#7950,.F.);
#7952=ORIENTED_EDGE('',*,*,#4381,.T.);
#7954=ORIENTED_EDGE('',*,*,#7953,.F.);
#7955=EDGE_LOOP('',(#7949,#7951,#7952,#7954));
#7956=FACE_OUTER_BOUND('',#7955,.F.);
#7957=ADVANCED_FACE('',(#7956),#7948,.T.);
#7958=CARTESIAN_POINT('',(1.9E0,-6.3E0,2.1E0));
#7959=DIRECTION('',(-1.E0,0.E0,0.E0));
#7960=DIRECTION('',(0.E0,-1.E0,0.E0));
#7961=AXIS2_PLACEMENT_3D('',#7958,#7959,#7960);
#7962=PLANE('',#7961);
#7963=ORIENTED_EDGE('',*,*,#7939,.T.);
#7964=ORIENTED_EDGE('',*,*,#7924,.F.);
#7965=ORIENTED_EDGE('',*,*,#4383,.T.);
#7966=ORIENTED_EDGE('',*,*,#7950,.T.);
#7967=EDGE_LOOP('',(#7963,#7964,#7965,#7966));
#7968=FACE_OUTER_BOUND('',#7967,.F.);
#7969=ADVANCED_FACE('',(#7968),#7962,.T.);
#7970=CARTESIAN_POINT('',(2.2E0,-1.000316838192E1,2.1E0));
#7971=DIRECTION('',(1.E0,0.E0,0.E0));
#7972=DIRECTION('',(0.E0,1.E0,0.E0));
#7973=AXIS2_PLACEMENT_3D('',#7970,#7971,#7972);
#7974=PLANE('',#7973);
#7975=ORIENTED_EDGE('',*,*,#7936,.T.);
#7976=ORIENTED_EDGE('',*,*,#7953,.T.);
#7977=ORIENTED_EDGE('',*,*,#4379,.F.);
#7978=ORIENTED_EDGE('',*,*,#7921,.F.);
#7979=EDGE_LOOP('',(#7975,#7976,#7977,#7978));
#7980=FACE_OUTER_BOUND('',#7979,.F.);
#7981=ADVANCED_FACE('',(#7980),#7974,.T.);
#7982=CARTESIAN_POINT('',(-3.E-1,4.85E0,-4.2E0));
#7983=DIRECTION('',(-1.E0,0.E0,0.E0));
#7984=DIRECTION('',(0.E0,0.E0,1.E0));
#7985=AXIS2_PLACEMENT_3D('',#7982,#7983,#7984);
#7986=PLANE('',#7985);
#7987=ORIENTED_EDGE('',*,*,#4393,.T.);
#7989=ORIENTED_EDGE('',*,*,#7988,.F.);
#7991=ORIENTED_EDGE('',*,*,#7990,.T.);
#7993=ORIENTED_EDGE('',*,*,#7992,.F.);
#7994=EDGE_LOOP('',(#7987,#7989,#7991,#7993));
#7995=FACE_OUTER_BOUND('',#7994,.F.);
#7996=ADVANCED_FACE('',(#7995),#7986,.F.);
#7997=CARTESIAN_POINT('',(-3.E-1,-6.3E0,-2.9E0));
#7998=DIRECTION('',(0.E0,0.E0,-1.E0));
#7999=DIRECTION('',(0.E0,-1.E0,0.E0));
#8000=AXIS2_PLACEMENT_3D('',#7997,#7998,#7999);
#8001=PLANE('',#8000);
#8002=ORIENTED_EDGE('',*,*,#4399,.F.);
#8004=ORIENTED_EDGE('',*,*,#8003,.F.);
#8006=ORIENTED_EDGE('',*,*,#8005,.F.);
#8007=ORIENTED_EDGE('',*,*,#7988,.T.);
#8008=EDGE_LOOP('',(#8002,#8004,#8006,#8007));
#8009=FACE_OUTER_BOUND('',#8008,.F.);
#8010=ADVANCED_FACE('',(#8009),#8001,.T.);
#8011=CARTESIAN_POINT('',(-6.E-1,4.85E0,-4.2E0));
#8012=DIRECTION('',(-1.E0,0.E0,0.E0));
#8013=DIRECTION('',(0.E0,0.E0,1.E0));
#8014=AXIS2_PLACEMENT_3D('',#8011,#8012,#8013);
#8015=PLANE('',#8014);
#8016=ORIENTED_EDGE('',*,*,#4397,.F.);
#8018=ORIENTED_EDGE('',*,*,#8017,.T.);
#8020=ORIENTED_EDGE('',*,*,#8019,.T.);
#8021=ORIENTED_EDGE('',*,*,#8003,.T.);
#8022=EDGE_LOOP('',(#8016,#8018,#8020,#8021));
#8023=FACE_OUTER_BOUND('',#8022,.F.);
#8024=ADVANCED_FACE('',(#8023),#8015,.T.);
#8025=CARTESIAN_POINT('',(-3.E-1,-9.603168381924E0,-2.1E0));
#8026=DIRECTION('',(0.E0,0.E0,1.E0));
#8027=DIRECTION('',(0.E0,1.E0,0.E0));
#8028=AXIS2_PLACEMENT_3D('',#8025,#8026,#8027);
#8029=PLANE('',#8028);
#8030=ORIENTED_EDGE('',*,*,#4395,.T.);
#8031=ORIENTED_EDGE('',*,*,#7992,.T.);
#8033=ORIENTED_EDGE('',*,*,#8032,.F.);
#8034=ORIENTED_EDGE('',*,*,#8017,.F.);
#8035=EDGE_LOOP('',(#8030,#8031,#8033,#8034));
#8036=FACE_OUTER_BOUND('',#8035,.F.);
#8037=ADVANCED_FACE('',(#8036),#8029,.T.);
#8038=CARTESIAN_POINT('',(-3.E-1,-9.603168381924E0,-2.5E0));
#8039=DIRECTION('',(-1.E0,0.E0,0.E0));
#8040=DIRECTION('',(0.E0,0.E0,1.E0));
#8041=AXIS2_PLACEMENT_3D('',#8038,#8039,#8040);
#8042=CYLINDRICAL_SURFACE('',#8041,4.E-1);
#8043=ORIENTED_EDGE('',*,*,#7990,.F.);
#8044=ORIENTED_EDGE('',*,*,#8005,.T.);
#8045=ORIENTED_EDGE('',*,*,#8019,.F.);
#8046=ORIENTED_EDGE('',*,*,#8032,.T.);
#8047=EDGE_LOOP('',(#8043,#8044,#8045,#8046));
#8048=FACE_OUTER_BOUND('',#8047,.F.);
#8049=ADVANCED_FACE('',(#8048),#8042,.T.);
#8050=CARTESIAN_POINT('',(-3.E-1,4.85E0,-4.2E0));
#8051=DIRECTION('',(-1.E0,0.E0,0.E0));
#8052=DIRECTION('',(0.E0,0.E0,1.E0));
#8053=AXIS2_PLACEMENT_3D('',#8050,#8051,#8052);
#8054=PLANE('',#8053);
#8055=ORIENTED_EDGE('',*,*,#4403,.T.);
#8057=ORIENTED_EDGE('',*,*,#8056,.F.);
#8059=ORIENTED_EDGE('',*,*,#8058,.T.);
#8061=ORIENTED_EDGE('',*,*,#8060,.F.);
#8062=EDGE_LOOP('',(#8055,#8057,#8059,#8061));
#8063=FACE_OUTER_BOUND('',#8062,.F.);
#8064=ADVANCED_FACE('',(#8063),#8054,.F.);
#8065=CARTESIAN_POINT('',(-3.E-1,-6.3E0,2.1E0));
#8066=DIRECTION('',(0.E0,0.E0,-1.E0));
#8067=DIRECTION('',(0.E0,-1.E0,0.E0));
#8068=AXIS2_PLACEMENT_3D('',#8065,#8066,#8067);
#8069=PLANE('',#8068);
#8070=ORIENTED_EDGE('',*,*,#4409,.F.);
#8072=ORIENTED_EDGE('',*,*,#8071,.F.);
#8074=ORIENTED_EDGE('',*,*,#8073,.F.);
#8075=ORIENTED_EDGE('',*,*,#8056,.T.);
#8076=EDGE_LOOP('',(#8070,#8072,#8074,#8075));
#8077=FACE_OUTER_BOUND('',#8076,.F.);
#8078=ADVANCED_FACE('',(#8077),#8069,.T.);
#8079=CARTESIAN_POINT('',(-6.E-1,4.85E0,-4.2E0));
#8080=DIRECTION('',(-1.E0,0.E0,0.E0));
#8081=DIRECTION('',(0.E0,0.E0,1.E0));
#8082=AXIS2_PLACEMENT_3D('',#8079,#8080,#8081);
#8083=PLANE('',#8082);
#8084=ORIENTED_EDGE('',*,*,#4407,.F.);
#8086=ORIENTED_EDGE('',*,*,#8085,.T.);
#8088=ORIENTED_EDGE('',*,*,#8087,.T.);
#8089=ORIENTED_EDGE('',*,*,#8071,.T.);
#8090=EDGE_LOOP('',(#8084,#8086,#8088,#8089));
#8091=FACE_OUTER_BOUND('',#8090,.F.);
#8092=ADVANCED_FACE('',(#8091),#8083,.T.);
#8093=CARTESIAN_POINT('',(-3.E-1,-9.603168381924E0,2.9E0));
#8094=DIRECTION('',(0.E0,0.E0,1.E0));
#8095=DIRECTION('',(0.E0,1.E0,0.E0));
#8096=AXIS2_PLACEMENT_3D('',#8093,#8094,#8095);
#8097=PLANE('',#8096);
#8098=ORIENTED_EDGE('',*,*,#4405,.T.);
#8099=ORIENTED_EDGE('',*,*,#8060,.T.);
#8101=ORIENTED_EDGE('',*,*,#8100,.F.);
#8102=ORIENTED_EDGE('',*,*,#8085,.F.);
#8103=EDGE_LOOP('',(#8098,#8099,#8101,#8102));
#8104=FACE_OUTER_BOUND('',#8103,.F.);
#8105=ADVANCED_FACE('',(#8104),#8097,.T.);
#8106=CARTESIAN_POINT('',(-3.E-1,-9.603168381924E0,2.5E0));
#8107=DIRECTION('',(-1.E0,0.E0,0.E0));
#8108=DIRECTION('',(0.E0,0.E0,1.E0));
#8109=AXIS2_PLACEMENT_3D('',#8106,#8107,#8108);
#8110=CYLINDRICAL_SURFACE('',#8109,4.E-1);
#8111=ORIENTED_EDGE('',*,*,#8058,.F.);
#8112=ORIENTED_EDGE('',*,*,#8073,.T.);
#8113=ORIENTED_EDGE('',*,*,#8087,.F.);
#8114=ORIENTED_EDGE('',*,*,#8100,.T.);
#8115=EDGE_LOOP('',(#8111,#8112,#8113,#8114));
#8116=FACE_OUTER_BOUND('',#8115,.F.);
#8117=ADVANCED_FACE('',(#8116),#8110,.T.);
#8118=CARTESIAN_POINT('',(0.E0,4.85E0,4.E-1));
#8119=DIRECTION('',(0.E0,0.E0,-1.E0));
#8120=DIRECTION('',(-1.E0,0.E0,0.E0));
#8121=AXIS2_PLACEMENT_3D('',#8118,#8119,#8120);
#8122=PLANE('',#8121);
#8123=ORIENTED_EDGE('',*,*,#4413,.T.);
#8125=ORIENTED_EDGE('',*,*,#8124,.F.);
#8127=ORIENTED_EDGE('',*,*,#8126,.T.);
#8129=ORIENTED_EDGE('',*,*,#8128,.T.);
#8131=ORIENTED_EDGE('',*,*,#8130,.F.);
#8133=ORIENTED_EDGE('',*,*,#8132,.F.);
#8135=ORIENTED_EDGE('',*,*,#8134,.F.);
#8137=ORIENTED_EDGE('',*,*,#8136,.T.);
#8139=ORIENTED_EDGE('',*,*,#8138,.T.);
#8141=ORIENTED_EDGE('',*,*,#8140,.T.);
#8143=ORIENTED_EDGE('',*,*,#8142,.T.);
#8145=ORIENTED_EDGE('',*,*,#8144,.F.);
#8146=EDGE_LOOP('',(#8123,#8125,#8127,#8129,#8131,#8133,#8135,#8137,#8139,#8141,
#8143,#8145));
#8147=FACE_OUTER_BOUND('',#8146,.F.);
#8148=ADVANCED_FACE('',(#8147),#8122,.F.);
#8149=CARTESIAN_POINT('',(-3.E-1,-6.3E0,4.E-1));
#8150=DIRECTION('',(1.E0,0.E0,0.E0));
#8151=DIRECTION('',(0.E0,-1.E0,0.E0));
#8152=AXIS2_PLACEMENT_3D('',#8149,#8150,#8151);
#8153=PLANE('',#8152);
#8154=ORIENTED_EDGE('',*,*,#4419,.F.);
#8156=ORIENTED_EDGE('',*,*,#8155,.F.);
#8158=ORIENTED_EDGE('',*,*,#8157,.T.);
#8159=ORIENTED_EDGE('',*,*,#8124,.T.);
#8160=EDGE_LOOP('',(#8154,#8156,#8158,#8159));
#8161=FACE_OUTER_BOUND('',#8160,.F.);
#8162=ADVANCED_FACE('',(#8161),#8153,.T.);
#8163=CARTESIAN_POINT('',(0.E0,4.85E0,-4.E-1));
#8164=DIRECTION('',(0.E0,0.E0,-1.E0));
#8165=DIRECTION('',(-1.E0,0.E0,0.E0));
#8166=AXIS2_PLACEMENT_3D('',#8163,#8164,#8165);
#8167=PLANE('',#8166);
#8168=ORIENTED_EDGE('',*,*,#4417,.F.);
#8170=ORIENTED_EDGE('',*,*,#8169,.T.);
#8172=ORIENTED_EDGE('',*,*,#8171,.T.);
#8174=ORIENTED_EDGE('',*,*,#8173,.T.);
#8176=ORIENTED_EDGE('',*,*,#8175,.T.);
#8178=ORIENTED_EDGE('',*,*,#8177,.T.);
#8180=ORIENTED_EDGE('',*,*,#8179,.T.);
#8182=ORIENTED_EDGE('',*,*,#8181,.T.);
#8184=ORIENTED_EDGE('',*,*,#8183,.T.);
#8186=ORIENTED_EDGE('',*,*,#8185,.T.);
#8188=ORIENTED_EDGE('',*,*,#8187,.T.);
#8189=ORIENTED_EDGE('',*,*,#8155,.T.);
#8190=EDGE_LOOP('',(#8168,#8170,#8172,#8174,#8176,#8178,#8180,#8182,#8184,#8186,
#8188,#8189));
#8191=FACE_OUTER_BOUND('',#8190,.F.);
#8192=ADVANCED_FACE('',(#8191),#8167,.T.);
#8193=CARTESIAN_POINT('',(-6.E-1,-7.6E0,4.E-1));
#8194=DIRECTION('',(-1.E0,0.E0,0.E0));
#8195=DIRECTION('',(0.E0,1.E0,0.E0));
#8196=AXIS2_PLACEMENT_3D('',#8193,#8194,#8195);
#8197=PLANE('',#8196);
#8198=ORIENTED_EDGE('',*,*,#4415,.T.);
#8199=ORIENTED_EDGE('',*,*,#8144,.T.);
#8201=ORIENTED_EDGE('',*,*,#8200,.F.);
#8202=ORIENTED_EDGE('',*,*,#8169,.F.);
#8203=EDGE_LOOP('',(#8198,#8199,#8201,#8202));
#8204=FACE_OUTER_BOUND('',#8203,.F.);
#8205=ADVANCED_FACE('',(#8204),#8197,.T.);
#8206=CARTESIAN_POINT('',(-9.795906530142E-1,-8.103733810418E0,4.E-1));
#8207=DIRECTION('',(-7.986355100473E-1,6.018150231520E-1,0.E0));
#8208=DIRECTION('',(6.018150231520E-1,7.986355100473E-1,0.E0));
#8209=AXIS2_PLACEMENT_3D('',#8206,#8207,#8208);
#8210=PLANE('',#8209);
#8211=ORIENTED_EDGE('',*,*,#8142,.F.);
#8213=ORIENTED_EDGE('',*,*,#8212,.F.);
#8214=ORIENTED_EDGE('',*,*,#8171,.F.);
#8215=ORIENTED_EDGE('',*,*,#8200,.T.);
#8216=EDGE_LOOP('',(#8211,#8213,#8214,#8215));
#8217=FACE_OUTER_BOUND('',#8216,.F.);
#8218=ADVANCED_FACE('',(#8217),#8210,.T.);
#8219=CARTESIAN_POINT('',(-7.4E-1,-8.284278317364E0,4.E-1));
#8220=DIRECTION('',(0.E0,0.E0,-1.E0));
#8221=DIRECTION('',(-1.E0,0.E0,0.E0));
#8222=AXIS2_PLACEMENT_3D('',#8219,#8220,#8221);
#8223=CYLINDRICAL_SURFACE('',#8222,3.E-1);
#8224=ORIENTED_EDGE('',*,*,#8140,.F.);
#8225=ORIENTED_EDGE('',*,*,#8138,.F.);
#8227=ORIENTED_EDGE('',*,*,#8226,.T.);
#8228=ORIENTED_EDGE('',*,*,#8175,.F.);
#8229=ORIENTED_EDGE('',*,*,#8173,.F.);
#8230=ORIENTED_EDGE('',*,*,#8212,.T.);
#8231=EDGE_LOOP('',(#8224,#8225,#8227,#8228,#8229,#8230));
#8232=FACE_OUTER_BOUND('',#8231,.F.);
#8233=ADVANCED_FACE('',(#8232),#8223,.T.);
#8234=CARTESIAN_POINT('',(-6.E-1,-9.546066476137E0,4.E-1));
#8235=DIRECTION('',(-9.396926207859E-1,-3.420201433256E-1,0.E0));
#8236=DIRECTION('',(-3.420201433256E-1,9.396926207859E-1,0.E0));
#8237=AXIS2_PLACEMENT_3D('',#8234,#8235,#8236);
#8238=PLANE('',#8237);
#8239=ORIENTED_EDGE('',*,*,#8136,.F.);
#8241=ORIENTED_EDGE('',*,*,#8240,.F.);
#8242=ORIENTED_EDGE('',*,*,#8177,.F.);
#8243=ORIENTED_EDGE('',*,*,#8226,.F.);
#8244=EDGE_LOOP('',(#8239,#8241,#8242,#8243));
#8245=FACE_OUTER_BOUND('',#8244,.F.);
#8246=ADVANCED_FACE('',(#8245),#8238,.T.);
#8247=CARTESIAN_POINT('',(-6.E-1,-1.000316838192E1,4.E-1));
#8248=DIRECTION('',(-1.E0,0.E0,0.E0));
#8249=DIRECTION('',(0.E0,1.E0,0.E0));
#8250=AXIS2_PLACEMENT_3D('',#8247,#8248,#8249);
#8251=PLANE('',#8250);
#8252=ORIENTED_EDGE('',*,*,#8134,.T.);
#8254=ORIENTED_EDGE('',*,*,#8253,.F.);
#8255=ORIENTED_EDGE('',*,*,#8179,.F.);
#8256=ORIENTED_EDGE('',*,*,#8240,.T.);
#8257=EDGE_LOOP('',(#8252,#8254,#8255,#8256));
#8258=FACE_OUTER_BOUND('',#8257,.F.);
#8259=ADVANCED_FACE('',(#8258),#8251,.T.);
#8260=CARTESIAN_POINT('',(-3.E-1,-1.000316838192E1,4.E-1));
#8261=DIRECTION('',(0.E0,-1.E0,0.E0));
#8262=DIRECTION('',(-1.E0,0.E0,0.E0));
#8263=AXIS2_PLACEMENT_3D('',#8260,#8261,#8262);
#8264=PLANE('',#8263);
#8265=ORIENTED_EDGE('',*,*,#8132,.T.);
#8267=ORIENTED_EDGE('',*,*,#8266,.F.);
#8268=ORIENTED_EDGE('',*,*,#8181,.F.);
#8269=ORIENTED_EDGE('',*,*,#8253,.T.);
#8270=EDGE_LOOP('',(#8265,#8267,#8268,#8269));
#8271=FACE_OUTER_BOUND('',#8270,.F.);
#8272=ADVANCED_FACE('',(#8271),#8264,.T.);
#8273=CARTESIAN_POINT('',(-3.E-1,-9.493168381924E0,4.E-1));
#8274=DIRECTION('',(1.E0,0.E0,0.E0));
#8275=DIRECTION('',(0.E0,-1.E0,0.E0));
#8276=AXIS2_PLACEMENT_3D('',#8273,#8274,#8275);
#8277=PLANE('',#8276);
#8278=ORIENTED_EDGE('',*,*,#8130,.T.);
#8280=ORIENTED_EDGE('',*,*,#8279,.F.);
#8281=ORIENTED_EDGE('',*,*,#8183,.F.);
#8282=ORIENTED_EDGE('',*,*,#8266,.T.);
#8283=EDGE_LOOP('',(#8278,#8280,#8281,#8282));
#8284=FACE_OUTER_BOUND('',#8283,.F.);
#8285=ADVANCED_FACE('',(#8284),#8277,.T.);
#8286=CARTESIAN_POINT('',(-7.4E-1,-8.284278317364E0,4.E-1));
#8287=DIRECTION('',(9.396926207859E-1,3.420201433256E-1,0.E0));
#8288=DIRECTION('',(3.420201433256E-1,-9.396926207859E-1,0.E0));
#8289=AXIS2_PLACEMENT_3D('',#8286,#8287,#8288);
#8290=PLANE('',#8289);
#8291=ORIENTED_EDGE('',*,*,#8128,.F.);
#8293=ORIENTED_EDGE('',*,*,#8292,.F.);
#8294=ORIENTED_EDGE('',*,*,#8185,.F.);
#8295=ORIENTED_EDGE('',*,*,#8279,.T.);
#8296=EDGE_LOOP('',(#8291,#8293,#8294,#8295));
#8297=FACE_OUTER_BOUND('',#8296,.F.);
#8298=ADVANCED_FACE('',(#8297),#8290,.T.);
#8299=CARTESIAN_POINT('',(-3.E-1,-7.700378595851E0,4.E-1));
#8300=DIRECTION('',(7.986355100473E-1,-6.018150231520E-1,0.E0));
#8301=DIRECTION('',(-6.018150231520E-1,-7.986355100473E-1,0.E0));
#8302=AXIS2_PLACEMENT_3D('',#8299,#8300,#8301);
#8303=PLANE('',#8302);
#8304=ORIENTED_EDGE('',*,*,#8126,.F.);
#8305=ORIENTED_EDGE('',*,*,#8157,.F.);
#8306=ORIENTED_EDGE('',*,*,#8187,.F.);
#8307=ORIENTED_EDGE('',*,*,#8292,.T.);
#8308=EDGE_LOOP('',(#8304,#8305,#8306,#8307));
#8309=FACE_OUTER_BOUND('',#8308,.F.);
#8310=ADVANCED_FACE('',(#8309),#8303,.T.);
#8311=CLOSED_SHELL('',(#4275,#4290,#4304,#4318,#4331,#4423,#4442,#4456,#4510,
#4525,#4578,#4600,#4613,#4627,#4642,#4655,#4665,#4679,#4693,#4706,#4721,#4736,
#4753,#4767,#4781,#4794,#4817,#4831,#4849,#4865,#4907,#4932,#4958,#4971,#4984,
#4996,#5011,#5068,#5082,#5105,#5118,#5130,#5144,#5159,#5170,#5182,#5196,#5220,
#5233,#5246,#5259,#5271,#5286,#5299,#5309,#5323,#5340,#5353,#5372,#5390,#5404,
#5418,#5432,#5446,#5460,#5477,#5490,#5503,#5519,#5532,#5545,#5557,#5576,#5740,
#5755,#5769,#5782,#5948,#5972,#5983,#6146,#6161,#6322,#6335,#6349,#6509,#6528,
#6545,#6698,#6712,#6724,#6736,#6751,#6766,#6780,#6792,#6811,#6829,#6844,#6889,
#6910,#6921,#6964,#6977,#6990,#7003,#7016,#7029,#7042,#7055,#7068,#7081,#7094,
#7107,#7120,#7133,#7146,#7159,#7171,#7194,#7205,#7248,#7262,#7304,#7317,#7330,
#7343,#7356,#7369,#7382,#7395,#7408,#7421,#7434,#7447,#7460,#7473,#7486,#7498,
#7513,#7526,#7539,#7552,#7564,#7579,#7592,#7602,#7615,#7627,#7640,#7652,#7667,
#7681,#7695,#7708,#7720,#7751,#7766,#7796,#7809,#7822,#7835,#7847,#7860,#7873,
#7888,#7901,#7913,#7928,#7943,#7957,#7969,#7981,#7996,#8010,#8024,#8037,#8049,
#8064,#8078,#8092,#8105,#8117,#8148,#8162,#8192,#8205,#8218,#8233,#8246,#8259,
#8272,#8285,#8298,#8310));
#8312=CARTESIAN_POINT('',(6.25E0,-3.65E0,-4.35E0));
#8313=DIRECTION('',(0.E0,-1.E0,0.E0));
#8314=DIRECTION('',(0.E0,0.E0,-1.E0));
#8315=AXIS2_PLACEMENT_3D('',#8312,#8313,#8314);
#8317=CARTESIAN_POINT('',(6.25E0,-3.65E0,-3.8E0));
#8318=DIRECTION('',(1.E0,0.E0,0.E0));
#8319=DIRECTION('',(0.E0,0.E0,1.E0));
#8320=AXIS2_PLACEMENT_3D('',#8317,#8318,#8319);
#8322=CARTESIAN_POINT('',(6.25E0,-3.65E0,-3.8E0));
#8323=DIRECTION('',(1.E0,0.E0,0.E0));
#8324=DIRECTION('',(0.E0,0.E0,-1.E0));
#8325=AXIS2_PLACEMENT_3D('',#8322,#8323,#8324);
#8327=CARTESIAN_POINT('',(6.25E0,-3.65E0,-3.8E0));
#8328=DIRECTION('',(-1.E0,0.E0,0.E0));
#8329=DIRECTION('',(0.E0,0.E0,-1.E0));
#8330=AXIS2_PLACEMENT_3D('',#8327,#8328,#8329);
#8332=CARTESIAN_POINT('',(6.25E0,-3.65E0,-3.8E0));
#8333=DIRECTION('',(-1.E0,0.E0,0.E0));
#8334=DIRECTION('',(0.E0,0.E0,1.E0));
#8335=AXIS2_PLACEMENT_3D('',#8332,#8333,#8334);
#8337=CARTESIAN_POINT('',(6.25E0,-3.65E0,-3.25E0));
#8338=DIRECTION('',(0.E0,1.E0,0.E0));
#8339=DIRECTION('',(0.E0,0.E0,1.E0));
#8340=AXIS2_PLACEMENT_3D('',#8337,#8338,#8339);
#8342=CARTESIAN_POINT('',(6.25E0,-3.65E0,-4.55E0));
#8343=CARTESIAN_POINT('',(6.25E0,-3.65E0,-3.05E0));
#8344=VERTEX_POINT('',#8342);
#8345=VERTEX_POINT('',#8343);
#8346=CARTESIAN_POINT('',(6.25E0,-3.65E0,-4.15E0));
#8347=VERTEX_POINT('',#8346);
#8348=CARTESIAN_POINT('',(6.25E0,-3.65E0,-3.45E0));
#8349=VERTEX_POINT('',#8348);
#8350=CARTESIAN_POINT('',(6.25E0,-3.65E0,-3.8E0));
#8351=DIRECTION('',(1.E0,0.E0,0.E0));
#8352=DIRECTION('',(0.E0,0.E0,-1.E0));
#8353=AXIS2_PLACEMENT_3D('',#8350,#8351,#8352);
#8354=TOROIDAL_SURFACE('',#8353,5.5E-1,2.E-1);
#8356=ORIENTED_EDGE('',*,*,#8355,.F.);
#8358=ORIENTED_EDGE('',*,*,#8357,.T.);
#8360=ORIENTED_EDGE('',*,*,#8359,.F.);
#8362=ORIENTED_EDGE('',*,*,#8361,.F.);
#8363=EDGE_LOOP('',(#8356,#8358,#8360,#8362));
#8364=FACE_OUTER_BOUND('',#8363,.F.);
#8365=ADVANCED_FACE('',(#8364),#8354,.T.);
#8366=CARTESIAN_POINT('',(6.25E0,0.E0,0.E0));
#8367=DIRECTION('',(1.E0,0.E0,0.E0));
#8368=DIRECTION('',(0.E0,0.E0,-1.E0));
#8369=AXIS2_PLACEMENT_3D('',#8366,#8367,#8368);
#8370=PLANE('',#8369);
#8372=ORIENTED_EDGE('',*,*,#8371,.T.);
#8373=ORIENTED_EDGE('',*,*,#8355,.T.);
#8374=EDGE_LOOP('',(#8372,#8373));
#8375=FACE_OUTER_BOUND('',#8374,.F.);
#8377=ORIENTED_EDGE('',*,*,#8376,.T.);
#8378=ORIENTED_EDGE('',*,*,#8359,.T.);
#8379=EDGE_LOOP('',(#8377,#8378));
#8380=FACE_BOUND('',#8379,.F.);
#8381=ADVANCED_FACE('',(#8375,#8380),#8370,.F.);
#8382=CARTESIAN_POINT('',(6.25E0,-3.65E0,-3.8E0));
#8383=DIRECTION('',(1.E0,0.E0,0.E0));
#8384=DIRECTION('',(0.E0,0.E0,-1.E0));
#8385=AXIS2_PLACEMENT_3D('',#8382,#8383,#8384);
#8386=TOROIDAL_SURFACE('',#8385,5.5E-1,2.E-1);
#8387=ORIENTED_EDGE('',*,*,#8371,.F.);
#8388=ORIENTED_EDGE('',*,*,#8361,.T.);
#8389=ORIENTED_EDGE('',*,*,#8376,.F.);
#8390=ORIENTED_EDGE('',*,*,#8357,.F.);
#8391=EDGE_LOOP('',(#8387,#8388,#8389,#8390));
#8392=FACE_OUTER_BOUND('',#8391,.F.);
#8393=ADVANCED_FACE('',(#8392),#8386,.T.);
#8394=CLOSED_SHELL('',(#8365,#8381,#8393));
#8395=CARTESIAN_POINT('',(6.25E0,3.65E0,3.8E0));
#8396=DIRECTION('',(1.E0,0.E0,0.E0));
#8397=DIRECTION('',(0.E0,0.E0,1.E0));
#8398=AXIS2_PLACEMENT_3D('',#8395,#8396,#8397);
#8400=CARTESIAN_POINT('',(6.25E0,3.65E0,3.8E0));
#8401=DIRECTION('',(1.E0,0.E0,0.E0));
#8402=DIRECTION('',(0.E0,0.E0,-1.E0));
#8403=AXIS2_PLACEMENT_3D('',#8400,#8401,#8402);
#8405=CARTESIAN_POINT('',(6.25E0,3.65E0,3.8E0));
#8406=DIRECTION('',(-1.E0,0.E0,0.E0));
#8407=DIRECTION('',(0.E0,0.E0,-1.E0));
#8408=AXIS2_PLACEMENT_3D('',#8405,#8406,#8407);
#8410=CARTESIAN_POINT('',(6.25E0,3.65E0,3.8E0));
#8411=DIRECTION('',(-1.E0,0.E0,0.E0));
#8412=DIRECTION('',(0.E0,0.E0,1.E0));
#8413=AXIS2_PLACEMENT_3D('',#8410,#8411,#8412);
#8415=CARTESIAN_POINT('',(6.25E0,3.65E0,3.25E0));
#8416=DIRECTION('',(0.E0,1.E0,0.E0));
#8417=DIRECTION('',(0.E0,0.E0,1.E0));
#8418=AXIS2_PLACEMENT_3D('',#8415,#8416,#8417);
#8420=CARTESIAN_POINT('',(6.25E0,3.65E0,4.35E0));
#8421=DIRECTION('',(0.E0,-1.E0,0.E0));
#8422=DIRECTION('',(0.E0,0.E0,-1.E0));
#8423=AXIS2_PLACEMENT_3D('',#8420,#8421,#8422);
#8425=CARTESIAN_POINT('',(6.25E0,3.65E0,4.55E0));
#8426=CARTESIAN_POINT('',(6.25E0,3.65E0,3.05E0));
#8427=VERTEX_POINT('',#8425);
#8428=VERTEX_POINT('',#8426);
#8429=CARTESIAN_POINT('',(6.25E0,3.65E0,3.45E0));
#8430=CARTESIAN_POINT('',(6.25E0,3.65E0,4.15E0));
#8431=VERTEX_POINT('',#8429);
#8432=VERTEX_POINT('',#8430);
#8433=CARTESIAN_POINT('',(6.25E0,0.E0,0.E0));
#8434=DIRECTION('',(1.E0,0.E0,0.E0));
#8435=DIRECTION('',(0.E0,0.E0,-1.E0));
#8436=AXIS2_PLACEMENT_3D('',#8433,#8434,#8435);
#8437=PLANE('',#8436);
#8439=ORIENTED_EDGE('',*,*,#8438,.T.);
#8441=ORIENTED_EDGE('',*,*,#8440,.T.);
#8442=EDGE_LOOP('',(#8439,#8441));
#8443=FACE_OUTER_BOUND('',#8442,.F.);
#8445=ORIENTED_EDGE('',*,*,#8444,.T.);
#8447=ORIENTED_EDGE('',*,*,#8446,.T.);
#8448=EDGE_LOOP('',(#8445,#8447));
#8449=FACE_BOUND('',#8448,.F.);
#8450=ADVANCED_FACE('',(#8443,#8449),#8437,.F.);
#8451=CARTESIAN_POINT('',(6.25E0,3.65E0,3.8E0));
#8452=DIRECTION('',(-1.E0,0.E0,0.E0));
#8453=DIRECTION('',(0.E0,0.E0,1.E0));
#8454=AXIS2_PLACEMENT_3D('',#8451,#8452,#8453);
#8455=TOROIDAL_SURFACE('',#8454,5.5E-1,2.E-1);
#8456=ORIENTED_EDGE('',*,*,#8444,.F.);
#8458=ORIENTED_EDGE('',*,*,#8457,.T.);
#8459=ORIENTED_EDGE('',*,*,#8438,.F.);
#8461=ORIENTED_EDGE('',*,*,#8460,.F.);
#8462=EDGE_LOOP('',(#8456,#8458,#8459,#8461));
#8463=FACE_OUTER_BOUND('',#8462,.F.);
#8464=ADVANCED_FACE('',(#8463),#8455,.T.);
#8465=CARTESIAN_POINT('',(6.25E0,3.65E0,3.8E0));
#8466=DIRECTION('',(-1.E0,0.E0,0.E0));
#8467=DIRECTION('',(0.E0,0.E0,1.E0));
#8468=AXIS2_PLACEMENT_3D('',#8465,#8466,#8467);
#8469=TOROIDAL_SURFACE('',#8468,5.5E-1,2.E-1);
#8470=ORIENTED_EDGE('',*,*,#8446,.F.);
#8471=ORIENTED_EDGE('',*,*,#8460,.T.);
#8472=ORIENTED_EDGE('',*,*,#8440,.F.);
#8473=ORIENTED_EDGE('',*,*,#8457,.F.);
#8474=EDGE_LOOP('',(#8470,#8471,#8472,#8473));
#8475=FACE_OUTER_BOUND('',#8474,.F.);
#8476=ADVANCED_FACE('',(#8475),#8469,.T.);
#8477=CLOSED_SHELL('',(#8450,#8464,#8476));
#8478=ORIENTED_CLOSED_SHELL('',*,#8394,.F.);
#8479=ORIENTED_CLOSED_SHELL('',*,#8477,.F.);
#8480=BREP_WITH_VOIDS('',#8311,(#8478,#8479));
#8482=DIMENSIONAL_EXPONENTS(0.E0,0.E0,0.E0,0.E0,0.E0,0.E0,0.E0);
#8484=PLANE_ANGLE_MEASURE_WITH_UNIT(PLANE_ANGLE_MEASURE(1.745329251994E-2),
#8483);
#8485=(CONVERSION_BASED_UNIT('DEGREE',#8484)NAMED_UNIT(*)PLANE_ANGLE_UNIT());
#8487=UNCERTAINTY_MEASURE_WITH_UNIT(LENGTH_MEASURE(3.033686668932E-3),#8481,
'closure',
'Maximum model space distance between geometric entities at asserted connectivities');
#8488=(GEOMETRIC_REPRESENTATION_CONTEXT(3)GLOBAL_UNCERTAINTY_ASSIGNED_CONTEXT((
#8487))GLOBAL_UNIT_ASSIGNED_CONTEXT((#8481,#8485,#8486))REPRESENTATION_CONTEXT(
'ID1','3'));
#8490=APPLICATION_CONTEXT(
'CONFIGURATION CONTROLLED 3D DESIGNS OF MECHANICAL PARTS AND ASSEMBLIES');
#8491=APPLICATION_PROTOCOL_DEFINITION('international standard',
'config_control_design',1994,#8490);
#8492=DESIGN_CONTEXT('',#8490,'design');
#8493=MECHANICAL_CONTEXT('',#8490,'mechanical');
#8494=PRODUCT('PTD902-2X15K-XXXX','PTD902-2X15K-XXXX','NOT SPECIFIED',(#8493));
#8495=PRODUCT_DEFINITION_FORMATION_WITH_SPECIFIED_SOURCE('2','LAST_VERSION',
#8494,.MADE.);
#8499=PRODUCT_CATEGORY('part','');
#8500=PRODUCT_RELATED_PRODUCT_CATEGORY('detail','',(#8494));
#8501=PRODUCT_CATEGORY_RELATIONSHIP('','',#8499,#8500);
#8502=SECURITY_CLASSIFICATION_LEVEL('unclassified');
#8503=SECURITY_CLASSIFICATION('','',#8502);
#8504=CC_DESIGN_SECURITY_CLASSIFICATION(#8503,(#8495));
#8505=APPROVAL_STATUS('approved');
#8506=APPROVAL(#8505,'');
#8507=CC_DESIGN_APPROVAL(#8506,(#8503,#8495,#8496));
#8508=CALENDAR_DATE(116,1,3);
#8509=COORDINATED_UNIVERSAL_TIME_OFFSET(8,0,.BEHIND.);
#8510=LOCAL_TIME(7,50,7.E0,#8509);
#8511=DATE_AND_TIME(#8508,#8510);
#8512=APPROVAL_DATE_TIME(#8511,#8506);
#8513=DATE_TIME_ROLE('creation_date');
#8514=CC_DESIGN_DATE_AND_TIME_ASSIGNMENT(#8511,#8513,(#8496));
#8515=DATE_TIME_ROLE('classification_date');
#8516=CC_DESIGN_DATE_AND_TIME_ASSIGNMENT(#8511,#8515,(#8503));
#8517=PERSON('UNSPECIFIED','UNSPECIFIED',$,$,$,$);
#8518=ORGANIZATION('UNSPECIFIED','UNSPECIFIED','UNSPECIFIED');
#8519=PERSON_AND_ORGANIZATION(#8517,#8518);
#8520=APPROVAL_ROLE('approver');
#8521=APPROVAL_PERSON_ORGANIZATION(#8519,#8506,#8520);
#8522=PERSON_AND_ORGANIZATION_ROLE('creator');
#8523=CC_DESIGN_PERSON_AND_ORGANIZATION_ASSIGNMENT(#8519,#8522,(#8495,#8496));
#8524=PERSON_AND_ORGANIZATION_ROLE('design_supplier');
#8525=CC_DESIGN_PERSON_AND_ORGANIZATION_ASSIGNMENT(#8519,#8524,(#8495));
#8526=PERSON_AND_ORGANIZATION_ROLE('classification_officer');
#8527=CC_DESIGN_PERSON_AND_ORGANIZATION_ASSIGNMENT(#8519,#8526,(#8503));
#8528=PERSON_AND_ORGANIZATION_ROLE('design_owner');
#8529=CC_DESIGN_PERSON_AND_ORGANIZATION_ASSIGNMENT(#8519,#8528,(#8494));
#17=CIRCLE('',#16,4.E-1);
#38=CIRCLE('',#37,4.E-1);
#111=CIRCLE('',#110,2.E-1);
#120=CIRCLE('',#119,2.E-1);
#129=CIRCLE('',#128,6.E-1);
#142=CIRCLE('',#141,9.5E-1);
#147=CIRCLE('',#146,9.5E-1);
#160=CIRCLE('',#159,6.E-1);
#169=CIRCLE('',#168,8.579844984720E-1);
#182=CIRCLE('',#181,2.E-1);
#187=CIRCLE('',#186,2.E-1);
#196=CIRCLE('',#195,2.E-1);
#201=CIRCLE('',#200,2.E-1);
#242=CIRCLE('',#241,9.5E-1);
#247=CIRCLE('',#246,9.5E-1);
#256=CIRCLE('',#255,8.5E-1);
#261=CIRCLE('',#260,8.5E-1);
#286=CIRCLE('',#285,8.5E-1);
#291=CIRCLE('',#290,8.5E-1);
#316=CIRCLE('',#315,6.E-1);
#325=CIRCLE('',#324,2.E-1);
#334=CIRCLE('',#333,2.E-1);
#355=CIRCLE('',#354,2.E-1);
#364=CIRCLE('',#363,6.E-1);
#373=CIRCLE('',#372,2.E-1);
#398=CIRCLE('',#397,2.E-1);
#407=CIRCLE('',#406,2.E-1);
#420=CIRCLE('',#419,2.E-1);
#429=CIRCLE('',#428,2.E-1);
#442=CIRCLE('',#441,2.E-1);
#447=CIRCLE('',#446,6.E-1);
#452=CIRCLE('',#451,2.E-1);
#513=CIRCLE('',#512,6.E-1);
#522=CIRCLE('',#521,8.579844984720E-1);
#531=CIRCLE('',#530,8.5E-1);
#536=CIRCLE('',#535,8.5E-1);
#593=CIRCLE('',#592,1.E0);
#598=CIRCLE('',#597,6.E-1);
#607=CIRCLE('',#606,1.E0);
#616=CIRCLE('',#615,1.E0);
#621=CIRCLE('',#620,6.E-1);
#626=CIRCLE('',#625,2.E-1);
#635=CIRCLE('',#634,2.E-1);
#644=CIRCLE('',#643,2.E-1);
#653=CIRCLE('',#652,2.E-1);
#658=CIRCLE('',#657,6.E-1);
#663=CIRCLE('',#662,3.5E0);
#675=B_SPLINE_CURVE_WITH_KNOTS('',3,(#664,#665,#666,#667,#668,#669,#670,#671,
#672,#673,#674),.UNSPECIFIED.,.F.,.F.,(4,1,1,1,1,1,1,1,4),(0.E0,
1.099986000975E-1,2.399990667315E-1,3.699995333660E-1,5.000000000002E-1,
6.300004666347E-1,7.600009332688E-1,8.900013999029E-1,1.E0),.UNSPECIFIED.);
#688=CIRCLE('',#687,1.E0);
#693=CIRCLE('',#692,6.E-1);
#698=CIRCLE('',#697,9.5E-1);
#703=CIRCLE('',#702,9.5E-1);
#740=CIRCLE('',#739,4.E-1);
#745=CIRCLE('',#744,1.5E-1);
#750=CIRCLE('',#749,1.5E-1);
#755=CIRCLE('',#754,4.E-1);
#772=CIRCLE('',#771,1.E0);
#777=CIRCLE('',#776,1.E0);
#782=CIRCLE('',#781,9.5E-1);
#787=CIRCLE('',#786,9.5E-1);
#820=CIRCLE('',#819,4.E-1);
#825=CIRCLE('',#824,4.E-1);
#830=CIRCLE('',#829,1.5E-1);
#835=CIRCLE('',#834,1.5E-1);
#848=CIRCLE('',#847,6.E-1);
#857=CIRCLE('',#856,6.E-1);
#938=CIRCLE('',#937,2.E-1);
#947=CIRCLE('',#946,2.E-1);
#956=CIRCLE('',#955,2.E-1);
#961=CIRCLE('',#960,2.E-1);
#966=CIRCLE('',#965,2.E-1);
#971=CIRCLE('',#970,2.E-1);
#1017=B_SPLINE_CURVE_WITH_KNOTS('',3,(#996,#997,#998,#999,#1000,#1001,#1002,
#1003,#1004,#1005,#1006,#1007,#1008,#1009,#1010,#1011,#1012,#1013,#1014,#1015,
#1016),.UNSPECIFIED.,.F.,.F.,(4,1,1,1,1,1,1,1,1,1,1,1,1,1,1,1,1,1,4),(0.E0,
5.555555555556E-2,1.111111111111E-1,1.666666666667E-1,2.222222222222E-1,
2.777777777778E-1,3.333333333333E-1,3.888888888889E-1,4.444444444444E-1,5.E-1,
5.555555555556E-1,6.111111111111E-1,6.666666666667E-1,7.222222222222E-1,
7.777777777778E-1,8.333333333333E-1,8.888888888889E-1,9.444444444444E-1,1.E0),
.UNSPECIFIED.);
#1027=B_SPLINE_CURVE_WITH_KNOTS('',3,(#1018,#1019,#1020,#1021,#1022,#1023,#1024,
#1025,#1026),.UNSPECIFIED.,.F.,.F.,(4,1,1,1,1,1,4),(0.E0,1.666666666667E-1,
3.333333333333E-1,5.E-1,6.666666666667E-1,8.333333333333E-1,1.E0),
.UNSPECIFIED.);
#1042=B_SPLINE_CURVE_WITH_KNOTS('',3,(#1028,#1029,#1030,#1031,#1032,#1033,#1034,
#1035,#1036,#1037,#1038,#1039,#1040,#1041),.UNSPECIFIED.,.F.,.F.,(4,1,1,1,1,1,1,
1,1,1,1,4),(0.E0,9.090909090909E-2,1.818181818182E-1,2.727272727273E-1,
3.636363636364E-1,4.545454545455E-1,5.454545454545E-1,6.363636363636E-1,
7.272727272727E-1,8.181818181818E-1,9.090909090909E-1,1.E0),.UNSPECIFIED.);
#1064=B_SPLINE_CURVE_WITH_KNOTS('',3,(#1043,#1044,#1045,#1046,#1047,#1048,#1049,
#1050,#1051,#1052,#1053,#1054,#1055,#1056,#1057,#1058,#1059,#1060,#1061,#1062,
#1063),.UNSPECIFIED.,.F.,.F.,(4,1,1,1,1,1,1,1,1,1,1,1,1,1,1,1,1,1,4),(0.E0,
5.555555555556E-2,1.111111111111E-1,1.666666666667E-1,2.222222222222E-1,
2.777777777778E-1,3.333333333333E-1,3.888888888889E-1,4.444444444444E-1,5.E-1,
5.555555555556E-1,6.111111111111E-1,6.666666666667E-1,7.222222222222E-1,
7.777777777778E-1,8.333333333333E-1,8.888888888889E-1,9.444444444444E-1,1.E0),
.UNSPECIFIED.);
#1086=B_SPLINE_CURVE_WITH_KNOTS('',3,(#1065,#1066,#1067,#1068,#1069,#1070,#1071,
#1072,#1073,#1074,#1075,#1076,#1077,#1078,#1079,#1080,#1081,#1082,#1083,#1084,
#1085),.UNSPECIFIED.,.F.,.F.,(4,1,1,1,1,1,1,1,1,1,1,1,1,1,1,1,1,1,4),(0.E0,
5.555555555556E-2,1.111111111111E-1,1.666666666667E-1,2.222222222222E-1,
2.777777777778E-1,3.333333333333E-1,3.888888888889E-1,4.444444444444E-1,5.E-1,
5.555555555556E-1,6.111111111111E-1,6.666666666667E-1,7.222222222222E-1,
7.777777777778E-1,8.333333333333E-1,8.888888888889E-1,9.444444444444E-1,1.E0),
.UNSPECIFIED.);
#1108=B_SPLINE_CURVE_WITH_KNOTS('',3,(#1087,#1088,#1089,#1090,#1091,#1092,#1093,
#1094,#1095,#1096,#1097,#1098,#1099,#1100,#1101,#1102,#1103,#1104,#1105,#1106,
#1107),.UNSPECIFIED.,.F.,.F.,(4,1,1,1,1,1,1,1,1,1,1,1,1,1,1,1,1,1,4),(0.E0,
5.555555555556E-2,1.111111111111E-1,1.666666666667E-1,2.222222222222E-1,
2.777777777778E-1,3.333333333333E-1,3.888888888889E-1,4.444444444444E-1,5.E-1,
5.555555555556E-1,6.111111111111E-1,6.666666666667E-1,7.222222222222E-1,
7.777777777778E-1,8.333333333333E-1,8.888888888889E-1,9.444444444444E-1,1.E0),
.UNSPECIFIED.);
#1130=B_SPLINE_CURVE_WITH_KNOTS('',3,(#1109,#1110,#1111,#1112,#1113,#1114,#1115,
#1116,#1117,#1118,#1119,#1120,#1121,#1122,#1123,#1124,#1125,#1126,#1127,#1128,
#1129),.UNSPECIFIED.,.F.,.F.,(4,1,1,1,1,1,1,1,1,1,1,1,1,1,1,1,1,1,4),(0.E0,
5.555555555556E-2,1.111111111111E-1,1.666666666667E-1,2.222222222222E-1,
2.777777777778E-1,3.333333333333E-1,3.888888888889E-1,4.444444444444E-1,5.E-1,
5.555555555556E-1,6.111111111111E-1,6.666666666667E-1,7.222222222222E-1,
7.777777777778E-1,8.333333333333E-1,8.888888888889E-1,9.444444444444E-1,1.E0),
.UNSPECIFIED.);
#1140=B_SPLINE_CURVE_WITH_KNOTS('',3,(#1131,#1132,#1133,#1134,#1135,#1136,#1137,
#1138,#1139),.UNSPECIFIED.,.F.,.F.,(4,1,1,1,1,1,4),(0.E0,1.666666666667E-1,
3.333333333333E-1,5.E-1,6.666666666667E-1,8.333333333333E-1,1.E0),
.UNSPECIFIED.);
#1383=B_SPLINE_CURVE_WITH_KNOTS('',3,(#1145,#1146,#1147,#1148,#1149,#1150,#1151,
#1152,#1153,#1154,#1155,#1156,#1157,#1158,#1159,#1160,#1161,#1162,#1163,#1164,
#1165,#1166,#1167,#1168,#1169,#1170,#1171,#1172,#1173,#1174,#1175,#1176,#1177,
#1178,#1179,#1180,#1181,#1182,#1183,#1184,#1185,#1186,#1187,#1188,#1189,#1190,
#1191,#1192,#1193,#1194,#1195,#1196,#1197,#1198,#1199,#1200,#1201,#1202,#1203,
#1204,#1205,#1206,#1207,#1208,#1209,#1210,#1211,#1212,#1213,#1214,#1215,#1216,
#1217,#1218,#1219,#1220,#1221,#1222,#1223,#1224,#1225,#1226,#1227,#1228,#1229,
#1230,#1231,#1232,#1233,#1234,#1235,#1236,#1237,#1238,#1239,#1240,#1241,#1242,
#1243,#1244,#1245,#1246,#1247,#1248,#1249,#1250,#1251,#1252,#1253,#1254,#1255,
#1256,#1257,#1258,#1259,#1260,#1261,#1262,#1263,#1264,#1265,#1266,#1267,#1268,
#1269,#1270,#1271,#1272,#1273,#1274,#1275,#1276,#1277,#1278,#1279,#1280,#1281,
#1282,#1283,#1284,#1285,#1286,#1287,#1288,#1289,#1290,#1291,#1292,#1293,#1294,
#1295,#1296,#1297,#1298,#1299,#1300,#1301,#1302,#1303,#1304,#1305,#1306,#1307,
#1308,#1309,#1310,#1311,#1312,#1313,#1314,#1315,#1316,#1317,#1318,#1319,#1320,
#1321,#1322,#1323,#1324,#1325,#1326,#1327,#1328,#1329,#1330,#1331,#1332,#1333,
#1334,#1335,#1336,#1337,#1338,#1339,#1340,#1341,#1342,#1343,#1344,#1345,#1346,
#1347,#1348,#1349,#1350,#1351,#1352,#1353,#1354,#1355,#1356,#1357,#1358,#1359,
#1360,#1361,#1362,#1363,#1364,#1365,#1366,#1367,#1368,#1369,#1370,#1371,#1372,
#1373,#1374,#1375,#1376,#1377,#1378,#1379,#1380,#1381,#1382),.UNSPECIFIED.,.F.,
.F.,(4,1,1,1,1,1,1,1,1,1,1,1,1,1,1,1,1,1,1,1,1,1,1,1,1,1,1,1,1,1,1,1,1,1,1,1,1,
1,1,1,1,1,1,1,1,1,1,1,1,1,1,1,1,1,1,1,1,1,1,1,1,1,1,1,1,1,1,1,1,1,1,1,1,1,1,1,1,
1,1,1,1,1,1,1,1,1,1,1,1,1,1,1,1,1,1,1,1,1,1,1,1,1,1,1,1,1,1,1,1,1,1,1,1,1,1,1,1,
1,1,1,1,1,1,1,1,1,1,1,1,1,1,1,1,1,1,1,1,1,1,1,1,1,1,1,1,1,1,1,1,1,1,1,1,1,1,1,1,
1,1,1,1,1,1,1,1,1,1,1,1,1,1,1,1,1,1,1,1,1,1,1,1,1,1,1,1,1,1,1,1,1,1,1,1,1,1,1,1,
1,1,1,1,1,1,1,1,1,1,1,1,1,1,1,1,1,1,1,1,1,1,1,1,1,1,1,1,1,1,1,1,1,1,1,1,1,1,4),(
0.E0,4.255319148936E-3,8.510638297872E-3,1.276595744681E-2,1.702127659574E-2,
2.127659574468E-2,2.553191489362E-2,2.978723404255E-2,3.404255319149E-2,
3.829787234043E-2,4.255319148936E-2,4.680851063830E-2,5.106382978723E-2,
5.531914893617E-2,5.957446808511E-2,6.382978723404E-2,6.808510638298E-2,
7.234042553191E-2,7.659574468085E-2,8.085106382979E-2,8.510638297872E-2,
8.936170212766E-2,9.361702127660E-2,9.787234042553E-2,1.021276595745E-1,
1.063829787234E-1,1.106382978723E-1,1.148936170213E-1,1.191489361702E-1,
1.234042553191E-1,1.276595744681E-1,1.319148936170E-1,1.361702127660E-1,
1.404255319149E-1,1.446808510638E-1,1.489361702128E-1,1.531914893617E-1,
1.574468085106E-1,1.617021276596E-1,1.659574468085E-1,1.702127659574E-1,
1.744680851064E-1,1.787234042553E-1,1.829787234043E-1,1.872340425532E-1,
1.914893617021E-1,1.957446808511E-1,2.E-1,2.042553191489E-1,2.085106382979E-1,
2.127659574468E-1,2.170212765957E-1,2.212765957447E-1,2.255319148936E-1,
2.297872340426E-1,2.340425531915E-1,2.382978723404E-1,2.425531914894E-1,
2.468085106383E-1,2.510638297872E-1,2.553191489362E-1,2.595744680851E-1,
2.638297872340E-1,2.680851063830E-1,2.723404255319E-1,2.765957446809E-1,
2.808510638298E-1,2.851063829787E-1,2.893617021277E-1,2.936170212766E-1,
2.978723404255E-1,3.021276595745E-1,3.063829787234E-1,3.106382978723E-1,
3.148936170213E-1,3.191489361702E-1,3.234042553191E-1,3.276595744681E-1,
3.319148936170E-1,3.361702127660E-1,3.404255319149E-1,3.446808510638E-1,
3.489361702128E-1,3.531914893617E-1,3.574468085106E-1,3.617021276596E-1,
3.659574468085E-1,3.702127659574E-1,3.744680851064E-1,3.787234042553E-1,
3.829787234043E-1,3.872340425532E-1,3.914893617021E-1,3.957446808511E-1,4.E-1,
4.042553191489E-1,4.085106382979E-1,4.127659574468E-1,4.170212765957E-1,
4.212765957447E-1,4.255319148936E-1,4.297872340426E-1,4.340425531915E-1,
4.382978723404E-1,4.425531914894E-1,4.468085106383E-1,4.510638297872E-1,
4.553191489362E-1,4.595744680851E-1,4.638297872340E-1,4.680851063830E-1,
4.723404255319E-1,4.765957446809E-1,4.808510638298E-1,4.851063829787E-1,
4.893617021277E-1,4.936170212766E-1,4.978723404255E-1,5.021276595745E-1,
5.063829787234E-1,5.106382978723E-1,5.148936170213E-1,5.191489361702E-1,
5.234042553191E-1,5.276595744681E-1,5.319148936170E-1,5.361702127660E-1,
5.404255319149E-1,5.446808510638E-1,5.489361702128E-1,5.531914893617E-1,
5.574468085106E-1,5.617021276596E-1,5.659574468085E-1,5.702127659574E-1,
5.744680851064E-1,5.787234042553E-1,5.829787234043E-1,5.872340425532E-1,
5.914893617021E-1,5.957446808511E-1,6.E-1,6.042553191489E-1,6.085106382979E-1,
6.127659574468E-1,6.170212765957E-1,6.212765957447E-1,6.255319148936E-1,
6.297872340426E-1,6.340425531915E-1,6.382978723404E-1,6.425531914894E-1,
6.468085106383E-1,6.510638297872E-1,6.553191489362E-1,6.595744680851E-1,
6.638297872340E-1,6.680851063830E-1,6.723404255319E-1,6.765957446809E-1,
6.808510638298E-1,6.851063829787E-1,6.893617021277E-1,6.936170212766E-1,
6.978723404255E-1,7.021276595745E-1,7.063829787234E-1,7.106382978723E-1,
7.148936170213E-1,7.191489361702E-1,7.234042553191E-1,7.276595744681E-1,
7.319148936170E-1,7.361702127660E-1,7.404255319149E-1,7.446808510638E-1,
7.489361702128E-1,7.531914893617E-1,7.574468085106E-1,7.617021276596E-1,
7.659574468085E-1,7.702127659574E-1,7.744680851064E-1,7.787234042553E-1,
7.829787234043E-1,7.872340425532E-1,7.914893617021E-1,7.957446808511E-1,8.E-1,
8.042553191489E-1,8.085106382979E-1,8.127659574468E-1,8.170212765957E-1,
8.212765957447E-1,8.255319148936E-1,8.297872340426E-1,8.340425531915E-1,
8.382978723404E-1,8.425531914894E-1,8.468085106383E-1,8.510638297872E-1,
8.553191489362E-1,8.595744680851E-1,8.638297872340E-1,8.680851063830E-1,
8.723404255319E-1,8.765957446809E-1,8.808510638298E-1,8.851063829787E-1,
8.893617021277E-1,8.936170212766E-1,8.978723404255E-1,9.021276595745E-1,
9.063829787234E-1,9.106382978723E-1,9.148936170213E-1,9.191489361702E-1,
9.234042553191E-1,9.276595744681E-1,9.319148936170E-1,9.361702127660E-1,
9.404255319149E-1,9.446808510638E-1,9.489361702128E-1,9.531914893617E-1,
9.574468085106E-1,9.617021276596E-1,9.659574468085E-1,9.702127659574E-1,
9.744680851064E-1,9.787234042553E-1,9.829787234043E-1,9.872340425532E-1,
9.914893617021E-1,9.957446808511E-1,1.E0),.UNSPECIFIED.);
#1405=B_SPLINE_CURVE_WITH_KNOTS('',3,(#1384,#1385,#1386,#1387,#1388,#1389,#1390,
#1391,#1392,#1393,#1394,#1395,#1396,#1397,#1398,#1399,#1400,#1401,#1402,#1403,
#1404),.UNSPECIFIED.,.F.,.F.,(4,1,1,1,1,1,1,1,1,1,1,1,1,1,1,1,1,1,4),(0.E0,
5.555555555556E-2,1.111111111111E-1,1.666666666667E-1,2.222222222222E-1,
2.777777777778E-1,3.333333333333E-1,3.888888888889E-1,4.444444444444E-1,5.E-1,
5.555555555556E-1,6.111111111111E-1,6.666666666667E-1,7.222222222222E-1,
7.777777777778E-1,8.333333333333E-1,8.888888888889E-1,9.444444444444E-1,1.E0),
.UNSPECIFIED.);
#1427=B_SPLINE_CURVE_WITH_KNOTS('',3,(#1406,#1407,#1408,#1409,#1410,#1411,#1412,
#1413,#1414,#1415,#1416,#1417,#1418,#1419,#1420,#1421,#1422,#1423,#1424,#1425,
#1426),.UNSPECIFIED.,.F.,.F.,(4,1,1,1,1,1,1,1,1,1,1,1,1,1,1,1,1,1,4),(0.E0,
5.555555555556E-2,1.111111111111E-1,1.666666666667E-1,2.222222222222E-1,
2.777777777778E-1,3.333333333333E-1,3.888888888889E-1,4.444444444444E-1,5.E-1,
5.555555555556E-1,6.111111111111E-1,6.666666666667E-1,7.222222222222E-1,
7.777777777778E-1,8.333333333333E-1,8.888888888889E-1,9.444444444444E-1,1.E0),
.UNSPECIFIED.);
#1461=B_SPLINE_CURVE_WITH_KNOTS('',3,(#1440,#1441,#1442,#1443,#1444,#1445,#1446,
#1447,#1448,#1449,#1450,#1451,#1452,#1453,#1454,#1455,#1456,#1457,#1458,#1459,
#1460),.UNSPECIFIED.,.F.,.F.,(4,1,1,1,1,1,1,1,1,1,1,1,1,1,1,1,1,1,4),(0.E0,
5.555555555556E-2,1.111111111111E-1,1.666666666667E-1,2.222222222222E-1,
2.777777777778E-1,3.333333333333E-1,3.888888888889E-1,4.444444444444E-1,5.E-1,
5.555555555556E-1,6.111111111111E-1,6.666666666667E-1,7.222222222222E-1,
7.777777777778E-1,8.333333333333E-1,8.888888888889E-1,9.444444444444E-1,1.E0),
.UNSPECIFIED.);
#1483=B_SPLINE_CURVE_WITH_KNOTS('',3,(#1462,#1463,#1464,#1465,#1466,#1467,#1468,
#1469,#1470,#1471,#1472,#1473,#1474,#1475,#1476,#1477,#1478,#1479,#1480,#1481,
#1482),.UNSPECIFIED.,.F.,.F.,(4,1,1,1,1,1,1,1,1,1,1,1,1,1,1,1,1,1,4),(0.E0,
5.555555555556E-2,1.111111111111E-1,1.666666666667E-1,2.222222222222E-1,
2.777777777778E-1,3.333333333333E-1,3.888888888889E-1,4.444444444444E-1,5.E-1,
5.555555555556E-1,6.111111111111E-1,6.666666666667E-1,7.222222222222E-1,
7.777777777778E-1,8.333333333333E-1,8.888888888889E-1,9.444444444444E-1,1.E0),
.UNSPECIFIED.);
#1505=B_SPLINE_CURVE_WITH_KNOTS('',3,(#1484,#1485,#1486,#1487,#1488,#1489,#1490,
#1491,#1492,#1493,#1494,#1495,#1496,#1497,#1498,#1499,#1500,#1501,#1502,#1503,
#1504),.UNSPECIFIED.,.F.,.F.,(4,1,1,1,1,1,1,1,1,1,1,1,1,1,1,1,1,1,4),(0.E0,
5.555555555556E-2,1.111111111111E-1,1.666666666667E-1,2.222222222222E-1,
2.777777777778E-1,3.333333333333E-1,3.888888888889E-1,4.444444444444E-1,5.E-1,
5.555555555556E-1,6.111111111111E-1,6.666666666667E-1,7.222222222222E-1,
7.777777777778E-1,8.333333333333E-1,8.888888888889E-1,9.444444444444E-1,1.E0),
.UNSPECIFIED.);
#1519=B_SPLINE_CURVE_WITH_KNOTS('',3,(#1510,#1511,#1512,#1513,#1514,#1515,#1516,
#1517,#1518),.UNSPECIFIED.,.F.,.F.,(4,1,1,1,1,1,4),(0.E0,1.666666666667E-1,
3.333333333333E-1,5.E-1,6.666666666667E-1,8.333333333333E-1,1.E0),
.UNSPECIFIED.);
#1553=B_SPLINE_CURVE_WITH_KNOTS('',3,(#1520,#1521,#1522,#1523,#1524,#1525,#1526,
#1527,#1528,#1529,#1530,#1531,#1532,#1533,#1534,#1535,#1536,#1537,#1538,#1539,
#1540,#1541,#1542,#1543,#1544,#1545,#1546,#1547,#1548,#1549,#1550,#1551,#1552),
.UNSPECIFIED.,.F.,.F.,(4,1,1,1,1,1,1,1,1,1,1,1,1,1,1,1,1,1,1,1,1,1,1,1,1,1,1,1,
1,1,4),(0.E0,3.333333333333E-2,6.666666666667E-2,1.E-1,1.333333333333E-1,
1.666666666667E-1,2.E-1,2.333333333333E-1,2.666666666667E-1,3.E-1,
3.333333333333E-1,3.666666666667E-1,4.E-1,4.333333333333E-1,4.666666666667E-1,
5.E-1,5.333333333333E-1,5.666666666667E-1,6.E-1,6.333333333333E-1,
6.666666666667E-1,7.E-1,7.333333333333E-1,7.666666666667E-1,8.E-1,
8.333333333333E-1,8.666666666667E-1,9.E-1,9.333333333333E-1,9.666666666667E-1,
1.E0),.UNSPECIFIED.);
#1587=B_SPLINE_CURVE_WITH_KNOTS('',3,(#1566,#1567,#1568,#1569,#1570,#1571,#1572,
#1573,#1574,#1575,#1576,#1577,#1578,#1579,#1580,#1581,#1582,#1583,#1584,#1585,
#1586),.UNSPECIFIED.,.F.,.F.,(4,1,1,1,1,1,1,1,1,1,1,1,1,1,1,1,1,1,4),(0.E0,
5.555555555556E-2,1.111111111111E-1,1.666666666667E-1,2.222222222222E-1,
2.777777777778E-1,3.333333333333E-1,3.888888888889E-1,4.444444444444E-1,5.E-1,
5.555555555556E-1,6.111111111111E-1,6.666666666667E-1,7.222222222222E-1,
7.777777777778E-1,8.333333333333E-1,8.888888888889E-1,9.444444444444E-1,1.E0),
.UNSPECIFIED.);
#1609=B_SPLINE_CURVE_WITH_KNOTS('',3,(#1588,#1589,#1590,#1591,#1592,#1593,#1594,
#1595,#1596,#1597,#1598,#1599,#1600,#1601,#1602,#1603,#1604,#1605,#1606,#1607,
#1608),.UNSPECIFIED.,.F.,.F.,(4,1,1,1,1,1,1,1,1,1,1,1,1,1,1,1,1,1,4),(0.E0,
5.555555555556E-2,1.111111111111E-1,1.666666666667E-1,2.222222222222E-1,
2.777777777778E-1,3.333333333333E-1,3.888888888889E-1,4.444444444444E-1,5.E-1,
5.555555555556E-1,6.111111111111E-1,6.666666666667E-1,7.222222222222E-1,
7.777777777778E-1,8.333333333333E-1,8.888888888889E-1,9.444444444444E-1,1.E0),
.UNSPECIFIED.);
#1631=B_SPLINE_CURVE_WITH_KNOTS('',3,(#1610,#1611,#1612,#1613,#1614,#1615,#1616,
#1617,#1618,#1619,#1620,#1621,#1622,#1623,#1624,#1625,#1626,#1627,#1628,#1629,
#1630),.UNSPECIFIED.,.F.,.F.,(4,1,1,1,1,1,1,1,1,1,1,1,1,1,1,1,1,1,4),(0.E0,
5.555555555556E-2,1.111111111111E-1,1.666666666667E-1,2.222222222222E-1,
2.777777777778E-1,3.333333333333E-1,3.888888888889E-1,4.444444444444E-1,5.E-1,
5.555555555556E-1,6.111111111111E-1,6.666666666667E-1,7.222222222222E-1,
7.777777777778E-1,8.333333333333E-1,8.888888888889E-1,9.444444444444E-1,1.E0),
.UNSPECIFIED.);
#1653=B_SPLINE_CURVE_WITH_KNOTS('',3,(#1632,#1633,#1634,#1635,#1636,#1637,#1638,
#1639,#1640,#1641,#1642,#1643,#1644,#1645,#1646,#1647,#1648,#1649,#1650,#1651,
#1652),.UNSPECIFIED.,.F.,.F.,(4,1,1,1,1,1,1,1,1,1,1,1,1,1,1,1,1,1,4),(0.E0,
5.555555555556E-2,1.111111111111E-1,1.666666666667E-1,2.222222222222E-1,
2.777777777778E-1,3.333333333333E-1,3.888888888889E-1,4.444444444444E-1,5.E-1,
5.555555555556E-1,6.111111111111E-1,6.666666666667E-1,7.222222222222E-1,
7.777777777778E-1,8.333333333333E-1,8.888888888889E-1,9.444444444444E-1,1.E0),
.UNSPECIFIED.);
#1675=B_SPLINE_CURVE_WITH_KNOTS('',3,(#1654,#1655,#1656,#1657,#1658,#1659,#1660,
#1661,#1662,#1663,#1664,#1665,#1666,#1667,#1668,#1669,#1670,#1671,#1672,#1673,
#1674),.UNSPECIFIED.,.F.,.F.,(4,1,1,1,1,1,1,1,1,1,1,1,1,1,1,1,1,1,4),(0.E0,
5.555555555556E-2,1.111111111111E-1,1.666666666667E-1,2.222222222222E-1,
2.777777777778E-1,3.333333333333E-1,3.888888888889E-1,4.444444444444E-1,5.E-1,
5.555555555556E-1,6.111111111111E-1,6.666666666667E-1,7.222222222222E-1,
7.777777777778E-1,8.333333333333E-1,8.888888888889E-1,9.444444444444E-1,1.E0),
.UNSPECIFIED.);
#1691=B_SPLINE_CURVE_WITH_KNOTS('',3,(#1676,#1677,#1678,#1679,#1680,#1681,#1682,
#1683,#1684,#1685,#1686,#1687,#1688,#1689,#1690),.UNSPECIFIED.,.F.,.F.,(4,1,1,1,
1,1,1,1,1,1,1,1,4),(0.E0,8.333333333333E-2,1.666666666667E-1,2.5E-1,
3.333333333333E-1,4.166666666667E-1,5.E-1,5.833333333333E-1,6.666666666667E-1,
7.5E-1,8.333333333333E-1,9.166666666667E-1,1.E0),.UNSPECIFIED.);
#1717=B_SPLINE_CURVE_WITH_KNOTS('',3,(#1696,#1697,#1698,#1699,#1700,#1701,#1702,
#1703,#1704,#1705,#1706,#1707,#1708,#1709,#1710,#1711,#1712,#1713,#1714,#1715,
#1716),.UNSPECIFIED.,.F.,.F.,(4,1,1,1,1,1,1,1,1,1,1,1,1,1,1,1,1,1,4),(0.E0,
5.555555555556E-2,1.111111111111E-1,1.666666666667E-1,2.222222222222E-1,
2.777777777778E-1,3.333333333333E-1,3.888888888889E-1,4.444444444444E-1,5.E-1,
5.555555555556E-1,6.111111111111E-1,6.666666666667E-1,7.222222222222E-1,
7.777777777778E-1,8.333333333333E-1,8.888888888889E-1,9.444444444444E-1,1.E0),
.UNSPECIFIED.);
#1743=B_SPLINE_CURVE_WITH_KNOTS('',3,(#1722,#1723,#1724,#1725,#1726,#1727,#1728,
#1729,#1730,#1731,#1732,#1733,#1734,#1735,#1736,#1737,#1738,#1739,#1740,#1741,
#1742),.UNSPECIFIED.,.F.,.F.,(4,1,1,1,1,1,1,1,1,1,1,1,1,1,1,1,1,1,4),(0.E0,
5.555555555556E-2,1.111111111111E-1,1.666666666667E-1,2.222222222222E-1,
2.777777777778E-1,3.333333333333E-1,3.888888888889E-1,4.444444444444E-1,5.E-1,
5.555555555556E-1,6.111111111111E-1,6.666666666667E-1,7.222222222222E-1,
7.777777777778E-1,8.333333333333E-1,8.888888888889E-1,9.444444444444E-1,1.E0),
.UNSPECIFIED.);
#1765=B_SPLINE_CURVE_WITH_KNOTS('',3,(#1744,#1745,#1746,#1747,#1748,#1749,#1750,
#1751,#1752,#1753,#1754,#1755,#1756,#1757,#1758,#1759,#1760,#1761,#1762,#1763,
#1764),.UNSPECIFIED.,.F.,.F.,(4,1,1,1,1,1,1,1,1,1,1,1,1,1,1,1,1,1,4),(0.E0,
5.555555555556E-2,1.111111111111E-1,1.666666666667E-1,2.222222222222E-1,
2.777777777778E-1,3.333333333333E-1,3.888888888889E-1,4.444444444444E-1,5.E-1,
5.555555555556E-1,6.111111111111E-1,6.666666666667E-1,7.222222222222E-1,
7.777777777778E-1,8.333333333333E-1,8.888888888889E-1,9.444444444444E-1,1.E0),
.UNSPECIFIED.);
#1787=B_SPLINE_CURVE_WITH_KNOTS('',3,(#1766,#1767,#1768,#1769,#1770,#1771,#1772,
#1773,#1774,#1775,#1776,#1777,#1778,#1779,#1780,#1781,#1782,#1783,#1784,#1785,
#1786),.UNSPECIFIED.,.F.,.F.,(4,1,1,1,1,1,1,1,1,1,1,1,1,1,1,1,1,1,4),(0.E0,
5.555555555556E-2,1.111111111111E-1,1.666666666667E-1,2.222222222222E-1,
2.777777777778E-1,3.333333333333E-1,3.888888888889E-1,4.444444444444E-1,5.E-1,
5.555555555556E-1,6.111111111111E-1,6.666666666667E-1,7.222222222222E-1,
7.777777777778E-1,8.333333333333E-1,8.888888888889E-1,9.444444444444E-1,1.E0),
.UNSPECIFIED.);
#1809=B_SPLINE_CURVE_WITH_KNOTS('',3,(#1788,#1789,#1790,#1791,#1792,#1793,#1794,
#1795,#1796,#1797,#1798,#1799,#1800,#1801,#1802,#1803,#1804,#1805,#1806,#1807,
#1808),.UNSPECIFIED.,.F.,.F.,(4,1,1,1,1,1,1,1,1,1,1,1,1,1,1,1,1,1,4),(0.E0,
5.555555555556E-2,1.111111111111E-1,1.666666666667E-1,2.222222222222E-1,
2.777777777778E-1,3.333333333333E-1,3.888888888889E-1,4.444444444444E-1,5.E-1,
5.555555555556E-1,6.111111111111E-1,6.666666666667E-1,7.222222222222E-1,
7.777777777778E-1,8.333333333333E-1,8.888888888889E-1,9.444444444444E-1,1.E0),
.UNSPECIFIED.);
#2052=B_SPLINE_CURVE_WITH_KNOTS('',3,(#1814,#1815,#1816,#1817,#1818,#1819,#1820,
#1821,#1822,#1823,#1824,#1825,#1826,#1827,#1828,#1829,#1830,#1831,#1832,#1833,
#1834,#1835,#1836,#1837,#1838,#1839,#1840,#1841,#1842,#1843,#1844,#1845,#1846,
#1847,#1848,#1849,#1850,#1851,#1852,#1853,#1854,#1855,#1856,#1857,#1858,#1859,
#1860,#1861,#1862,#1863,#1864,#1865,#1866,#1867,#1868,#1869,#1870,#1871,#1872,
#1873,#1874,#1875,#1876,#1877,#1878,#1879,#1880,#1881,#1882,#1883,#1884,#1885,
#1886,#1887,#1888,#1889,#1890,#1891,#1892,#1893,#1894,#1895,#1896,#1897,#1898,
#1899,#1900,#1901,#1902,#1903,#1904,#1905,#1906,#1907,#1908,#1909,#1910,#1911,
#1912,#1913,#1914,#1915,#1916,#1917,#1918,#1919,#1920,#1921,#1922,#1923,#1924,
#1925,#1926,#1927,#1928,#1929,#1930,#1931,#1932,#1933,#1934,#1935,#1936,#1937,
#1938,#1939,#1940,#1941,#1942,#1943,#1944,#1945,#1946,#1947,#1948,#1949,#1950,
#1951,#1952,#1953,#1954,#1955,#1956,#1957,#1958,#1959,#1960,#1961,#1962,#1963,
#1964,#1965,#1966,#1967,#1968,#1969,#1970,#1971,#1972,#1973,#1974,#1975,#1976,
#1977,#1978,#1979,#1980,#1981,#1982,#1983,#1984,#1985,#1986,#1987,#1988,#1989,
#1990,#1991,#1992,#1993,#1994,#1995,#1996,#1997,#1998,#1999,#2000,#2001,#2002,
#2003,#2004,#2005,#2006,#2007,#2008,#2009,#2010,#2011,#2012,#2013,#2014,#2015,
#2016,#2017,#2018,#2019,#2020,#2021,#2022,#2023,#2024,#2025,#2026,#2027,#2028,
#2029,#2030,#2031,#2032,#2033,#2034,#2035,#2036,#2037,#2038,#2039,#2040,#2041,
#2042,#2043,#2044,#2045,#2046,#2047,#2048,#2049,#2050,#2051),.UNSPECIFIED.,.F.,
.F.,(4,1,1,1,1,1,1,1,1,1,1,1,1,1,1,1,1,1,1,1,1,1,1,1,1,1,1,1,1,1,1,1,1,1,1,1,1,
1,1,1,1,1,1,1,1,1,1,1,1,1,1,1,1,1,1,1,1,1,1,1,1,1,1,1,1,1,1,1,1,1,1,1,1,1,1,1,1,
1,1,1,1,1,1,1,1,1,1,1,1,1,1,1,1,1,1,1,1,1,1,1,1,1,1,1,1,1,1,1,1,1,1,1,1,1,1,1,1,
1,1,1,1,1,1,1,1,1,1,1,1,1,1,1,1,1,1,1,1,1,1,1,1,1,1,1,1,1,1,1,1,1,1,1,1,1,1,1,1,
1,1,1,1,1,1,1,1,1,1,1,1,1,1,1,1,1,1,1,1,1,1,1,1,1,1,1,1,1,1,1,1,1,1,1,1,1,1,1,1,
1,1,1,1,1,1,1,1,1,1,1,1,1,1,1,1,1,1,1,1,1,1,1,1,1,1,1,1,1,1,1,1,1,1,1,1,1,1,4),(
0.E0,4.255319148936E-3,8.510638297872E-3,1.276595744681E-2,1.702127659574E-2,
2.127659574468E-2,2.553191489362E-2,2.978723404255E-2,3.404255319149E-2,
3.829787234043E-2,4.255319148936E-2,4.680851063830E-2,5.106382978723E-2,
5.531914893617E-2,5.957446808511E-2,6.382978723404E-2,6.808510638298E-2,
7.234042553191E-2,7.659574468085E-2,8.085106382979E-2,8.510638297872E-2,
8.936170212766E-2,9.361702127660E-2,9.787234042553E-2,1.021276595745E-1,
1.063829787234E-1,1.106382978723E-1,1.148936170213E-1,1.191489361702E-1,
1.234042553191E-1,1.276595744681E-1,1.319148936170E-1,1.361702127660E-1,
1.404255319149E-1,1.446808510638E-1,1.489361702128E-1,1.531914893617E-1,
1.574468085106E-1,1.617021276596E-1,1.659574468085E-1,1.702127659574E-1,
1.744680851064E-1,1.787234042553E-1,1.829787234043E-1,1.872340425532E-1,
1.914893617021E-1,1.957446808511E-1,2.E-1,2.042553191489E-1,2.085106382979E-1,
2.127659574468E-1,2.170212765957E-1,2.212765957447E-1,2.255319148936E-1,
2.297872340426E-1,2.340425531915E-1,2.382978723404E-1,2.425531914894E-1,
2.468085106383E-1,2.510638297872E-1,2.553191489362E-1,2.595744680851E-1,
2.638297872340E-1,2.680851063830E-1,2.723404255319E-1,2.765957446809E-1,
2.808510638298E-1,2.851063829787E-1,2.893617021277E-1,2.936170212766E-1,
2.978723404255E-1,3.021276595745E-1,3.063829787234E-1,3.106382978723E-1,
3.148936170213E-1,3.191489361702E-1,3.234042553191E-1,3.276595744681E-1,
3.319148936170E-1,3.361702127660E-1,3.404255319149E-1,3.446808510638E-1,
3.489361702128E-1,3.531914893617E-1,3.574468085106E-1,3.617021276596E-1,
3.659574468085E-1,3.702127659574E-1,3.744680851064E-1,3.787234042553E-1,
3.829787234043E-1,3.872340425532E-1,3.914893617021E-1,3.957446808511E-1,4.E-1,
4.042553191489E-1,4.085106382979E-1,4.127659574468E-1,4.170212765957E-1,
4.212765957447E-1,4.255319148936E-1,4.297872340426E-1,4.340425531915E-1,
4.382978723404E-1,4.425531914894E-1,4.468085106383E-1,4.510638297872E-1,
4.553191489362E-1,4.595744680851E-1,4.638297872340E-1,4.680851063830E-1,
4.723404255319E-1,4.765957446809E-1,4.808510638298E-1,4.851063829787E-1,
4.893617021277E-1,4.936170212766E-1,4.978723404255E-1,5.021276595745E-1,
5.063829787234E-1,5.106382978723E-1,5.148936170213E-1,5.191489361702E-1,
5.234042553191E-1,5.276595744681E-1,5.319148936170E-1,5.361702127660E-1,
5.404255319149E-1,5.446808510638E-1,5.489361702128E-1,5.531914893617E-1,
5.574468085106E-1,5.617021276596E-1,5.659574468085E-1,5.702127659574E-1,
5.744680851064E-1,5.787234042553E-1,5.829787234043E-1,5.872340425532E-1,
5.914893617021E-1,5.957446808511E-1,6.E-1,6.042553191489E-1,6.085106382979E-1,
6.127659574468E-1,6.170212765957E-1,6.212765957447E-1,6.255319148936E-1,
6.297872340426E-1,6.340425531915E-1,6.382978723404E-1,6.425531914894E-1,
6.468085106383E-1,6.510638297872E-1,6.553191489362E-1,6.595744680851E-1,
6.638297872340E-1,6.680851063830E-1,6.723404255319E-1,6.765957446809E-1,
6.808510638298E-1,6.851063829787E-1,6.893617021277E-1,6.936170212766E-1,
6.978723404255E-1,7.021276595745E-1,7.063829787234E-1,7.106382978723E-1,
7.148936170213E-1,7.191489361702E-1,7.234042553191E-1,7.276595744681E-1,
7.319148936170E-1,7.361702127660E-1,7.404255319149E-1,7.446808510638E-1,
7.489361702128E-1,7.531914893617E-1,7.574468085106E-1,7.617021276596E-1,
7.659574468085E-1,7.702127659574E-1,7.744680851064E-1,7.787234042553E-1,
7.829787234043E-1,7.872340425532E-1,7.914893617021E-1,7.957446808511E-1,8.E-1,
8.042553191489E-1,8.085106382979E-1,8.127659574468E-1,8.170212765957E-1,
8.212765957447E-1,8.255319148936E-1,8.297872340426E-1,8.340425531915E-1,
8.382978723404E-1,8.425531914894E-1,8.468085106383E-1,8.510638297872E-1,
8.553191489362E-1,8.595744680851E-1,8.638297872340E-1,8.680851063830E-1,
8.723404255319E-1,8.765957446809E-1,8.808510638298E-1,8.851063829787E-1,
8.893617021277E-1,8.936170212766E-1,8.978723404255E-1,9.021276595745E-1,
9.063829787234E-1,9.106382978723E-1,9.148936170213E-1,9.191489361702E-1,
9.234042553191E-1,9.276595744681E-1,9.319148936170E-1,9.361702127660E-1,
9.404255319149E-1,9.446808510638E-1,9.489361702128E-1,9.531914893617E-1,
9.574468085106E-1,9.617021276596E-1,9.659574468085E-1,9.702127659574E-1,
9.744680851064E-1,9.787234042553E-1,9.829787234043E-1,9.872340425532E-1,
9.914893617021E-1,9.957446808511E-1,1.E0),.UNSPECIFIED.);
#2068=B_SPLINE_CURVE_WITH_KNOTS('',3,(#2053,#2054,#2055,#2056,#2057,#2058,#2059,
#2060,#2061,#2062,#2063,#2064,#2065,#2066,#2067),.UNSPECIFIED.,.F.,.F.,(4,1,1,1,
1,1,1,1,1,1,1,1,4),(0.E0,8.333333333333E-2,1.666666666667E-1,2.5E-1,
3.333333333333E-1,4.166666666667E-1,5.E-1,5.833333333333E-1,6.666666666667E-1,
7.5E-1,8.333333333333E-1,9.166666666667E-1,1.E0),.UNSPECIFIED.);
#2090=B_SPLINE_CURVE_WITH_KNOTS('',3,(#2069,#2070,#2071,#2072,#2073,#2074,#2075,
#2076,#2077,#2078,#2079,#2080,#2081,#2082,#2083,#2084,#2085,#2086,#2087,#2088,
#2089),.UNSPECIFIED.,.F.,.F.,(4,1,1,1,1,1,1,1,1,1,1,1,1,1,1,1,1,1,4),(0.E0,
5.555555555556E-2,1.111111111111E-1,1.666666666667E-1,2.222222222222E-1,
2.777777777778E-1,3.333333333333E-1,3.888888888889E-1,4.444444444444E-1,5.E-1,
5.555555555556E-1,6.111111111111E-1,6.666666666667E-1,7.222222222222E-1,
7.777777777778E-1,8.333333333333E-1,8.888888888889E-1,9.444444444444E-1,1.E0),
.UNSPECIFIED.);
#2112=B_SPLINE_CURVE_WITH_KNOTS('',3,(#2091,#2092,#2093,#2094,#2095,#2096,#2097,
#2098,#2099,#2100,#2101,#2102,#2103,#2104,#2105,#2106,#2107,#2108,#2109,#2110,
#2111),.UNSPECIFIED.,.F.,.F.,(4,1,1,1,1,1,1,1,1,1,1,1,1,1,1,1,1,1,4),(0.E0,
5.555555555556E-2,1.111111111111E-1,1.666666666667E-1,2.222222222222E-1,
2.777777777778E-1,3.333333333333E-1,3.888888888889E-1,4.444444444444E-1,5.E-1,
5.555555555556E-1,6.111111111111E-1,6.666666666667E-1,7.222222222222E-1,
7.777777777778E-1,8.333333333333E-1,8.888888888889E-1,9.444444444444E-1,1.E0),
.UNSPECIFIED.);
#2138=B_SPLINE_CURVE_WITH_KNOTS('',3,(#2117,#2118,#2119,#2120,#2121,#2122,#2123,
#2124,#2125,#2126,#2127,#2128,#2129,#2130,#2131,#2132,#2133,#2134,#2135,#2136,
#2137),.UNSPECIFIED.,.F.,.F.,(4,1,1,1,1,1,1,1,1,1,1,1,1,1,1,1,1,1,4),(0.E0,
5.555555555556E-2,1.111111111111E-1,1.666666666667E-1,2.222222222222E-1,
2.777777777778E-1,3.333333333333E-1,3.888888888889E-1,4.444444444444E-1,5.E-1,
5.555555555556E-1,6.111111111111E-1,6.666666666667E-1,7.222222222222E-1,
7.777777777778E-1,8.333333333333E-1,8.888888888889E-1,9.444444444444E-1,1.E0),
.UNSPECIFIED.);
#2147=CIRCLE('',#2146,3.5E0);
#2166=B_SPLINE_CURVE_WITH_KNOTS('',3,(#2148,#2149,#2150,#2151,#2152,#2153,#2154,
#2155,#2156,#2157,#2158,#2159,#2160,#2161,#2162,#2163,#2164,#2165),
.UNSPECIFIED.,.F.,.F.,(4,1,1,1,1,1,1,1,1,1,1,1,1,1,1,4),(0.E0,6.666666666667E-2,
1.333333333333E-1,2.E-1,2.666666666667E-1,3.333333333333E-1,4.E-1,
4.666666666667E-1,5.333333333333E-1,6.E-1,6.666666666667E-1,7.333333333333E-1,
8.E-1,8.666666666667E-1,9.333333333333E-1,1.E0),.UNSPECIFIED.);
#2185=B_SPLINE_CURVE_WITH_KNOTS('',3,(#2167,#2168,#2169,#2170,#2171,#2172,#2173,
#2174,#2175,#2176,#2177,#2178,#2179,#2180,#2181,#2182,#2183,#2184),
.UNSPECIFIED.,.F.,.F.,(4,1,1,1,1,1,1,1,1,1,1,1,1,1,1,4),(0.E0,6.666666666667E-2,
1.333333333333E-1,2.E-1,2.666666666667E-1,3.333333333333E-1,4.E-1,
4.666666666667E-1,5.333333333333E-1,6.E-1,6.666666666667E-1,7.333333333333E-1,
8.E-1,8.666666666667E-1,9.333333333333E-1,1.E0),.UNSPECIFIED.);
#2190=CIRCLE('',#2189,3.E0);
#2195=CIRCLE('',#2194,3.E0);
#2217=B_SPLINE_CURVE_WITH_KNOTS('',3,(#2196,#2197,#2198,#2199,#2200,#2201,#2202,
#2203,#2204,#2205,#2206,#2207,#2208,#2209,#2210,#2211,#2212,#2213,#2214,#2215,
#2216),.UNSPECIFIED.,.F.,.F.,(4,1,1,1,1,1,1,1,1,1,1,1,1,1,1,1,1,1,4),(0.E0,
5.555555555556E-2,1.111111111111E-1,1.666666666667E-1,2.222222222222E-1,
2.777777777778E-1,3.333333333333E-1,3.888888888889E-1,4.444444444444E-1,5.E-1,
5.555555555556E-1,6.111111111111E-1,6.666666666667E-1,7.222222222222E-1,
7.777777777778E-1,8.333333333333E-1,8.888888888889E-1,9.444444444444E-1,1.E0),
.UNSPECIFIED.);
#2224=B_SPLINE_CURVE_WITH_KNOTS('',3,(#2218,#2219,#2220,#2221,#2222,#2223),
.UNSPECIFIED.,.F.,.F.,(4,1,1,4),(0.E0,3.333333333333E-1,6.666666666667E-1,1.E0),
.UNSPECIFIED.);
#2234=B_SPLINE_CURVE_WITH_KNOTS('',3,(#2225,#2226,#2227,#2228,#2229,#2230,#2231,
#2232,#2233),.UNSPECIFIED.,.F.,.F.,(4,1,1,1,1,1,4),(0.E0,1.666666666667E-1,
3.333333333333E-1,5.E-1,6.666666666667E-1,8.333333333333E-1,1.E0),
.UNSPECIFIED.);
#2256=B_SPLINE_CURVE_WITH_KNOTS('',3,(#2235,#2236,#2237,#2238,#2239,#2240,#2241,
#2242,#2243,#2244,#2245,#2246,#2247,#2248,#2249,#2250,#2251,#2252,#2253,#2254,
#2255),.UNSPECIFIED.,.F.,.F.,(4,1,1,1,1,1,1,1,1,1,1,1,1,1,1,1,1,1,4),(0.E0,
5.555555555556E-2,1.111111111111E-1,1.666666666667E-1,2.222222222222E-1,
2.777777777778E-1,3.333333333333E-1,3.888888888889E-1,4.444444444444E-1,5.E-1,
5.555555555556E-1,6.111111111111E-1,6.666666666667E-1,7.222222222222E-1,
7.777777777778E-1,8.333333333333E-1,8.888888888889E-1,9.444444444444E-1,1.E0),
.UNSPECIFIED.);
#2334=B_SPLINE_CURVE_WITH_KNOTS('',3,(#2261,#2262,#2263,#2264,#2265,#2266,#2267,
#2268,#2269,#2270,#2271,#2272,#2273,#2274,#2275,#2276,#2277,#2278,#2279,#2280,
#2281,#2282,#2283,#2284,#2285,#2286,#2287,#2288,#2289,#2290,#2291,#2292,#2293,
#2294,#2295,#2296,#2297,#2298,#2299,#2300,#2301,#2302,#2303,#2304,#2305,#2306,
#2307,#2308,#2309,#2310,#2311,#2312,#2313,#2314,#2315,#2316,#2317,#2318,#2319,
#2320,#2321,#2322,#2323,#2324,#2325,#2326,#2327,#2328,#2329,#2330,#2331,#2332,
#2333),.UNSPECIFIED.,.F.,.F.,(4,1,1,1,1,1,1,1,1,1,1,1,1,1,1,1,1,1,1,1,1,1,1,1,1,
1,1,1,1,1,1,1,1,1,1,1,1,1,1,1,1,1,1,1,1,1,1,1,1,1,1,1,1,1,1,1,1,1,1,1,1,1,1,1,1,
1,1,1,1,1,4),(0.E0,1.428571428571E-2,2.857142857143E-2,4.285714285714E-2,
5.714285714286E-2,7.142857142857E-2,8.571428571429E-2,1.E-1,1.142857142857E-1,
1.285714285714E-1,1.428571428571E-1,1.571428571429E-1,1.714285714286E-1,
1.857142857143E-1,2.E-1,2.142857142857E-1,2.285714285714E-1,2.428571428571E-1,
2.571428571429E-1,2.714285714286E-1,2.857142857143E-1,3.E-1,3.142857142857E-1,
3.285714285714E-1,3.428571428571E-1,3.571428571429E-1,3.714285714286E-1,
3.857142857143E-1,4.E-1,4.142857142857E-1,4.285714285714E-1,4.428571428571E-1,
4.571428571429E-1,4.714285714286E-1,4.857142857143E-1,5.E-1,5.142857142857E-1,
5.285714285714E-1,5.428571428571E-1,5.571428571429E-1,5.714285714286E-1,
5.857142857143E-1,6.E-1,6.142857142857E-1,6.285714285714E-1,6.428571428571E-1,
6.571428571429E-1,6.714285714286E-1,6.857142857143E-1,7.E-1,7.142857142857E-1,
7.285714285714E-1,7.428571428571E-1,7.571428571429E-1,7.714285714286E-1,
7.857142857143E-1,8.E-1,8.142857142857E-1,8.285714285714E-1,8.428571428571E-1,
8.571428571429E-1,8.714285714286E-1,8.857142857143E-1,9.E-1,9.142857142857E-1,
9.285714285714E-1,9.428571428571E-1,9.571428571429E-1,9.714285714286E-1,
9.857142857143E-1,1.E0),.UNSPECIFIED.);
#2356=B_SPLINE_CURVE_WITH_KNOTS('',3,(#2335,#2336,#2337,#2338,#2339,#2340,#2341,
#2342,#2343,#2344,#2345,#2346,#2347,#2348,#2349,#2350,#2351,#2352,#2353,#2354,
#2355),.UNSPECIFIED.,.F.,.F.,(4,1,1,1,1,1,1,1,1,1,1,1,1,1,1,1,1,1,4),(0.E0,
5.555555555556E-2,1.111111111111E-1,1.666666666667E-1,2.222222222222E-1,
2.777777777778E-1,3.333333333333E-1,3.888888888889E-1,4.444444444444E-1,5.E-1,
5.555555555556E-1,6.111111111111E-1,6.666666666667E-1,7.222222222222E-1,
7.777777777778E-1,8.333333333333E-1,8.888888888889E-1,9.444444444444E-1,1.E0),
.UNSPECIFIED.);
#2382=B_SPLINE_CURVE_WITH_KNOTS('',3,(#2361,#2362,#2363,#2364,#2365,#2366,#2367,
#2368,#2369,#2370,#2371,#2372,#2373,#2374,#2375,#2376,#2377,#2378,#2379,#2380,
#2381),.UNSPECIFIED.,.F.,.F.,(4,1,1,1,1,1,1,1,1,1,1,1,1,1,1,1,1,1,4),(0.E0,
5.555555555556E-2,1.111111111111E-1,1.666666666667E-1,2.222222222222E-1,
2.777777777778E-1,3.333333333333E-1,3.888888888889E-1,4.444444444444E-1,5.E-1,
5.555555555556E-1,6.111111111111E-1,6.666666666667E-1,7.222222222222E-1,
7.777777777778E-1,8.333333333333E-1,8.888888888889E-1,9.444444444444E-1,1.E0),
.UNSPECIFIED.);
#2404=B_SPLINE_CURVE_WITH_KNOTS('',3,(#2383,#2384,#2385,#2386,#2387,#2388,#2389,
#2390,#2391,#2392,#2393,#2394,#2395,#2396,#2397,#2398,#2399,#2400,#2401,#2402,
#2403),.UNSPECIFIED.,.F.,.F.,(4,1,1,1,1,1,1,1,1,1,1,1,1,1,1,1,1,1,4),(0.E0,
5.555555555556E-2,1.111111111111E-1,1.666666666667E-1,2.222222222222E-1,
2.777777777778E-1,3.333333333333E-1,3.888888888889E-1,4.444444444444E-1,5.E-1,
5.555555555556E-1,6.111111111111E-1,6.666666666667E-1,7.222222222222E-1,
7.777777777778E-1,8.333333333333E-1,8.888888888889E-1,9.444444444444E-1,1.E0),
.UNSPECIFIED.);
#2430=B_SPLINE_CURVE_WITH_KNOTS('',3,(#2409,#2410,#2411,#2412,#2413,#2414,#2415,
#2416,#2417,#2418,#2419,#2420,#2421,#2422,#2423,#2424,#2425,#2426,#2427,#2428,
#2429),.UNSPECIFIED.,.F.,.F.,(4,1,1,1,1,1,1,1,1,1,1,1,1,1,1,1,1,1,4),(0.E0,
5.555555555556E-2,1.111111111111E-1,1.666666666667E-1,2.222222222222E-1,
2.777777777778E-1,3.333333333333E-1,3.888888888889E-1,4.444444444444E-1,5.E-1,
5.555555555556E-1,6.111111111111E-1,6.666666666667E-1,7.222222222222E-1,
7.777777777778E-1,8.333333333333E-1,8.888888888889E-1,9.444444444444E-1,1.E0),
.UNSPECIFIED.);
#2456=B_SPLINE_CURVE_WITH_KNOTS('',3,(#2435,#2436,#2437,#2438,#2439,#2440,#2441,
#2442,#2443,#2444,#2445,#2446,#2447,#2448,#2449,#2450,#2451,#2452,#2453,#2454,
#2455),.UNSPECIFIED.,.F.,.F.,(4,1,1,1,1,1,1,1,1,1,1,1,1,1,1,1,1,1,4),(0.E0,
5.555555555556E-2,1.111111111111E-1,1.666666666667E-1,2.222222222222E-1,
2.777777777778E-1,3.333333333333E-1,3.888888888889E-1,4.444444444444E-1,5.E-1,
5.555555555556E-1,6.111111111111E-1,6.666666666667E-1,7.222222222222E-1,
7.777777777778E-1,8.333333333333E-1,8.888888888889E-1,9.444444444444E-1,1.E0),
.UNSPECIFIED.);
#2465=CIRCLE('',#2464,3.E0);
#2474=CIRCLE('',#2473,2.5E0);
#2479=CIRCLE('',#2478,3.E0);
#2488=CIRCLE('',#2487,2.5E0);
#2501=CIRCLE('',#2500,2.5E0);
#2506=CIRCLE('',#2505,2.5E0);
#2515=CIRCLE('',#2514,2.5E0);
#2520=CIRCLE('',#2519,2.5E0);
#2605=CIRCLE('',#2604,2.5E0);
#2618=CIRCLE('',#2617,2.5E0);
#2625=B_SPLINE_CURVE_WITH_KNOTS('',3,(#2619,#2620,#2621,#2622,#2623,#2624),
.UNSPECIFIED.,.F.,.F.,(4,1,1,4),(0.E0,3.333333333333E-1,6.666666666667E-1,1.E0),
.UNSPECIFIED.);
#2632=B_SPLINE_CURVE_WITH_KNOTS('',3,(#2626,#2627,#2628,#2629,#2630,#2631),
.UNSPECIFIED.,.F.,.F.,(4,1,1,4),(0.E0,3.333333333333E-1,6.666666666667E-1,1.E0),
.UNSPECIFIED.);
#2647=B_SPLINE_CURVE_WITH_KNOTS('',3,(#2641,#2642,#2643,#2644,#2645,#2646),
.UNSPECIFIED.,.F.,.F.,(4,1,1,4),(0.E0,3.333333333333E-1,6.666666666667E-1,1.E0),
.UNSPECIFIED.);
#2658=B_SPLINE_CURVE_WITH_KNOTS('',3,(#2652,#2653,#2654,#2655,#2656,#2657),
.UNSPECIFIED.,.F.,.F.,(4,1,1,4),(0.E0,3.333333333333E-1,6.666666666667E-1,1.E0),
.UNSPECIFIED.);
#2669=B_SPLINE_CURVE_WITH_KNOTS('',3,(#2663,#2664,#2665,#2666,#2667,#2668),
.UNSPECIFIED.,.F.,.F.,(4,1,1,4),(0.E0,3.333333333333E-1,6.666666666667E-1,1.E0),
.UNSPECIFIED.);
#2680=B_SPLINE_CURVE_WITH_KNOTS('',3,(#2674,#2675,#2676,#2677,#2678,#2679),
.UNSPECIFIED.,.F.,.F.,(4,1,1,4),(0.E0,3.333333333333E-1,6.666666666667E-1,1.E0),
.UNSPECIFIED.);
#2691=B_SPLINE_CURVE_WITH_KNOTS('',3,(#2685,#2686,#2687,#2688,#2689,#2690),
.UNSPECIFIED.,.F.,.F.,(4,1,1,4),(0.E0,3.333333333333E-1,6.666666666667E-1,1.E0),
.UNSPECIFIED.);
#2702=B_SPLINE_CURVE_WITH_KNOTS('',3,(#2696,#2697,#2698,#2699,#2700,#2701),
.UNSPECIFIED.,.F.,.F.,(4,1,1,4),(0.E0,3.333333333333E-1,6.666666666667E-1,1.E0),
.UNSPECIFIED.);
#2713=B_SPLINE_CURVE_WITH_KNOTS('',3,(#2707,#2708,#2709,#2710,#2711,#2712),
.UNSPECIFIED.,.F.,.F.,(4,1,1,4),(0.E0,3.333333333333E-1,6.666666666667E-1,1.E0),
.UNSPECIFIED.);
#2724=B_SPLINE_CURVE_WITH_KNOTS('',3,(#2718,#2719,#2720,#2721,#2722,#2723),
.UNSPECIFIED.,.F.,.F.,(4,1,1,4),(0.E0,3.333333333333E-1,6.666666666667E-1,1.E0),
.UNSPECIFIED.);
#2735=B_SPLINE_CURVE_WITH_KNOTS('',3,(#2729,#2730,#2731,#2732,#2733,#2734),
.UNSPECIFIED.,.F.,.F.,(4,1,1,4),(0.E0,3.333333333333E-1,6.666666666667E-1,1.E0),
.UNSPECIFIED.);
#2746=B_SPLINE_CURVE_WITH_KNOTS('',3,(#2740,#2741,#2742,#2743,#2744,#2745),
.UNSPECIFIED.,.F.,.F.,(4,1,1,4),(0.E0,3.333333333333E-1,6.666666666667E-1,1.E0),
.UNSPECIFIED.);
#2757=B_SPLINE_CURVE_WITH_KNOTS('',3,(#2751,#2752,#2753,#2754,#2755,#2756),
.UNSPECIFIED.,.F.,.F.,(4,1,1,4),(0.E0,3.333333333333E-1,6.666666666667E-1,1.E0),
.UNSPECIFIED.);
#2768=B_SPLINE_CURVE_WITH_KNOTS('',3,(#2762,#2763,#2764,#2765,#2766,#2767),
.UNSPECIFIED.,.F.,.F.,(4,1,1,4),(0.E0,3.333333333333E-1,6.666666666667E-1,1.E0),
.UNSPECIFIED.);
#2779=B_SPLINE_CURVE_WITH_KNOTS('',3,(#2773,#2774,#2775,#2776,#2777,#2778),
.UNSPECIFIED.,.F.,.F.,(4,1,1,4),(0.E0,3.333333333333E-1,6.666666666667E-1,1.E0),
.UNSPECIFIED.);
#2790=B_SPLINE_CURVE_WITH_KNOTS('',3,(#2784,#2785,#2786,#2787,#2788,#2789),
.UNSPECIFIED.,.F.,.F.,(4,1,1,4),(0.E0,3.333333333333E-1,6.666666666667E-1,1.E0),
.UNSPECIFIED.);
#2801=B_SPLINE_CURVE_WITH_KNOTS('',3,(#2795,#2796,#2797,#2798,#2799,#2800),
.UNSPECIFIED.,.F.,.F.,(4,1,1,4),(0.E0,3.333333333333E-1,6.666666666667E-1,1.E0),
.UNSPECIFIED.);
#2808=B_SPLINE_CURVE_WITH_KNOTS('',3,(#2802,#2803,#2804,#2805,#2806,#2807),
.UNSPECIFIED.,.F.,.F.,(4,1,1,4),(0.E0,3.333333333333E-1,6.666666666667E-1,1.E0),
.UNSPECIFIED.);
#2821=CIRCLE('',#2820,2.5E0);
#2828=B_SPLINE_CURVE_WITH_KNOTS('',3,(#2822,#2823,#2824,#2825,#2826,#2827),
.UNSPECIFIED.,.F.,.F.,(4,1,1,4),(0.E0,3.333333333333E-1,6.666666666667E-1,1.E0),
.UNSPECIFIED.);
#2835=B_SPLINE_CURVE_WITH_KNOTS('',3,(#2829,#2830,#2831,#2832,#2833,#2834),
.UNSPECIFIED.,.F.,.F.,(4,1,1,4),(0.E0,3.333333333333E-1,6.666666666667E-1,1.E0),
.UNSPECIFIED.);
#2842=B_SPLINE_CURVE_WITH_KNOTS('',3,(#2836,#2837,#2838,#2839,#2840,#2841),
.UNSPECIFIED.,.F.,.F.,(4,1,1,4),(0.E0,3.333333333333E-1,6.666666666667E-1,1.E0),
.UNSPECIFIED.);
#2849=B_SPLINE_CURVE_WITH_KNOTS('',3,(#2843,#2844,#2845,#2846,#2847,#2848),
.UNSPECIFIED.,.F.,.F.,(4,1,1,4),(0.E0,3.333333333333E-1,6.666666666667E-1,1.E0),
.UNSPECIFIED.);
#2856=B_SPLINE_CURVE_WITH_KNOTS('',3,(#2850,#2851,#2852,#2853,#2854,#2855),
.UNSPECIFIED.,.F.,.F.,(4,1,1,4),(0.E0,3.333333333333E-1,6.666666666667E-1,1.E0),
.UNSPECIFIED.);
#2863=B_SPLINE_CURVE_WITH_KNOTS('',3,(#2857,#2858,#2859,#2860,#2861,#2862),
.UNSPECIFIED.,.F.,.F.,(4,1,1,4),(0.E0,3.333333333333E-1,6.666666666667E-1,1.E0),
.UNSPECIFIED.);
#2870=B_SPLINE_CURVE_WITH_KNOTS('',3,(#2864,#2865,#2866,#2867,#2868,#2869),
.UNSPECIFIED.,.F.,.F.,(4,1,1,4),(0.E0,3.333333333333E-1,6.666666666667E-1,1.E0),
.UNSPECIFIED.);
#2877=B_SPLINE_CURVE_WITH_KNOTS('',3,(#2871,#2872,#2873,#2874,#2875,#2876),
.UNSPECIFIED.,.F.,.F.,(4,1,1,4),(0.E0,3.333333333333E-1,6.666666666667E-1,1.E0),
.UNSPECIFIED.);
#2884=B_SPLINE_CURVE_WITH_KNOTS('',3,(#2878,#2879,#2880,#2881,#2882,#2883),
.UNSPECIFIED.,.F.,.F.,(4,1,1,4),(0.E0,3.333333333333E-1,6.666666666667E-1,1.E0),
.UNSPECIFIED.);
#2891=B_SPLINE_CURVE_WITH_KNOTS('',3,(#2885,#2886,#2887,#2888,#2889,#2890),
.UNSPECIFIED.,.F.,.F.,(4,1,1,4),(0.E0,3.333333333333E-1,6.666666666667E-1,1.E0),
.UNSPECIFIED.);
#2898=B_SPLINE_CURVE_WITH_KNOTS('',3,(#2892,#2893,#2894,#2895,#2896,#2897),
.UNSPECIFIED.,.F.,.F.,(4,1,1,4),(0.E0,3.333333333333E-1,6.666666666667E-1,1.E0),
.UNSPECIFIED.);
#2905=B_SPLINE_CURVE_WITH_KNOTS('',3,(#2899,#2900,#2901,#2902,#2903,#2904),
.UNSPECIFIED.,.F.,.F.,(4,1,1,4),(0.E0,3.333333333333E-1,6.666666666667E-1,1.E0),
.UNSPECIFIED.);
#2920=B_SPLINE_CURVE_WITH_KNOTS('',3,(#2914,#2915,#2916,#2917,#2918,#2919),
.UNSPECIFIED.,.F.,.F.,(4,1,1,4),(0.E0,3.333333333333E-1,6.666666666667E-1,1.E0),
.UNSPECIFIED.);
#2989=CIRCLE('',#2988,2.5E0);
#2996=B_SPLINE_CURVE_WITH_KNOTS('',3,(#2990,#2991,#2992,#2993,#2994,#2995),
.UNSPECIFIED.,.F.,.F.,(4,1,1,4),(0.E0,3.333333333333E-1,6.666666666667E-1,1.E0),
.UNSPECIFIED.);
#3007=B_SPLINE_CURVE_WITH_KNOTS('',3,(#3001,#3002,#3003,#3004,#3005,#3006),
.UNSPECIFIED.,.F.,.F.,(4,1,1,4),(0.E0,3.333333333333E-1,6.666666666667E-1,1.E0),
.UNSPECIFIED.);
#3018=B_SPLINE_CURVE_WITH_KNOTS('',3,(#3012,#3013,#3014,#3015,#3016,#3017),
.UNSPECIFIED.,.F.,.F.,(4,1,1,4),(0.E0,3.333333333333E-1,6.666666666667E-1,1.E0),
.UNSPECIFIED.);
#3077=B_SPLINE_CURVE_WITH_KNOTS('',3,(#3071,#3072,#3073,#3074,#3075,#3076),
.UNSPECIFIED.,.F.,.F.,(4,1,1,4),(0.E0,3.333333333333E-1,6.666666666667E-1,1.E0),
.UNSPECIFIED.);
#3088=B_SPLINE_CURVE_WITH_KNOTS('',3,(#3082,#3083,#3084,#3085,#3086,#3087),
.UNSPECIFIED.,.F.,.F.,(4,1,1,4),(0.E0,3.333333333333E-1,6.666666666667E-1,1.E0),
.UNSPECIFIED.);
#3121=CIRCLE('',#3120,8.5E-1);
#3126=CIRCLE('',#3125,8.5E-1);
#3207=CIRCLE('',#3206,3.E-1);
#3212=CIRCLE('',#3211,3.E-1);
#3265=CIRCLE('',#3264,3.E-1);
#3270=CIRCLE('',#3269,3.E-1);
#3279=CIRCLE('',#3278,4.E-1);
#3328=CIRCLE('',#3327,4.E-1);
#3357=CIRCLE('',#3356,4.E-1);
#3370=CIRCLE('',#3369,4.E-1);
#3383=CIRCLE('',#3382,4.E-1);
#3396=CIRCLE('',#3395,4.E-1);
#3425=CIRCLE('',#3424,4.E-1);
#3438=CIRCLE('',#3437,4.E-1);
#3479=CIRCLE('',#3478,3.E-1);
#3484=CIRCLE('',#3483,3.E-1);
#3509=CIRCLE('',#3508,3.E-1);
#3514=CIRCLE('',#3513,3.E-1);
#4265=EDGE_CURVE('',#4123,#4124,#4,.T.);
#4267=EDGE_CURVE('',#4119,#4124,#38,.T.);
#4269=EDGE_CURVE('',#4119,#4120,#8,.T.);
#4271=EDGE_CURVE('',#4123,#4120,#17,.T.);
#4282=EDGE_CURVE('',#4044,#4123,#25,.T.);
#4284=EDGE_CURVE('',#4044,#4042,#12,.T.);
#4286=EDGE_CURVE('',#4124,#4042,#42,.T.);
#4297=EDGE_CURVE('',#4039,#4120,#33,.T.);
#4299=EDGE_CURVE('',#4039,#4044,#21,.T.);
#4311=EDGE_CURVE('',#4119,#4040,#29,.T.);
#4313=EDGE_CURVE('',#4039,#4040,#78,.T.);
#4326=EDGE_CURVE('',#4040,#4042,#82,.T.);
#4337=EDGE_CURVE('',#4001,#4002,#46,.T.);
#4339=EDGE_CURVE('',#4004,#4002,#472,.T.);
#4341=EDGE_CURVE('',#4006,#4004,#468,.T.);
#4343=EDGE_CURVE('',#4006,#4008,#50,.T.);
#4345=EDGE_CURVE('',#4010,#4008,#433,.T.);
#4347=EDGE_CURVE('',#4010,#4012,#54,.T.);
#4349=EDGE_CURVE('',#4014,#4012,#389,.T.);
#4351=EDGE_CURVE('',#4016,#4014,#368,.T.);
#4353=EDGE_CURVE('',#4018,#4016,#342,.T.);
#4355=EDGE_CURVE('',#4020,#4018,#338,.T.);
#4357=EDGE_CURVE('',#4020,#3998,#58,.T.);
#4359=EDGE_CURVE('',#3920,#3998,#307,.T.);
#4361=EDGE_CURVE('',#3918,#3920,#191,.T.);
#4363=EDGE_CURVE('',#4001,#3918,#133,.T.);
#4367=EDGE_CURVE('',#4023,#4024,#62,.T.);
#4369=EDGE_CURVE('',#4024,#4026,#66,.T.);
#4371=EDGE_CURVE('',#4028,#4026,#3256,.T.);
#4373=EDGE_CURVE('',#4023,#4028,#3299,.T.);
#4377=EDGE_CURVE('',#4031,#4032,#70,.T.);
#4379=EDGE_CURVE('',#4032,#4034,#74,.T.);
#4381=EDGE_CURVE('',#4036,#4034,#3352,.T.);
#4383=EDGE_CURVE('',#4031,#4036,#3361,.T.);
#4393=EDGE_CURVE('',#4047,#4048,#3378,.T.);
#4395=EDGE_CURVE('',#4050,#4047,#3404,.T.);
#4397=EDGE_CURVE('',#4050,#4052,#86,.T.);
#4399=EDGE_CURVE('',#4052,#4048,#90,.T.);
#4403=EDGE_CURVE('',#4055,#4056,#3420,.T.);
#4405=EDGE_CURVE('',#4058,#4055,#3446,.T.);
#4407=EDGE_CURVE('',#4058,#4060,#94,.T.);
#4409=EDGE_CURVE('',#4060,#4056,#98,.T.);
#4413=EDGE_CURVE('',#4063,#4064,#3462,.T.);
#4415=EDGE_CURVE('',#4066,#4063,#3546,.T.);
#4417=EDGE_CURVE('',#4066,#4068,#102,.T.);
#4419=EDGE_CURVE('',#4068,#4064,#106,.T.);
#4430=EDGE_CURVE('',#4001,#4182,#111,.T.);
#4432=EDGE_CURVE('',#4182,#4184,#115,.T.);
#4434=EDGE_CURVE('',#4184,#3868,#120,.T.);
#4436=EDGE_CURVE('',#3868,#3866,#124,.T.);
#4438=EDGE_CURVE('',#3866,#4002,#129,.T.);
#4449=EDGE_CURVE('',#3916,#3918,#187,.T.);
#4451=EDGE_CURVE('',#3916,#4182,#137,.T.);
#4462=EDGE_CURVE('',#3903,#3904,#209,.T.);
#4464=EDGE_CURVE('',#3903,#3906,#142,.T.);
#4466=EDGE_CURVE('',#3906,#3908,#147,.T.);
#4468=EDGE_CURVE('',#3908,#3910,#151,.T.);
#4470=EDGE_CURVE('',#3910,#3912,#155,.T.);
#4472=EDGE_CURVE('',#3912,#3888,#160,.T.);
#4474=EDGE_CURVE('',#3888,#3886,#164,.T.);
#4476=EDGE_CURVE('',#3898,#3886,#556,.T.);
#4478=EDGE_CURVE('',#3898,#3900,#169,.T.);
#4480=EDGE_CURVE('',#3900,#3872,#173,.T.);
#4482=EDGE_CURVE('',#3872,#3870,#177,.T.);
#4484=EDGE_CURVE('',#3870,#3914,#182,.T.);
#4486=EDGE_CURVE('',#3916,#3914,#3146,.T.);
#4490=EDGE_CURVE('',#3920,#3922,#196,.T.);
#4492=EDGE_CURVE('',#3924,#3922,#303,.T.);
#4494=EDGE_CURVE('',#3924,#3926,#201,.T.);
#4496=EDGE_CURVE('',#3926,#3904,#205,.T.);
#4500=EDGE_CURVE('',#3929,#3930,#3150,.T.);
#4502=EDGE_CURVE('',#3932,#3929,#3174,.T.);
#4504=EDGE_CURVE('',#3934,#3932,#3166,.T.);
#4506=EDGE_CURVE('',#3930,#3934,#3158,.T.);
#4516=EDGE_CURVE('',#3944,#3904,#217,.T.);
#4518=EDGE_CURVE('',#3946,#3944,#251,.T.);
#4520=EDGE_CURVE('',#3903,#3946,#269,.T.);
#4531=EDGE_CURVE('',#3948,#3944,#213,.T.);
#4535=EDGE_CURVE('',#3950,#3926,#299,.T.);
#4537=EDGE_CURVE('',#3952,#3950,#320,.T.);
#4539=EDGE_CURVE('',#3954,#3952,#350,.T.);
#4541=EDGE_CURVE('',#3956,#3954,#346,.T.);
#4543=EDGE_CURVE('',#3958,#3956,#359,.T.);
#4545=EDGE_CURVE('',#3960,#3958,#381,.T.);
#4547=EDGE_CURVE('',#3960,#3962,#221,.T.);
#4549=EDGE_CURVE('',#3964,#3962,#995,.T.);
#4551=EDGE_CURVE('',#3966,#3964,#987,.T.);
#4553=EDGE_CURVE('',#3968,#3966,#979,.T.);
#4555=EDGE_CURVE('',#3970,#3968,#861,.T.);
#4557=EDGE_CURVE('',#3812,#3970,#843,.T.);
#4559=EDGE_CURVE('',#3812,#3810,#225,.T.);
#4561=EDGE_CURVE('',#3810,#3972,#229,.T.);
#4563=EDGE_CURVE('',#3974,#3972,#767,.T.);
#4565=EDGE_CURVE('',#3800,#3974,#759,.T.);
#4567=EDGE_CURVE('',#3800,#3798,#233,.T.);
#4569=EDGE_CURVE('',#3976,#3798,#584,.T.);
#4571=EDGE_CURVE('',#3912,#3976,#580,.T.);
#4574=EDGE_CURVE('',#3948,#3910,#265,.T.);
#4585=EDGE_CURVE('',#3948,#3978,#237,.T.);
#4587=EDGE_CURVE('',#3978,#3980,#242,.T.);
#4589=EDGE_CURVE('',#3980,#3946,#247,.T.);
#4594=EDGE_CURVE('',#3983,#3984,#256,.T.);
#4596=EDGE_CURVE('',#3984,#3983,#261,.T.);
#4608=EDGE_CURVE('',#3978,#3908,#273,.T.);
#4634=EDGE_CURVE('',#3986,#3983,#281,.T.);
#4636=EDGE_CURVE('',#3988,#3986,#286,.T.);
#4638=EDGE_CURVE('',#3988,#3984,#277,.T.);
#4650=EDGE_CURVE('',#3986,#3988,#291,.T.);
#4672=EDGE_CURVE('',#3924,#3994,#295,.T.);
#4674=EDGE_CURVE('',#3950,#3994,#325,.T.);
#4686=EDGE_CURVE('',#3996,#3922,#311,.T.);
#4688=EDGE_CURVE('',#3994,#3996,#329,.T.);
#4700=EDGE_CURVE('',#3996,#3998,#334,.T.);
#4713=EDGE_CURVE('',#4020,#3952,#316,.T.);
#4730=EDGE_CURVE('',#3956,#4016,#364,.T.);
#4742=EDGE_CURVE('',#4226,#3958,#355,.T.);
#4747=EDGE_CURVE('',#4014,#4228,#373,.T.);
#4749=EDGE_CURVE('',#4228,#4226,#377,.T.);
#4761=EDGE_CURVE('',#4226,#4194,#385,.T.);
#4763=EDGE_CURVE('',#3960,#4194,#420,.T.);
#4775=EDGE_CURVE('',#4196,#4228,#393,.T.);
#4777=EDGE_CURVE('',#4194,#4196,#424,.T.);
#4789=EDGE_CURVE('',#4196,#4012,#429,.T.);
#4800=EDGE_CURVE('',#4010,#4190,#398,.T.);
#4802=EDGE_CURVE('',#4190,#4192,#402,.T.);
#4804=EDGE_CURVE('',#4192,#3858,#407,.T.);
#4806=EDGE_CURVE('',#3858,#3856,#411,.T.);
#4808=EDGE_CURVE('',#3856,#3962,#415,.T.);
#4825=EDGE_CURVE('',#4186,#4008,#442,.T.);
#4827=EDGE_CURVE('',#4186,#4190,#437,.T.);
#4839=EDGE_CURVE('',#4006,#3862,#447,.T.);
#4841=EDGE_CURVE('',#3860,#3862,#504,.T.);
#4843=EDGE_CURVE('',#3860,#4188,#452,.T.);
#4845=EDGE_CURVE('',#4188,#4186,#456,.T.);
#4856=EDGE_CURVE('',#3866,#3864,#460,.T.);
#4858=EDGE_CURVE('',#3864,#3862,#464,.T.);
#4871=EDGE_CURVE('',#3841,#3842,#476,.T.);
#4873=EDGE_CURVE('',#3844,#3842,#735,.T.);
#4875=EDGE_CURVE('',#3846,#3844,#731,.T.);
#4877=EDGE_CURVE('',#3846,#3836,#480,.T.);
#4879=EDGE_CURVE('',#3789,#3836,#679,.T.);
#4881=EDGE_CURVE('',#3789,#3834,#484,.T.);
#4883=EDGE_CURVE('',#3848,#3834,#865,.T.);
#4885=EDGE_CURVE('',#3848,#3850,#488,.T.);
#4887=EDGE_CURVE('',#3850,#3852,#492,.T.);
#4889=EDGE_CURVE('',#3852,#3854,#496,.T.);
#4891=EDGE_CURVE('',#3854,#3856,#500,.T.);
#4894=EDGE_CURVE('',#3860,#3858,#3130,.T.);
#4900=EDGE_CURVE('',#3870,#3868,#3138,.T.);
#4903=EDGE_CURVE('',#3841,#3872,#568,.T.);
#4913=EDGE_CURVE('',#3875,#3876,#508,.T.);
#4915=EDGE_CURVE('',#3876,#3842,#513,.T.);
#4918=EDGE_CURVE('',#3841,#3878,#517,.T.);
#4920=EDGE_CURVE('',#3878,#3880,#522,.T.);
#4922=EDGE_CURVE('',#3880,#3875,#526,.T.);
#4926=EDGE_CURVE('',#3883,#3884,#531,.T.);
#4928=EDGE_CURVE('',#3884,#3883,#536,.T.);
#4939=EDGE_CURVE('',#3875,#3886,#540,.T.);
#4942=EDGE_CURVE('',#3890,#3888,#576,.T.);
#4944=EDGE_CURVE('',#3796,#3890,#572,.T.);
#4946=EDGE_CURVE('',#3796,#3794,#544,.T.);
#4948=EDGE_CURVE('',#3794,#3892,#548,.T.);
#4950=EDGE_CURVE('',#3892,#3894,#552,.T.);
#4952=EDGE_CURVE('',#3896,#3894,#727,.T.);
#4954=EDGE_CURVE('',#3876,#3896,#723,.T.);
#4966=EDGE_CURVE('',#3898,#3880,#560,.T.);
#4980=EDGE_CURVE('',#3878,#3900,#564,.T.);
#5007=EDGE_CURVE('',#3796,#3798,#598,.T.);
#5017=EDGE_CURVE('',#3789,#3790,#588,.T.);
#5019=EDGE_CURVE('',#3790,#3792,#593,.T.);
#5021=EDGE_CURVE('',#3794,#3792,#707,.T.);
#5026=EDGE_CURVE('',#3800,#3802,#602,.T.);
#5028=EDGE_CURVE('',#3802,#3804,#607,.T.);
#5030=EDGE_CURVE('',#3804,#3806,#611,.T.);
#5032=EDGE_CURVE('',#3806,#3808,#616,.T.);
#5034=EDGE_CURVE('',#3810,#3808,#791,.T.);
#5037=EDGE_CURVE('',#3812,#3814,#621,.T.);
#5039=EDGE_CURVE('',#3816,#3814,#881,.T.);
#5041=EDGE_CURVE('',#3816,#3818,#626,.T.);
#5043=EDGE_CURVE('',#3818,#3820,#630,.T.);
#5045=EDGE_CURVE('',#3820,#3822,#635,.T.);
#5047=EDGE_CURVE('',#3822,#3824,#639,.T.);
#5049=EDGE_CURVE('',#3824,#3826,#644,.T.);
#5051=EDGE_CURVE('',#3826,#3828,#648,.T.);
#5053=EDGE_CURVE('',#3828,#3830,#653,.T.);
#5055=EDGE_CURVE('',#3832,#3830,#873,.T.);
#5057=EDGE_CURVE('',#3832,#3834,#658,.T.);
#5062=EDGE_CURVE('',#3785,#3773,#663,.T.);
#5064=EDGE_CURVE('',#3773,#3785,#675,.T.);
#5076=EDGE_CURVE('',#3836,#3838,#683,.T.);
#5078=EDGE_CURVE('',#3790,#3838,#715,.T.);
#5089=EDGE_CURVE('',#4246,#3892,#711,.T.);
#5091=EDGE_CURVE('',#4246,#3838,#688,.T.);
#5095=EDGE_CURVE('',#3846,#3894,#693,.T.);
#5099=EDGE_CURVE('',#4249,#4250,#698,.T.);
#5101=EDGE_CURVE('',#4250,#4249,#703,.T.);
#5112=EDGE_CURVE('',#4246,#3792,#719,.T.);
#5150=EDGE_CURVE('',#4253,#4254,#745,.T.);
#5152=EDGE_CURVE('',#4250,#4253,#755,.T.);
#5155=EDGE_CURVE('',#4249,#4254,#740,.T.);
#5166=EDGE_CURVE('',#4254,#4253,#750,.T.);
#5190=EDGE_CURVE('',#3974,#4236,#763,.T.);
#5192=EDGE_CURVE('',#3802,#4236,#811,.T.);
#5203=EDGE_CURVE('',#4230,#3972,#795,.T.);
#5205=EDGE_CURVE('',#4230,#4232,#772,.T.);
#5207=EDGE_CURVE('',#4234,#4232,#807,.T.);
#5209=EDGE_CURVE('',#4234,#4236,#777,.T.);
#5214=EDGE_CURVE('',#4239,#4240,#782,.T.);
#5216=EDGE_CURVE('',#4240,#4239,#787,.T.);
#5227=EDGE_CURVE('',#4230,#3808,#803,.T.);
#5240=EDGE_CURVE('',#3806,#4232,#799,.T.);
#5253=EDGE_CURVE('',#4234,#3804,#815,.T.);
#5278=EDGE_CURVE('',#4242,#4239,#825,.T.);
#5280=EDGE_CURVE('',#4244,#4242,#830,.T.);
#5282=EDGE_CURVE('',#4244,#4240,#820,.T.);
#5294=EDGE_CURVE('',#4242,#4244,#835,.T.);
#5315=EDGE_CURVE('',#4200,#3970,#857,.T.);
#5317=EDGE_CURVE('',#4200,#3814,#839,.T.);
#5330=EDGE_CURVE('',#3848,#4198,#848,.T.);
#5332=EDGE_CURVE('',#4198,#4200,#852,.T.);
#5336=EDGE_CURVE('',#3850,#3968,#975,.T.);
#5349=EDGE_CURVE('',#3832,#4198,#869,.T.);
#5362=EDGE_CURVE('',#4202,#3830,#893,.T.);
#5364=EDGE_CURVE('',#4202,#4204,#877,.T.);
#5366=EDGE_CURVE('',#3816,#4204,#925,.T.);
#5379=EDGE_CURVE('',#3828,#4206,#885,.T.);
#5381=EDGE_CURVE('',#4208,#4206,#971,.T.);
#5383=EDGE_CURVE('',#4208,#4210,#889,.T.);
#5385=EDGE_CURVE('',#4202,#4210,#938,.T.);
#5397=EDGE_CURVE('',#4212,#3826,#905,.T.);
#5399=EDGE_CURVE('',#4212,#4206,#897,.T.);
#5411=EDGE_CURVE('',#3824,#4214,#901,.T.);
#5413=EDGE_CURVE('',#4212,#4214,#956,.T.);
#5425=EDGE_CURVE('',#4216,#3822,#917,.T.);
#5427=EDGE_CURVE('',#4216,#4214,#909,.T.);
#5439=EDGE_CURVE('',#3820,#4218,#913,.T.);
#5441=EDGE_CURVE('',#4216,#4218,#961,.T.);
#5453=EDGE_CURVE('',#4220,#3818,#933,.T.);
#5455=EDGE_CURVE('',#4220,#4218,#921,.T.);
#5468=EDGE_CURVE('',#4222,#4204,#947,.T.);
#5470=EDGE_CURVE('',#4222,#4224,#929,.T.);
#5472=EDGE_CURVE('',#4220,#4224,#966,.T.);
#5485=EDGE_CURVE('',#4210,#4222,#942,.T.);
#5498=EDGE_CURVE('',#4208,#4224,#951,.T.);
#5528=EDGE_CURVE('',#3852,#3966,#983,.T.);
#5541=EDGE_CURVE('',#3854,#3964,#991,.T.);
#5563=EDGE_CURVE('',#3775,#3774,#1017,.T.);
#5565=EDGE_CURVE('',#3774,#3773,#1027,.T.);
#5568=EDGE_CURVE('',#3785,#3786,#1042,.T.);
#5570=EDGE_CURVE('',#3786,#3783,#1064,.T.);
#5572=EDGE_CURVE('',#3775,#3783,#1439,.T.);
#5718=EDGE_CURVE('',#3768,#3769,#1086,.T.);
#5720=EDGE_CURVE('',#3769,#3770,#1108,.T.);
#5722=EDGE_CURVE('',#3770,#3765,#1130,.T.);
#5724=EDGE_CURVE('',#3765,#3755,#1140,.T.);
#5726=EDGE_CURVE('',#3755,#3753,#1144,.T.);
#5728=EDGE_CURVE('',#3753,#3771,#1383,.T.);
#5730=EDGE_CURVE('',#3773,#3771,#1557,.T.);
#5734=EDGE_CURVE('',#3775,#3776,#1405,.T.);
#5736=EDGE_CURVE('',#3776,#3768,#1427,.T.);
#5747=EDGE_CURVE('',#3768,#3778,#1431,.T.);
#5749=EDGE_CURVE('',#3779,#3778,#1461,.T.);
#5751=EDGE_CURVE('',#3769,#3779,#3100,.T.);
#5762=EDGE_CURVE('',#3776,#3781,#1435,.T.);
#5764=EDGE_CURVE('',#3778,#3781,#1483,.T.);
#5777=EDGE_CURVE('',#3781,#3783,#1505,.T.);
#5937=EDGE_CURVE('',#4256,#3785,#1553,.T.);
#5939=EDGE_CURVE('',#3771,#4256,#1561,.T.);
#5942=EDGE_CURVE('',#3753,#4258,#1509,.T.);
#5944=EDGE_CURVE('',#4258,#3779,#1519,.T.);
#5962=B_SPLINE_CURVE_WITH_KNOTS('',3,(#5949,#5950,#5951,#5952,#5953,#5954,#5955,
#5956,#5957,#5958,#5959,#5960,#5961),.UNSPECIFIED.,.F.,.F.,(4,1,1,1,1,1,1,1,1,1,
4),(0.E0,9.802397462440E-3,1.176446290848E-1,2.450966186682E-1,
3.725486082516E-1,5.000005978354E-1,6.274525874189E-1,7.549045770027E-1,
8.823565665861E-1,9.901987982088E-1,1.E0),.UNSPECIFIED.);
#5967=EDGE_CURVE('',#4256,#3773,#1565,.T.);
#6125=EDGE_CURVE('',#3760,#3759,#1587,.T.);
#6127=EDGE_CURVE('',#3759,#3762,#1609,.T.);
#6129=EDGE_CURVE('',#3762,#3764,#1631,.T.);
#6131=EDGE_CURVE('',#3764,#3767,#1653,.T.);
#6133=EDGE_CURVE('',#3767,#4259,#1675,.T.);
#6135=EDGE_CURVE('',#4259,#4258,#1691,.T.);
#6138=EDGE_CURVE('',#3745,#3753,#2052,.T.);
#6140=EDGE_CURVE('',#3745,#3743,#1695,.T.);
#6142=EDGE_CURVE('',#3743,#3760,#1717,.T.);
#6152=EDGE_CURVE('',#3749,#3750,#1743,.T.);
#6154=EDGE_CURVE('',#3749,#3759,#1721,.T.);
#6157=EDGE_CURVE('',#3750,#3760,#2116,.T.);
#6304=EDGE_CURVE('',#3750,#3751,#1765,.T.);
#6306=EDGE_CURVE('',#3751,#3752,#1787,.T.);
#6308=EDGE_CURVE('',#3752,#3748,#1809,.T.);
#6310=EDGE_CURVE('',#3748,#3745,#1813,.T.);
#6314=EDGE_CURVE('',#3755,#3756,#2068,.T.);
#6316=EDGE_CURVE('',#3756,#3757,#2090,.T.);
#6318=EDGE_CURVE('',#3757,#3749,#2112,.T.);
#6331=EDGE_CURVE('',#3751,#3743,#2142,.T.);
#6341=EDGE_CURVE('',#3743,#3742,#2138,.T.);
#6343=EDGE_CURVE('',#3752,#3742,#2408,.T.);
#6491=EDGE_CURVE('',#3734,#3735,#2166,.T.);
#6493=EDGE_CURVE('',#3736,#3734,#2224,.T.);
#6495=EDGE_CURVE('',#3737,#3736,#2217,.T.);
#6497=EDGE_CURVE('',#3740,#3737,#2456,.T.);
#6499=EDGE_CURVE('',#3741,#3740,#2382,.T.);
#6501=EDGE_CURVE('',#3742,#3741,#2404,.T.);
#6505=EDGE_CURVE('',#3735,#3745,#2334,.T.);
#6515=EDGE_CURVE('',#3733,#3734,#2147,.T.);
#6518=EDGE_CURVE('',#3735,#3733,#2185,.T.);
#6522=EDGE_CURVE('',#3728,#3730,#2190,.T.);
#6524=EDGE_CURVE('',#3730,#3728,#2195,.T.);
#6537=EDGE_CURVE('',#3733,#3738,#2234,.T.);
#6539=EDGE_CURVE('',#3738,#3739,#2256,.T.);
#6541=EDGE_CURVE('',#3739,#3737,#2260,.T.);
#6690=EDGE_CURVE('',#3746,#3748,#2356,.T.);
#6692=EDGE_CURVE('',#3739,#3746,#2430,.T.);
#6705=EDGE_CURVE('',#3748,#3741,#2360,.T.);
#6708=EDGE_CURVE('',#3746,#3740,#2434,.T.);
#6742=EDGE_CURVE('',#3726,#3725,#2465,.T.);
#6744=EDGE_CURVE('',#3730,#3726,#2492,.T.);
#6747=EDGE_CURVE('',#3728,#3725,#2460,.T.);
#6758=EDGE_CURVE('',#3725,#3722,#2469,.T.);
#6760=EDGE_CURVE('',#3722,#3720,#2474,.T.);
#6762=EDGE_CURVE('',#3726,#3720,#2483,.T.);
#6772=EDGE_CURVE('',#3725,#3726,#2479,.T.);
#6775=EDGE_CURVE('',#3720,#3722,#2488,.T.);
#6798=EDGE_CURVE('',#3604,#3718,#2515,.T.);
#6800=EDGE_CURVE('',#3635,#3604,#2989,.T.);
#6802=EDGE_CURVE('',#3716,#3635,#2506,.T.);
#6804=EDGE_CURVE('',#3722,#3716,#2528,.T.);
#6807=EDGE_CURVE('',#3720,#3718,#2496,.T.);
#6817=EDGE_CURVE('',#3638,#3716,#2501,.T.);
#6820=EDGE_CURVE('',#3635,#3604,#2510,.T.);
#6823=EDGE_CURVE('',#3718,#3673,#2520,.T.);
#6825=EDGE_CURVE('',#3673,#3638,#2524,.T.);
#6836=EDGE_CURVE('',#3673,#3638,#2605,.T.);
#6850=EDGE_CURVE('',#3638,#3639,#2532,.T.);
#6852=EDGE_CURVE('',#3639,#3641,#2536,.T.);
#6854=EDGE_CURVE('',#3641,#3643,#2540,.T.);
#6856=EDGE_CURVE('',#3643,#3645,#2544,.T.);
#6858=EDGE_CURVE('',#3645,#3647,#2548,.T.);
#6860=EDGE_CURVE('',#3647,#3649,#2552,.T.);
#6862=EDGE_CURVE('',#3649,#3651,#2556,.T.);
#6864=EDGE_CURVE('',#3651,#3653,#2560,.T.);
#6866=EDGE_CURVE('',#3653,#3655,#2564,.T.);
#6868=EDGE_CURVE('',#3655,#3657,#2568,.T.);
#6870=EDGE_CURVE('',#3657,#3659,#2572,.T.);
#6872=EDGE_CURVE('',#3659,#3661,#2576,.T.);
#6874=EDGE_CURVE('',#3661,#3663,#2580,.T.);
#6876=EDGE_CURVE('',#3663,#3665,#2584,.T.);
#6878=EDGE_CURVE('',#3665,#3667,#2588,.T.);
#6880=EDGE_CURVE('',#3667,#3669,#2592,.T.);
#6882=EDGE_CURVE('',#3669,#3671,#2596,.T.);
#6884=EDGE_CURVE('',#3671,#3673,#2600,.T.);
#6895=EDGE_CURVE('',#3683,#3684,#2613,.T.);
#6897=EDGE_CURVE('',#3714,#3683,#2632,.T.);
#6899=EDGE_CURVE('',#3714,#3639,#2609,.T.);
#6904=EDGE_CURVE('',#3698,#3671,#2636,.T.);
#6906=EDGE_CURVE('',#3684,#3698,#2625,.T.);
#6917=EDGE_CURVE('',#3684,#3683,#2618,.T.);
#6928=EDGE_CURVE('',#3699,#3698,#2647,.T.);
#6930=EDGE_CURVE('',#3700,#3699,#2658,.T.);
#6932=EDGE_CURVE('',#3701,#3700,#2669,.T.);
#6934=EDGE_CURVE('',#3702,#3701,#2680,.T.);
#6936=EDGE_CURVE('',#3703,#3702,#2691,.T.);
#6938=EDGE_CURVE('',#3704,#3703,#2702,.T.);
#6940=EDGE_CURVE('',#3705,#3704,#2713,.T.);
#6942=EDGE_CURVE('',#3706,#3705,#2724,.T.);
#6944=EDGE_CURVE('',#3707,#3706,#2735,.T.);
#6946=EDGE_CURVE('',#3708,#3707,#2746,.T.);
#6948=EDGE_CURVE('',#3709,#3708,#2757,.T.);
#6950=EDGE_CURVE('',#3710,#3709,#2768,.T.);
#6952=EDGE_CURVE('',#3711,#3710,#2779,.T.);
#6954=EDGE_CURVE('',#3712,#3711,#2790,.T.);
#6956=EDGE_CURVE('',#3713,#3712,#2801,.T.);
#6958=EDGE_CURVE('',#3714,#3713,#2808,.T.);
#6972=EDGE_CURVE('',#3669,#3699,#2640,.T.);
#6984=EDGE_CURVE('',#3667,#3700,#2651,.T.);
#6997=EDGE_CURVE('',#3665,#3701,#2662,.T.);
#7010=EDGE_CURVE('',#3663,#3702,#2673,.T.);
#7023=EDGE_CURVE('',#3661,#3703,#2684,.T.);
#7036=EDGE_CURVE('',#3659,#3704,#2695,.T.);
#7049=EDGE_CURVE('',#3657,#3705,#2706,.T.);
#7062=EDGE_CURVE('',#3655,#3706,#2717,.T.);
#7075=EDGE_CURVE('',#3653,#3707,#2728,.T.);
#7088=EDGE_CURVE('',#3651,#3708,#2739,.T.);
#7101=EDGE_CURVE('',#3649,#3709,#2750,.T.);
#7114=EDGE_CURVE('',#3647,#3710,#2761,.T.);
#7127=EDGE_CURVE('',#3645,#3711,#2772,.T.);
#7140=EDGE_CURVE('',#3643,#3712,#2783,.T.);
#7153=EDGE_CURVE('',#3641,#3713,#2794,.T.);
#7177=EDGE_CURVE('',#3676,#3677,#2812,.T.);
#7179=EDGE_CURVE('',#3678,#3677,#2905,.T.);
#7181=EDGE_CURVE('',#3678,#3605,#2816,.T.);
#7183=EDGE_CURVE('',#3604,#3605,#2924,.T.);
#7186=EDGE_CURVE('',#3633,#3635,#2984,.T.);
#7188=EDGE_CURVE('',#3680,#3633,#2909,.T.);
#7190=EDGE_CURVE('',#3676,#3680,#2828,.T.);
#7201=EDGE_CURVE('',#3676,#3677,#2821,.T.);
#7213=EDGE_CURVE('',#3685,#3680,#2920,.T.);
#7215=EDGE_CURVE('',#3686,#3685,#3088,.T.);
#7217=EDGE_CURVE('',#3687,#3686,#3077,.T.);
#7219=EDGE_CURVE('',#3687,#3688,#2835,.T.);
#7221=EDGE_CURVE('',#3688,#3601,#2842,.T.);
#7223=EDGE_CURVE('',#3601,#3600,#2849,.T.);
#7225=EDGE_CURVE('',#3600,#3689,#2856,.T.);
#7227=EDGE_CURVE('',#3689,#3690,#2863,.T.);
#7229=EDGE_CURVE('',#3690,#3691,#2870,.T.);
#7231=EDGE_CURVE('',#3691,#3692,#2877,.T.);
#7233=EDGE_CURVE('',#3692,#3693,#2884,.T.);
#7235=EDGE_CURVE('',#3693,#3694,#2891,.T.);
#7237=EDGE_CURVE('',#3694,#3695,#2898,.T.);
#7239=EDGE_CURVE('',#3696,#3695,#3018,.T.);
#7241=EDGE_CURVE('',#3697,#3696,#3007,.T.);
#7243=EDGE_CURVE('',#3678,#3697,#2996,.T.);
#7255=EDGE_CURVE('',#3631,#3633,#2980,.T.);
#7257=EDGE_CURVE('',#3631,#3685,#2913,.T.);
#7269=EDGE_CURVE('',#3605,#3607,#2928,.T.);
#7271=EDGE_CURVE('',#3607,#3609,#2932,.T.);
#7273=EDGE_CURVE('',#3609,#3611,#2936,.T.);
#7275=EDGE_CURVE('',#3613,#3611,#3022,.T.);
#7277=EDGE_CURVE('',#3613,#3615,#2940,.T.);
#7279=EDGE_CURVE('',#3615,#3617,#2944,.T.);
#7281=EDGE_CURVE('',#3617,#3619,#2948,.T.);
#7283=EDGE_CURVE('',#3619,#3621,#2952,.T.);
#7285=EDGE_CURVE('',#3621,#3623,#2956,.T.);
#7287=EDGE_CURVE('',#3623,#3597,#2960,.T.);
#7289=EDGE_CURVE('',#3597,#3598,#2964,.T.);
#7291=EDGE_CURVE('',#3598,#3625,#2968,.T.);
#7293=EDGE_CURVE('',#3627,#3625,#3062,.T.);
#7295=EDGE_CURVE('',#3627,#3629,#2972,.T.);
#7297=EDGE_CURVE('',#3629,#3631,#2976,.T.);
#7312=EDGE_CURVE('',#3607,#3697,#3000,.T.);
#7326=EDGE_CURVE('',#3609,#3696,#3011,.T.);
#7339=EDGE_CURVE('',#3611,#3695,#3026,.T.);
#7352=EDGE_CURVE('',#3613,#3694,#3030,.T.);
#7365=EDGE_CURVE('',#3615,#3693,#3034,.T.);
#7378=EDGE_CURVE('',#3617,#3692,#3038,.T.);
#7391=EDGE_CURVE('',#3619,#3691,#3042,.T.);
#7404=EDGE_CURVE('',#3621,#3690,#3046,.T.);
#7417=EDGE_CURVE('',#3623,#3689,#3050,.T.);
#7430=EDGE_CURVE('',#3597,#3600,#3054,.T.);
#7443=EDGE_CURVE('',#3598,#3601,#3058,.T.);
#7456=EDGE_CURVE('',#3625,#3688,#3066,.T.);
#7469=EDGE_CURVE('',#3627,#3687,#3070,.T.);
#7482=EDGE_CURVE('',#3629,#3686,#3081,.T.);
#7506=EDGE_CURVE('',#3765,#3767,#3092,.T.);
#7509=EDGE_CURVE('',#3756,#3764,#3104,.T.);
#7522=EDGE_CURVE('',#3770,#4259,#3096,.T.);
#7548=EDGE_CURVE('',#3757,#3762,#3108,.T.);
#7571=EDGE_CURVE('',#3992,#3883,#3116,.T.);
#7573=EDGE_CURVE('',#3991,#3992,#3121,.T.);
#7575=EDGE_CURVE('',#3991,#3884,#3112,.T.);
#7587=EDGE_CURVE('',#3992,#3991,#3126,.T.);
#7610=EDGE_CURVE('',#4192,#4188,#3134,.T.);
#7636=EDGE_CURVE('',#4184,#3914,#3142,.T.);
#7659=EDGE_CURVE('',#3936,#3930,#3162,.T.);
#7661=EDGE_CURVE('',#3938,#3936,#3182,.T.);
#7663=EDGE_CURVE('',#3938,#3929,#3154,.T.);
#7674=EDGE_CURVE('',#3940,#3934,#3170,.T.);
#7676=EDGE_CURVE('',#3936,#3940,#3186,.T.);
#7688=EDGE_CURVE('',#3942,#3932,#3178,.T.);
#7690=EDGE_CURVE('',#3940,#3942,#3190,.T.);
#7703=EDGE_CURVE('',#3942,#3938,#3194,.T.);
#7726=EDGE_CURVE('',#4071,#4072,#3244,.T.);
#7728=EDGE_CURVE('',#4071,#4074,#3198,.T.);
#7730=EDGE_CURVE('',#4074,#4076,#3202,.T.);
#7732=EDGE_CURVE('',#4076,#4079,#3207,.T.);
#7734=EDGE_CURVE('',#4079,#4080,#3212,.T.);
#7736=EDGE_CURVE('',#4080,#4082,#3216,.T.);
#7738=EDGE_CURVE('',#4082,#4024,#3220,.T.);
#7741=EDGE_CURVE('',#4023,#4084,#3224,.T.);
#7743=EDGE_CURVE('',#4084,#4086,#3228,.T.);
#7745=EDGE_CURVE('',#4086,#4088,#3232,.T.);
#7747=EDGE_CURVE('',#4088,#4072,#3236,.T.);
#7757=EDGE_CURVE('',#4091,#4092,#3240,.T.);
#7759=EDGE_CURVE('',#4071,#4092,#3328,.T.);
#7762=EDGE_CURVE('',#4091,#4072,#3279,.T.);
#7773=EDGE_CURVE('',#4094,#4091,#3287,.T.);
#7775=EDGE_CURVE('',#4094,#4096,#3248,.T.);
#7777=EDGE_CURVE('',#4096,#4098,#3252,.T.);
#7779=EDGE_CURVE('',#4028,#4098,#3303,.T.);
#7782=EDGE_CURVE('',#4100,#4026,#3311,.T.);
#7784=EDGE_CURVE('',#4100,#4102,#3260,.T.);
#7786=EDGE_CURVE('',#4102,#4104,#3265,.T.);
#7788=EDGE_CURVE('',#4104,#4106,#3270,.T.);
#7790=EDGE_CURVE('',#4106,#4108,#3274,.T.);
#7792=EDGE_CURVE('',#4092,#4108,#3332,.T.);
#7804=EDGE_CURVE('',#4088,#4094,#3283,.T.);
#7816=EDGE_CURVE('',#4086,#4096,#3291,.T.);
#7829=EDGE_CURVE('',#4084,#4098,#3295,.T.);
#7855=EDGE_CURVE('',#4082,#4100,#3307,.T.);
#7867=EDGE_CURVE('',#4080,#4102,#3315,.T.);
#7881=EDGE_CURVE('',#4076,#4106,#3319,.T.);
#7895=EDGE_CURVE('',#4074,#4108,#3323,.T.);
#7919=EDGE_CURVE('',#4111,#4112,#3348,.T.);
#7921=EDGE_CURVE('',#4111,#4032,#3336,.T.);
#7924=EDGE_CURVE('',#4031,#4112,#3340,.T.);
#7934=EDGE_CURVE('',#4115,#4116,#3344,.T.);
#7936=EDGE_CURVE('',#4111,#4116,#3370,.T.);
#7939=EDGE_CURVE('',#4115,#4112,#3357,.T.);
#7950=EDGE_CURVE('',#4036,#4115,#3365,.T.);
#7953=EDGE_CURVE('',#4116,#4034,#3374,.T.);
#7988=EDGE_CURVE('',#4126,#4048,#3387,.T.);
#7990=EDGE_CURVE('',#4126,#4128,#3383,.T.);
#7992=EDGE_CURVE('',#4047,#4128,#3408,.T.);
#8003=EDGE_CURVE('',#4134,#4052,#3400,.T.);
#8005=EDGE_CURVE('',#4126,#4134,#3412,.T.);
#8017=EDGE_CURVE('',#4050,#4136,#3391,.T.);
#8019=EDGE_CURVE('',#4136,#4134,#3396,.T.);
#8032=EDGE_CURVE('',#4136,#4128,#3416,.T.);
#8056=EDGE_CURVE('',#4130,#4056,#3429,.T.);
#8058=EDGE_CURVE('',#4130,#4132,#3425,.T.);
#8060=EDGE_CURVE('',#4055,#4132,#3450,.T.);
#8071=EDGE_CURVE('',#4140,#4060,#3442,.T.);
#8073=EDGE_CURVE('',#4130,#4140,#3454,.T.);
#8085=EDGE_CURVE('',#4058,#4138,#3433,.T.);
#8087=EDGE_CURVE('',#4138,#4140,#3438,.T.);
#8100=EDGE_CURVE('',#4138,#4132,#3458,.T.);
#8124=EDGE_CURVE('',#4142,#4064,#3496,.T.);
#8126=EDGE_CURVE('',#4142,#4144,#3466,.T.);
#8128=EDGE_CURVE('',#4144,#4146,#3470,.T.);
#8130=EDGE_CURVE('',#4148,#4146,#3582,.T.);
#8132=EDGE_CURVE('',#4150,#4148,#3574,.T.);
#8134=EDGE_CURVE('',#4152,#4150,#3566,.T.);
#8136=EDGE_CURVE('',#4152,#4154,#3474,.T.);
#8138=EDGE_CURVE('',#4154,#4156,#3479,.T.);
#8140=EDGE_CURVE('',#4156,#4158,#3484,.T.);
#8142=EDGE_CURVE('',#4158,#4160,#3488,.T.);
#8144=EDGE_CURVE('',#4063,#4160,#3550,.T.);
#8155=EDGE_CURVE('',#4162,#4068,#3542,.T.);
#8157=EDGE_CURVE('',#4162,#4142,#3492,.T.);
#8169=EDGE_CURVE('',#4066,#4164,#3500,.T.);
#8171=EDGE_CURVE('',#4164,#4166,#3504,.T.);
#8173=EDGE_CURVE('',#4166,#4169,#3509,.T.);
#8175=EDGE_CURVE('',#4169,#4170,#3514,.T.);
#8177=EDGE_CURVE('',#4170,#4172,#3518,.T.);
#8179=EDGE_CURVE('',#4172,#4174,#3522,.T.);
#8181=EDGE_CURVE('',#4174,#4176,#3526,.T.);
#8183=EDGE_CURVE('',#4176,#4178,#3530,.T.);
#8185=EDGE_CURVE('',#4178,#4180,#3534,.T.);
#8187=EDGE_CURVE('',#4180,#4162,#3538,.T.);
#8200=EDGE_CURVE('',#4164,#4160,#3554,.T.);
#8212=EDGE_CURVE('',#4166,#4158,#3562,.T.);
#8226=EDGE_CURVE('',#4154,#4170,#3558,.T.);
#8240=EDGE_CURVE('',#4172,#4152,#3570,.T.);
#8253=EDGE_CURVE('',#4174,#4150,#3578,.T.);
#8266=EDGE_CURVE('',#4176,#4148,#3586,.T.);
#8279=EDGE_CURVE('',#4178,#4146,#3590,.T.);
#8292=EDGE_CURVE('',#4180,#4144,#3594,.T.);
#8316=CIRCLE('',#8315,2.E-1);
#8321=CIRCLE('',#8320,7.5E-1);
#8326=CIRCLE('',#8325,7.5E-1);
#8331=CIRCLE('',#8330,3.5E-1);
#8336=CIRCLE('',#8335,3.5E-1);
#8341=CIRCLE('',#8340,2.E-1);
#8355=EDGE_CURVE('',#8344,#8345,#8326,.T.);
#8357=EDGE_CURVE('',#8344,#8347,#8316,.T.);
#8359=EDGE_CURVE('',#8349,#8347,#8336,.T.);
#8361=EDGE_CURVE('',#8345,#8349,#8341,.T.);
#8371=EDGE_CURVE('',#8345,#8344,#8321,.T.);
#8376=EDGE_CURVE('',#8347,#8349,#8331,.T.);
#8399=CIRCLE('',#8398,7.5E-1);
#8404=CIRCLE('',#8403,7.5E-1);
#8409=CIRCLE('',#8408,3.5E-1);
#8414=CIRCLE('',#8413,3.5E-1);
#8419=CIRCLE('',#8418,2.E-1);
#8424=CIRCLE('',#8423,2.E-1);
#8438=EDGE_CURVE('',#8427,#8428,#8399,.T.);
#8440=EDGE_CURVE('',#8428,#8427,#8404,.T.);
#8444=EDGE_CURVE('',#8431,#8432,#8409,.T.);
#8446=EDGE_CURVE('',#8432,#8431,#8414,.T.);
#8457=EDGE_CURVE('',#8431,#8428,#8419,.T.);
#8460=EDGE_CURVE('',#8432,#8427,#8424,.T.);
#8481=(LENGTH_UNIT()NAMED_UNIT(*)SI_UNIT(.MILLI.,.METRE.));
#8483=(NAMED_UNIT(*)PLANE_ANGLE_UNIT()SI_UNIT($,.RADIAN.));
#8486=(NAMED_UNIT(*)SI_UNIT($,.STERADIAN.)SOLID_ANGLE_UNIT());
#8489=ADVANCED_BREP_SHAPE_REPRESENTATION('',(#8480),#8488);
#8496=PRODUCT_DEFINITION('design','',#8495,#8492);
#8497=PRODUCT_DEFINITION_SHAPE('','SHAPE FOR PTD902-2X15K-XXXX.',#8496);
#8498=SHAPE_DEFINITION_REPRESENTATION(#8497,#8489);
ENDSEC;
END-ISO-10303-21;
