ISO-10303-21;
HEADER;
FILE_DESCRIPTION(('FreeCAD Model'),'2;1');
FILE_NAME('Open CASCADE Shape Model','2026-03-20T18:12:13',('Author'),(
    ''),'Open CASCADE STEP processor 7.8','FreeCAD','Unknown');
FILE_SCHEMA((
'AP242_MANAGED_MODEL_BASED_3D_ENGINEERING_MIM_LF. {1 0 10303 442 1 1 4 
}'));
ENDSEC;
DATA;
#1 = APPLICATION_PROTOCOL_DEFINITION('international standard',
  'ap242_managed_model_based_3d_engineering',2013,#2);
#2 = APPLICATION_CONTEXT('Managed model based 3d engineering');
#3 = SHAPE_DEFINITION_REPRESENTATION(#4,#10);
#4 = PRODUCT_DEFINITION_SHAPE('','',#5);
#5 = PRODUCT_DEFINITION('design','',#6,#9);
#6 = PRODUCT_DEFINITION_FORMATION('','',#7);
#7 = PRODUCT('Alps_RDC503_module','Alps_RDC503_module','',(#8));
#8 = PRODUCT_CONTEXT('',#2,'mechanical');
#9 = PRODUCT_DEFINITION_CONTEXT('part definition',#2,'design');
#10 = SHAPE_REPRESENTATION('',(#11,#15,#19,#23,#27),#31);
#11 = AXIS2_PLACEMENT_3D('',#12,#13,#14);
#12 = CARTESIAN_POINT('',(0.,0.,0.));
#13 = DIRECTION('',(0.,0.,1.));
#14 = DIRECTION('',(1.,0.,-0.));
#15 = AXIS2_PLACEMENT_3D('',#16,#17,#18);
#16 = CARTESIAN_POINT('',(6.880760192871E-02,-0.526986598969,
    -1.445914745331));
#17 = DIRECTION('',(0.,0.,1.));
#18 = DIRECTION('',(1.,0.,0.));
#19 = AXIS2_PLACEMENT_3D('',#20,#21,#22);
#20 = CARTESIAN_POINT('',(-3.931192398071,-0.526986598969,
    -0.645914745331));
#21 = DIRECTION('',(0.,0.,1.));
#22 = DIRECTION('',(-2.22044604925E-16,1.,0.));
#23 = AXIS2_PLACEMENT_3D('',#24,#25,#26);
#24 = CARTESIAN_POINT('',(7.668807601929,1.773013401031,-0.645914745331)
  );
#25 = DIRECTION('',(1.,-4.440892098501E-16,0.));
#26 = DIRECTION('',(4.440892098501E-16,1.,0.));
#27 = AXIS2_PLACEMENT_3D('',#28,#29,#30);
#28 = CARTESIAN_POINT('',(7.668807601929,-1.826986598969,0.254085254669)
  );
#29 = DIRECTION('',(1.,0.,0.));
#30 = DIRECTION('',(0.,-1.,0.));
#31 = ( GEOMETRIC_REPRESENTATION_CONTEXT(3) 
GLOBAL_UNCERTAINTY_ASSIGNED_CONTEXT((#35)) GLOBAL_UNIT_ASSIGNED_CONTEXT(
(#32,#33,#34)) REPRESENTATION_CONTEXT('Context #1',
  '3D Context with UNIT and UNCERTAINTY') );
#32 = ( LENGTH_UNIT() NAMED_UNIT(*) SI_UNIT(.MILLI.,.METRE.) );
#33 = ( NAMED_UNIT(*) PLANE_ANGLE_UNIT() SI_UNIT($,.RADIAN.) );
#34 = ( NAMED_UNIT(*) SI_UNIT($,.STERADIAN.) SOLID_ANGLE_UNIT() );
#35 = UNCERTAINTY_MEASURE_WITH_UNIT(LENGTH_MEASURE(1.E-07),#32,
  'distance_accuracy_value','confusion accuracy');
#36 = PRODUCT_RELATED_PRODUCT_CATEGORY('part',$,(#7));
#37 = SHAPE_DEFINITION_REPRESENTATION(#38,#44);
#38 = PRODUCT_DEFINITION_SHAPE('','',#39);
#39 = PRODUCT_DEFINITION('design','',#40,#43);
#40 = PRODUCT_DEFINITION_FORMATION('','',#41);
#41 = PRODUCT('Body','Body','',(#42));
#42 = PRODUCT_CONTEXT('',#2,'mechanical');
#43 = PRODUCT_DEFINITION_CONTEXT('part definition',#2,'design');
#44 = ADVANCED_BREP_SHAPE_REPRESENTATION('',(#11,#45),#585);
#45 = MANIFOLD_SOLID_BREP('',#46);
#46 = CLOSED_SHELL('',(#47,#87,#118,#149,#171,#204,#237,#270,#303,#336,
    #369,#402,#435,#468,#501,#543));
#47 = ADVANCED_FACE('',(#48),#82,.F.);
#48 = FACE_BOUND('',#49,.F.);
#49 = EDGE_LOOP('',(#50,#60,#68,#76));
#50 = ORIENTED_EDGE('',*,*,#51,.T.);
#51 = EDGE_CURVE('',#52,#54,#56,.T.);
#52 = VERTEX_POINT('',#53);
#53 = CARTESIAN_POINT('',(-12.5,-6.6,-0.8));
#54 = VERTEX_POINT('',#55);
#55 = CARTESIAN_POINT('',(-12.5,-6.6,0.8));
#56 = LINE('',#57,#58);
#57 = CARTESIAN_POINT('',(-12.5,-6.6,-0.8));
#58 = VECTOR('',#59,1.);
#59 = DIRECTION('',(0.,0.,1.));
#60 = ORIENTED_EDGE('',*,*,#61,.T.);
#61 = EDGE_CURVE('',#54,#62,#64,.T.);
#62 = VERTEX_POINT('',#63);
#63 = CARTESIAN_POINT('',(12.5,-6.6,0.8));
#64 = LINE('',#65,#66);
#65 = CARTESIAN_POINT('',(-12.5,-6.6,0.8));
#66 = VECTOR('',#67,1.);
#67 = DIRECTION('',(1.,0.,0.));
#68 = ORIENTED_EDGE('',*,*,#69,.F.);
#69 = EDGE_CURVE('',#70,#62,#72,.T.);
#70 = VERTEX_POINT('',#71);
#71 = CARTESIAN_POINT('',(12.5,-6.6,-0.8));
#72 = LINE('',#73,#74);
#73 = CARTESIAN_POINT('',(12.5,-6.6,-0.8));
#74 = VECTOR('',#75,1.);
#75 = DIRECTION('',(0.,0.,1.));
#76 = ORIENTED_EDGE('',*,*,#77,.F.);
#77 = EDGE_CURVE('',#52,#70,#78,.T.);
#78 = LINE('',#79,#80);
#79 = CARTESIAN_POINT('',(-12.5,-6.6,-0.8));
#80 = VECTOR('',#81,1.);
#81 = DIRECTION('',(1.,0.,0.));
#82 = PLANE('',#83);
#83 = AXIS2_PLACEMENT_3D('',#84,#85,#86);
#84 = CARTESIAN_POINT('',(-12.5,-6.6,-0.8));
#85 = DIRECTION('',(0.,1.,0.));
#86 = DIRECTION('',(1.,0.,0.));
#87 = ADVANCED_FACE('',(#88),#113,.F.);
#88 = FACE_BOUND('',#89,.F.);
#89 = EDGE_LOOP('',(#90,#91,#99,#107));
#90 = ORIENTED_EDGE('',*,*,#69,.T.);
#91 = ORIENTED_EDGE('',*,*,#92,.T.);
#92 = EDGE_CURVE('',#62,#93,#95,.T.);
#93 = VERTEX_POINT('',#94);
#94 = CARTESIAN_POINT('',(12.5,6.6,0.8));
#95 = LINE('',#96,#97);
#96 = CARTESIAN_POINT('',(12.5,-6.6,0.8));
#97 = VECTOR('',#98,1.);
#98 = DIRECTION('',(0.,1.,0.));
#99 = ORIENTED_EDGE('',*,*,#100,.F.);
#100 = EDGE_CURVE('',#101,#93,#103,.T.);
#101 = VERTEX_POINT('',#102);
#102 = CARTESIAN_POINT('',(12.5,6.6,-0.8));
#103 = LINE('',#104,#105);
#104 = CARTESIAN_POINT('',(12.5,6.6,-0.8));
#105 = VECTOR('',#106,1.);
#106 = DIRECTION('',(0.,0.,1.));
#107 = ORIENTED_EDGE('',*,*,#108,.F.);
#108 = EDGE_CURVE('',#70,#101,#109,.T.);
#109 = LINE('',#110,#111);
#110 = CARTESIAN_POINT('',(12.5,-6.6,-0.8));
#111 = VECTOR('',#112,1.);
#112 = DIRECTION('',(0.,1.,0.));
#113 = PLANE('',#114);
#114 = AXIS2_PLACEMENT_3D('',#115,#116,#117);
#115 = CARTESIAN_POINT('',(12.5,-6.6,-0.8));
#116 = DIRECTION('',(-1.,0.,0.));
#117 = DIRECTION('',(0.,1.,0.));
#118 = ADVANCED_FACE('',(#119),#144,.F.);
#119 = FACE_BOUND('',#120,.F.);
#120 = EDGE_LOOP('',(#121,#122,#130,#138));
#121 = ORIENTED_EDGE('',*,*,#100,.T.);
#122 = ORIENTED_EDGE('',*,*,#123,.T.);
#123 = EDGE_CURVE('',#93,#124,#126,.T.);
#124 = VERTEX_POINT('',#125);
#125 = CARTESIAN_POINT('',(-12.5,6.6,0.8));
#126 = LINE('',#127,#128);
#127 = CARTESIAN_POINT('',(12.5,6.6,0.8));
#128 = VECTOR('',#129,1.);
#129 = DIRECTION('',(-1.,0.,0.));
#130 = ORIENTED_EDGE('',*,*,#131,.F.);
#131 = EDGE_CURVE('',#132,#124,#134,.T.);
#132 = VERTEX_POINT('',#133);
#133 = CARTESIAN_POINT('',(-12.5,6.6,-0.8));
#134 = LINE('',#135,#136);
#135 = CARTESIAN_POINT('',(-12.5,6.6,-0.8));
#136 = VECTOR('',#137,1.);
#137 = DIRECTION('',(0.,0.,1.));
#138 = ORIENTED_EDGE('',*,*,#139,.F.);
#139 = EDGE_CURVE('',#101,#132,#140,.T.);
#140 = LINE('',#141,#142);
#141 = CARTESIAN_POINT('',(12.5,6.6,-0.8));
#142 = VECTOR('',#143,1.);
#143 = DIRECTION('',(-1.,0.,0.));
#144 = PLANE('',#145);
#145 = AXIS2_PLACEMENT_3D('',#146,#147,#148);
#146 = CARTESIAN_POINT('',(12.5,6.6,-0.8));
#147 = DIRECTION('',(0.,-1.,0.));
#148 = DIRECTION('',(-1.,0.,0.));
#149 = ADVANCED_FACE('',(#150),#166,.F.);
#150 = FACE_BOUND('',#151,.F.);
#151 = EDGE_LOOP('',(#152,#153,#159,#160));
#152 = ORIENTED_EDGE('',*,*,#131,.T.);
#153 = ORIENTED_EDGE('',*,*,#154,.T.);
#154 = EDGE_CURVE('',#124,#54,#155,.T.);
#155 = LINE('',#156,#157);
#156 = CARTESIAN_POINT('',(-12.5,6.6,0.8));
#157 = VECTOR('',#158,1.);
#158 = DIRECTION('',(0.,-1.,0.));
#159 = ORIENTED_EDGE('',*,*,#51,.F.);
#160 = ORIENTED_EDGE('',*,*,#161,.F.);
#161 = EDGE_CURVE('',#132,#52,#162,.T.);
#162 = LINE('',#163,#164);
#163 = CARTESIAN_POINT('',(-12.5,6.6,-0.8));
#164 = VECTOR('',#165,1.);
#165 = DIRECTION('',(0.,-1.,0.));
#166 = PLANE('',#167);
#167 = AXIS2_PLACEMENT_3D('',#168,#169,#170);
#168 = CARTESIAN_POINT('',(-12.5,6.6,-0.8));
#169 = DIRECTION('',(1.,0.,0.));
#170 = DIRECTION('',(0.,-1.,0.));
#171 = ADVANCED_FACE('',(#172),#199,.F.);
#172 = FACE_BOUND('',#173,.T.);
#173 = EDGE_LOOP('',(#174,#184,#191,#192));
#174 = ORIENTED_EDGE('',*,*,#175,.T.);
#175 = EDGE_CURVE('',#176,#178,#180,.T.);
#176 = VERTEX_POINT('',#177);
#177 = CARTESIAN_POINT('',(-1.5,0.,-0.8));
#178 = VERTEX_POINT('',#179);
#179 = CARTESIAN_POINT('',(-1.5,0.,0.8));
#180 = LINE('',#181,#182);
#181 = CARTESIAN_POINT('',(-1.5,0.,-0.8));
#182 = VECTOR('',#183,1.);
#183 = DIRECTION('',(0.,0.,1.));
#184 = ORIENTED_EDGE('',*,*,#185,.T.);
#185 = EDGE_CURVE('',#178,#178,#186,.T.);
#186 = CIRCLE('',#187,2.5);
#187 = AXIS2_PLACEMENT_3D('',#188,#189,#190);
#188 = CARTESIAN_POINT('',(-4.,0.,0.8));
#189 = DIRECTION('',(0.,0.,1.));
#190 = DIRECTION('',(1.,0.,0.));
#191 = ORIENTED_EDGE('',*,*,#175,.F.);
#192 = ORIENTED_EDGE('',*,*,#193,.F.);
#193 = EDGE_CURVE('',#176,#176,#194,.T.);
#194 = CIRCLE('',#195,2.5);
#195 = AXIS2_PLACEMENT_3D('',#196,#197,#198);
#196 = CARTESIAN_POINT('',(-4.,0.,-0.8));
#197 = DIRECTION('',(0.,0.,1.));
#198 = DIRECTION('',(1.,0.,0.));
#199 = CYLINDRICAL_SURFACE('',#200,2.5);
#200 = AXIS2_PLACEMENT_3D('',#201,#202,#203);
#201 = CARTESIAN_POINT('',(-4.,0.,-0.8));
#202 = DIRECTION('',(-0.,-0.,-1.));
#203 = DIRECTION('',(1.,0.,0.));
#204 = ADVANCED_FACE('',(#205),#232,.F.);
#205 = FACE_BOUND('',#206,.T.);
#206 = EDGE_LOOP('',(#207,#217,#224,#225));
#207 = ORIENTED_EDGE('',*,*,#208,.T.);
#208 = EDGE_CURVE('',#209,#211,#213,.T.);
#209 = VERTEX_POINT('',#210);
#210 = CARTESIAN_POINT('',(-8.5,-4.5,-0.8));
#211 = VERTEX_POINT('',#212);
#212 = CARTESIAN_POINT('',(-8.5,-4.5,0.8));
#213 = LINE('',#214,#215);
#214 = CARTESIAN_POINT('',(-8.5,-4.5,-0.8));
#215 = VECTOR('',#216,1.);
#216 = DIRECTION('',(0.,0.,1.));
#217 = ORIENTED_EDGE('',*,*,#218,.T.);
#218 = EDGE_CURVE('',#211,#211,#219,.T.);
#219 = CIRCLE('',#220,1.5);
#220 = AXIS2_PLACEMENT_3D('',#221,#222,#223);
#221 = CARTESIAN_POINT('',(-10.,-4.5,0.8));
#222 = DIRECTION('',(0.,0.,1.));
#223 = DIRECTION('',(1.,0.,0.));
#224 = ORIENTED_EDGE('',*,*,#208,.F.);
#225 = ORIENTED_EDGE('',*,*,#226,.F.);
#226 = EDGE_CURVE('',#209,#209,#227,.T.);
#227 = CIRCLE('',#228,1.5);
#228 = AXIS2_PLACEMENT_3D('',#229,#230,#231);
#229 = CARTESIAN_POINT('',(-10.,-4.5,-0.8));
#230 = DIRECTION('',(0.,0.,1.));
#231 = DIRECTION('',(1.,0.,0.));
#232 = CYLINDRICAL_SURFACE('',#233,1.5);
#233 = AXIS2_PLACEMENT_3D('',#234,#235,#236);
#234 = CARTESIAN_POINT('',(-10.,-4.5,-0.8));
#235 = DIRECTION('',(-0.,-0.,-1.));
#236 = DIRECTION('',(1.,0.,0.));
#237 = ADVANCED_FACE('',(#238),#265,.F.);
#238 = FACE_BOUND('',#239,.T.);
#239 = EDGE_LOOP('',(#240,#250,#257,#258));
#240 = ORIENTED_EDGE('',*,*,#241,.T.);
#241 = EDGE_CURVE('',#242,#244,#246,.T.);
#242 = VERTEX_POINT('',#243);
#243 = CARTESIAN_POINT('',(-8.5,4.5,-0.8));
#244 = VERTEX_POINT('',#245);
#245 = CARTESIAN_POINT('',(-8.5,4.5,0.8));
#246 = LINE('',#247,#248);
#247 = CARTESIAN_POINT('',(-8.5,4.5,-0.8));
#248 = VECTOR('',#249,1.);
#249 = DIRECTION('',(0.,0.,1.));
#250 = ORIENTED_EDGE('',*,*,#251,.T.);
#251 = EDGE_CURVE('',#244,#244,#252,.T.);
#252 = CIRCLE('',#253,1.5);
#253 = AXIS2_PLACEMENT_3D('',#254,#255,#256);
#254 = CARTESIAN_POINT('',(-10.,4.5,0.8));
#255 = DIRECTION('',(0.,0.,1.));
#256 = DIRECTION('',(1.,0.,0.));
#257 = ORIENTED_EDGE('',*,*,#241,.F.);
#258 = ORIENTED_EDGE('',*,*,#259,.F.);
#259 = EDGE_CURVE('',#242,#242,#260,.T.);
#260 = CIRCLE('',#261,1.5);
#261 = AXIS2_PLACEMENT_3D('',#262,#263,#264);
#262 = CARTESIAN_POINT('',(-10.,4.5,-0.8));
#263 = DIRECTION('',(0.,0.,1.));
#264 = DIRECTION('',(1.,0.,0.));
#265 = CYLINDRICAL_SURFACE('',#266,1.5);
#266 = AXIS2_PLACEMENT_3D('',#267,#268,#269);
#267 = CARTESIAN_POINT('',(-10.,4.5,-0.8));
#268 = DIRECTION('',(-0.,-0.,-1.));
#269 = DIRECTION('',(1.,0.,0.));
#270 = ADVANCED_FACE('',(#271),#298,.F.);
#271 = FACE_BOUND('',#272,.T.);
#272 = EDGE_LOOP('',(#273,#283,#290,#291));
#273 = ORIENTED_EDGE('',*,*,#274,.T.);
#274 = EDGE_CURVE('',#275,#277,#279,.T.);
#275 = VERTEX_POINT('',#276);
#276 = CARTESIAN_POINT('',(-6.47,-2.5,-0.8));
#277 = VERTEX_POINT('',#278);
#278 = CARTESIAN_POINT('',(-6.47,-2.5,0.8));
#279 = LINE('',#280,#281);
#280 = CARTESIAN_POINT('',(-6.47,-2.5,-0.8));
#281 = VECTOR('',#282,1.);
#282 = DIRECTION('',(0.,0.,1.));
#283 = ORIENTED_EDGE('',*,*,#284,.T.);
#284 = EDGE_CURVE('',#277,#277,#285,.T.);
#285 = CIRCLE('',#286,0.53);
#286 = AXIS2_PLACEMENT_3D('',#287,#288,#289);
#287 = CARTESIAN_POINT('',(-7.,-2.5,0.8));
#288 = DIRECTION('',(0.,0.,1.));
#289 = DIRECTION('',(1.,0.,0.));
#290 = ORIENTED_EDGE('',*,*,#274,.F.);
#291 = ORIENTED_EDGE('',*,*,#292,.F.);
#292 = EDGE_CURVE('',#275,#275,#293,.T.);
#293 = CIRCLE('',#294,0.53);
#294 = AXIS2_PLACEMENT_3D('',#295,#296,#297);
#295 = CARTESIAN_POINT('',(-7.,-2.5,-0.8));
#296 = DIRECTION('',(0.,0.,1.));
#297 = DIRECTION('',(1.,0.,0.));
#298 = CYLINDRICAL_SURFACE('',#299,0.53);
#299 = AXIS2_PLACEMENT_3D('',#300,#301,#302);
#300 = CARTESIAN_POINT('',(-7.,-2.5,-0.8));
#301 = DIRECTION('',(-0.,-0.,-1.));
#302 = DIRECTION('',(1.,0.,0.));
#303 = ADVANCED_FACE('',(#304),#331,.F.);
#304 = FACE_BOUND('',#305,.T.);
#305 = EDGE_LOOP('',(#306,#316,#323,#324));
#306 = ORIENTED_EDGE('',*,*,#307,.T.);
#307 = EDGE_CURVE('',#308,#310,#312,.T.);
#308 = VERTEX_POINT('',#309);
#309 = CARTESIAN_POINT('',(-6.47,2.5,-0.8));
#310 = VERTEX_POINT('',#311);
#311 = CARTESIAN_POINT('',(-6.47,2.5,0.8));
#312 = LINE('',#313,#314);
#313 = CARTESIAN_POINT('',(-6.47,2.5,-0.8));
#314 = VECTOR('',#315,1.);
#315 = DIRECTION('',(0.,0.,1.));
#316 = ORIENTED_EDGE('',*,*,#317,.T.);
#317 = EDGE_CURVE('',#310,#310,#318,.T.);
#318 = CIRCLE('',#319,0.53);
#319 = AXIS2_PLACEMENT_3D('',#320,#321,#322);
#320 = CARTESIAN_POINT('',(-7.,2.5,0.8));
#321 = DIRECTION('',(0.,0.,1.));
#322 = DIRECTION('',(1.,0.,0.));
#323 = ORIENTED_EDGE('',*,*,#307,.F.);
#324 = ORIENTED_EDGE('',*,*,#325,.F.);
#325 = EDGE_CURVE('',#308,#308,#326,.T.);
#326 = CIRCLE('',#327,0.53);
#327 = AXIS2_PLACEMENT_3D('',#328,#329,#330);
#328 = CARTESIAN_POINT('',(-7.,2.5,-0.8));
#329 = DIRECTION('',(0.,0.,1.));
#330 = DIRECTION('',(1.,0.,0.));
#331 = CYLINDRICAL_SURFACE('',#332,0.53);
#332 = AXIS2_PLACEMENT_3D('',#333,#334,#335);
#333 = CARTESIAN_POINT('',(-7.,2.5,-0.8));
#334 = DIRECTION('',(-0.,-0.,-1.));
#335 = DIRECTION('',(1.,0.,0.));
#336 = ADVANCED_FACE('',(#337),#364,.F.);
#337 = FACE_BOUND('',#338,.T.);
#338 = EDGE_LOOP('',(#339,#349,#356,#357));
#339 = ORIENTED_EDGE('',*,*,#340,.T.);
#340 = EDGE_CURVE('',#341,#343,#345,.T.);
#341 = VERTEX_POINT('',#342);
#342 = CARTESIAN_POINT('',(1.03,-2.5,-0.8));
#343 = VERTEX_POINT('',#344);
#344 = CARTESIAN_POINT('',(1.03,-2.5,0.8));
#345 = LINE('',#346,#347);
#346 = CARTESIAN_POINT('',(1.03,-2.5,-0.8));
#347 = VECTOR('',#348,1.);
#348 = DIRECTION('',(0.,0.,1.));
#349 = ORIENTED_EDGE('',*,*,#350,.T.);
#350 = EDGE_CURVE('',#343,#343,#351,.T.);
#351 = CIRCLE('',#352,0.53);
#352 = AXIS2_PLACEMENT_3D('',#353,#354,#355);
#353 = CARTESIAN_POINT('',(0.5,-2.5,0.8));
#354 = DIRECTION('',(0.,0.,1.));
#355 = DIRECTION('',(1.,0.,0.));
#356 = ORIENTED_EDGE('',*,*,#340,.F.);
#357 = ORIENTED_EDGE('',*,*,#358,.F.);
#358 = EDGE_CURVE('',#341,#341,#359,.T.);
#359 = CIRCLE('',#360,0.53);
#360 = AXIS2_PLACEMENT_3D('',#361,#362,#363);
#361 = CARTESIAN_POINT('',(0.5,-2.5,-0.8));
#362 = DIRECTION('',(0.,0.,1.));
#363 = DIRECTION('',(1.,0.,0.));
#364 = CYLINDRICAL_SURFACE('',#365,0.53);
#365 = AXIS2_PLACEMENT_3D('',#366,#367,#368);
#366 = CARTESIAN_POINT('',(0.5,-2.5,-0.8));
#367 = DIRECTION('',(-0.,-0.,-1.));
#368 = DIRECTION('',(1.,0.,0.));
#369 = ADVANCED_FACE('',(#370),#397,.F.);
#370 = FACE_BOUND('',#371,.T.);
#371 = EDGE_LOOP('',(#372,#382,#389,#390));
#372 = ORIENTED_EDGE('',*,*,#373,.T.);
#373 = EDGE_CURVE('',#374,#376,#378,.T.);
#374 = VERTEX_POINT('',#375);
#375 = CARTESIAN_POINT('',(1.03,2.5,-0.8));
#376 = VERTEX_POINT('',#377);
#377 = CARTESIAN_POINT('',(1.03,2.5,0.8));
#378 = LINE('',#379,#380);
#379 = CARTESIAN_POINT('',(1.03,2.5,-0.8));
#380 = VECTOR('',#381,1.);
#381 = DIRECTION('',(0.,0.,1.));
#382 = ORIENTED_EDGE('',*,*,#383,.T.);
#383 = EDGE_CURVE('',#376,#376,#384,.T.);
#384 = CIRCLE('',#385,0.53);
#385 = AXIS2_PLACEMENT_3D('',#386,#387,#388);
#386 = CARTESIAN_POINT('',(0.5,2.5,0.8));
#387 = DIRECTION('',(0.,0.,1.));
#388 = DIRECTION('',(1.,0.,0.));
#389 = ORIENTED_EDGE('',*,*,#373,.F.);
#390 = ORIENTED_EDGE('',*,*,#391,.F.);
#391 = EDGE_CURVE('',#374,#374,#392,.T.);
#392 = CIRCLE('',#393,0.53);
#393 = AXIS2_PLACEMENT_3D('',#394,#395,#396);
#394 = CARTESIAN_POINT('',(0.5,2.5,-0.8));
#395 = DIRECTION('',(0.,0.,1.));
#396 = DIRECTION('',(1.,0.,0.));
#397 = CYLINDRICAL_SURFACE('',#398,0.53);
#398 = AXIS2_PLACEMENT_3D('',#399,#400,#401);
#399 = CARTESIAN_POINT('',(0.5,2.5,-0.8));
#400 = DIRECTION('',(-0.,-0.,-1.));
#401 = DIRECTION('',(1.,0.,0.));
#402 = ADVANCED_FACE('',(#403),#430,.F.);
#403 = FACE_BOUND('',#404,.T.);
#404 = EDGE_LOOP('',(#405,#415,#422,#423));
#405 = ORIENTED_EDGE('',*,*,#406,.T.);
#406 = EDGE_CURVE('',#407,#409,#411,.T.);
#407 = VERTEX_POINT('',#408);
#408 = CARTESIAN_POINT('',(11.5,-2.65,-0.8));
#409 = VERTEX_POINT('',#410);
#410 = CARTESIAN_POINT('',(11.5,-2.65,0.8));
#411 = LINE('',#412,#413);
#412 = CARTESIAN_POINT('',(11.5,-2.65,-0.8));
#413 = VECTOR('',#414,1.);
#414 = DIRECTION('',(0.,0.,1.));
#415 = ORIENTED_EDGE('',*,*,#416,.T.);
#416 = EDGE_CURVE('',#409,#409,#417,.T.);
#417 = CIRCLE('',#418,0.5);
#418 = AXIS2_PLACEMENT_3D('',#419,#420,#421);
#419 = CARTESIAN_POINT('',(11.,-2.65,0.8));
#420 = DIRECTION('',(0.,0.,1.));
#421 = DIRECTION('',(1.,0.,0.));
#422 = ORIENTED_EDGE('',*,*,#406,.F.);
#423 = ORIENTED_EDGE('',*,*,#424,.F.);
#424 = EDGE_CURVE('',#407,#407,#425,.T.);
#425 = CIRCLE('',#426,0.5);
#426 = AXIS2_PLACEMENT_3D('',#427,#428,#429);
#427 = CARTESIAN_POINT('',(11.,-2.65,-0.8));
#428 = DIRECTION('',(0.,0.,1.));
#429 = DIRECTION('',(1.,0.,0.));
#430 = CYLINDRICAL_SURFACE('',#431,0.5);
#431 = AXIS2_PLACEMENT_3D('',#432,#433,#434);
#432 = CARTESIAN_POINT('',(11.,-2.65,-0.8));
#433 = DIRECTION('',(-0.,-0.,-1.));
#434 = DIRECTION('',(1.,0.,0.));
#435 = ADVANCED_FACE('',(#436),#463,.F.);
#436 = FACE_BOUND('',#437,.T.);
#437 = EDGE_LOOP('',(#438,#448,#455,#456));
#438 = ORIENTED_EDGE('',*,*,#439,.T.);
#439 = EDGE_CURVE('',#440,#442,#444,.T.);
#440 = VERTEX_POINT('',#441);
#441 = CARTESIAN_POINT('',(11.5,0.,-0.8));
#442 = VERTEX_POINT('',#443);
#443 = CARTESIAN_POINT('',(11.5,0.,0.8));
#444 = LINE('',#445,#446);
#445 = CARTESIAN_POINT('',(11.5,0.,-0.8));
#446 = VECTOR('',#447,1.);
#447 = DIRECTION('',(0.,0.,1.));
#448 = ORIENTED_EDGE('',*,*,#449,.T.);
#449 = EDGE_CURVE('',#442,#442,#450,.T.);
#450 = CIRCLE('',#451,0.5);
#451 = AXIS2_PLACEMENT_3D('',#452,#453,#454);
#452 = CARTESIAN_POINT('',(11.,0.,0.8));
#453 = DIRECTION('',(0.,0.,1.));
#454 = DIRECTION('',(1.,0.,0.));
#455 = ORIENTED_EDGE('',*,*,#439,.F.);
#456 = ORIENTED_EDGE('',*,*,#457,.F.);
#457 = EDGE_CURVE('',#440,#440,#458,.T.);
#458 = CIRCLE('',#459,0.5);
#459 = AXIS2_PLACEMENT_3D('',#460,#461,#462);
#460 = CARTESIAN_POINT('',(11.,0.,-0.8));
#461 = DIRECTION('',(0.,0.,1.));
#462 = DIRECTION('',(1.,0.,0.));
#463 = CYLINDRICAL_SURFACE('',#464,0.5);
#464 = AXIS2_PLACEMENT_3D('',#465,#466,#467);
#465 = CARTESIAN_POINT('',(11.,0.,-0.8));
#466 = DIRECTION('',(-0.,-0.,-1.));
#467 = DIRECTION('',(1.,0.,0.));
#468 = ADVANCED_FACE('',(#469),#496,.F.);
#469 = FACE_BOUND('',#470,.T.);
#470 = EDGE_LOOP('',(#471,#481,#488,#489));
#471 = ORIENTED_EDGE('',*,*,#472,.T.);
#472 = EDGE_CURVE('',#473,#475,#477,.T.);
#473 = VERTEX_POINT('',#474);
#474 = CARTESIAN_POINT('',(11.5,2.65,-0.8));
#475 = VERTEX_POINT('',#476);
#476 = CARTESIAN_POINT('',(11.5,2.65,0.8));
#477 = LINE('',#478,#479);
#478 = CARTESIAN_POINT('',(11.5,2.65,-0.8));
#479 = VECTOR('',#480,1.);
#480 = DIRECTION('',(0.,0.,1.));
#481 = ORIENTED_EDGE('',*,*,#482,.T.);
#482 = EDGE_CURVE('',#475,#475,#483,.T.);
#483 = CIRCLE('',#484,0.5);
#484 = AXIS2_PLACEMENT_3D('',#485,#486,#487);
#485 = CARTESIAN_POINT('',(11.,2.65,0.8));
#486 = DIRECTION('',(0.,0.,1.));
#487 = DIRECTION('',(1.,0.,0.));
#488 = ORIENTED_EDGE('',*,*,#472,.F.);
#489 = ORIENTED_EDGE('',*,*,#490,.F.);
#490 = EDGE_CURVE('',#473,#473,#491,.T.);
#491 = CIRCLE('',#492,0.5);
#492 = AXIS2_PLACEMENT_3D('',#493,#494,#495);
#493 = CARTESIAN_POINT('',(11.,2.65,-0.8));
#494 = DIRECTION('',(0.,0.,1.));
#495 = DIRECTION('',(1.,0.,0.));
#496 = CYLINDRICAL_SURFACE('',#497,0.5);
#497 = AXIS2_PLACEMENT_3D('',#498,#499,#500);
#498 = CARTESIAN_POINT('',(11.,2.65,-0.8));
#499 = DIRECTION('',(-0.,-0.,-1.));
#500 = DIRECTION('',(1.,0.,0.));
#501 = ADVANCED_FACE('',(#502,#508,#511,#514,#517,#520,#523,#526,#529,
    #532,#535),#538,.F.);
#502 = FACE_BOUND('',#503,.F.);
#503 = EDGE_LOOP('',(#504,#505,#506,#507));
#504 = ORIENTED_EDGE('',*,*,#77,.T.);
#505 = ORIENTED_EDGE('',*,*,#108,.T.);
#506 = ORIENTED_EDGE('',*,*,#139,.T.);
#507 = ORIENTED_EDGE('',*,*,#161,.T.);
#508 = FACE_BOUND('',#509,.T.);
#509 = EDGE_LOOP('',(#510));
#510 = ORIENTED_EDGE('',*,*,#193,.T.);
#511 = FACE_BOUND('',#512,.T.);
#512 = EDGE_LOOP('',(#513));
#513 = ORIENTED_EDGE('',*,*,#226,.T.);
#514 = FACE_BOUND('',#515,.T.);
#515 = EDGE_LOOP('',(#516));
#516 = ORIENTED_EDGE('',*,*,#259,.T.);
#517 = FACE_BOUND('',#518,.T.);
#518 = EDGE_LOOP('',(#519));
#519 = ORIENTED_EDGE('',*,*,#292,.T.);
#520 = FACE_BOUND('',#521,.T.);
#521 = EDGE_LOOP('',(#522));
#522 = ORIENTED_EDGE('',*,*,#325,.T.);
#523 = FACE_BOUND('',#524,.T.);
#524 = EDGE_LOOP('',(#525));
#525 = ORIENTED_EDGE('',*,*,#358,.T.);
#526 = FACE_BOUND('',#527,.T.);
#527 = EDGE_LOOP('',(#528));
#528 = ORIENTED_EDGE('',*,*,#391,.T.);
#529 = FACE_BOUND('',#530,.T.);
#530 = EDGE_LOOP('',(#531));
#531 = ORIENTED_EDGE('',*,*,#424,.T.);
#532 = FACE_BOUND('',#533,.T.);
#533 = EDGE_LOOP('',(#534));
#534 = ORIENTED_EDGE('',*,*,#457,.T.);
#535 = FACE_BOUND('',#536,.T.);
#536 = EDGE_LOOP('',(#537));
#537 = ORIENTED_EDGE('',*,*,#490,.T.);
#538 = PLANE('',#539);
#539 = AXIS2_PLACEMENT_3D('',#540,#541,#542);
#540 = CARTESIAN_POINT('',(-1.275647972058,-3.049350932023E-17,-0.8));
#541 = DIRECTION('',(0.,0.,1.));
#542 = DIRECTION('',(1.,0.,0.));
#543 = ADVANCED_FACE('',(#544,#550,#553,#556,#559,#562,#565,#568,#571,
    #574,#577),#580,.T.);
#544 = FACE_BOUND('',#545,.T.);
#545 = EDGE_LOOP('',(#546,#547,#548,#549));
#546 = ORIENTED_EDGE('',*,*,#61,.T.);
#547 = ORIENTED_EDGE('',*,*,#92,.T.);
#548 = ORIENTED_EDGE('',*,*,#123,.T.);
#549 = ORIENTED_EDGE('',*,*,#154,.T.);
#550 = FACE_BOUND('',#551,.F.);
#551 = EDGE_LOOP('',(#552));
#552 = ORIENTED_EDGE('',*,*,#185,.T.);
#553 = FACE_BOUND('',#554,.F.);
#554 = EDGE_LOOP('',(#555));
#555 = ORIENTED_EDGE('',*,*,#218,.T.);
#556 = FACE_BOUND('',#557,.F.);
#557 = EDGE_LOOP('',(#558));
#558 = ORIENTED_EDGE('',*,*,#251,.T.);
#559 = FACE_BOUND('',#560,.F.);
#560 = EDGE_LOOP('',(#561));
#561 = ORIENTED_EDGE('',*,*,#284,.T.);
#562 = FACE_BOUND('',#563,.F.);
#563 = EDGE_LOOP('',(#564));
#564 = ORIENTED_EDGE('',*,*,#317,.T.);
#565 = FACE_BOUND('',#566,.F.);
#566 = EDGE_LOOP('',(#567));
#567 = ORIENTED_EDGE('',*,*,#350,.T.);
#568 = FACE_BOUND('',#569,.F.);
#569 = EDGE_LOOP('',(#570));
#570 = ORIENTED_EDGE('',*,*,#383,.T.);
#571 = FACE_BOUND('',#572,.F.);
#572 = EDGE_LOOP('',(#573));
#573 = ORIENTED_EDGE('',*,*,#416,.T.);
#574 = FACE_BOUND('',#575,.F.);
#575 = EDGE_LOOP('',(#576));
#576 = ORIENTED_EDGE('',*,*,#449,.T.);
#577 = FACE_BOUND('',#578,.F.);
#578 = EDGE_LOOP('',(#579));
#579 = ORIENTED_EDGE('',*,*,#482,.T.);
#580 = PLANE('',#581);
#581 = AXIS2_PLACEMENT_3D('',#582,#583,#584);
#582 = CARTESIAN_POINT('',(-1.275647972058,-3.049350932023E-17,0.8));
#583 = DIRECTION('',(0.,0.,1.));
#584 = DIRECTION('',(1.,0.,0.));
#585 = ( GEOMETRIC_REPRESENTATION_CONTEXT(3) 
GLOBAL_UNCERTAINTY_ASSIGNED_CONTEXT((#589)) GLOBAL_UNIT_ASSIGNED_CONTEXT
((#586,#587,#588)) REPRESENTATION_CONTEXT('Context #1',
  '3D Context with UNIT and UNCERTAINTY') );
#586 = ( LENGTH_UNIT() NAMED_UNIT(*) SI_UNIT(.MILLI.,.METRE.) );
#587 = ( NAMED_UNIT(*) PLANE_ANGLE_UNIT() SI_UNIT($,.RADIAN.) );
#588 = ( NAMED_UNIT(*) SI_UNIT($,.STERADIAN.) SOLID_ANGLE_UNIT() );
#589 = UNCERTAINTY_MEASURE_WITH_UNIT(LENGTH_MEASURE(1.E-07),#586,
  'distance_accuracy_value','confusion accuracy');
#590 = CONTEXT_DEPENDENT_SHAPE_REPRESENTATION(#591,#593);
#591 = ( REPRESENTATION_RELATIONSHIP('','',#44,#10) 
REPRESENTATION_RELATIONSHIP_WITH_TRANSFORMATION(#592) 
SHAPE_REPRESENTATION_RELATIONSHIP() );
#592 = ITEM_DEFINED_TRANSFORMATION('','',#11,#15);
#593 = PRODUCT_DEFINITION_SHAPE('Placement','Placement of an item',#594
  );
#594 = NEXT_ASSEMBLY_USAGE_OCCURRENCE('8','Body','',#5,#39,$);
#595 = PRODUCT_RELATED_PRODUCT_CATEGORY('part',$,(#41));
#596 = SHAPE_DEFINITION_REPRESENTATION(#597,#603);
#597 = PRODUCT_DEFINITION_SHAPE('','',#598);
#598 = PRODUCT_DEFINITION('design','',#599,#602);
#599 = PRODUCT_DEFINITION_FORMATION('','',#600);
#600 = PRODUCT('Body','Body','',(#601));
#601 = PRODUCT_CONTEXT('',#2,'mechanical');
#602 = PRODUCT_DEFINITION_CONTEXT('part definition',#2,'design');
#603 = ADVANCED_BREP_SHAPE_REPRESENTATION('',(#11,#604),#1223);
#604 = MANIFOLD_SOLID_BREP('',#605);
#605 = CLOSED_SHELL('',(#606,#728,#759,#784,#809,#833,#857,#875,#900,
    #925,#950,#981,#999,#1024,#1049,#1074,#1099,#1124,#1145,#1170,#1187,
    #1196,#1205,#1214));
#606 = ADVANCED_FACE('',(#607,#660,#671,#682,#693,#712),#723,.T.);
#607 = FACE_BOUND('',#608,.T.);
#608 = EDGE_LOOP('',(#609,#619,#628,#636,#645,#653));
#609 = ORIENTED_EDGE('',*,*,#610,.F.);
#610 = EDGE_CURVE('',#611,#613,#615,.T.);
#611 = VERTEX_POINT('',#612);
#612 = CARTESIAN_POINT('',(-5.5,0.,0.));
#613 = VERTEX_POINT('',#614);
#614 = CARTESIAN_POINT('',(-5.5,-4.5,0.));
#615 = LINE('',#616,#617);
#616 = CARTESIAN_POINT('',(-5.5,0.,0.));
#617 = VECTOR('',#618,1.);
#618 = DIRECTION('',(0.,-1.,0.));
#619 = ORIENTED_EDGE('',*,*,#620,.F.);
#620 = EDGE_CURVE('',#621,#611,#623,.T.);
#621 = VERTEX_POINT('',#622);
#622 = CARTESIAN_POINT('',(5.5,0.,0.));
#623 = CIRCLE('',#624,5.5);
#624 = AXIS2_PLACEMENT_3D('',#625,#626,#627);
#625 = CARTESIAN_POINT('',(0.,0.,0.));
#626 = DIRECTION('',(0.,0.,1.));
#627 = DIRECTION('',(1.,0.,0.));
#628 = ORIENTED_EDGE('',*,*,#629,.F.);
#629 = EDGE_CURVE('',#630,#621,#632,.T.);
#630 = VERTEX_POINT('',#631);
#631 = CARTESIAN_POINT('',(5.5,-4.5,0.));
#632 = LINE('',#633,#634);
#633 = CARTESIAN_POINT('',(5.5,-6.5,0.));
#634 = VECTOR('',#635,1.);
#635 = DIRECTION('',(0.,1.,0.));
#636 = ORIENTED_EDGE('',*,*,#637,.F.);
#637 = EDGE_CURVE('',#638,#630,#640,.T.);
#638 = VERTEX_POINT('',#639);
#639 = CARTESIAN_POINT('',(3.5,-6.5,0.));
#640 = CIRCLE('',#641,2.);
#641 = AXIS2_PLACEMENT_3D('',#642,#643,#644);
#642 = CARTESIAN_POINT('',(3.5,-4.5,0.));
#643 = DIRECTION('',(-0.,0.,1.));
#644 = DIRECTION('',(0.,-1.,0.));
#645 = ORIENTED_EDGE('',*,*,#646,.F.);
#646 = EDGE_CURVE('',#647,#638,#649,.T.);
#647 = VERTEX_POINT('',#648);
#648 = CARTESIAN_POINT('',(-3.5,-6.5,0.));
#649 = LINE('',#650,#651);
#650 = CARTESIAN_POINT('',(-5.5,-6.5,0.));
#651 = VECTOR('',#652,1.);
#652 = DIRECTION('',(1.,0.,0.));
#653 = ORIENTED_EDGE('',*,*,#654,.F.);
#654 = EDGE_CURVE('',#613,#647,#655,.T.);
#655 = CIRCLE('',#656,2.);
#656 = AXIS2_PLACEMENT_3D('',#657,#658,#659);
#657 = CARTESIAN_POINT('',(-3.5,-4.5,0.));
#658 = DIRECTION('',(-0.,0.,1.));
#659 = DIRECTION('',(0.,-1.,0.));
#660 = FACE_BOUND('',#661,.T.);
#661 = EDGE_LOOP('',(#662));
#662 = ORIENTED_EDGE('',*,*,#663,.F.);
#663 = EDGE_CURVE('',#664,#664,#666,.T.);
#664 = VERTEX_POINT('',#665);
#665 = CARTESIAN_POINT('',(3.,-4.5,0.));
#666 = CIRCLE('',#667,0.5);
#667 = AXIS2_PLACEMENT_3D('',#668,#669,#670);
#668 = CARTESIAN_POINT('',(2.5,-4.5,0.));
#669 = DIRECTION('',(0.,0.,-1.));
#670 = DIRECTION('',(1.,0.,0.));
#671 = FACE_BOUND('',#672,.T.);
#672 = EDGE_LOOP('',(#673));
#673 = ORIENTED_EDGE('',*,*,#674,.F.);
#674 = EDGE_CURVE('',#675,#675,#677,.T.);
#675 = VERTEX_POINT('',#676);
#676 = CARTESIAN_POINT('',(-2.,-4.5,0.));
#677 = CIRCLE('',#678,0.5);
#678 = AXIS2_PLACEMENT_3D('',#679,#680,#681);
#679 = CARTESIAN_POINT('',(-2.5,-4.5,0.));
#680 = DIRECTION('',(0.,0.,-1.));
#681 = DIRECTION('',(1.,0.,0.));
#682 = FACE_BOUND('',#683,.T.);
#683 = EDGE_LOOP('',(#684));
#684 = ORIENTED_EDGE('',*,*,#685,.F.);
#685 = EDGE_CURVE('',#686,#686,#688,.T.);
#686 = VERTEX_POINT('',#687);
#687 = CARTESIAN_POINT('',(3.,3.,0.));
#688 = CIRCLE('',#689,0.5);
#689 = AXIS2_PLACEMENT_3D('',#690,#691,#692);
#690 = CARTESIAN_POINT('',(2.5,3.,0.));
#691 = DIRECTION('',(0.,0.,-1.));
#692 = DIRECTION('',(1.,0.,0.));
#693 = FACE_BOUND('',#694,.T.);
#694 = EDGE_LOOP('',(#695,#705));
#695 = ORIENTED_EDGE('',*,*,#696,.F.);
#696 = EDGE_CURVE('',#697,#699,#701,.T.);
#697 = VERTEX_POINT('',#698);
#698 = CARTESIAN_POINT('',(-1.581138830084,0.75,0.));
#699 = VERTEX_POINT('',#700);
#700 = CARTESIAN_POINT('',(1.581138830084,0.75,0.));
#701 = LINE('',#702,#703);
#702 = CARTESIAN_POINT('',(-1.581138830084,0.75,0.));
#703 = VECTOR('',#704,1.);
#704 = DIRECTION('',(1.,0.,0.));
#705 = ORIENTED_EDGE('',*,*,#706,.T.);
#706 = EDGE_CURVE('',#697,#699,#707,.T.);
#707 = CIRCLE('',#708,1.75);
#708 = AXIS2_PLACEMENT_3D('',#709,#710,#711);
#709 = CARTESIAN_POINT('',(0.,0.,0.));
#710 = DIRECTION('',(0.,0.,1.));
#711 = DIRECTION('',(1.,0.,0.));
#712 = FACE_BOUND('',#713,.T.);
#713 = EDGE_LOOP('',(#714));
#714 = ORIENTED_EDGE('',*,*,#715,.F.);
#715 = EDGE_CURVE('',#716,#716,#718,.T.);
#716 = VERTEX_POINT('',#717);
#717 = CARTESIAN_POINT('',(-2.,3.,0.));
#718 = CIRCLE('',#719,0.5);
#719 = AXIS2_PLACEMENT_3D('',#720,#721,#722);
#720 = CARTESIAN_POINT('',(-2.5,3.,0.));
#721 = DIRECTION('',(0.,0.,-1.));
#722 = DIRECTION('',(1.,0.,0.));
#723 = PLANE('',#724);
#724 = AXIS2_PLACEMENT_3D('',#725,#726,#727);
#725 = CARTESIAN_POINT('',(1.75442650805E-16,-1.514949705458,0.));
#726 = DIRECTION('',(-0.,-0.,-1.));
#727 = DIRECTION('',(-1.,0.,0.));
#728 = ADVANCED_FACE('',(#729),#754,.F.);
#729 = FACE_BOUND('',#730,.F.);
#730 = EDGE_LOOP('',(#731,#732,#740,#748));
#731 = ORIENTED_EDGE('',*,*,#610,.F.);
#732 = ORIENTED_EDGE('',*,*,#733,.T.);
#733 = EDGE_CURVE('',#611,#734,#736,.T.);
#734 = VERTEX_POINT('',#735);
#735 = CARTESIAN_POINT('',(-5.5,0.,2.75));
#736 = LINE('',#737,#738);
#737 = CARTESIAN_POINT('',(-5.5,3.4E-16,0.));
#738 = VECTOR('',#739,1.);
#739 = DIRECTION('',(0.,0.,1.));
#740 = ORIENTED_EDGE('',*,*,#741,.T.);
#741 = EDGE_CURVE('',#734,#742,#744,.T.);
#742 = VERTEX_POINT('',#743);
#743 = CARTESIAN_POINT('',(-5.5,-4.5,2.75));
#744 = LINE('',#745,#746);
#745 = CARTESIAN_POINT('',(-5.5,0.,2.75));
#746 = VECTOR('',#747,1.);
#747 = DIRECTION('',(0.,-1.,0.));
#748 = ORIENTED_EDGE('',*,*,#749,.F.);
#749 = EDGE_CURVE('',#613,#742,#750,.T.);
#750 = LINE('',#751,#752);
#751 = CARTESIAN_POINT('',(-5.5,-4.5,0.));
#752 = VECTOR('',#753,1.);
#753 = DIRECTION('',(0.,0.,1.));
#754 = PLANE('',#755);
#755 = AXIS2_PLACEMENT_3D('',#756,#757,#758);
#756 = CARTESIAN_POINT('',(-5.5,0.,0.));
#757 = DIRECTION('',(1.,0.,0.));
#758 = DIRECTION('',(0.,-1.,0.));
#759 = ADVANCED_FACE('',(#760),#779,.T.);
#760 = FACE_BOUND('',#761,.T.);
#761 = EDGE_LOOP('',(#762,#763,#771,#778));
#762 = ORIENTED_EDGE('',*,*,#654,.T.);
#763 = ORIENTED_EDGE('',*,*,#764,.T.);
#764 = EDGE_CURVE('',#647,#765,#767,.T.);
#765 = VERTEX_POINT('',#766);
#766 = CARTESIAN_POINT('',(-3.5,-6.5,2.75));
#767 = LINE('',#768,#769);
#768 = CARTESIAN_POINT('',(-3.5,-6.5,0.));
#769 = VECTOR('',#770,1.);
#770 = DIRECTION('',(0.,0.,1.));
#771 = ORIENTED_EDGE('',*,*,#772,.F.);
#772 = EDGE_CURVE('',#742,#765,#773,.T.);
#773 = CIRCLE('',#774,2.);
#774 = AXIS2_PLACEMENT_3D('',#775,#776,#777);
#775 = CARTESIAN_POINT('',(-3.5,-4.5,2.75));
#776 = DIRECTION('',(-0.,0.,1.));
#777 = DIRECTION('',(0.,-1.,0.));
#778 = ORIENTED_EDGE('',*,*,#749,.F.);
#779 = CYLINDRICAL_SURFACE('',#780,2.);
#780 = AXIS2_PLACEMENT_3D('',#781,#782,#783);
#781 = CARTESIAN_POINT('',(-3.5,-4.5,0.));
#782 = DIRECTION('',(0.,0.,1.));
#783 = DIRECTION('',(-1.,0.,0.));
#784 = ADVANCED_FACE('',(#785),#804,.T.);
#785 = FACE_BOUND('',#786,.F.);
#786 = EDGE_LOOP('',(#787,#795,#802,#803));
#787 = ORIENTED_EDGE('',*,*,#788,.T.);
#788 = EDGE_CURVE('',#621,#789,#791,.T.);
#789 = VERTEX_POINT('',#790);
#790 = CARTESIAN_POINT('',(5.5,0.,2.75));
#791 = LINE('',#792,#793);
#792 = CARTESIAN_POINT('',(5.5,0.,0.));
#793 = VECTOR('',#794,1.);
#794 = DIRECTION('',(0.,0.,1.));
#795 = ORIENTED_EDGE('',*,*,#796,.T.);
#796 = EDGE_CURVE('',#789,#734,#797,.T.);
#797 = CIRCLE('',#798,5.5);
#798 = AXIS2_PLACEMENT_3D('',#799,#800,#801);
#799 = CARTESIAN_POINT('',(0.,0.,2.75));
#800 = DIRECTION('',(0.,0.,1.));
#801 = DIRECTION('',(1.,0.,0.));
#802 = ORIENTED_EDGE('',*,*,#733,.F.);
#803 = ORIENTED_EDGE('',*,*,#620,.F.);
#804 = CYLINDRICAL_SURFACE('',#805,5.5);
#805 = AXIS2_PLACEMENT_3D('',#806,#807,#808);
#806 = CARTESIAN_POINT('',(0.,0.,0.));
#807 = DIRECTION('',(-0.,-0.,-1.));
#808 = DIRECTION('',(1.,0.,0.));
#809 = ADVANCED_FACE('',(#810),#828,.F.);
#810 = FACE_BOUND('',#811,.F.);
#811 = EDGE_LOOP('',(#812,#813,#814,#822));
#812 = ORIENTED_EDGE('',*,*,#646,.F.);
#813 = ORIENTED_EDGE('',*,*,#764,.T.);
#814 = ORIENTED_EDGE('',*,*,#815,.T.);
#815 = EDGE_CURVE('',#765,#816,#818,.T.);
#816 = VERTEX_POINT('',#817);
#817 = CARTESIAN_POINT('',(3.5,-6.5,2.75));
#818 = LINE('',#819,#820);
#819 = CARTESIAN_POINT('',(-5.5,-6.5,2.75));
#820 = VECTOR('',#821,1.);
#821 = DIRECTION('',(1.,0.,0.));
#822 = ORIENTED_EDGE('',*,*,#823,.F.);
#823 = EDGE_CURVE('',#638,#816,#824,.T.);
#824 = LINE('',#825,#826);
#825 = CARTESIAN_POINT('',(3.5,-6.5,0.));
#826 = VECTOR('',#827,1.);
#827 = DIRECTION('',(0.,0.,1.));
#828 = PLANE('',#829);
#829 = AXIS2_PLACEMENT_3D('',#830,#831,#832);
#830 = CARTESIAN_POINT('',(-5.5,-6.5,0.));
#831 = DIRECTION('',(0.,1.,0.));
#832 = DIRECTION('',(1.,0.,0.));
#833 = ADVANCED_FACE('',(#834),#852,.F.);
#834 = FACE_BOUND('',#835,.F.);
#835 = EDGE_LOOP('',(#836,#837,#845,#851));
#836 = ORIENTED_EDGE('',*,*,#629,.F.);
#837 = ORIENTED_EDGE('',*,*,#838,.T.);
#838 = EDGE_CURVE('',#630,#839,#841,.T.);
#839 = VERTEX_POINT('',#840);
#840 = CARTESIAN_POINT('',(5.5,-4.5,2.75));
#841 = LINE('',#842,#843);
#842 = CARTESIAN_POINT('',(5.5,-4.5,0.));
#843 = VECTOR('',#844,1.);
#844 = DIRECTION('',(0.,0.,1.));
#845 = ORIENTED_EDGE('',*,*,#846,.T.);
#846 = EDGE_CURVE('',#839,#789,#847,.T.);
#847 = LINE('',#848,#849);
#848 = CARTESIAN_POINT('',(5.5,-6.5,2.75));
#849 = VECTOR('',#850,1.);
#850 = DIRECTION('',(0.,1.,0.));
#851 = ORIENTED_EDGE('',*,*,#788,.F.);
#852 = PLANE('',#853);
#853 = AXIS2_PLACEMENT_3D('',#854,#855,#856);
#854 = CARTESIAN_POINT('',(5.5,-6.5,0.));
#855 = DIRECTION('',(-1.,0.,0.));
#856 = DIRECTION('',(0.,1.,0.));
#857 = ADVANCED_FACE('',(#858),#870,.T.);
#858 = FACE_BOUND('',#859,.T.);
#859 = EDGE_LOOP('',(#860,#861,#862,#869));
#860 = ORIENTED_EDGE('',*,*,#637,.T.);
#861 = ORIENTED_EDGE('',*,*,#838,.T.);
#862 = ORIENTED_EDGE('',*,*,#863,.F.);
#863 = EDGE_CURVE('',#816,#839,#864,.T.);
#864 = CIRCLE('',#865,2.);
#865 = AXIS2_PLACEMENT_3D('',#866,#867,#868);
#866 = CARTESIAN_POINT('',(3.5,-4.5,2.75));
#867 = DIRECTION('',(-0.,0.,1.));
#868 = DIRECTION('',(0.,-1.,0.));
#869 = ORIENTED_EDGE('',*,*,#823,.F.);
#870 = CYLINDRICAL_SURFACE('',#871,2.);
#871 = AXIS2_PLACEMENT_3D('',#872,#873,#874);
#872 = CARTESIAN_POINT('',(3.5,-4.5,0.));
#873 = DIRECTION('',(0.,0.,1.));
#874 = DIRECTION('',(0.,-1.,0.));
#875 = ADVANCED_FACE('',(#876),#895,.T.);
#876 = FACE_BOUND('',#877,.F.);
#877 = EDGE_LOOP('',(#878,#886,#893,#894));
#878 = ORIENTED_EDGE('',*,*,#879,.T.);
#879 = EDGE_CURVE('',#664,#880,#882,.T.);
#880 = VERTEX_POINT('',#881);
#881 = CARTESIAN_POINT('',(3.,-4.5,-0.65));
#882 = LINE('',#883,#884);
#883 = CARTESIAN_POINT('',(3.,-4.5,0.));
#884 = VECTOR('',#885,1.);
#885 = DIRECTION('',(0.,0.,-1.));
#886 = ORIENTED_EDGE('',*,*,#887,.T.);
#887 = EDGE_CURVE('',#880,#880,#888,.T.);
#888 = CIRCLE('',#889,0.5);
#889 = AXIS2_PLACEMENT_3D('',#890,#891,#892);
#890 = CARTESIAN_POINT('',(2.5,-4.5,-0.65));
#891 = DIRECTION('',(0.,0.,-1.));
#892 = DIRECTION('',(1.,0.,0.));
#893 = ORIENTED_EDGE('',*,*,#879,.F.);
#894 = ORIENTED_EDGE('',*,*,#663,.F.);
#895 = CYLINDRICAL_SURFACE('',#896,0.5);
#896 = AXIS2_PLACEMENT_3D('',#897,#898,#899);
#897 = CARTESIAN_POINT('',(2.5,-4.5,0.));
#898 = DIRECTION('',(0.,0.,1.));
#899 = DIRECTION('',(1.,0.,0.));
#900 = ADVANCED_FACE('',(#901),#920,.T.);
#901 = FACE_BOUND('',#902,.F.);
#902 = EDGE_LOOP('',(#903,#911,#918,#919));
#903 = ORIENTED_EDGE('',*,*,#904,.T.);
#904 = EDGE_CURVE('',#675,#905,#907,.T.);
#905 = VERTEX_POINT('',#906);
#906 = CARTESIAN_POINT('',(-2.,-4.5,-0.65));
#907 = LINE('',#908,#909);
#908 = CARTESIAN_POINT('',(-2.,-4.5,0.));
#909 = VECTOR('',#910,1.);
#910 = DIRECTION('',(0.,0.,-1.));
#911 = ORIENTED_EDGE('',*,*,#912,.T.);
#912 = EDGE_CURVE('',#905,#905,#913,.T.);
#913 = CIRCLE('',#914,0.5);
#914 = AXIS2_PLACEMENT_3D('',#915,#916,#917);
#915 = CARTESIAN_POINT('',(-2.5,-4.5,-0.65));
#916 = DIRECTION('',(0.,0.,-1.));
#917 = DIRECTION('',(1.,0.,0.));
#918 = ORIENTED_EDGE('',*,*,#904,.F.);
#919 = ORIENTED_EDGE('',*,*,#674,.F.);
#920 = CYLINDRICAL_SURFACE('',#921,0.5);
#921 = AXIS2_PLACEMENT_3D('',#922,#923,#924);
#922 = CARTESIAN_POINT('',(-2.5,-4.5,0.));
#923 = DIRECTION('',(0.,0.,1.));
#924 = DIRECTION('',(1.,0.,0.));
#925 = ADVANCED_FACE('',(#926),#945,.T.);
#926 = FACE_BOUND('',#927,.F.);
#927 = EDGE_LOOP('',(#928,#936,#943,#944));
#928 = ORIENTED_EDGE('',*,*,#929,.T.);
#929 = EDGE_CURVE('',#686,#930,#932,.T.);
#930 = VERTEX_POINT('',#931);
#931 = CARTESIAN_POINT('',(3.,3.,-0.65));
#932 = LINE('',#933,#934);
#933 = CARTESIAN_POINT('',(3.,3.,0.));
#934 = VECTOR('',#935,1.);
#935 = DIRECTION('',(0.,0.,-1.));
#936 = ORIENTED_EDGE('',*,*,#937,.T.);
#937 = EDGE_CURVE('',#930,#930,#938,.T.);
#938 = CIRCLE('',#939,0.5);
#939 = AXIS2_PLACEMENT_3D('',#940,#941,#942);
#940 = CARTESIAN_POINT('',(2.5,3.,-0.65));
#941 = DIRECTION('',(0.,0.,-1.));
#942 = DIRECTION('',(1.,8.881784197001E-16,0.));
#943 = ORIENTED_EDGE('',*,*,#929,.F.);
#944 = ORIENTED_EDGE('',*,*,#685,.F.);
#945 = CYLINDRICAL_SURFACE('',#946,0.5);
#946 = AXIS2_PLACEMENT_3D('',#947,#948,#949);
#947 = CARTESIAN_POINT('',(2.5,3.,0.));
#948 = DIRECTION('',(0.,0.,1.));
#949 = DIRECTION('',(1.,0.,0.));
#950 = ADVANCED_FACE('',(#951),#976,.F.);
#951 = FACE_BOUND('',#952,.F.);
#952 = EDGE_LOOP('',(#953,#961,#969,#975));
#953 = ORIENTED_EDGE('',*,*,#954,.T.);
#954 = EDGE_CURVE('',#697,#955,#957,.T.);
#955 = VERTEX_POINT('',#956);
#956 = CARTESIAN_POINT('',(-1.581138830084,0.75,2.85));
#957 = LINE('',#958,#959);
#958 = CARTESIAN_POINT('',(-1.581138830084,0.75,0.));
#959 = VECTOR('',#960,1.);
#960 = DIRECTION('',(0.,0.,1.));
#961 = ORIENTED_EDGE('',*,*,#962,.T.);
#962 = EDGE_CURVE('',#955,#963,#965,.T.);
#963 = VERTEX_POINT('',#964);
#964 = CARTESIAN_POINT('',(1.581138830084,0.75,2.85));
#965 = LINE('',#966,#967);
#966 = CARTESIAN_POINT('',(-1.581138830084,0.75,2.85));
#967 = VECTOR('',#968,1.);
#968 = DIRECTION('',(1.,0.,0.));
#969 = ORIENTED_EDGE('',*,*,#970,.F.);
#970 = EDGE_CURVE('',#699,#963,#971,.T.);
#971 = LINE('',#972,#973);
#972 = CARTESIAN_POINT('',(1.581138830084,0.75,0.));
#973 = VECTOR('',#974,1.);
#974 = DIRECTION('',(0.,0.,1.));
#975 = ORIENTED_EDGE('',*,*,#696,.F.);
#976 = PLANE('',#977);
#977 = AXIS2_PLACEMENT_3D('',#978,#979,#980);
#978 = CARTESIAN_POINT('',(-1.581138830084,0.75,0.));
#979 = DIRECTION('',(0.,1.,0.));
#980 = DIRECTION('',(1.,0.,0.));
#981 = ADVANCED_FACE('',(#982),#994,.F.);
#982 = FACE_BOUND('',#983,.T.);
#983 = EDGE_LOOP('',(#984,#985,#992,#993));
#984 = ORIENTED_EDGE('',*,*,#954,.T.);
#985 = ORIENTED_EDGE('',*,*,#986,.T.);
#986 = EDGE_CURVE('',#955,#963,#987,.T.);
#987 = CIRCLE('',#988,1.75);
#988 = AXIS2_PLACEMENT_3D('',#989,#990,#991);
#989 = CARTESIAN_POINT('',(0.,0.,2.85));
#990 = DIRECTION('',(0.,0.,1.));
#991 = DIRECTION('',(1.,0.,0.));
#992 = ORIENTED_EDGE('',*,*,#970,.F.);
#993 = ORIENTED_EDGE('',*,*,#706,.F.);
#994 = CYLINDRICAL_SURFACE('',#995,1.75);
#995 = AXIS2_PLACEMENT_3D('',#996,#997,#998);
#996 = CARTESIAN_POINT('',(0.,0.,0.));
#997 = DIRECTION('',(-0.,-0.,-1.));
#998 = DIRECTION('',(1.,0.,0.));
#999 = ADVANCED_FACE('',(#1000),#1019,.T.);
#1000 = FACE_BOUND('',#1001,.F.);
#1001 = EDGE_LOOP('',(#1002,#1010,#1017,#1018));
#1002 = ORIENTED_EDGE('',*,*,#1003,.T.);
#1003 = EDGE_CURVE('',#716,#1004,#1006,.T.);
#1004 = VERTEX_POINT('',#1005);
#1005 = CARTESIAN_POINT('',(-2.,3.,-0.65));
#1006 = LINE('',#1007,#1008);
#1007 = CARTESIAN_POINT('',(-2.,3.,0.));
#1008 = VECTOR('',#1009,1.);
#1009 = DIRECTION('',(0.,0.,-1.));
#1010 = ORIENTED_EDGE('',*,*,#1011,.T.);
#1011 = EDGE_CURVE('',#1004,#1004,#1012,.T.);
#1012 = CIRCLE('',#1013,0.5);
#1013 = AXIS2_PLACEMENT_3D('',#1014,#1015,#1016);
#1014 = CARTESIAN_POINT('',(-2.5,3.,-0.65));
#1015 = DIRECTION('',(0.,0.,-1.));
#1016 = DIRECTION('',(1.,8.881784197001E-16,0.));
#1017 = ORIENTED_EDGE('',*,*,#1003,.F.);
#1018 = ORIENTED_EDGE('',*,*,#715,.F.);
#1019 = CYLINDRICAL_SURFACE('',#1020,0.5);
#1020 = AXIS2_PLACEMENT_3D('',#1021,#1022,#1023);
#1021 = CARTESIAN_POINT('',(-2.5,3.,0.));
#1022 = DIRECTION('',(0.,0.,1.));
#1023 = DIRECTION('',(1.,0.,0.));
#1024 = ADVANCED_FACE('',(#1025,#1033),#1044,.T.);
#1025 = FACE_BOUND('',#1026,.T.);
#1026 = EDGE_LOOP('',(#1027,#1028,#1029,#1030,#1031,#1032));
#1027 = ORIENTED_EDGE('',*,*,#741,.T.);
#1028 = ORIENTED_EDGE('',*,*,#772,.T.);
#1029 = ORIENTED_EDGE('',*,*,#815,.T.);
#1030 = ORIENTED_EDGE('',*,*,#863,.T.);
#1031 = ORIENTED_EDGE('',*,*,#846,.T.);
#1032 = ORIENTED_EDGE('',*,*,#796,.T.);
#1033 = FACE_BOUND('',#1034,.F.);
#1034 = EDGE_LOOP('',(#1035));
#1035 = ORIENTED_EDGE('',*,*,#1036,.T.);
#1036 = EDGE_CURVE('',#1037,#1037,#1039,.T.);
#1037 = VERTEX_POINT('',#1038);
#1038 = CARTESIAN_POINT('',(2.075,0.,2.75));
#1039 = CIRCLE('',#1040,2.075);
#1040 = AXIS2_PLACEMENT_3D('',#1041,#1042,#1043);
#1041 = CARTESIAN_POINT('',(0.,0.,2.75));
#1042 = DIRECTION('',(0.,0.,1.));
#1043 = DIRECTION('',(1.,0.,0.));
#1044 = PLANE('',#1045);
#1045 = AXIS2_PLACEMENT_3D('',#1046,#1047,#1048);
#1046 = CARTESIAN_POINT('',(9.E-17,-1.196432346566,2.75));
#1047 = DIRECTION('',(0.,0.,1.));
#1048 = DIRECTION('',(1.,0.,0.));
#1049 = ADVANCED_FACE('',(#1050),#1069,.T.);
#1050 = FACE_BOUND('',#1051,.T.);
#1051 = EDGE_LOOP('',(#1052,#1060,#1061,#1062));
#1052 = ORIENTED_EDGE('',*,*,#1053,.F.);
#1053 = EDGE_CURVE('',#880,#1054,#1056,.T.);
#1054 = VERTEX_POINT('',#1055);
#1055 = CARTESIAN_POINT('',(2.85,-4.5,-0.8));
#1056 = LINE('',#1057,#1058);
#1057 = CARTESIAN_POINT('',(3.,-4.5,-0.65));
#1058 = VECTOR('',#1059,1.);
#1059 = DIRECTION('',(-0.707106781187,0.,-0.707106781187));
#1060 = ORIENTED_EDGE('',*,*,#887,.T.);
#1061 = ORIENTED_EDGE('',*,*,#1053,.T.);
#1062 = ORIENTED_EDGE('',*,*,#1063,.F.);
#1063 = EDGE_CURVE('',#1054,#1054,#1064,.T.);
#1064 = CIRCLE('',#1065,0.35);
#1065 = AXIS2_PLACEMENT_3D('',#1066,#1067,#1068);
#1066 = CARTESIAN_POINT('',(2.5,-4.5,-0.8));
#1067 = DIRECTION('',(0.,0.,-1.));
#1068 = DIRECTION('',(1.,0.,0.));
#1069 = CONICAL_SURFACE('',#1070,0.5,0.785398163397);
#1070 = AXIS2_PLACEMENT_3D('',#1071,#1072,#1073);
#1071 = CARTESIAN_POINT('',(2.5,-4.5,-0.65));
#1072 = DIRECTION('',(0.,0.,1.));
#1073 = DIRECTION('',(1.,0.,0.));
#1074 = ADVANCED_FACE('',(#1075),#1094,.T.);
#1075 = FACE_BOUND('',#1076,.T.);
#1076 = EDGE_LOOP('',(#1077,#1085,#1086,#1087));
#1077 = ORIENTED_EDGE('',*,*,#1078,.F.);
#1078 = EDGE_CURVE('',#905,#1079,#1081,.T.);
#1079 = VERTEX_POINT('',#1080);
#1080 = CARTESIAN_POINT('',(-2.15,-4.5,-0.8));
#1081 = LINE('',#1082,#1083);
#1082 = CARTESIAN_POINT('',(-2.,-4.5,-0.65));
#1083 = VECTOR('',#1084,1.);
#1084 = DIRECTION('',(-0.707106781187,0.,-0.707106781187));
#1085 = ORIENTED_EDGE('',*,*,#912,.T.);
#1086 = ORIENTED_EDGE('',*,*,#1078,.T.);
#1087 = ORIENTED_EDGE('',*,*,#1088,.F.);
#1088 = EDGE_CURVE('',#1079,#1079,#1089,.T.);
#1089 = CIRCLE('',#1090,0.35);
#1090 = AXIS2_PLACEMENT_3D('',#1091,#1092,#1093);
#1091 = CARTESIAN_POINT('',(-2.5,-4.5,-0.8));
#1092 = DIRECTION('',(0.,0.,-1.));
#1093 = DIRECTION('',(1.,0.,0.));
#1094 = CONICAL_SURFACE('',#1095,0.5,0.785398163397);
#1095 = AXIS2_PLACEMENT_3D('',#1096,#1097,#1098);
#1096 = CARTESIAN_POINT('',(-2.5,-4.5,-0.65));
#1097 = DIRECTION('',(0.,0.,1.));
#1098 = DIRECTION('',(1.,0.,0.));
#1099 = ADVANCED_FACE('',(#1100),#1119,.T.);
#1100 = FACE_BOUND('',#1101,.T.);
#1101 = EDGE_LOOP('',(#1102,#1110,#1111,#1112));
#1102 = ORIENTED_EDGE('',*,*,#1103,.F.);
#1103 = EDGE_CURVE('',#930,#1104,#1106,.T.);
#1104 = VERTEX_POINT('',#1105);
#1105 = CARTESIAN_POINT('',(2.85,3.,-0.8));
#1106 = LINE('',#1107,#1108);
#1107 = CARTESIAN_POINT('',(3.,3.,-0.65));
#1108 = VECTOR('',#1109,1.);
#1109 = DIRECTION('',(-0.707106781187,-6.280369834735E-16,
    -0.707106781187));
#1110 = ORIENTED_EDGE('',*,*,#937,.T.);
#1111 = ORIENTED_EDGE('',*,*,#1103,.T.);
#1112 = ORIENTED_EDGE('',*,*,#1113,.F.);
#1113 = EDGE_CURVE('',#1104,#1104,#1114,.T.);
#1114 = CIRCLE('',#1115,0.35);
#1115 = AXIS2_PLACEMENT_3D('',#1116,#1117,#1118);
#1116 = CARTESIAN_POINT('',(2.5,3.,-0.8));
#1117 = DIRECTION('',(0.,0.,-1.));
#1118 = DIRECTION('',(1.,8.881784197001E-16,0.));
#1119 = CONICAL_SURFACE('',#1120,0.5,0.785398163397);
#1120 = AXIS2_PLACEMENT_3D('',#1121,#1122,#1123);
#1121 = CARTESIAN_POINT('',(2.5,3.,-0.65));
#1122 = DIRECTION('',(0.,0.,1.));
#1123 = DIRECTION('',(1.,8.881784197001E-16,0.));
#1124 = ADVANCED_FACE('',(#1125,#1136),#1140,.T.);
#1125 = FACE_BOUND('',#1126,.T.);
#1126 = EDGE_LOOP('',(#1127));
#1127 = ORIENTED_EDGE('',*,*,#1128,.T.);
#1128 = EDGE_CURVE('',#1129,#1129,#1131,.T.);
#1129 = VERTEX_POINT('',#1130);
#1130 = CARTESIAN_POINT('',(2.075,0.,2.85));
#1131 = CIRCLE('',#1132,2.075);
#1132 = AXIS2_PLACEMENT_3D('',#1133,#1134,#1135);
#1133 = CARTESIAN_POINT('',(0.,0.,2.85));
#1134 = DIRECTION('',(0.,0.,1.));
#1135 = DIRECTION('',(1.,0.,0.));
#1136 = FACE_BOUND('',#1137,.T.);
#1137 = EDGE_LOOP('',(#1138,#1139));
#1138 = ORIENTED_EDGE('',*,*,#962,.T.);
#1139 = ORIENTED_EDGE('',*,*,#986,.F.);
#1140 = PLANE('',#1141);
#1141 = AXIS2_PLACEMENT_3D('',#1142,#1143,#1144);
#1142 = CARTESIAN_POINT('',(-2.494296788045E-16,-9.581038480586E-02,2.85
    ));
#1143 = DIRECTION('',(0.,0.,1.));
#1144 = DIRECTION('',(1.,0.,0.));
#1145 = ADVANCED_FACE('',(#1146),#1165,.T.);
#1146 = FACE_BOUND('',#1147,.T.);
#1147 = EDGE_LOOP('',(#1148,#1156,#1157,#1158));
#1148 = ORIENTED_EDGE('',*,*,#1149,.F.);
#1149 = EDGE_CURVE('',#1004,#1150,#1152,.T.);
#1150 = VERTEX_POINT('',#1151);
#1151 = CARTESIAN_POINT('',(-2.15,3.,-0.8));
#1152 = LINE('',#1153,#1154);
#1153 = CARTESIAN_POINT('',(-2.,3.,-0.65));
#1154 = VECTOR('',#1155,1.);
#1155 = DIRECTION('',(-0.707106781187,-6.280369834735E-16,
    -0.707106781187));
#1156 = ORIENTED_EDGE('',*,*,#1011,.T.);
#1157 = ORIENTED_EDGE('',*,*,#1149,.T.);
#1158 = ORIENTED_EDGE('',*,*,#1159,.F.);
#1159 = EDGE_CURVE('',#1150,#1150,#1160,.T.);
#1160 = CIRCLE('',#1161,0.35);
#1161 = AXIS2_PLACEMENT_3D('',#1162,#1163,#1164);
#1162 = CARTESIAN_POINT('',(-2.5,3.,-0.8));
#1163 = DIRECTION('',(0.,0.,-1.));
#1164 = DIRECTION('',(1.,8.881784197001E-16,0.));
#1165 = CONICAL_SURFACE('',#1166,0.5,0.785398163397);
#1166 = AXIS2_PLACEMENT_3D('',#1167,#1168,#1169);
#1167 = CARTESIAN_POINT('',(-2.5,3.,-0.65));
#1168 = DIRECTION('',(0.,0.,1.));
#1169 = DIRECTION('',(1.,8.881784197001E-16,0.));
#1170 = ADVANCED_FACE('',(#1171),#1182,.T.);
#1171 = FACE_BOUND('',#1172,.F.);
#1172 = EDGE_LOOP('',(#1173,#1174,#1180,#1181));
#1173 = ORIENTED_EDGE('',*,*,#1036,.F.);
#1174 = ORIENTED_EDGE('',*,*,#1175,.T.);
#1175 = EDGE_CURVE('',#1037,#1129,#1176,.T.);
#1176 = LINE('',#1177,#1178);
#1177 = CARTESIAN_POINT('',(2.075,0.,0.));
#1178 = VECTOR('',#1179,1.);
#1179 = DIRECTION('',(0.,0.,1.));
#1180 = ORIENTED_EDGE('',*,*,#1128,.T.);
#1181 = ORIENTED_EDGE('',*,*,#1175,.F.);
#1182 = CYLINDRICAL_SURFACE('',#1183,2.075);
#1183 = AXIS2_PLACEMENT_3D('',#1184,#1185,#1186);
#1184 = CARTESIAN_POINT('',(0.,0.,0.));
#1185 = DIRECTION('',(-0.,-0.,-1.));
#1186 = DIRECTION('',(1.,0.,0.));
#1187 = ADVANCED_FACE('',(#1188),#1191,.F.);
#1188 = FACE_BOUND('',#1189,.F.);
#1189 = EDGE_LOOP('',(#1190));
#1190 = ORIENTED_EDGE('',*,*,#1063,.F.);
#1191 = PLANE('',#1192);
#1192 = AXIS2_PLACEMENT_3D('',#1193,#1194,#1195);
#1193 = CARTESIAN_POINT('',(-6.730369402342E-16,-0.75,-0.8));
#1194 = DIRECTION('',(0.,0.,1.));
#1195 = DIRECTION('',(1.,0.,0.));
#1196 = ADVANCED_FACE('',(#1197),#1200,.F.);
#1197 = FACE_BOUND('',#1198,.F.);
#1198 = EDGE_LOOP('',(#1199));
#1199 = ORIENTED_EDGE('',*,*,#1088,.F.);
#1200 = PLANE('',#1201);
#1201 = AXIS2_PLACEMENT_3D('',#1202,#1203,#1204);
#1202 = CARTESIAN_POINT('',(-6.730369402342E-16,-0.75,-0.8));
#1203 = DIRECTION('',(0.,0.,1.));
#1204 = DIRECTION('',(1.,0.,0.));
#1205 = ADVANCED_FACE('',(#1206),#1209,.F.);
#1206 = FACE_BOUND('',#1207,.F.);
#1207 = EDGE_LOOP('',(#1208));
#1208 = ORIENTED_EDGE('',*,*,#1113,.F.);
#1209 = PLANE('',#1210);
#1210 = AXIS2_PLACEMENT_3D('',#1211,#1212,#1213);
#1211 = CARTESIAN_POINT('',(-6.730369402342E-16,-0.75,-0.8));
#1212 = DIRECTION('',(0.,0.,1.));
#1213 = DIRECTION('',(1.,0.,0.));
#1214 = ADVANCED_FACE('',(#1215),#1218,.F.);
#1215 = FACE_BOUND('',#1216,.F.);
#1216 = EDGE_LOOP('',(#1217));
#1217 = ORIENTED_EDGE('',*,*,#1159,.F.);
#1218 = PLANE('',#1219);
#1219 = AXIS2_PLACEMENT_3D('',#1220,#1221,#1222);
#1220 = CARTESIAN_POINT('',(-6.730369402342E-16,-0.75,-0.8));
#1221 = DIRECTION('',(0.,0.,1.));
#1222 = DIRECTION('',(1.,0.,0.));
#1223 = ( GEOMETRIC_REPRESENTATION_CONTEXT(3) 
GLOBAL_UNCERTAINTY_ASSIGNED_CONTEXT((#1227)) 
GLOBAL_UNIT_ASSIGNED_CONTEXT((#1224,#1225,#1226)) REPRESENTATION_CONTEXT
('Context #1','3D Context with UNIT and UNCERTAINTY') );
#1224 = ( LENGTH_UNIT() NAMED_UNIT(*) SI_UNIT(.MILLI.,.METRE.) );
#1225 = ( NAMED_UNIT(*) PLANE_ANGLE_UNIT() SI_UNIT($,.RADIAN.) );
#1226 = ( NAMED_UNIT(*) SI_UNIT($,.STERADIAN.) SOLID_ANGLE_UNIT() );
#1227 = UNCERTAINTY_MEASURE_WITH_UNIT(LENGTH_MEASURE(1.E-07),#1224,
  'distance_accuracy_value','confusion accuracy');
#1228 = CONTEXT_DEPENDENT_SHAPE_REPRESENTATION(#1229,#1231);
#1229 = ( REPRESENTATION_RELATIONSHIP('','',#603,#10) 
REPRESENTATION_RELATIONSHIP_WITH_TRANSFORMATION(#1230) 
SHAPE_REPRESENTATION_RELATIONSHIP() );
#1230 = ITEM_DEFINED_TRANSFORMATION('','',#11,#19);
#1231 = PRODUCT_DEFINITION_SHAPE('Placement','Placement of an item',
  #1232);
#1232 = NEXT_ASSEMBLY_USAGE_OCCURRENCE('9','Body001','',#5,#598,$);
#1233 = PRODUCT_RELATED_PRODUCT_CATEGORY('part',$,(#600));
#1234 = SHAPE_DEFINITION_REPRESENTATION(#1235,#1241);
#1235 = PRODUCT_DEFINITION_SHAPE('','',#1236);
#1236 = PRODUCT_DEFINITION('design','',#1237,#1240);
#1237 = PRODUCT_DEFINITION_FORMATION('','',#1238);
#1238 = PRODUCT('C0606','C0606','',(#1239));
#1239 = PRODUCT_CONTEXT('',#2,'mechanical');
#1240 = PRODUCT_DEFINITION_CONTEXT('part definition',#2,'design');
#1241 = SHAPE_REPRESENTATION('',(#11,#1242,#1246,#1250),#1254);
#1242 = AXIS2_PLACEMENT_3D('',#1243,#1244,#1245);
#1243 = CARTESIAN_POINT('',(0.,0.,0.));
#1244 = DIRECTION('',(0.,0.,1.));
#1245 = DIRECTION('',(1.,0.,0.));
#1246 = AXIS2_PLACEMENT_3D('',#1247,#1248,#1249);
#1247 = CARTESIAN_POINT('',(0.,0.,0.));
#1248 = DIRECTION('',(0.,0.,1.));
#1249 = DIRECTION('',(1.,0.,0.));
#1250 = AXIS2_PLACEMENT_3D('',#1251,#1252,#1253);
#1251 = CARTESIAN_POINT('',(0.,0.,0.));
#1252 = DIRECTION('',(0.,0.,1.));
#1253 = DIRECTION('',(1.,0.,0.));
#1254 = ( GEOMETRIC_REPRESENTATION_CONTEXT(3) 
GLOBAL_UNCERTAINTY_ASSIGNED_CONTEXT((#1258)) 
GLOBAL_UNIT_ASSIGNED_CONTEXT((#1255,#1256,#1257)) REPRESENTATION_CONTEXT
('Context #1','3D Context with UNIT and UNCERTAINTY') );
#1255 = ( LENGTH_UNIT() NAMED_UNIT(*) SI_UNIT(.MILLI.,.METRE.) );
#1256 = ( NAMED_UNIT(*) PLANE_ANGLE_UNIT() SI_UNIT($,.RADIAN.) );
#1257 = ( NAMED_UNIT(*) SI_UNIT($,.STERADIAN.) SOLID_ANGLE_UNIT() );
#1258 = UNCERTAINTY_MEASURE_WITH_UNIT(LENGTH_MEASURE(1.E-07),#1255,
  'distance_accuracy_value','confusion accuracy');
#1259 = CONTEXT_DEPENDENT_SHAPE_REPRESENTATION(#1260,#1262);
#1260 = ( REPRESENTATION_RELATIONSHIP('','',#1241,#10) 
REPRESENTATION_RELATIONSHIP_WITH_TRANSFORMATION(#1261) 
SHAPE_REPRESENTATION_RELATIONSHIP() );
#1261 = ITEM_DEFINED_TRANSFORMATION('','',#11,#23);
#1262 = PRODUCT_DEFINITION_SHAPE('Placement','Placement of an item',
  #1263);
#1263 = NEXT_ASSEMBLY_USAGE_OCCURRENCE('13','C0606','',#5,#1236,$);
#1264 = PRODUCT_RELATED_PRODUCT_CATEGORY('part',$,(#1238));
#1265 = SHAPE_DEFINITION_REPRESENTATION(#1266,#1272);
#1266 = PRODUCT_DEFINITION_SHAPE('','',#1267);
#1267 = PRODUCT_DEFINITION('design','',#1268,#1271);
#1268 = PRODUCT_DEFINITION_FORMATION('','',#1269);
#1269 = PRODUCT('C0603','C0603','',(#1270));
#1270 = PRODUCT_CONTEXT('',#2,'mechanical');
#1271 = PRODUCT_DEFINITION_CONTEXT('part definition',#2,'design');
#1272 = ADVANCED_BREP_SHAPE_REPRESENTATION('',(#11,#1273),#1777);
#1273 = MANIFOLD_SOLID_BREP('',#1274);
#1274 = CLOSED_SHELL('',(#1275,#1401,#1432,#1472,#1503,#1534,#1565,#1583
    ,#1607,#1625,#1642,#1659,#1677,#1695,#1713,#1731,#1748,#1765));
#1275 = ADVANCED_FACE('',(#1276),#1396,.T.);
#1276 = FACE_BOUND('',#1277,.T.);
#1277 = EDGE_LOOP('',(#1278,#1288,#1309,#1318,#1339,#1347,#1368,#1377));
#1278 = ORIENTED_EDGE('',*,*,#1279,.T.);
#1279 = EDGE_CURVE('',#1280,#1282,#1284,.T.);
#1280 = VERTEX_POINT('',#1281);
#1281 = CARTESIAN_POINT('',(-0.65,0.898,0.4));
#1282 = VERTEX_POINT('',#1283);
#1283 = CARTESIAN_POINT('',(-0.65,2.E-03,0.4));
#1284 = LINE('',#1285,#1286);
#1285 = CARTESIAN_POINT('',(-0.65,0.9,0.4));
#1286 = VECTOR('',#1287,1.);
#1287 = DIRECTION('',(-0.,-1.,-0.));
#1288 = ORIENTED_EDGE('',*,*,#1289,.T.);
#1289 = EDGE_CURVE('',#1282,#1290,#1292,.T.);
#1290 = VERTEX_POINT('',#1291);
#1291 = CARTESIAN_POINT('',(-0.648262773312,0.,0.398));
#1292 = B_SPLINE_CURVE_WITH_KNOTS('',3,(#1293,#1294,#1295,#1296,#1297,
    #1298,#1299,#1300,#1301,#1302,#1303,#1304,#1305,#1306,#1307,#1308),
  .UNSPECIFIED.,.F.,.F.,(4,3,3,3,3,4),(0.,5.5356542558E-07,
    1.10337165638E-06,1.84728542001E-06,2.82106010983E-06,
    3.65392728447E-06),.UNSPECIFIED.);
#1293 = CARTESIAN_POINT('',(-0.65,2.E-03,0.4));
#1294 = CARTESIAN_POINT('',(-0.65,1.815478191474E-03,0.4));
#1295 = CARTESIAN_POINT('',(-0.649976743188,1.62833443794E-03,
    0.399973346489));
#1296 = CARTESIAN_POINT('',(-0.649934121085,1.455582122424E-03,
    0.399924476338));
#1297 = CARTESIAN_POINT('',(-0.649891663224,1.283495497012E-03,
    0.399875794505));
#1298 = CARTESIAN_POINT('',(-0.649829309571,1.120943203332E-03,
    0.399804284756));
#1299 = CARTESIAN_POINT('',(-0.649754462633,9.76700080852E-04,
    0.399718387987));
#1300 = CARTESIAN_POINT('',(-0.649653554339,7.822321753715E-04,
    0.399602582364));
#1301 = CARTESIAN_POINT('',(-0.649527436246,6.151841771219E-04,
    0.399457749914));
#1302 = CARTESIAN_POINT('',(-0.649390829082,4.807192204496E-04,
    0.399300686708));
#1303 = CARTESIAN_POINT('',(-0.649212436592,3.051241943352E-04,
    0.399095581092));
#1304 = CARTESIAN_POINT('',(-0.649010804762,1.78781079661E-04,
    0.398863459456));
#1305 = CARTESIAN_POINT('',(-0.64880507382,1.005659706243E-04,
    0.398626219106));
#1306 = CARTESIAN_POINT('',(-0.648628239542,3.333684034434E-05,
    0.398422301185));
#1307 = CARTESIAN_POINT('',(-0.648444724124,-6.196E-14,0.398210396145));
#1308 = CARTESIAN_POINT('',(-0.648262773312,0.,0.398));
#1309 = ORIENTED_EDGE('',*,*,#1310,.F.);
#1310 = EDGE_CURVE('',#1311,#1290,#1313,.T.);
#1311 = VERTEX_POINT('',#1312);
#1312 = CARTESIAN_POINT('',(-0.648262773312,0.,-0.398));
#1313 = CIRCLE('',#1314,0.608447022513);
#1314 = AXIS2_PLACEMENT_3D('',#1315,#1316,#1317);
#1315 = CARTESIAN_POINT('',(-1.108484219145,0.,9.E-17));
#1316 = DIRECTION('',(0.,-1.,0.));
#1317 = DIRECTION('',(0.,0.,1.));
#1318 = ORIENTED_EDGE('',*,*,#1319,.T.);
#1319 = EDGE_CURVE('',#1311,#1320,#1322,.T.);
#1320 = VERTEX_POINT('',#1321);
#1321 = CARTESIAN_POINT('',(-0.65,2.E-03,-0.4));
#1322 = B_SPLINE_CURVE_WITH_KNOTS('',3,(#1323,#1324,#1325,#1326,#1327,
    #1328,#1329,#1330,#1331,#1332,#1333,#1334,#1335,#1336,#1337,#1338),
  .UNSPECIFIED.,.F.,.F.,(4,3,3,3,3,4),(0.,1.01094098682E-06,
    1.93359162108E-06,2.63259513227E-06,3.20135264683E-06,
    3.64788484322E-06),.UNSPECIFIED.);
#1323 = CARTESIAN_POINT('',(-0.648262773312,0.,-0.398));
#1324 = CARTESIAN_POINT('',(-0.648483200343,0.,-0.398254887555));
#1325 = CARTESIAN_POINT('',(-0.648706476644,4.904257382554E-05,
    -0.398512622641));
#1326 = CARTESIAN_POINT('',(-0.648917519212,1.48327352484E-04,
    -0.398755849509));
#1327 = CARTESIAN_POINT('',(-0.649110011187,2.388850217823E-04,
    -0.398977696791));
#1328 = CARTESIAN_POINT('',(-0.649297092403,3.738069421418E-04,
    -0.399192965919));
#1329 = CARTESIAN_POINT('',(-0.649460796235,5.534465387861E-04,
    -0.399381116761));
#1330 = CARTESIAN_POINT('',(-0.64958513123,6.898849358595E-04,
    -0.399524019548));
#1331 = CARTESIAN_POINT('',(-0.649698671506,8.556674385739E-04,
    -0.399654374575));
#1332 = CARTESIAN_POINT('',(-0.649788358556,1.045038951371E-03,
    -0.399757284717));
#1333 = CARTESIAN_POINT('',(-0.649861429891,1.199326879952E-03,
    -0.39984112939));
#1334 = CARTESIAN_POINT('',(-0.649920082947,1.373155176715E-03,
    -0.399908383551));
#1335 = CARTESIAN_POINT('',(-0.649956303795,1.555192991014E-03,
    -0.399949909426));
#1336 = CARTESIAN_POINT('',(-0.649984853786,1.698678805543E-03,
    -0.399982640944));
#1337 = CARTESIAN_POINT('',(-0.65,1.850084579626E-03,-0.4));
#1338 = CARTESIAN_POINT('',(-0.65,2.E-03,-0.4));
#1339 = ORIENTED_EDGE('',*,*,#1340,.F.);
#1340 = EDGE_CURVE('',#1341,#1320,#1343,.T.);
#1341 = VERTEX_POINT('',#1342);
#1342 = CARTESIAN_POINT('',(-0.65,0.898,-0.4));
#1343 = LINE('',#1344,#1345);
#1344 = CARTESIAN_POINT('',(-0.65,0.9,-0.4));
#1345 = VECTOR('',#1346,1.);
#1346 = DIRECTION('',(-0.,-1.,-0.));
#1347 = ORIENTED_EDGE('',*,*,#1348,.T.);
#1348 = EDGE_CURVE('',#1341,#1349,#1351,.T.);
#1349 = VERTEX_POINT('',#1350);
#1350 = CARTESIAN_POINT('',(-0.648262773312,0.9,-0.398));
#1351 = B_SPLINE_CURVE_WITH_KNOTS('',3,(#1352,#1353,#1354,#1355,#1356,
    #1357,#1358,#1359,#1360,#1361,#1362,#1363,#1364,#1365,#1366,#1367),
  .UNSPECIFIED.,.F.,.F.,(4,3,3,3,3,4),(0.,5.5356542558E-07,
    1.10337165638E-06,1.84728542001E-06,2.82106010983E-06,
    3.65392728447E-06),.UNSPECIFIED.);
#1352 = CARTESIAN_POINT('',(-0.65,0.898,-0.4));
#1353 = CARTESIAN_POINT('',(-0.65,0.898184521809,-0.4));
#1354 = CARTESIAN_POINT('',(-0.649976743188,0.898371665562,
    -0.399973346489));
#1355 = CARTESIAN_POINT('',(-0.649934121085,0.898544417878,
    -0.399924476338));
#1356 = CARTESIAN_POINT('',(-0.649891663224,0.898716504503,
    -0.399875794505));
#1357 = CARTESIAN_POINT('',(-0.649829309571,0.898879056797,
    -0.399804284756));
#1358 = CARTESIAN_POINT('',(-0.649754462633,0.899023299919,
    -0.399718387987));
#1359 = CARTESIAN_POINT('',(-0.649653554339,0.899217767825,
    -0.399602582364));
#1360 = CARTESIAN_POINT('',(-0.649527436246,0.899384815823,
    -0.399457749914));
#1361 = CARTESIAN_POINT('',(-0.649390829082,0.89951928078,
    -0.399300686708));
#1362 = CARTESIAN_POINT('',(-0.649212436592,0.899694875806,
    -0.399095581092));
#1363 = CARTESIAN_POINT('',(-0.649010804762,0.89982121892,
    -0.398863459456));
#1364 = CARTESIAN_POINT('',(-0.64880507382,0.899899434029,
    -0.398626219106));
#1365 = CARTESIAN_POINT('',(-0.648628239542,0.89996666316,
    -0.398422301185));
#1366 = CARTESIAN_POINT('',(-0.648444724124,0.9,-0.398210396145));
#1367 = CARTESIAN_POINT('',(-0.648262773312,0.9,-0.398));
#1368 = ORIENTED_EDGE('',*,*,#1369,.T.);
#1369 = EDGE_CURVE('',#1349,#1370,#1372,.T.);
#1370 = VERTEX_POINT('',#1371);
#1371 = CARTESIAN_POINT('',(-0.648262773312,0.9,0.398));
#1372 = CIRCLE('',#1373,0.608447022513);
#1373 = AXIS2_PLACEMENT_3D('',#1374,#1375,#1376);
#1374 = CARTESIAN_POINT('',(-1.108484219145,0.9,9.E-17));
#1375 = DIRECTION('',(0.,-1.,0.));
#1376 = DIRECTION('',(0.,0.,1.));
#1377 = ORIENTED_EDGE('',*,*,#1378,.T.);
#1378 = EDGE_CURVE('',#1370,#1280,#1379,.T.);
#1379 = B_SPLINE_CURVE_WITH_KNOTS('',3,(#1380,#1381,#1382,#1383,#1384,
    #1385,#1386,#1387,#1388,#1389,#1390,#1391,#1392,#1393,#1394,#1395),
  .UNSPECIFIED.,.F.,.F.,(4,3,3,3,3,4),(0.,1.01094098682E-06,
    1.93359162108E-06,2.63259513227E-06,3.20135264683E-06,
    3.64788484322E-06),.UNSPECIFIED.);
#1380 = CARTESIAN_POINT('',(-0.648262773312,0.9,0.398));
#1381 = CARTESIAN_POINT('',(-0.648483200343,0.9,0.398254887555));
#1382 = CARTESIAN_POINT('',(-0.648706476644,0.899950957426,
    0.398512622641));
#1383 = CARTESIAN_POINT('',(-0.648917519212,0.899851672648,
    0.398755849509));
#1384 = CARTESIAN_POINT('',(-0.649110011187,0.899761114978,
    0.398977696791));
#1385 = CARTESIAN_POINT('',(-0.649297092403,0.899626193058,
    0.399192965919));
#1386 = CARTESIAN_POINT('',(-0.649460796235,0.899446553461,
    0.399381116761));
#1387 = CARTESIAN_POINT('',(-0.64958513123,0.899310115064,0.399524019548
    ));
#1388 = CARTESIAN_POINT('',(-0.649698671506,0.899144332561,
    0.399654374575));
#1389 = CARTESIAN_POINT('',(-0.649788358556,0.898954961049,
    0.399757284717));
#1390 = CARTESIAN_POINT('',(-0.649861429891,0.89880067312,0.39984112939)
  );
#1391 = CARTESIAN_POINT('',(-0.649920082947,0.898626844823,
    0.399908383551));
#1392 = CARTESIAN_POINT('',(-0.649956303795,0.898444807009,
    0.399949909426));
#1393 = CARTESIAN_POINT('',(-0.649984853786,0.898301321194,
    0.399982640944));
#1394 = CARTESIAN_POINT('',(-0.65,0.89814991542,0.4));
#1395 = CARTESIAN_POINT('',(-0.65,0.898,0.4));
#1396 = CYLINDRICAL_SURFACE('',#1397,0.608447022513);
#1397 = AXIS2_PLACEMENT_3D('',#1398,#1399,#1400);
#1398 = CARTESIAN_POINT('',(-1.108484219145,0.9,9.E-17));
#1399 = DIRECTION('',(-0.,-1.,-0.));
#1400 = DIRECTION('',(0.,0.,-1.));
#1401 = ADVANCED_FACE('',(#1402),#1427,.T.);
#1402 = FACE_BOUND('',#1403,.T.);
#1403 = EDGE_LOOP('',(#1404,#1405,#1413,#1421));
#1404 = ORIENTED_EDGE('',*,*,#1340,.T.);
#1405 = ORIENTED_EDGE('',*,*,#1406,.T.);
#1406 = EDGE_CURVE('',#1320,#1407,#1409,.T.);
#1407 = VERTEX_POINT('',#1408);
#1408 = CARTESIAN_POINT('',(-0.798,2.E-03,-0.4));
#1409 = LINE('',#1410,#1411);
#1410 = CARTESIAN_POINT('',(-0.8,2.E-03,-0.4));
#1411 = VECTOR('',#1412,1.);
#1412 = DIRECTION('',(-1.,-0.,-0.));
#1413 = ORIENTED_EDGE('',*,*,#1414,.T.);
#1414 = EDGE_CURVE('',#1407,#1415,#1417,.T.);
#1415 = VERTEX_POINT('',#1416);
#1416 = CARTESIAN_POINT('',(-0.798,0.898,-0.4));
#1417 = LINE('',#1418,#1419);
#1418 = CARTESIAN_POINT('',(-0.798,0.9,-0.4));
#1419 = VECTOR('',#1420,1.);
#1420 = DIRECTION('',(-0.,1.,-0.));
#1421 = ORIENTED_EDGE('',*,*,#1422,.T.);
#1422 = EDGE_CURVE('',#1415,#1341,#1423,.T.);
#1423 = LINE('',#1424,#1425);
#1424 = CARTESIAN_POINT('',(0.,0.898,-0.4));
#1425 = VECTOR('',#1426,1.);
#1426 = DIRECTION('',(1.,0.,0.));
#1427 = PLANE('',#1428);
#1428 = AXIS2_PLACEMENT_3D('',#1429,#1430,#1431);
#1429 = CARTESIAN_POINT('',(0.,0.9,-0.4));
#1430 = DIRECTION('',(0.,0.,-1.));
#1431 = DIRECTION('',(-1.,0.,-0.));
#1432 = ADVANCED_FACE('',(#1433),#1467,.F.);
#1433 = FACE_BOUND('',#1434,.T.);
#1434 = EDGE_LOOP('',(#1435,#1445,#1453,#1461));
#1435 = ORIENTED_EDGE('',*,*,#1436,.T.);
#1436 = EDGE_CURVE('',#1437,#1439,#1441,.T.);
#1437 = VERTEX_POINT('',#1438);
#1438 = CARTESIAN_POINT('',(-0.8,0.898,0.398));
#1439 = VERTEX_POINT('',#1440);
#1440 = CARTESIAN_POINT('',(-0.8,0.898,-0.398));
#1441 = LINE('',#1442,#1443);
#1442 = CARTESIAN_POINT('',(-0.8,0.898,-0.4));
#1443 = VECTOR('',#1444,1.);
#1444 = DIRECTION('',(0.,-0.,-1.));
#1445 = ORIENTED_EDGE('',*,*,#1446,.T.);
#1446 = EDGE_CURVE('',#1439,#1447,#1449,.T.);
#1447 = VERTEX_POINT('',#1448);
#1448 = CARTESIAN_POINT('',(-0.8,2.E-03,-0.398));
#1449 = LINE('',#1450,#1451);
#1450 = CARTESIAN_POINT('',(-0.8,0.,-0.398));
#1451 = VECTOR('',#1452,1.);
#1452 = DIRECTION('',(0.,-1.,0.));
#1453 = ORIENTED_EDGE('',*,*,#1454,.T.);
#1454 = EDGE_CURVE('',#1447,#1455,#1457,.T.);
#1455 = VERTEX_POINT('',#1456);
#1456 = CARTESIAN_POINT('',(-0.8,2.E-03,0.398));
#1457 = LINE('',#1458,#1459);
#1458 = CARTESIAN_POINT('',(-0.8,2.E-03,0.));
#1459 = VECTOR('',#1460,1.);
#1460 = DIRECTION('',(-0.,0.,1.));
#1461 = ORIENTED_EDGE('',*,*,#1462,.T.);
#1462 = EDGE_CURVE('',#1455,#1437,#1463,.T.);
#1463 = LINE('',#1464,#1465);
#1464 = CARTESIAN_POINT('',(-0.8,0.9,0.398));
#1465 = VECTOR('',#1466,1.);
#1466 = DIRECTION('',(-0.,1.,-0.));
#1467 = PLANE('',#1468);
#1468 = AXIS2_PLACEMENT_3D('',#1469,#1470,#1471);
#1469 = CARTESIAN_POINT('',(-0.8,0.9,0.));
#1470 = DIRECTION('',(1.,0.,0.));
#1471 = DIRECTION('',(0.,0.,-1.));
#1472 = ADVANCED_FACE('',(#1473),#1498,.F.);
#1473 = FACE_BOUND('',#1474,.T.);
#1474 = EDGE_LOOP('',(#1475,#1485,#1491,#1492));
#1475 = ORIENTED_EDGE('',*,*,#1476,.T.);
#1476 = EDGE_CURVE('',#1477,#1479,#1481,.T.);
#1477 = VERTEX_POINT('',#1478);
#1478 = CARTESIAN_POINT('',(-0.798,0.898,0.4));
#1479 = VERTEX_POINT('',#1480);
#1480 = CARTESIAN_POINT('',(-0.798,2.E-03,0.4));
#1481 = LINE('',#1482,#1483);
#1482 = CARTESIAN_POINT('',(-0.798,0.9,0.4));
#1483 = VECTOR('',#1484,1.);
#1484 = DIRECTION('',(0.,-1.,0.));
#1485 = ORIENTED_EDGE('',*,*,#1486,.T.);
#1486 = EDGE_CURVE('',#1479,#1282,#1487,.T.);
#1487 = LINE('',#1488,#1489);
#1488 = CARTESIAN_POINT('',(0.,2.E-03,0.4));
#1489 = VECTOR('',#1490,1.);
#1490 = DIRECTION('',(1.,0.,0.));
#1491 = ORIENTED_EDGE('',*,*,#1279,.F.);
#1492 = ORIENTED_EDGE('',*,*,#1493,.T.);
#1493 = EDGE_CURVE('',#1280,#1477,#1494,.T.);
#1494 = LINE('',#1495,#1496);
#1495 = CARTESIAN_POINT('',(-0.8,0.898,0.4));
#1496 = VECTOR('',#1497,1.);
#1497 = DIRECTION('',(-1.,-0.,-0.));
#1498 = PLANE('',#1499);
#1499 = AXIS2_PLACEMENT_3D('',#1500,#1501,#1502);
#1500 = CARTESIAN_POINT('',(0.,0.9,0.4));
#1501 = DIRECTION('',(0.,0.,-1.));
#1502 = DIRECTION('',(-1.,0.,-0.));
#1503 = ADVANCED_FACE('',(#1504),#1529,.T.);
#1504 = FACE_BOUND('',#1505,.T.);
#1505 = EDGE_LOOP('',(#1506,#1516,#1522,#1523));
#1506 = ORIENTED_EDGE('',*,*,#1507,.T.);
#1507 = EDGE_CURVE('',#1508,#1510,#1512,.T.);
#1508 = VERTEX_POINT('',#1509);
#1509 = CARTESIAN_POINT('',(-0.798,0.9,-0.398));
#1510 = VERTEX_POINT('',#1511);
#1511 = CARTESIAN_POINT('',(-0.798,0.9,0.398));
#1512 = LINE('',#1513,#1514);
#1513 = CARTESIAN_POINT('',(-0.798,0.9,0.4));
#1514 = VECTOR('',#1515,1.);
#1515 = DIRECTION('',(-0.,0.,1.));
#1516 = ORIENTED_EDGE('',*,*,#1517,.T.);
#1517 = EDGE_CURVE('',#1510,#1370,#1518,.T.);
#1518 = LINE('',#1519,#1520);
#1519 = CARTESIAN_POINT('',(-0.65,0.9,0.398));
#1520 = VECTOR('',#1521,1.);
#1521 = DIRECTION('',(1.,-0.,0.));
#1522 = ORIENTED_EDGE('',*,*,#1369,.F.);
#1523 = ORIENTED_EDGE('',*,*,#1524,.T.);
#1524 = EDGE_CURVE('',#1349,#1508,#1525,.T.);
#1525 = LINE('',#1526,#1527);
#1526 = CARTESIAN_POINT('',(0.,0.9,-0.398));
#1527 = VECTOR('',#1528,1.);
#1528 = DIRECTION('',(-1.,-0.,-0.));
#1529 = PLANE('',#1530);
#1530 = AXIS2_PLACEMENT_3D('',#1531,#1532,#1533);
#1531 = CARTESIAN_POINT('',(0.,0.9,0.));
#1532 = DIRECTION('',(0.,1.,-0.));
#1533 = DIRECTION('',(0.,0.,1.));
#1534 = ADVANCED_FACE('',(#1535),#1560,.F.);
#1535 = FACE_BOUND('',#1536,.T.);
#1536 = EDGE_LOOP('',(#1537,#1538,#1546,#1554));
#1537 = ORIENTED_EDGE('',*,*,#1310,.T.);
#1538 = ORIENTED_EDGE('',*,*,#1539,.T.);
#1539 = EDGE_CURVE('',#1290,#1540,#1542,.T.);
#1540 = VERTEX_POINT('',#1541);
#1541 = CARTESIAN_POINT('',(-0.798,0.,0.398));
#1542 = LINE('',#1543,#1544);
#1543 = CARTESIAN_POINT('',(0.,0.,0.398));
#1544 = VECTOR('',#1545,1.);
#1545 = DIRECTION('',(-1.,-0.,-0.));
#1546 = ORIENTED_EDGE('',*,*,#1547,.T.);
#1547 = EDGE_CURVE('',#1540,#1548,#1550,.T.);
#1548 = VERTEX_POINT('',#1549);
#1549 = CARTESIAN_POINT('',(-0.798,0.,-0.398));
#1550 = LINE('',#1551,#1552);
#1551 = CARTESIAN_POINT('',(-0.798,0.,0.));
#1552 = VECTOR('',#1553,1.);
#1553 = DIRECTION('',(-0.,-0.,-1.));
#1554 = ORIENTED_EDGE('',*,*,#1555,.T.);
#1555 = EDGE_CURVE('',#1548,#1311,#1556,.T.);
#1556 = LINE('',#1557,#1558);
#1557 = CARTESIAN_POINT('',(-0.65,0.,-0.398));
#1558 = VECTOR('',#1559,1.);
#1559 = DIRECTION('',(1.,-0.,0.));
#1560 = PLANE('',#1561);
#1561 = AXIS2_PLACEMENT_3D('',#1562,#1563,#1564);
#1562 = CARTESIAN_POINT('',(0.,0.,0.));
#1563 = DIRECTION('',(0.,1.,-0.));
#1564 = DIRECTION('',(0.,0.,1.));
#1565 = ADVANCED_FACE('',(#1566),#1578,.T.);
#1566 = FACE_BOUND('',#1567,.T.);
#1567 = EDGE_LOOP('',(#1568,#1569,#1570,#1577));
#1568 = ORIENTED_EDGE('',*,*,#1378,.F.);
#1569 = ORIENTED_EDGE('',*,*,#1517,.F.);
#1570 = ORIENTED_EDGE('',*,*,#1571,.F.);
#1571 = EDGE_CURVE('',#1477,#1510,#1572,.T.);
#1572 = CIRCLE('',#1573,2.E-03);
#1573 = AXIS2_PLACEMENT_3D('',#1574,#1575,#1576);
#1574 = CARTESIAN_POINT('',(-0.798,0.898,0.398));
#1575 = DIRECTION('',(-1.,0.,0.));
#1576 = DIRECTION('',(0.,0.,1.));
#1577 = ORIENTED_EDGE('',*,*,#1493,.F.);
#1578 = CYLINDRICAL_SURFACE('',#1579,2.E-03);
#1579 = AXIS2_PLACEMENT_3D('',#1580,#1581,#1582);
#1580 = CARTESIAN_POINT('',(0.,0.898,0.398));
#1581 = DIRECTION('',(-1.,0.,0.));
#1582 = DIRECTION('',(0.,0.,1.));
#1583 = ADVANCED_FACE('',(#1584),#1602,.T.);
#1584 = FACE_BOUND('',#1585,.T.);
#1585 = EDGE_LOOP('',(#1586,#1593,#1594,#1601));
#1586 = ORIENTED_EDGE('',*,*,#1587,.F.);
#1587 = EDGE_CURVE('',#1479,#1455,#1588,.T.);
#1588 = CIRCLE('',#1589,2.E-03);
#1589 = AXIS2_PLACEMENT_3D('',#1590,#1591,#1592);
#1590 = CARTESIAN_POINT('',(-0.798,2.E-03,0.398));
#1591 = DIRECTION('',(0.,-1.,0.));
#1592 = DIRECTION('',(0.,0.,-1.));
#1593 = ORIENTED_EDGE('',*,*,#1476,.F.);
#1594 = ORIENTED_EDGE('',*,*,#1595,.F.);
#1595 = EDGE_CURVE('',#1437,#1477,#1596,.T.);
#1596 = CIRCLE('',#1597,2.E-03);
#1597 = AXIS2_PLACEMENT_3D('',#1598,#1599,#1600);
#1598 = CARTESIAN_POINT('',(-0.798,0.898,0.398));
#1599 = DIRECTION('',(0.,1.,-0.));
#1600 = DIRECTION('',(0.,0.,1.));
#1601 = ORIENTED_EDGE('',*,*,#1462,.F.);
#1602 = CYLINDRICAL_SURFACE('',#1603,2.E-03);
#1603 = AXIS2_PLACEMENT_3D('',#1604,#1605,#1606);
#1604 = CARTESIAN_POINT('',(-0.798,0.9,0.398));
#1605 = DIRECTION('',(0.,-1.,0.));
#1606 = DIRECTION('',(0.,0.,-1.));
#1607 = ADVANCED_FACE('',(#1608),#1620,.T.);
#1608 = FACE_BOUND('',#1609,.T.);
#1609 = EDGE_LOOP('',(#1610,#1611,#1612,#1619));
#1610 = ORIENTED_EDGE('',*,*,#1289,.F.);
#1611 = ORIENTED_EDGE('',*,*,#1486,.F.);
#1612 = ORIENTED_EDGE('',*,*,#1613,.F.);
#1613 = EDGE_CURVE('',#1540,#1479,#1614,.T.);
#1614 = CIRCLE('',#1615,2.E-03);
#1615 = AXIS2_PLACEMENT_3D('',#1616,#1617,#1618);
#1616 = CARTESIAN_POINT('',(-0.798,2.E-03,0.398));
#1617 = DIRECTION('',(-1.,0.,0.));
#1618 = DIRECTION('',(0.,0.,1.));
#1619 = ORIENTED_EDGE('',*,*,#1539,.F.);
#1620 = CYLINDRICAL_SURFACE('',#1621,2.E-03);
#1621 = AXIS2_PLACEMENT_3D('',#1622,#1623,#1624);
#1622 = CARTESIAN_POINT('',(0.,2.E-03,0.398));
#1623 = DIRECTION('',(1.,0.,0.));
#1624 = DIRECTION('',(0.,0.,-1.));
#1625 = ADVANCED_FACE('',(#1626),#1637,.T.);
#1626 = FACE_BOUND('',#1627,.T.);
#1627 = EDGE_LOOP('',(#1628,#1629,#1630));
#1628 = ORIENTED_EDGE('',*,*,#1595,.T.);
#1629 = ORIENTED_EDGE('',*,*,#1571,.T.);
#1630 = ORIENTED_EDGE('',*,*,#1631,.F.);
#1631 = EDGE_CURVE('',#1437,#1510,#1632,.T.);
#1632 = CIRCLE('',#1633,2.E-03);
#1633 = AXIS2_PLACEMENT_3D('',#1634,#1635,#1636);
#1634 = CARTESIAN_POINT('',(-0.798,0.898,0.398));
#1635 = DIRECTION('',(0.,0.,-1.));
#1636 = DIRECTION('',(1.,0.,0.));
#1637 = SPHERICAL_SURFACE('',#1638,2.E-03);
#1638 = AXIS2_PLACEMENT_3D('',#1639,#1640,#1641);
#1639 = CARTESIAN_POINT('',(-0.798,0.898,0.398));
#1640 = DIRECTION('',(0.,1.,0.));
#1641 = DIRECTION('',(1.,0.,0.));
#1642 = ADVANCED_FACE('',(#1643),#1654,.T.);
#1643 = FACE_BOUND('',#1644,.T.);
#1644 = EDGE_LOOP('',(#1645,#1646,#1647));
#1645 = ORIENTED_EDGE('',*,*,#1613,.T.);
#1646 = ORIENTED_EDGE('',*,*,#1587,.T.);
#1647 = ORIENTED_EDGE('',*,*,#1648,.F.);
#1648 = EDGE_CURVE('',#1540,#1455,#1649,.T.);
#1649 = CIRCLE('',#1650,2.E-03);
#1650 = AXIS2_PLACEMENT_3D('',#1651,#1652,#1653);
#1651 = CARTESIAN_POINT('',(-0.798,2.E-03,0.398));
#1652 = DIRECTION('',(0.,0.,-1.));
#1653 = DIRECTION('',(1.,0.,0.));
#1654 = SPHERICAL_SURFACE('',#1655,2.E-03);
#1655 = AXIS2_PLACEMENT_3D('',#1656,#1657,#1658);
#1656 = CARTESIAN_POINT('',(-0.798,2.E-03,0.398));
#1657 = DIRECTION('',(1.,0.,-0.));
#1658 = DIRECTION('',(0.,-1.,2.711E-14));
#1659 = ADVANCED_FACE('',(#1660),#1672,.T.);
#1660 = FACE_BOUND('',#1661,.T.);
#1661 = EDGE_LOOP('',(#1662,#1663,#1664,#1671));
#1662 = ORIENTED_EDGE('',*,*,#1348,.F.);
#1663 = ORIENTED_EDGE('',*,*,#1422,.F.);
#1664 = ORIENTED_EDGE('',*,*,#1665,.F.);
#1665 = EDGE_CURVE('',#1508,#1415,#1666,.T.);
#1666 = CIRCLE('',#1667,2.E-03);
#1667 = AXIS2_PLACEMENT_3D('',#1668,#1669,#1670);
#1668 = CARTESIAN_POINT('',(-0.798,0.898,-0.398));
#1669 = DIRECTION('',(-1.,0.,0.));
#1670 = DIRECTION('',(0.,0.,1.));
#1671 = ORIENTED_EDGE('',*,*,#1524,.F.);
#1672 = CYLINDRICAL_SURFACE('',#1673,2.E-03);
#1673 = AXIS2_PLACEMENT_3D('',#1674,#1675,#1676);
#1674 = CARTESIAN_POINT('',(0.,0.898,-0.398));
#1675 = DIRECTION('',(1.,0.,0.));
#1676 = DIRECTION('',(0.,0.,-1.));
#1677 = ADVANCED_FACE('',(#1678),#1690,.T.);
#1678 = FACE_BOUND('',#1679,.T.);
#1679 = EDGE_LOOP('',(#1680,#1681,#1682,#1689));
#1680 = ORIENTED_EDGE('',*,*,#1631,.T.);
#1681 = ORIENTED_EDGE('',*,*,#1507,.F.);
#1682 = ORIENTED_EDGE('',*,*,#1683,.F.);
#1683 = EDGE_CURVE('',#1439,#1508,#1684,.T.);
#1684 = CIRCLE('',#1685,2.E-03);
#1685 = AXIS2_PLACEMENT_3D('',#1686,#1687,#1688);
#1686 = CARTESIAN_POINT('',(-0.798,0.898,-0.398));
#1687 = DIRECTION('',(0.,0.,-1.));
#1688 = DIRECTION('',(-1.,0.,0.));
#1689 = ORIENTED_EDGE('',*,*,#1436,.F.);
#1690 = CYLINDRICAL_SURFACE('',#1691,2.E-03);
#1691 = AXIS2_PLACEMENT_3D('',#1692,#1693,#1694);
#1692 = CARTESIAN_POINT('',(-0.798,0.898,0.));
#1693 = DIRECTION('',(0.,-0.,-1.));
#1694 = DIRECTION('',(-1.,-0.,0.));
#1695 = ADVANCED_FACE('',(#1696),#1708,.T.);
#1696 = FACE_BOUND('',#1697,.T.);
#1697 = EDGE_LOOP('',(#1698,#1699,#1700,#1707));
#1698 = ORIENTED_EDGE('',*,*,#1648,.T.);
#1699 = ORIENTED_EDGE('',*,*,#1454,.F.);
#1700 = ORIENTED_EDGE('',*,*,#1701,.F.);
#1701 = EDGE_CURVE('',#1548,#1447,#1702,.T.);
#1702 = CIRCLE('',#1703,2.E-03);
#1703 = AXIS2_PLACEMENT_3D('',#1704,#1705,#1706);
#1704 = CARTESIAN_POINT('',(-0.798,2.E-03,-0.398));
#1705 = DIRECTION('',(-0.,0.,-1.));
#1706 = DIRECTION('',(-1.,0.,0.));
#1707 = ORIENTED_EDGE('',*,*,#1547,.F.);
#1708 = CYLINDRICAL_SURFACE('',#1709,2.E-03);
#1709 = AXIS2_PLACEMENT_3D('',#1710,#1711,#1712);
#1710 = CARTESIAN_POINT('',(-0.798,2.E-03,0.));
#1711 = DIRECTION('',(-0.,0.,1.));
#1712 = DIRECTION('',(1.,0.,0.));
#1713 = ADVANCED_FACE('',(#1714),#1726,.T.);
#1714 = FACE_BOUND('',#1715,.T.);
#1715 = EDGE_LOOP('',(#1716,#1717,#1718,#1725));
#1716 = ORIENTED_EDGE('',*,*,#1319,.F.);
#1717 = ORIENTED_EDGE('',*,*,#1555,.F.);
#1718 = ORIENTED_EDGE('',*,*,#1719,.F.);
#1719 = EDGE_CURVE('',#1407,#1548,#1720,.T.);
#1720 = CIRCLE('',#1721,2.E-03);
#1721 = AXIS2_PLACEMENT_3D('',#1722,#1723,#1724);
#1722 = CARTESIAN_POINT('',(-0.798,2.E-03,-0.398));
#1723 = DIRECTION('',(-1.,0.,-0.));
#1724 = DIRECTION('',(-0.,0.,1.));
#1725 = ORIENTED_EDGE('',*,*,#1406,.F.);
#1726 = CYLINDRICAL_SURFACE('',#1727,2.E-03);
#1727 = AXIS2_PLACEMENT_3D('',#1728,#1729,#1730);
#1728 = CARTESIAN_POINT('',(0.,2.E-03,-0.398));
#1729 = DIRECTION('',(-1.,0.,0.));
#1730 = DIRECTION('',(0.,0.,1.));
#1731 = ADVANCED_FACE('',(#1732),#1743,.T.);
#1732 = FACE_BOUND('',#1733,.T.);
#1733 = EDGE_LOOP('',(#1734,#1735,#1736));
#1734 = ORIENTED_EDGE('',*,*,#1683,.T.);
#1735 = ORIENTED_EDGE('',*,*,#1665,.T.);
#1736 = ORIENTED_EDGE('',*,*,#1737,.F.);
#1737 = EDGE_CURVE('',#1439,#1415,#1738,.T.);
#1738 = CIRCLE('',#1739,2.E-03);
#1739 = AXIS2_PLACEMENT_3D('',#1740,#1741,#1742);
#1740 = CARTESIAN_POINT('',(-0.798,0.898,-0.398));
#1741 = DIRECTION('',(0.,-1.,0.));
#1742 = DIRECTION('',(0.,0.,1.));
#1743 = SPHERICAL_SURFACE('',#1744,2.E-03);
#1744 = AXIS2_PLACEMENT_3D('',#1745,#1746,#1747);
#1745 = CARTESIAN_POINT('',(-0.798,0.898,-0.398));
#1746 = DIRECTION('',(1.,0.,0.));
#1747 = DIRECTION('',(0.,0.,1.));
#1748 = ADVANCED_FACE('',(#1749),#1760,.T.);
#1749 = FACE_BOUND('',#1750,.T.);
#1750 = EDGE_LOOP('',(#1751,#1752,#1753));
#1751 = ORIENTED_EDGE('',*,*,#1719,.T.);
#1752 = ORIENTED_EDGE('',*,*,#1701,.T.);
#1753 = ORIENTED_EDGE('',*,*,#1754,.F.);
#1754 = EDGE_CURVE('',#1407,#1447,#1755,.T.);
#1755 = CIRCLE('',#1756,2.E-03);
#1756 = AXIS2_PLACEMENT_3D('',#1757,#1758,#1759);
#1757 = CARTESIAN_POINT('',(-0.798,2.E-03,-0.398));
#1758 = DIRECTION('',(-0.,1.,-2.435E-14));
#1759 = DIRECTION('',(0.,-2.435E-14,-1.));
#1760 = SPHERICAL_SURFACE('',#1761,2.E-03);
#1761 = AXIS2_PLACEMENT_3D('',#1762,#1763,#1764);
#1762 = CARTESIAN_POINT('',(-0.798,2.E-03,-0.398));
#1763 = DIRECTION('',(1.,0.,0.));
#1764 = DIRECTION('',(0.,0.,-1.));
#1765 = ADVANCED_FACE('',(#1766),#1772,.T.);
#1766 = FACE_BOUND('',#1767,.T.);
#1767 = EDGE_LOOP('',(#1768,#1769,#1770,#1771));
#1768 = ORIENTED_EDGE('',*,*,#1737,.T.);
#1769 = ORIENTED_EDGE('',*,*,#1414,.F.);
#1770 = ORIENTED_EDGE('',*,*,#1754,.T.);
#1771 = ORIENTED_EDGE('',*,*,#1446,.F.);
#1772 = CYLINDRICAL_SURFACE('',#1773,2.E-03);
#1773 = AXIS2_PLACEMENT_3D('',#1774,#1775,#1776);
#1774 = CARTESIAN_POINT('',(-0.798,0.9,-0.398));
#1775 = DIRECTION('',(-0.,1.,0.));
#1776 = DIRECTION('',(0.,0.,1.));
#1777 = ( GEOMETRIC_REPRESENTATION_CONTEXT(3) 
GLOBAL_UNCERTAINTY_ASSIGNED_CONTEXT((#1781)) 
GLOBAL_UNIT_ASSIGNED_CONTEXT((#1778,#1779,#1780)) REPRESENTATION_CONTEXT
('Context #1','3D Context with UNIT and UNCERTAINTY') );
#1778 = ( LENGTH_UNIT() NAMED_UNIT(*) SI_UNIT(.MILLI.,.METRE.) );
#1779 = ( NAMED_UNIT(*) PLANE_ANGLE_UNIT() SI_UNIT($,.RADIAN.) );
#1780 = ( NAMED_UNIT(*) SI_UNIT($,.STERADIAN.) SOLID_ANGLE_UNIT() );
#1781 = UNCERTAINTY_MEASURE_WITH_UNIT(LENGTH_MEASURE(1.E-07),#1778,
  'distance_accuracy_value','confusion accuracy');
#1782 = CONTEXT_DEPENDENT_SHAPE_REPRESENTATION(#1783,#1785);
#1783 = ( REPRESENTATION_RELATIONSHIP('','',#1272,#1241) 
REPRESENTATION_RELATIONSHIP_WITH_TRANSFORMATION(#1784) 
SHAPE_REPRESENTATION_RELATIONSHIP() );
#1784 = ITEM_DEFINED_TRANSFORMATION('','',#11,#1242);
#1785 = PRODUCT_DEFINITION_SHAPE('Placement','Placement of an item',
  #1786);
#1786 = NEXT_ASSEMBLY_USAGE_OCCURRENCE('10','C0603','',#1236,#1267,$);
#1787 = PRODUCT_RELATED_PRODUCT_CATEGORY('part',$,(#1269));
#1788 = SHAPE_DEFINITION_REPRESENTATION(#1789,#1795);
#1789 = PRODUCT_DEFINITION_SHAPE('','',#1790);
#1790 = PRODUCT_DEFINITION('design','',#1791,#1794);
#1791 = PRODUCT_DEFINITION_FORMATION('','',#1792);
#1792 = PRODUCT('C0604','C0604','',(#1793));
#1793 = PRODUCT_CONTEXT('',#2,'mechanical');
#1794 = PRODUCT_DEFINITION_CONTEXT('part definition',#2,'design');
#1795 = ADVANCED_BREP_SHAPE_REPRESENTATION('',(#11,#1796),#2300);
#1796 = MANIFOLD_SOLID_BREP('',#1797);
#1797 = CLOSED_SHELL('',(#1798,#1838,#1955,#1986,#2026,#2057,#2088,#2106
    ,#2130,#2148,#2165,#2182,#2200,#2218,#2236,#2254,#2271,#2288));
#1798 = ADVANCED_FACE('',(#1799),#1833,.T.);
#1799 = FACE_BOUND('',#1800,.T.);
#1800 = EDGE_LOOP('',(#1801,#1811,#1819,#1827));
#1801 = ORIENTED_EDGE('',*,*,#1802,.T.);
#1802 = EDGE_CURVE('',#1803,#1805,#1807,.T.);
#1803 = VERTEX_POINT('',#1804);
#1804 = CARTESIAN_POINT('',(0.798,0.898,-0.4));
#1805 = VERTEX_POINT('',#1806);
#1806 = CARTESIAN_POINT('',(0.798,2.E-03,-0.4));
#1807 = LINE('',#1808,#1809);
#1808 = CARTESIAN_POINT('',(0.798,0.9,-0.4));
#1809 = VECTOR('',#1810,1.);
#1810 = DIRECTION('',(0.,-1.,0.));
#1811 = ORIENTED_EDGE('',*,*,#1812,.T.);
#1812 = EDGE_CURVE('',#1805,#1813,#1815,.T.);
#1813 = VERTEX_POINT('',#1814);
#1814 = CARTESIAN_POINT('',(0.65,2.E-03,-0.4));
#1815 = LINE('',#1816,#1817);
#1816 = CARTESIAN_POINT('',(0.65,2.E-03,-0.4));
#1817 = VECTOR('',#1818,1.);
#1818 = DIRECTION('',(-1.,-0.,-0.));
#1819 = ORIENTED_EDGE('',*,*,#1820,.F.);
#1820 = EDGE_CURVE('',#1821,#1813,#1823,.T.);
#1821 = VERTEX_POINT('',#1822);
#1822 = CARTESIAN_POINT('',(0.65,0.898,-0.4));
#1823 = LINE('',#1824,#1825);
#1824 = CARTESIAN_POINT('',(0.65,0.9,-0.4));
#1825 = VECTOR('',#1826,1.);
#1826 = DIRECTION('',(-0.,-1.,-0.));
#1827 = ORIENTED_EDGE('',*,*,#1828,.T.);
#1828 = EDGE_CURVE('',#1821,#1803,#1829,.T.);
#1829 = LINE('',#1830,#1831);
#1830 = CARTESIAN_POINT('',(0.,0.898,-0.4));
#1831 = VECTOR('',#1832,1.);
#1832 = DIRECTION('',(1.,0.,0.));
#1833 = PLANE('',#1834);
#1834 = AXIS2_PLACEMENT_3D('',#1835,#1836,#1837);
#1835 = CARTESIAN_POINT('',(0.,0.9,-0.4));
#1836 = DIRECTION('',(0.,0.,-1.));
#1837 = DIRECTION('',(-1.,0.,-0.));
#1838 = ADVANCED_FACE('',(#1839),#1950,.T.);
#1839 = FACE_BOUND('',#1840,.T.);
#1840 = EDGE_LOOP('',(#1841,#1842,#1863,#1872,#1893,#1901,#1922,#1931));
#1841 = ORIENTED_EDGE('',*,*,#1820,.T.);
#1842 = ORIENTED_EDGE('',*,*,#1843,.T.);
#1843 = EDGE_CURVE('',#1813,#1844,#1846,.T.);
#1844 = VERTEX_POINT('',#1845);
#1845 = CARTESIAN_POINT('',(0.648262773312,0.,-0.398));
#1846 = B_SPLINE_CURVE_WITH_KNOTS('',3,(#1847,#1848,#1849,#1850,#1851,
    #1852,#1853,#1854,#1855,#1856,#1857,#1858,#1859,#1860,#1861,#1862),
  .UNSPECIFIED.,.F.,.F.,(4,3,3,3,3,4),(0.,5.5356542558E-07,
    1.10337165638E-06,1.84728542001E-06,2.82106010983E-06,
    3.65392728447E-06),.UNSPECIFIED.);
#1847 = CARTESIAN_POINT('',(0.65,2.E-03,-0.4));
#1848 = CARTESIAN_POINT('',(0.65,1.815478191474E-03,-0.4));
#1849 = CARTESIAN_POINT('',(0.649976743188,1.62833443794E-03,
    -0.399973346489));
#1850 = CARTESIAN_POINT('',(0.649934121085,1.455582122424E-03,
    -0.399924476338));
#1851 = CARTESIAN_POINT('',(0.649891663224,1.283495497012E-03,
    -0.399875794505));
#1852 = CARTESIAN_POINT('',(0.649829309571,1.120943203332E-03,
    -0.399804284756));
#1853 = CARTESIAN_POINT('',(0.649754462633,9.767000808519E-04,
    -0.399718387987));
#1854 = CARTESIAN_POINT('',(0.649653554339,7.822321753715E-04,
    -0.399602582364));
#1855 = CARTESIAN_POINT('',(0.649527436246,6.151841771219E-04,
    -0.399457749914));
#1856 = CARTESIAN_POINT('',(0.649390829082,4.807192204496E-04,
    -0.399300686708));
#1857 = CARTESIAN_POINT('',(0.649212436592,3.051241943351E-04,
    -0.399095581092));
#1858 = CARTESIAN_POINT('',(0.649010804762,1.787810796609E-04,
    -0.398863459456));
#1859 = CARTESIAN_POINT('',(0.64880507382,1.005659706243E-04,
    -0.398626219106));
#1860 = CARTESIAN_POINT('',(0.648628239542,3.333684034429E-05,
    -0.398422301185));
#1861 = CARTESIAN_POINT('',(0.648444724124,-6.202E-14,-0.398210396145));
#1862 = CARTESIAN_POINT('',(0.648262773312,0.,-0.398));
#1863 = ORIENTED_EDGE('',*,*,#1864,.T.);
#1864 = EDGE_CURVE('',#1844,#1865,#1867,.T.);
#1865 = VERTEX_POINT('',#1866);
#1866 = CARTESIAN_POINT('',(0.648262773312,0.,0.398));
#1867 = CIRCLE('',#1868,0.608447022513);
#1868 = AXIS2_PLACEMENT_3D('',#1869,#1870,#1871);
#1869 = CARTESIAN_POINT('',(1.108484219145,0.,9.E-17));
#1870 = DIRECTION('',(0.,1.,-0.));
#1871 = DIRECTION('',(0.,0.,1.));
#1872 = ORIENTED_EDGE('',*,*,#1873,.T.);
#1873 = EDGE_CURVE('',#1865,#1874,#1876,.T.);
#1874 = VERTEX_POINT('',#1875);
#1875 = CARTESIAN_POINT('',(0.65,2.E-03,0.4));
#1876 = B_SPLINE_CURVE_WITH_KNOTS('',3,(#1877,#1878,#1879,#1880,#1881,
    #1882,#1883,#1884,#1885,#1886,#1887,#1888,#1889,#1890,#1891,#1892),
  .UNSPECIFIED.,.F.,.F.,(4,3,3,3,3,4),(0.,1.01094098682E-06,
    1.93359162108E-06,2.63259513227E-06,3.20135264683E-06,
    3.64788484322E-06),.UNSPECIFIED.);
#1877 = CARTESIAN_POINT('',(0.648262773312,0.,0.398));
#1878 = CARTESIAN_POINT('',(0.648483200343,0.,0.398254887555));
#1879 = CARTESIAN_POINT('',(0.648706476644,4.904257382561E-05,
    0.398512622641));
#1880 = CARTESIAN_POINT('',(0.648917519212,1.483273524841E-04,
    0.398755849509));
#1881 = CARTESIAN_POINT('',(0.649110011187,2.388850217823E-04,
    0.398977696791));
#1882 = CARTESIAN_POINT('',(0.649297092403,3.738069421419E-04,
    0.399192965919));
#1883 = CARTESIAN_POINT('',(0.649460796235,5.534465387862E-04,
    0.399381116761));
#1884 = CARTESIAN_POINT('',(0.64958513123,6.898849358596E-04,
    0.399524019548));
#1885 = CARTESIAN_POINT('',(0.649698671506,8.556674385739E-04,
    0.399654374575));
#1886 = CARTESIAN_POINT('',(0.649788358556,1.045038951371E-03,
    0.399757284717));
#1887 = CARTESIAN_POINT('',(0.649861429891,1.199326879952E-03,
    0.39984112939));
#1888 = CARTESIAN_POINT('',(0.649920082947,1.373155176714E-03,
    0.399908383551));
#1889 = CARTESIAN_POINT('',(0.649956303795,1.555192991014E-03,
    0.399949909426));
#1890 = CARTESIAN_POINT('',(0.649984853786,1.698678805543E-03,
    0.399982640944));
#1891 = CARTESIAN_POINT('',(0.65,1.850084579626E-03,0.4));
#1892 = CARTESIAN_POINT('',(0.65,2.E-03,0.4));
#1893 = ORIENTED_EDGE('',*,*,#1894,.F.);
#1894 = EDGE_CURVE('',#1895,#1874,#1897,.T.);
#1895 = VERTEX_POINT('',#1896);
#1896 = CARTESIAN_POINT('',(0.65,0.898,0.4));
#1897 = LINE('',#1898,#1899);
#1898 = CARTESIAN_POINT('',(0.65,0.9,0.4));
#1899 = VECTOR('',#1900,1.);
#1900 = DIRECTION('',(-0.,-1.,-0.));
#1901 = ORIENTED_EDGE('',*,*,#1902,.T.);
#1902 = EDGE_CURVE('',#1895,#1903,#1905,.T.);
#1903 = VERTEX_POINT('',#1904);
#1904 = CARTESIAN_POINT('',(0.648262773312,0.9,0.398));
#1905 = B_SPLINE_CURVE_WITH_KNOTS('',3,(#1906,#1907,#1908,#1909,#1910,
    #1911,#1912,#1913,#1914,#1915,#1916,#1917,#1918,#1919,#1920,#1921),
  .UNSPECIFIED.,.F.,.F.,(4,3,3,3,3,4),(0.,5.5356542558E-07,
    1.10337165638E-06,1.84728542001E-06,2.82106010983E-06,
    3.65392728447E-06),.UNSPECIFIED.);
#1906 = CARTESIAN_POINT('',(0.65,0.898,0.4));
#1907 = CARTESIAN_POINT('',(0.65,0.898184521809,0.4));
#1908 = CARTESIAN_POINT('',(0.649976743188,0.898371665562,0.399973346489
    ));
#1909 = CARTESIAN_POINT('',(0.649934121085,0.898544417878,0.399924476338
    ));
#1910 = CARTESIAN_POINT('',(0.649891663224,0.898716504503,0.399875794505
    ));
#1911 = CARTESIAN_POINT('',(0.649829309571,0.898879056797,0.399804284756
    ));
#1912 = CARTESIAN_POINT('',(0.649754462633,0.899023299919,0.399718387987
    ));
#1913 = CARTESIAN_POINT('',(0.649653554339,0.899217767825,0.399602582364
    ));
#1914 = CARTESIAN_POINT('',(0.649527436246,0.899384815823,0.399457749914
    ));
#1915 = CARTESIAN_POINT('',(0.649390829082,0.89951928078,0.399300686708)
  );
#1916 = CARTESIAN_POINT('',(0.649212436592,0.899694875806,0.399095581092
    ));
#1917 = CARTESIAN_POINT('',(0.649010804762,0.89982121892,0.398863459456)
  );
#1918 = CARTESIAN_POINT('',(0.64880507382,0.899899434029,0.398626219106)
  );
#1919 = CARTESIAN_POINT('',(0.648628239542,0.89996666316,0.398422301185)
  );
#1920 = CARTESIAN_POINT('',(0.648444724124,0.9,0.398210396145));
#1921 = CARTESIAN_POINT('',(0.648262773312,0.9,0.398));
#1922 = ORIENTED_EDGE('',*,*,#1923,.F.);
#1923 = EDGE_CURVE('',#1924,#1903,#1926,.T.);
#1924 = VERTEX_POINT('',#1925);
#1925 = CARTESIAN_POINT('',(0.648262773312,0.9,-0.398));
#1926 = CIRCLE('',#1927,0.608447022513);
#1927 = AXIS2_PLACEMENT_3D('',#1928,#1929,#1930);
#1928 = CARTESIAN_POINT('',(1.108484219145,0.9,9.E-17));
#1929 = DIRECTION('',(0.,1.,-0.));
#1930 = DIRECTION('',(0.,0.,1.));
#1931 = ORIENTED_EDGE('',*,*,#1932,.T.);
#1932 = EDGE_CURVE('',#1924,#1821,#1933,.T.);
#1933 = B_SPLINE_CURVE_WITH_KNOTS('',3,(#1934,#1935,#1936,#1937,#1938,
    #1939,#1940,#1941,#1942,#1943,#1944,#1945,#1946,#1947,#1948,#1949),
  .UNSPECIFIED.,.F.,.F.,(4,3,3,3,3,4),(0.,1.01094098682E-06,
    1.93359162108E-06,2.63259513227E-06,3.20135264683E-06,
    3.64788484322E-06),.UNSPECIFIED.);
#1934 = CARTESIAN_POINT('',(0.648262773312,0.9,-0.398));
#1935 = CARTESIAN_POINT('',(0.648483200343,0.9,-0.398254887555));
#1936 = CARTESIAN_POINT('',(0.648706476644,0.899950957426,
    -0.398512622641));
#1937 = CARTESIAN_POINT('',(0.648917519212,0.899851672648,
    -0.398755849509));
#1938 = CARTESIAN_POINT('',(0.649110011187,0.899761114978,
    -0.398977696791));
#1939 = CARTESIAN_POINT('',(0.649297092403,0.899626193058,
    -0.399192965919));
#1940 = CARTESIAN_POINT('',(0.649460796235,0.899446553461,
    -0.399381116761));
#1941 = CARTESIAN_POINT('',(0.64958513123,0.899310115064,-0.399524019548
    ));
#1942 = CARTESIAN_POINT('',(0.649698671506,0.899144332561,
    -0.399654374575));
#1943 = CARTESIAN_POINT('',(0.649788358556,0.898954961049,
    -0.399757284717));
#1944 = CARTESIAN_POINT('',(0.649861429891,0.89880067312,-0.39984112939)
  );
#1945 = CARTESIAN_POINT('',(0.649920082947,0.898626844823,
    -0.399908383551));
#1946 = CARTESIAN_POINT('',(0.649956303795,0.898444807009,
    -0.399949909426));
#1947 = CARTESIAN_POINT('',(0.649984853786,0.898301321194,
    -0.399982640944));
#1948 = CARTESIAN_POINT('',(0.65,0.89814991542,-0.4));
#1949 = CARTESIAN_POINT('',(0.65,0.898,-0.4));
#1950 = CYLINDRICAL_SURFACE('',#1951,0.608447022513);
#1951 = AXIS2_PLACEMENT_3D('',#1952,#1953,#1954);
#1952 = CARTESIAN_POINT('',(1.108484219145,0.9,9.E-17));
#1953 = DIRECTION('',(-0.,-1.,-0.));
#1954 = DIRECTION('',(0.,0.,-1.));
#1955 = ADVANCED_FACE('',(#1956),#1981,.F.);
#1956 = FACE_BOUND('',#1957,.T.);
#1957 = EDGE_LOOP('',(#1958,#1959,#1967,#1975));
#1958 = ORIENTED_EDGE('',*,*,#1894,.T.);
#1959 = ORIENTED_EDGE('',*,*,#1960,.T.);
#1960 = EDGE_CURVE('',#1874,#1961,#1963,.T.);
#1961 = VERTEX_POINT('',#1962);
#1962 = CARTESIAN_POINT('',(0.798,2.E-03,0.4));
#1963 = LINE('',#1964,#1965);
#1964 = CARTESIAN_POINT('',(0.,2.E-03,0.4));
#1965 = VECTOR('',#1966,1.);
#1966 = DIRECTION('',(1.,0.,0.));
#1967 = ORIENTED_EDGE('',*,*,#1968,.T.);
#1968 = EDGE_CURVE('',#1961,#1969,#1971,.T.);
#1969 = VERTEX_POINT('',#1970);
#1970 = CARTESIAN_POINT('',(0.798,0.898,0.4));
#1971 = LINE('',#1972,#1973);
#1972 = CARTESIAN_POINT('',(0.798,0.9,0.4));
#1973 = VECTOR('',#1974,1.);
#1974 = DIRECTION('',(-0.,1.,-0.));
#1975 = ORIENTED_EDGE('',*,*,#1976,.T.);
#1976 = EDGE_CURVE('',#1969,#1895,#1977,.T.);
#1977 = LINE('',#1978,#1979);
#1978 = CARTESIAN_POINT('',(0.65,0.898,0.4));
#1979 = VECTOR('',#1980,1.);
#1980 = DIRECTION('',(-1.,-0.,-0.));
#1981 = PLANE('',#1982);
#1982 = AXIS2_PLACEMENT_3D('',#1983,#1984,#1985);
#1983 = CARTESIAN_POINT('',(0.,0.9,0.4));
#1984 = DIRECTION('',(0.,0.,-1.));
#1985 = DIRECTION('',(-1.,0.,-0.));
#1986 = ADVANCED_FACE('',(#1987),#2021,.T.);
#1987 = FACE_BOUND('',#1988,.T.);
#1988 = EDGE_LOOP('',(#1989,#1999,#2007,#2015));
#1989 = ORIENTED_EDGE('',*,*,#1990,.T.);
#1990 = EDGE_CURVE('',#1991,#1993,#1995,.T.);
#1991 = VERTEX_POINT('',#1992);
#1992 = CARTESIAN_POINT('',(0.8,0.898,-0.398));
#1993 = VERTEX_POINT('',#1994);
#1994 = CARTESIAN_POINT('',(0.8,0.898,0.398));
#1995 = LINE('',#1996,#1997);
#1996 = CARTESIAN_POINT('',(0.8,0.898,0.));
#1997 = VECTOR('',#1998,1.);
#1998 = DIRECTION('',(-0.,0.,1.));
#1999 = ORIENTED_EDGE('',*,*,#2000,.T.);
#2000 = EDGE_CURVE('',#1993,#2001,#2003,.T.);
#2001 = VERTEX_POINT('',#2002);
#2002 = CARTESIAN_POINT('',(0.8,2.E-03,0.398));
#2003 = LINE('',#2004,#2005);
#2004 = CARTESIAN_POINT('',(0.8,0.,0.398));
#2005 = VECTOR('',#2006,1.);
#2006 = DIRECTION('',(0.,-1.,0.));
#2007 = ORIENTED_EDGE('',*,*,#2008,.T.);
#2008 = EDGE_CURVE('',#2001,#2009,#2011,.T.);
#2009 = VERTEX_POINT('',#2010);
#2010 = CARTESIAN_POINT('',(0.8,2.E-03,-0.398));
#2011 = LINE('',#2012,#2013);
#2012 = CARTESIAN_POINT('',(0.8,2.E-03,-0.4));
#2013 = VECTOR('',#2014,1.);
#2014 = DIRECTION('',(0.,-0.,-1.));
#2015 = ORIENTED_EDGE('',*,*,#2016,.T.);
#2016 = EDGE_CURVE('',#2009,#1991,#2017,.T.);
#2017 = LINE('',#2018,#2019);
#2018 = CARTESIAN_POINT('',(0.8,0.9,-0.398));
#2019 = VECTOR('',#2020,1.);
#2020 = DIRECTION('',(-0.,1.,-0.));
#2021 = PLANE('',#2022);
#2022 = AXIS2_PLACEMENT_3D('',#2023,#2024,#2025);
#2023 = CARTESIAN_POINT('',(0.8,0.9,0.));
#2024 = DIRECTION('',(1.,0.,0.));
#2025 = DIRECTION('',(0.,0.,-1.));
#2026 = ADVANCED_FACE('',(#2027),#2052,.T.);
#2027 = FACE_BOUND('',#2028,.T.);
#2028 = EDGE_LOOP('',(#2029,#2039,#2045,#2046));
#2029 = ORIENTED_EDGE('',*,*,#2030,.T.);
#2030 = EDGE_CURVE('',#2031,#2033,#2035,.T.);
#2031 = VERTEX_POINT('',#2032);
#2032 = CARTESIAN_POINT('',(0.798,0.9,0.398));
#2033 = VERTEX_POINT('',#2034);
#2034 = CARTESIAN_POINT('',(0.798,0.9,-0.398));
#2035 = LINE('',#2036,#2037);
#2036 = CARTESIAN_POINT('',(0.798,0.9,0.));
#2037 = VECTOR('',#2038,1.);
#2038 = DIRECTION('',(-0.,-0.,-1.));
#2039 = ORIENTED_EDGE('',*,*,#2040,.T.);
#2040 = EDGE_CURVE('',#2033,#1924,#2041,.T.);
#2041 = LINE('',#2042,#2043);
#2042 = CARTESIAN_POINT('',(0.,0.9,-0.398));
#2043 = VECTOR('',#2044,1.);
#2044 = DIRECTION('',(-1.,-0.,-0.));
#2045 = ORIENTED_EDGE('',*,*,#1923,.T.);
#2046 = ORIENTED_EDGE('',*,*,#2047,.T.);
#2047 = EDGE_CURVE('',#1903,#2031,#2048,.T.);
#2048 = LINE('',#2049,#2050);
#2049 = CARTESIAN_POINT('',(0.8,0.9,0.398));
#2050 = VECTOR('',#2051,1.);
#2051 = DIRECTION('',(1.,-0.,0.));
#2052 = PLANE('',#2053);
#2053 = AXIS2_PLACEMENT_3D('',#2054,#2055,#2056);
#2054 = CARTESIAN_POINT('',(0.,0.9,0.));
#2055 = DIRECTION('',(0.,1.,-0.));
#2056 = DIRECTION('',(0.,0.,1.));
#2057 = ADVANCED_FACE('',(#2058),#2083,.F.);
#2058 = FACE_BOUND('',#2059,.T.);
#2059 = EDGE_LOOP('',(#2060,#2061,#2069,#2077));
#2060 = ORIENTED_EDGE('',*,*,#1864,.F.);
#2061 = ORIENTED_EDGE('',*,*,#2062,.T.);
#2062 = EDGE_CURVE('',#1844,#2063,#2065,.T.);
#2063 = VERTEX_POINT('',#2064);
#2064 = CARTESIAN_POINT('',(0.798,0.,-0.398));
#2065 = LINE('',#2066,#2067);
#2066 = CARTESIAN_POINT('',(0.8,0.,-0.398));
#2067 = VECTOR('',#2068,1.);
#2068 = DIRECTION('',(1.,-0.,0.));
#2069 = ORIENTED_EDGE('',*,*,#2070,.T.);
#2070 = EDGE_CURVE('',#2063,#2071,#2073,.T.);
#2071 = VERTEX_POINT('',#2072);
#2072 = CARTESIAN_POINT('',(0.798,0.,0.398));
#2073 = LINE('',#2074,#2075);
#2074 = CARTESIAN_POINT('',(0.798,0.,0.4));
#2075 = VECTOR('',#2076,1.);
#2076 = DIRECTION('',(-0.,0.,1.));
#2077 = ORIENTED_EDGE('',*,*,#2078,.T.);
#2078 = EDGE_CURVE('',#2071,#1865,#2079,.T.);
#2079 = LINE('',#2080,#2081);
#2080 = CARTESIAN_POINT('',(0.,0.,0.398));
#2081 = VECTOR('',#2082,1.);
#2082 = DIRECTION('',(-1.,-0.,-0.));
#2083 = PLANE('',#2084);
#2084 = AXIS2_PLACEMENT_3D('',#2085,#2086,#2087);
#2085 = CARTESIAN_POINT('',(0.,0.,0.));
#2086 = DIRECTION('',(0.,1.,-0.));
#2087 = DIRECTION('',(0.,0.,1.));
#2088 = ADVANCED_FACE('',(#2089),#2101,.T.);
#2089 = FACE_BOUND('',#2090,.T.);
#2090 = EDGE_LOOP('',(#2091,#2092,#2093,#2100));
#2091 = ORIENTED_EDGE('',*,*,#1932,.F.);
#2092 = ORIENTED_EDGE('',*,*,#2040,.F.);
#2093 = ORIENTED_EDGE('',*,*,#2094,.F.);
#2094 = EDGE_CURVE('',#1803,#2033,#2095,.T.);
#2095 = CIRCLE('',#2096,2.E-03);
#2096 = AXIS2_PLACEMENT_3D('',#2097,#2098,#2099);
#2097 = CARTESIAN_POINT('',(0.798,0.898,-0.398));
#2098 = DIRECTION('',(1.,-0.,0.));
#2099 = DIRECTION('',(0.,0.,-1.));
#2100 = ORIENTED_EDGE('',*,*,#1828,.F.);
#2101 = CYLINDRICAL_SURFACE('',#2102,2.E-03);
#2102 = AXIS2_PLACEMENT_3D('',#2103,#2104,#2105);
#2103 = CARTESIAN_POINT('',(0.,0.898,-0.398));
#2104 = DIRECTION('',(1.,0.,0.));
#2105 = DIRECTION('',(0.,0.,-1.));
#2106 = ADVANCED_FACE('',(#2107),#2125,.T.);
#2107 = FACE_BOUND('',#2108,.T.);
#2108 = EDGE_LOOP('',(#2109,#2116,#2117,#2124));
#2109 = ORIENTED_EDGE('',*,*,#2110,.F.);
#2110 = EDGE_CURVE('',#1805,#2009,#2111,.T.);
#2111 = CIRCLE('',#2112,2.E-03);
#2112 = AXIS2_PLACEMENT_3D('',#2113,#2114,#2115);
#2113 = CARTESIAN_POINT('',(0.798,2.E-03,-0.398));
#2114 = DIRECTION('',(0.,-1.,0.));
#2115 = DIRECTION('',(0.,0.,-1.));
#2116 = ORIENTED_EDGE('',*,*,#1802,.F.);
#2117 = ORIENTED_EDGE('',*,*,#2118,.F.);
#2118 = EDGE_CURVE('',#1991,#1803,#2119,.T.);
#2119 = CIRCLE('',#2120,2.E-03);
#2120 = AXIS2_PLACEMENT_3D('',#2121,#2122,#2123);
#2121 = CARTESIAN_POINT('',(0.798,0.898,-0.398));
#2122 = DIRECTION('',(-0.,1.,0.));
#2123 = DIRECTION('',(0.,0.,1.));
#2124 = ORIENTED_EDGE('',*,*,#2016,.F.);
#2125 = CYLINDRICAL_SURFACE('',#2126,2.E-03);
#2126 = AXIS2_PLACEMENT_3D('',#2127,#2128,#2129);
#2127 = CARTESIAN_POINT('',(0.798,0.9,-0.398));
#2128 = DIRECTION('',(0.,-1.,0.));
#2129 = DIRECTION('',(0.,0.,-1.));
#2130 = ADVANCED_FACE('',(#2131),#2143,.T.);
#2131 = FACE_BOUND('',#2132,.T.);
#2132 = EDGE_LOOP('',(#2133,#2134,#2135,#2142));
#2133 = ORIENTED_EDGE('',*,*,#1843,.F.);
#2134 = ORIENTED_EDGE('',*,*,#1812,.F.);
#2135 = ORIENTED_EDGE('',*,*,#2136,.F.);
#2136 = EDGE_CURVE('',#2063,#1805,#2137,.T.);
#2137 = CIRCLE('',#2138,2.E-03);
#2138 = AXIS2_PLACEMENT_3D('',#2139,#2140,#2141);
#2139 = CARTESIAN_POINT('',(0.798,2.E-03,-0.398));
#2140 = DIRECTION('',(1.,0.,0.));
#2141 = DIRECTION('',(0.,0.,-1.));
#2142 = ORIENTED_EDGE('',*,*,#2062,.F.);
#2143 = CYLINDRICAL_SURFACE('',#2144,2.E-03);
#2144 = AXIS2_PLACEMENT_3D('',#2145,#2146,#2147);
#2145 = CARTESIAN_POINT('',(0.,2.E-03,-0.398));
#2146 = DIRECTION('',(-1.,0.,0.));
#2147 = DIRECTION('',(0.,0.,1.));
#2148 = ADVANCED_FACE('',(#2149),#2160,.T.);
#2149 = FACE_BOUND('',#2150,.T.);
#2150 = EDGE_LOOP('',(#2151,#2152,#2153));
#2151 = ORIENTED_EDGE('',*,*,#2118,.T.);
#2152 = ORIENTED_EDGE('',*,*,#2094,.T.);
#2153 = ORIENTED_EDGE('',*,*,#2154,.F.);
#2154 = EDGE_CURVE('',#1991,#2033,#2155,.T.);
#2155 = CIRCLE('',#2156,2.E-03);
#2156 = AXIS2_PLACEMENT_3D('',#2157,#2158,#2159);
#2157 = CARTESIAN_POINT('',(0.798,0.898,-0.398));
#2158 = DIRECTION('',(0.,-0.,1.));
#2159 = DIRECTION('',(-1.,0.,0.));
#2160 = SPHERICAL_SURFACE('',#2161,2.E-03);
#2161 = AXIS2_PLACEMENT_3D('',#2162,#2163,#2164);
#2162 = CARTESIAN_POINT('',(0.798,0.898,-0.398));
#2163 = DIRECTION('',(0.,1.,0.));
#2164 = DIRECTION('',(-1.,0.,0.));
#2165 = ADVANCED_FACE('',(#2166),#2177,.T.);
#2166 = FACE_BOUND('',#2167,.T.);
#2167 = EDGE_LOOP('',(#2168,#2169,#2170));
#2168 = ORIENTED_EDGE('',*,*,#2136,.T.);
#2169 = ORIENTED_EDGE('',*,*,#2110,.T.);
#2170 = ORIENTED_EDGE('',*,*,#2171,.F.);
#2171 = EDGE_CURVE('',#2063,#2009,#2172,.T.);
#2172 = CIRCLE('',#2173,2.E-03);
#2173 = AXIS2_PLACEMENT_3D('',#2174,#2175,#2176);
#2174 = CARTESIAN_POINT('',(0.798,2.E-03,-0.398));
#2175 = DIRECTION('',(0.,-0.,1.));
#2176 = DIRECTION('',(-1.,0.,0.));
#2177 = SPHERICAL_SURFACE('',#2178,2.E-03);
#2178 = AXIS2_PLACEMENT_3D('',#2179,#2180,#2181);
#2179 = CARTESIAN_POINT('',(0.798,2.E-03,-0.398));
#2180 = DIRECTION('',(0.,1.,0.));
#2181 = DIRECTION('',(-1.,0.,0.));
#2182 = ADVANCED_FACE('',(#2183),#2195,.T.);
#2183 = FACE_BOUND('',#2184,.T.);
#2184 = EDGE_LOOP('',(#2185,#2186,#2187,#2194));
#2185 = ORIENTED_EDGE('',*,*,#1902,.F.);
#2186 = ORIENTED_EDGE('',*,*,#1976,.F.);
#2187 = ORIENTED_EDGE('',*,*,#2188,.F.);
#2188 = EDGE_CURVE('',#2031,#1969,#2189,.T.);
#2189 = CIRCLE('',#2190,2.E-03);
#2190 = AXIS2_PLACEMENT_3D('',#2191,#2192,#2193);
#2191 = CARTESIAN_POINT('',(0.798,0.898,0.398));
#2192 = DIRECTION('',(1.,0.,0.));
#2193 = DIRECTION('',(0.,0.,-1.));
#2194 = ORIENTED_EDGE('',*,*,#2047,.F.);
#2195 = CYLINDRICAL_SURFACE('',#2196,2.E-03);
#2196 = AXIS2_PLACEMENT_3D('',#2197,#2198,#2199);
#2197 = CARTESIAN_POINT('',(0.,0.898,0.398));
#2198 = DIRECTION('',(-1.,0.,0.));
#2199 = DIRECTION('',(0.,0.,1.));
#2200 = ADVANCED_FACE('',(#2201),#2213,.T.);
#2201 = FACE_BOUND('',#2202,.T.);
#2202 = EDGE_LOOP('',(#2203,#2204,#2205,#2212));
#2203 = ORIENTED_EDGE('',*,*,#2154,.T.);
#2204 = ORIENTED_EDGE('',*,*,#2030,.F.);
#2205 = ORIENTED_EDGE('',*,*,#2206,.F.);
#2206 = EDGE_CURVE('',#1993,#2031,#2207,.T.);
#2207 = CIRCLE('',#2208,2.E-03);
#2208 = AXIS2_PLACEMENT_3D('',#2209,#2210,#2211);
#2209 = CARTESIAN_POINT('',(0.798,0.898,0.398));
#2210 = DIRECTION('',(0.,0.,1.));
#2211 = DIRECTION('',(1.,0.,-0.));
#2212 = ORIENTED_EDGE('',*,*,#1990,.F.);
#2213 = CYLINDRICAL_SURFACE('',#2214,2.E-03);
#2214 = AXIS2_PLACEMENT_3D('',#2215,#2216,#2217);
#2215 = CARTESIAN_POINT('',(0.798,0.898,0.));
#2216 = DIRECTION('',(-0.,0.,1.));
#2217 = DIRECTION('',(1.,0.,0.));
#2218 = ADVANCED_FACE('',(#2219),#2231,.T.);
#2219 = FACE_BOUND('',#2220,.T.);
#2220 = EDGE_LOOP('',(#2221,#2222,#2223,#2230));
#2221 = ORIENTED_EDGE('',*,*,#2171,.T.);
#2222 = ORIENTED_EDGE('',*,*,#2008,.F.);
#2223 = ORIENTED_EDGE('',*,*,#2224,.F.);
#2224 = EDGE_CURVE('',#2071,#2001,#2225,.T.);
#2225 = CIRCLE('',#2226,2.E-03);
#2226 = AXIS2_PLACEMENT_3D('',#2227,#2228,#2229);
#2227 = CARTESIAN_POINT('',(0.798,2.E-03,0.398));
#2228 = DIRECTION('',(-0.,0.,1.));
#2229 = DIRECTION('',(1.,0.,0.));
#2230 = ORIENTED_EDGE('',*,*,#2070,.F.);
#2231 = CYLINDRICAL_SURFACE('',#2232,2.E-03);
#2232 = AXIS2_PLACEMENT_3D('',#2233,#2234,#2235);
#2233 = CARTESIAN_POINT('',(0.798,2.E-03,0.));
#2234 = DIRECTION('',(0.,-0.,-1.));
#2235 = DIRECTION('',(-1.,-0.,0.));
#2236 = ADVANCED_FACE('',(#2237),#2249,.T.);
#2237 = FACE_BOUND('',#2238,.T.);
#2238 = EDGE_LOOP('',(#2239,#2240,#2241,#2248));
#2239 = ORIENTED_EDGE('',*,*,#1873,.F.);
#2240 = ORIENTED_EDGE('',*,*,#2078,.F.);
#2241 = ORIENTED_EDGE('',*,*,#2242,.F.);
#2242 = EDGE_CURVE('',#1961,#2071,#2243,.T.);
#2243 = CIRCLE('',#2244,2.E-03);
#2244 = AXIS2_PLACEMENT_3D('',#2245,#2246,#2247);
#2245 = CARTESIAN_POINT('',(0.798,2.E-03,0.398));
#2246 = DIRECTION('',(1.,0.,0.));
#2247 = DIRECTION('',(0.,-0.,-1.));
#2248 = ORIENTED_EDGE('',*,*,#1960,.F.);
#2249 = CYLINDRICAL_SURFACE('',#2250,2.E-03);
#2250 = AXIS2_PLACEMENT_3D('',#2251,#2252,#2253);
#2251 = CARTESIAN_POINT('',(0.,2.E-03,0.398));
#2252 = DIRECTION('',(1.,0.,0.));
#2253 = DIRECTION('',(0.,0.,-1.));
#2254 = ADVANCED_FACE('',(#2255),#2266,.T.);
#2255 = FACE_BOUND('',#2256,.T.);
#2256 = EDGE_LOOP('',(#2257,#2258,#2259));
#2257 = ORIENTED_EDGE('',*,*,#2206,.T.);
#2258 = ORIENTED_EDGE('',*,*,#2188,.T.);
#2259 = ORIENTED_EDGE('',*,*,#2260,.F.);
#2260 = EDGE_CURVE('',#1993,#1969,#2261,.T.);
#2261 = CIRCLE('',#2262,2.E-03);
#2262 = AXIS2_PLACEMENT_3D('',#2263,#2264,#2265);
#2263 = CARTESIAN_POINT('',(0.798,0.898,0.398));
#2264 = DIRECTION('',(0.,-1.,0.));
#2265 = DIRECTION('',(0.,0.,1.));
#2266 = SPHERICAL_SURFACE('',#2267,2.E-03);
#2267 = AXIS2_PLACEMENT_3D('',#2268,#2269,#2270);
#2268 = CARTESIAN_POINT('',(0.798,0.898,0.398));
#2269 = DIRECTION('',(1.,0.,0.));
#2270 = DIRECTION('',(0.,0.,1.));
#2271 = ADVANCED_FACE('',(#2272),#2283,.T.);
#2272 = FACE_BOUND('',#2273,.T.);
#2273 = EDGE_LOOP('',(#2274,#2275,#2276));
#2274 = ORIENTED_EDGE('',*,*,#2242,.T.);
#2275 = ORIENTED_EDGE('',*,*,#2224,.T.);
#2276 = ORIENTED_EDGE('',*,*,#2277,.F.);
#2277 = EDGE_CURVE('',#1961,#2001,#2278,.T.);
#2278 = CIRCLE('',#2279,2.E-03);
#2279 = AXIS2_PLACEMENT_3D('',#2280,#2281,#2282);
#2280 = CARTESIAN_POINT('',(0.798,2.E-03,0.398));
#2281 = DIRECTION('',(-0.,1.,-2.435E-14));
#2282 = DIRECTION('',(0.,-2.435E-14,-1.));
#2283 = SPHERICAL_SURFACE('',#2284,2.E-03);
#2284 = AXIS2_PLACEMENT_3D('',#2285,#2286,#2287);
#2285 = CARTESIAN_POINT('',(0.798,2.E-03,0.398));
#2286 = DIRECTION('',(1.,0.,0.));
#2287 = DIRECTION('',(0.,0.,-1.));
#2288 = ADVANCED_FACE('',(#2289),#2295,.T.);
#2289 = FACE_BOUND('',#2290,.T.);
#2290 = EDGE_LOOP('',(#2291,#2292,#2293,#2294));
#2291 = ORIENTED_EDGE('',*,*,#2260,.T.);
#2292 = ORIENTED_EDGE('',*,*,#1968,.F.);
#2293 = ORIENTED_EDGE('',*,*,#2277,.T.);
#2294 = ORIENTED_EDGE('',*,*,#2000,.F.);
#2295 = CYLINDRICAL_SURFACE('',#2296,2.E-03);
#2296 = AXIS2_PLACEMENT_3D('',#2297,#2298,#2299);
#2297 = CARTESIAN_POINT('',(0.798,0.9,0.398));
#2298 = DIRECTION('',(-0.,1.,0.));
#2299 = DIRECTION('',(0.,0.,1.));
#2300 = ( GEOMETRIC_REPRESENTATION_CONTEXT(3) 
GLOBAL_UNCERTAINTY_ASSIGNED_CONTEXT((#2304)) 
GLOBAL_UNIT_ASSIGNED_CONTEXT((#2301,#2302,#2303)) REPRESENTATION_CONTEXT
('Context #1','3D Context with UNIT and UNCERTAINTY') );
#2301 = ( LENGTH_UNIT() NAMED_UNIT(*) SI_UNIT(.MILLI.,.METRE.) );
#2302 = ( NAMED_UNIT(*) PLANE_ANGLE_UNIT() SI_UNIT($,.RADIAN.) );
#2303 = ( NAMED_UNIT(*) SI_UNIT($,.STERADIAN.) SOLID_ANGLE_UNIT() );
#2304 = UNCERTAINTY_MEASURE_WITH_UNIT(LENGTH_MEASURE(1.E-07),#2301,
  'distance_accuracy_value','confusion accuracy');
#2305 = CONTEXT_DEPENDENT_SHAPE_REPRESENTATION(#2306,#2308);
#2306 = ( REPRESENTATION_RELATIONSHIP('','',#1795,#1241) 
REPRESENTATION_RELATIONSHIP_WITH_TRANSFORMATION(#2307) 
SHAPE_REPRESENTATION_RELATIONSHIP() );
#2307 = ITEM_DEFINED_TRANSFORMATION('','',#11,#1246);
#2308 = PRODUCT_DEFINITION_SHAPE('Placement','Placement of an item',
  #2309);
#2309 = NEXT_ASSEMBLY_USAGE_OCCURRENCE('11','C0604','',#1236,#1790,$);
#2310 = PRODUCT_RELATED_PRODUCT_CATEGORY('part',$,(#1792));
#2311 = SHAPE_DEFINITION_REPRESENTATION(#2312,#2318);
#2312 = PRODUCT_DEFINITION_SHAPE('','',#2313);
#2313 = PRODUCT_DEFINITION('design','',#2314,#2317);
#2314 = PRODUCT_DEFINITION_FORMATION('','',#2315);
#2315 = PRODUCT('C0605','C0605','',(#2316));
#2316 = PRODUCT_CONTEXT('',#2,'mechanical');
#2317 = PRODUCT_DEFINITION_CONTEXT('part definition',#2,'design');
#2318 = ADVANCED_BREP_SHAPE_REPRESENTATION('',(#11,#2319),#6668);
#2319 = MANIFOLD_SOLID_BREP('',#2320);
#2320 = CLOSED_SHELL('',(#2321,#3031,#3147,#3178,#3285,#3307,#3329,#3341
    ,#3353,#3365,#3377,#3623,#3663,#3698,#3765,#3832,#3894,#3975,#4061,
    #4135,#4185,#4228,#4241,#4431,#4453,#4496,#4547,#4598,#4649,#4666,
    #4678,#4735,#4785,#4835,#4878,#4890,#5136,#5176,#5211,#5278,#5345,
    #5407,#5488,#5574,#5648,#5698,#5741,#5754,#5811,#5861,#5923,#5947,
    #6021,#6095,#6157,#6181,#6255,#6329,#6403,#6453,#6527,#6577,#6627,
    #6644));
#2321 = ADVANCED_FACE('',(#2322,#2612,#2742,#2860,#2990),#3026,.T.);
#2322 = FACE_BOUND('',#2323,.T.);
#2323 = EDGE_LOOP('',(#2324,#2342,#2350,#2366,#2382,#2406,#2422,#2446,
    #2470,#2494,#2502,#2522,#2546,#2570,#2578,#2598));
#2324 = ORIENTED_EDGE('',*,*,#2325,.T.);
#2325 = EDGE_CURVE('',#2326,#2328,#2330,.T.);
#2326 = VERTEX_POINT('',#2327);
#2327 = CARTESIAN_POINT('',(0.122181868392,0.9,-3.712855969637E-02));
#2328 = VERTEX_POINT('',#2329);
#2329 = CARTESIAN_POINT('',(0.110483150443,0.9,-2.815420072201E-02));
#2330 = B_SPLINE_CURVE_WITH_KNOTS('',3,(#2331,#2332,#2333,#2334,#2335,
    #2336,#2337,#2338,#2339,#2340,#2341),.UNSPECIFIED.,.F.,.F.,(4,1,1,1,
    1,1,1,1,4),(0.,0.123522588812,0.245106649278,0.367265609728,
    0.494690545642,0.622323872948,0.746002836025,0.872253147945,1.),
  .UNSPECIFIED.);
#2331 = CARTESIAN_POINT('',(0.122181868392,0.9,-3.712855969637E-02));
#2332 = CARTESIAN_POINT('',(0.121531533985,0.9,-3.709654891774E-02));
#2333 = CARTESIAN_POINT('',(0.120241071335,0.9,-3.703302972853E-02));
#2334 = CARTESIAN_POINT('',(0.118354028689,0.9,-3.655893932868E-02));
#2335 = CARTESIAN_POINT('',(0.116561966873,0.9,-3.576086714141E-02));
#2336 = CARTESIAN_POINT('',(0.114901994427,0.9,-3.466037262701E-02));
#2337 = CARTESIAN_POINT('',(0.113398073389,0.9,-3.33387253672E-02));
#2338 = CARTESIAN_POINT('',(0.112163788122,0.9,-3.177350851878E-02));
#2339 = CARTESIAN_POINT('',(0.111137168158,0.9,-3.005849693723E-02));
#2340 = CARTESIAN_POINT('',(0.110702010991,0.9,-2.879145457972E-02));
#2341 = CARTESIAN_POINT('',(0.110483150443,0.9,-2.815420072201E-02));
#2342 = ORIENTED_EDGE('',*,*,#2343,.T.);
#2343 = EDGE_CURVE('',#2328,#2344,#2346,.T.);
#2344 = VERTEX_POINT('',#2345);
#2345 = CARTESIAN_POINT('',(9.253443249464E-02,0.9,-2.815420072201E-02)
  );
#2346 = LINE('',#2347,#2348);
#2347 = CARTESIAN_POINT('',(0.110483150443,0.9,-2.815420072201E-02));
#2348 = VECTOR('',#2349,1.);
#2349 = DIRECTION('',(-1.,0.,0.));
#2350 = ORIENTED_EDGE('',*,*,#2351,.T.);
#2351 = EDGE_CURVE('',#2344,#2352,#2354,.T.);
#2352 = VERTEX_POINT('',#2353);
#2353 = CARTESIAN_POINT('',(0.100206708136,0.9,-4.578240585021E-02));
#2354 = B_SPLINE_CURVE_WITH_KNOTS('',3,(#2355,#2356,#2357,#2358,#2359,
    #2360,#2361,#2362,#2363,#2364,#2365),.UNSPECIFIED.,.F.,.F.,(4,1,1,1,
    1,1,1,1,4),(0.,0.138934236069,0.272371366668,0.400701979522,
    0.524915333225,0.646775011332,0.765706492503,0.883115225661,1.),
  .UNSPECIFIED.);
#2355 = CARTESIAN_POINT('',(9.253443249464E-02,0.9,-2.815420072201E-02)
  );
#2356 = CARTESIAN_POINT('',(9.266115726933E-02,0.9,-2.905139310101E-02)
  );
#2357 = CARTESIAN_POINT('',(9.290959279573E-02,0.9,-3.081027932911E-02)
  );
#2358 = CARTESIAN_POINT('',(9.350406578579E-02,0.9,-3.335670842475E-02)
  );
#2359 = CARTESIAN_POINT('',(9.42151196317E-02,0.9,-3.577217069383E-02));
#2360 = CARTESIAN_POINT('',(9.510283403058E-02,0.9,-3.804901686015E-02)
  );
#2361 = CARTESIAN_POINT('',(9.614397859981E-02,0.9,-4.019130273948E-02)
  );
#2362 = CARTESIAN_POINT('',(9.73279660647E-02,0.9,-4.220637961387E-02));
#2363 = CARTESIAN_POINT('',(9.86675957736E-02,0.9,-4.408559839285E-02));
#2364 = CARTESIAN_POINT('',(9.969443613472E-02,0.9,-4.521764724466E-02)
  );
#2365 = CARTESIAN_POINT('',(0.100206708136,0.9,-4.578240585021E-02));
#2366 = ORIENTED_EDGE('',*,*,#2367,.T.);
#2367 = EDGE_CURVE('',#2352,#2368,#2370,.T.);
#2368 = VERTEX_POINT('',#2369);
#2369 = CARTESIAN_POINT('',(0.1223020607,0.9,-5.507727764509E-02));
#2370 = B_SPLINE_CURVE_WITH_KNOTS('',3,(#2371,#2372,#2373,#2374,#2375,
    #2376,#2377,#2378,#2379,#2380,#2381),.UNSPECIFIED.,.F.,.F.,(4,1,1,1,
    1,1,1,1,4),(0.,0.127406863811,0.251105538765,0.372907791639,
    0.494496301598,0.616171436208,0.740562898173,0.867604850605,1.),
  .UNSPECIFIED.);
#2371 = CARTESIAN_POINT('',(0.100206708136,0.9,-4.578240585021E-02));
#2372 = CARTESIAN_POINT('',(0.100945592617,0.9,-4.652756390793E-02));
#2373 = CARTESIAN_POINT('',(0.102401856278,0.9,-4.799619212741E-02));
#2374 = CARTESIAN_POINT('',(0.104835443655,0.9,-4.987734265223E-02));
#2375 = CARTESIAN_POINT('',(0.10738629265,0.9,-5.150535050285E-02));
#2376 = CARTESIAN_POINT('',(0.110105561664,0.9,-5.279604689753E-02));
#2377 = CARTESIAN_POINT('',(0.112950936815,0.9,-5.384071610675E-02));
#2378 = CARTESIAN_POINT('',(0.115945045519,0.9,-5.454242277509E-02));
#2379 = CARTESIAN_POINT('',(0.119075652761,0.9,-5.500801134453E-02));
#2380 = CARTESIAN_POINT('',(0.121211898367,0.9,-5.50538734404E-02));
#2381 = CARTESIAN_POINT('',(0.1223020607,0.9,-5.507727764509E-02));
#2382 = ORIENTED_EDGE('',*,*,#2383,.T.);
#2383 = EDGE_CURVE('',#2368,#2384,#2386,.T.);
#2384 = VERTEX_POINT('',#2385);
#2385 = CARTESIAN_POINT('',(0.150226740187,0.9,-2.885532251688E-02));
#2386 = B_SPLINE_CURVE_WITH_KNOTS('',3,(#2387,#2388,#2389,#2390,#2391,
    #2392,#2393,#2394,#2395,#2396,#2397,#2398,#2399,#2400,#2401,#2402,
    #2403,#2404,#2405),.UNSPECIFIED.,.F.,.F.,(4,1,1,1,1,1,1,1,1,1,1,1,1,
    1,1,1,4),(0.,6.821391069664E-02,0.134094802713,0.198285615136,
    0.261160186189,0.32363465429,0.386366750156,0.449642385896,
    0.514244902031,0.578413338421,0.640374686037,0.700614849735,
    0.760103977171,0.81929898001,0.878465983635,0.938360401689,1.),
  .UNSPECIFIED.);
#2387 = CARTESIAN_POINT('',(0.1223020607,0.9,-5.507727764509E-02));
#2388 = CARTESIAN_POINT('',(0.123271271107,0.9,-5.505439648655E-02));
#2389 = CARTESIAN_POINT('',(0.125176543463,0.9,-5.500941673963E-02));
#2390 = CARTESIAN_POINT('',(0.127976814425,0.9,-5.464834374033E-02));
#2391 = CARTESIAN_POINT('',(0.130646638442,0.9,-5.401506190712E-02));
#2392 = CARTESIAN_POINT('',(0.133214236334,0.9,-5.318706012173E-02));
#2393 = CARTESIAN_POINT('',(0.1356418471,0.9,-5.206042531073E-02));
#2394 = CARTESIAN_POINT('',(0.137983050465,0.9,-5.075264209118E-02));
#2395 = CARTESIAN_POINT('',(0.140172433126,0.9,-4.914859162608E-02));
#2396 = CARTESIAN_POINT('',(0.14221511782,0.9,-4.733617602642E-02));
#2397 = CARTESIAN_POINT('',(0.1440917133,0.9,-4.537587113213E-02));
#2398 = CARTESIAN_POINT('',(0.145716853209,0.9,-4.328046641319E-02));
#2399 = CARTESIAN_POINT('',(0.14711401515,0.9,-4.110593495847E-02));
#2400 = CARTESIAN_POINT('',(0.148265091788,0.9,-3.883421052761E-02));
#2401 = CARTESIAN_POINT('',(0.149150113299,0.9,-3.64614490867E-02));
#2402 = CARTESIAN_POINT('',(0.149764344476,0.9,-3.40013577573E-02));
#2403 = CARTESIAN_POINT('',(0.150166373694,0.9,-3.145936491837E-02));
#2404 = CARTESIAN_POINT('',(0.15020642631,0.9,-2.973160662524E-02));
#2405 = CARTESIAN_POINT('',(0.150226740187,0.9,-2.885532251688E-02));
#2406 = ORIENTED_EDGE('',*,*,#2407,.T.);
#2407 = EDGE_CURVE('',#2384,#2408,#2410,.T.);
#2408 = VERTEX_POINT('',#2409);
#2409 = CARTESIAN_POINT('',(0.136845329931,0.9,-7.901796875855E-03));
#2410 = B_SPLINE_CURVE_WITH_KNOTS('',3,(#2411,#2412,#2413,#2414,#2415,
    #2416,#2417,#2418,#2419,#2420,#2421),.UNSPECIFIED.,.F.,.F.,(4,1,1,1,
    1,1,1,1,4),(0.,0.124100703454,0.244316130375,0.364465940832,
    0.485853993067,0.608914794177,0.734300918759,0.863942816946,1.),
  .UNSPECIFIED.);
#2411 = CARTESIAN_POINT('',(0.150226740187,0.9,-2.885532251688E-02));
#2412 = CARTESIAN_POINT('',(0.150185054897,0.9,-2.777011761659E-02));
#2413 = CARTESIAN_POINT('',(0.150102989376,0.9,-2.563368281385E-02));
#2414 = CARTESIAN_POINT('',(0.149429582366,0.9,-2.250685174674E-02));
#2415 = CARTESIAN_POINT('',(0.148375517276,0.9,-1.951704324109E-02));
#2416 = CARTESIAN_POINT('',(0.146852817731,0.9,-1.670608921638E-02));
#2417 = CARTESIAN_POINT('',(0.144949055474,0.9,-1.40816395074E-02));
#2418 = CARTESIAN_POINT('',(0.142613202944,0.9,-1.173143734823E-02));
#2419 = CARTESIAN_POINT('',(0.139911791286,0.9,-9.618634755213E-03));
#2420 = CARTESIAN_POINT('',(0.137883805571,0.9,-8.4832143829E-03));
#2421 = CARTESIAN_POINT('',(0.136845329931,0.9,-7.901796875855E-03));
#2422 = ORIENTED_EDGE('',*,*,#2423,.T.);
#2423 = EDGE_CURVE('',#2408,#2424,#2426,.T.);
#2424 = VERTEX_POINT('',#2425);
#2425 = CARTESIAN_POINT('',(0.155354945315,0.9,1.767913261133E-02));
#2426 = B_SPLINE_CURVE_WITH_KNOTS('',3,(#2427,#2428,#2429,#2430,#2431,
    #2432,#2433,#2434,#2435,#2436,#2437,#2438,#2439,#2440,#2441,#2442,
    #2443,#2444,#2445),.UNSPECIFIED.,.F.,.F.,(4,1,1,1,1,1,1,1,1,1,1,1,1,
    1,1,1,4),(0.,6.622147296505E-02,0.130122224193,0.192921889644,
    0.254764174308,0.315756781054,0.376302843093,0.436814419049,
    0.498168159097,0.559516228481,0.620243021154,0.680969813826,
    0.742349065375,0.804583896593,0.868102397545,0.93330738018,1.),
  .UNSPECIFIED.);
#2427 = CARTESIAN_POINT('',(0.136845329931,0.9,-7.901796875855E-03));
#2428 = CARTESIAN_POINT('',(0.13755812368,0.9,-7.667771680018E-03));
#2429 = CARTESIAN_POINT('',(0.138958731427,0.9,-7.207922666762E-03));
#2430 = CARTESIAN_POINT('',(0.140949526931,0.9,-6.302255237922E-03));
#2431 = CARTESIAN_POINT('',(0.142842545973,0.9,-5.312510858299E-03));
#2432 = CARTESIAN_POINT('',(0.144605191446,0.9,-4.162688792819E-03));
#2433 = CARTESIAN_POINT('',(0.146254994987,0.9,-2.899282750661E-03));
#2434 = CARTESIAN_POINT('',(0.147781899199,0.9,-1.511492681635E-03));
#2435 = CARTESIAN_POINT('',(0.149195026979,0.9,-2.3446137589E-06));
#2436 = CARTESIAN_POINT('',(0.150471309593,0.9,1.636461194485E-03));
#2437 = CARTESIAN_POINT('',(0.151604060279,0.9,3.378715235055E-03));
#2438 = CARTESIAN_POINT('',(0.152620417153,0.9,5.184172471512E-03));
#2439 = CARTESIAN_POINT('',(0.153456935515,0.9,7.080212985276E-03));
#2440 = CARTESIAN_POINT('',(0.154165570709,0.9,9.045182717417E-03));
#2441 = CARTESIAN_POINT('',(0.154705085202,0.9,1.109674178381E-02));
#2442 = CARTESIAN_POINT('',(0.155084951615,0.9,1.322694055909E-02));
#2443 = CARTESIAN_POINT('',(0.155304523725,0.9,1.543091992027E-02));
#2444 = CARTESIAN_POINT('',(0.155338012216,0.9,1.692411460207E-02));
#2445 = CARTESIAN_POINT('',(0.155354945315,0.9,1.767913261132E-02));
#2446 = ORIENTED_EDGE('',*,*,#2447,.T.);
#2447 = EDGE_CURVE('',#2424,#2448,#2450,.T.);
#2448 = VERTEX_POINT('',#2449);
#2449 = CARTESIAN_POINT('',(0.120679464546,0.9,5.005092748312E-02));
#2450 = B_SPLINE_CURVE_WITH_KNOTS('',3,(#2451,#2452,#2453,#2454,#2455,
    #2456,#2457,#2458,#2459,#2460,#2461,#2462,#2463,#2464,#2465,#2466,
    #2467,#2468,#2469),.UNSPECIFIED.,.F.,.F.,(4,1,1,1,1,1,1,1,1,1,1,1,1,
    1,1,1,4),(0.,6.28211608051E-02,0.123870534889,0.18355416898,
    0.242266291488,0.30126488735,0.360846687496,0.42194869994,
    0.484789190858,0.548013913019,0.610412876152,0.672536447151,
    0.734828840315,0.797947254846,0.862973491004,0.930019584604,1.),
  .UNSPECIFIED.);
#2451 = CARTESIAN_POINT('',(0.155354945315,0.9,1.767913261132E-02));
#2452 = CARTESIAN_POINT('',(0.155320619647,0.9,1.87887025381E-02));
#2453 = CARTESIAN_POINT('',(0.155252936421,0.9,2.09765484576E-02));
#2454 = CARTESIAN_POINT('',(0.154822638142,0.9,2.419902159851E-02));
#2455 = CARTESIAN_POINT('',(0.154021500281,0.9,2.72713634367E-02));
#2456 = CARTESIAN_POINT('',(0.152967559045,0.9,3.022892589919E-02));
#2457 = CARTESIAN_POINT('',(0.151561715824,0.9,3.303352793416E-02));
#2458 = CARTESIAN_POINT('',(0.1499072747,0.9,3.574953132953E-02));
#2459 = CARTESIAN_POINT('',(0.147873634143,0.9,3.828274583644E-02));
#2460 = CARTESIAN_POINT('',(0.145613591855,0.9,4.070014308304E-02));
#2461 = CARTESIAN_POINT('',(0.143103683136,0.9,4.289793241576E-02));
#2462 = CARTESIAN_POINT('',(0.140382533761,0.9,4.48033168687E-02));
#2463 = CARTESIAN_POINT('',(0.137509979476,0.9,4.643847573952E-02));
#2464 = CARTESIAN_POINT('',(0.134467846441,0.9,4.776594429725E-02));
#2465 = CARTESIAN_POINT('',(0.131257191563,0.9,4.878824691138E-02));
#2466 = CARTESIAN_POINT('',(0.12788517111,0.9,4.95272143637E-02));
#2467 = CARTESIAN_POINT('',(0.124337616776,0.9,4.997932687706E-02));
#2468 = CARTESIAN_POINT('',(0.121916133384,0.9,5.002672230173E-02));
#2469 = CARTESIAN_POINT('',(0.120679464546,0.9,5.005092748312E-02));
#2470 = ORIENTED_EDGE('',*,*,#2471,.T.);
#2471 = EDGE_CURVE('',#2448,#2472,#2474,.T.);
#2472 = VERTEX_POINT('',#2473);
#2473 = CARTESIAN_POINT('',(8.740622736643E-02,0.9,1.671759414979E-02));
#2474 = B_SPLINE_CURVE_WITH_KNOTS('',3,(#2475,#2476,#2477,#2478,#2479,
    #2480,#2481,#2482,#2483,#2484,#2485,#2486,#2487,#2488,#2489,#2490,
    #2491,#2492,#2493),.UNSPECIFIED.,.F.,.F.,(4,1,1,1,1,1,1,1,1,1,1,1,1,
    1,1,1,4),(0.,6.665904530593E-02,0.130342942327,0.191936223546,
    0.251995801621,0.311121943232,0.369754799699,0.428602207934,
    0.488435845155,0.548524359472,0.608661069918,0.669235798611,
    0.730880799387,0.794196271722,0.859830406015,0.928533466102,1.),
  .UNSPECIFIED.);
#2475 = CARTESIAN_POINT('',(0.120679464546,0.9,5.005092748312E-02));
#2476 = CARTESIAN_POINT('',(0.119509595771,0.9,5.002540721167E-02));
#2477 = CARTESIAN_POINT('',(0.117222072186,0.9,4.997550569785E-02));
#2478 = CARTESIAN_POINT('',(0.113876090189,0.9,4.954358280627E-02));
#2479 = CARTESIAN_POINT('',(0.11069605102,0.9,4.884685613187E-02));
#2480 = CARTESIAN_POINT('',(0.107673839173,0.9,4.786476210977E-02));
#2481 = CARTESIAN_POINT('',(0.104821147327,0.9,4.659115399772E-02));
#2482 = CARTESIAN_POINT('',(0.102112106178,0.9,4.507457250386E-02));
#2483 = CARTESIAN_POINT('',(9.960077404113E-02,0.9,4.322754473611E-02));
#2484 = CARTESIAN_POINT('',(9.725916972808E-02,0.9,4.113344901638E-02));
#2485 = CARTESIAN_POINT('',(9.5139237092E-02,0.9,3.878399252165E-02));
#2486 = CARTESIAN_POINT('',(9.324451654763E-02,0.9,3.623359924253E-02));
#2487 = CARTESIAN_POINT('',(9.161678701537E-02,0.9,3.347257107867E-02));
#2488 = CARTESIAN_POINT('',(9.024937315542E-02,0.9,3.051270429639E-02));
#2489 = CARTESIAN_POINT('',(8.915296505169E-02,0.9,2.734880639751E-02));
#2490 = CARTESIAN_POINT('',(8.82881215577E-02,0.9,2.3987311329E-02));
#2491 = CARTESIAN_POINT('',(8.768401422292E-02,0.9,2.042165176964E-02));
#2492 = CARTESIAN_POINT('',(8.75000320679E-02,0.9,1.796840213846E-02));
#2493 = CARTESIAN_POINT('',(8.740622736643E-02,0.9,1.671759414979E-02));
#2494 = ORIENTED_EDGE('',*,*,#2495,.T.);
#2495 = EDGE_CURVE('',#2472,#2496,#2498,.T.);
#2496 = VERTEX_POINT('',#2497);
#2497 = CARTESIAN_POINT('',(0.105354945315,0.9,1.671759414979E-02));
#2498 = LINE('',#2499,#2500);
#2499 = CARTESIAN_POINT('',(8.740622736643E-02,0.9,1.671759414979E-02));
#2500 = VECTOR('',#2501,1.);
#2501 = DIRECTION('',(1.,0.,0.));
#2502 = ORIENTED_EDGE('',*,*,#2503,.T.);
#2503 = EDGE_CURVE('',#2496,#2504,#2506,.T.);
#2504 = VERTEX_POINT('',#2505);
#2505 = CARTESIAN_POINT('',(0.121661035059,0.9,3.21022095344E-02));
#2506 = B_SPLINE_CURVE_WITH_KNOTS('',3,(#2507,#2508,#2509,#2510,#2511,
    #2512,#2513,#2514,#2515,#2516,#2517,#2518,#2519,#2520,#2521),
  .UNSPECIFIED.,.F.,.F.,(4,1,1,1,1,1,1,1,1,1,1,1,4),(0.,
    7.734635258732E-02,0.150652305442,0.220677485415,0.286575187134,
    0.350188469654,0.411378838716,0.469946038553,0.528233786467,
    0.642194431665,0.755364322913,0.873556121598,1.),.UNSPECIFIED.);
#2507 = CARTESIAN_POINT('',(0.105354945315,0.9,1.671759414979E-02));
#2508 = CARTESIAN_POINT('',(0.105468684469,0.9,1.734651682594E-02));
#2509 = CARTESIAN_POINT('',(0.105690221299,0.9,1.857150867026E-02));
#2510 = CARTESIAN_POINT('',(0.1061223153,0.9,2.034502454149E-02));
#2511 = CARTESIAN_POINT('',(0.106685394065,0.9,2.198208923131E-02));
#2512 = CARTESIAN_POINT('',(0.107336453212,0.9,2.349725292308E-02));
#2513 = CARTESIAN_POINT('',(0.108039695109,0.9,2.491040918851E-02));
#2514 = CARTESIAN_POINT('',(0.108889379488,0.9,2.616936667797E-02));
#2515 = CARTESIAN_POINT('',(0.109823245943,0.9,2.730831124737E-02));
#2516 = CARTESIAN_POINT('',(0.111170822046,0.9,2.866230110284E-02));
#2517 = CARTESIAN_POINT('',(0.113097274902,0.9,3.005346915414E-02));
#2518 = CARTESIAN_POINT('',(0.115698624483,0.9,3.126246037246E-02));
#2519 = CARTESIAN_POINT('',(0.118592379546,0.9,3.19710777613E-02));
#2520 = CARTESIAN_POINT('',(0.120615402933,0.9,3.205752690577E-02));
#2521 = CARTESIAN_POINT('',(0.121661035059,0.9,3.21022095344E-02));
#2522 = ORIENTED_EDGE('',*,*,#2523,.T.);
#2523 = EDGE_CURVE('',#2504,#2524,#2526,.T.);
#2524 = VERTEX_POINT('',#2525);
#2525 = CARTESIAN_POINT('',(0.137406227366,0.9,1.749884414979E-02));
#2526 = B_SPLINE_CURVE_WITH_KNOTS('',3,(#2527,#2528,#2529,#2530,#2531,
    #2532,#2533,#2534,#2535,#2536,#2537,#2538,#2539,#2540,#2541,#2542,
    #2543,#2544,#2545),.UNSPECIFIED.,.F.,.F.,(4,1,1,1,1,1,1,1,1,1,1,1,1,
    1,1,1,4),(0.,6.940222273328E-02,0.135943427742,0.201020377282,
    0.264180635486,0.325954798227,0.388453790625,0.450818568855,
    0.514265619787,0.57749217639,0.638835298577,0.698633644704,
    0.758057149317,0.817032435308,0.87641479808,0.937277955528,1.),
  .UNSPECIFIED.);
#2527 = CARTESIAN_POINT('',(0.121661035059,0.9,3.21022095344E-02));
#2528 = CARTESIAN_POINT('',(0.122215884425,0.9,3.209269478948E-02));
#2529 = CARTESIAN_POINT('',(0.123302710203,0.9,3.207405753281E-02));
#2530 = CARTESIAN_POINT('',(0.124899095438,0.9,3.186748849621E-02));
#2531 = CARTESIAN_POINT('',(0.126419877149,0.9,3.152726913651E-02));
#2532 = CARTESIAN_POINT('',(0.127867887872,0.9,3.106492363651E-02));
#2533 = CARTESIAN_POINT('',(0.129252345726,0.9,3.048534464538E-02));
#2534 = CARTESIAN_POINT('',(0.130546799262,0.9,2.97380122186E-02));
#2535 = CARTESIAN_POINT('',(0.131777632678,0.9,2.886913158717E-02));
#2536 = CARTESIAN_POINT('',(0.132931465695,0.9,2.789227909562E-02));
#2537 = CARTESIAN_POINT('',(0.13399763118,0.9,2.682785956393E-02));
#2538 = CARTESIAN_POINT('',(0.134884743564,0.9,2.564919577235E-02));
#2539 = CARTESIAN_POINT('',(0.135695500092,0.9,2.44514626942E-02));
#2540 = CARTESIAN_POINT('',(0.136295141463,0.9,2.315630041107E-02));
#2541 = CARTESIAN_POINT('',(0.136820556487,0.9,2.183340248995E-02));
#2542 = CARTESIAN_POINT('',(0.137142137322,0.9,2.043475188419E-02));
#2543 = CARTESIAN_POINT('',(0.137384953946,0.9,1.898968852013E-02));
#2544 = CARTESIAN_POINT('',(0.137399065474,0.9,1.80007505904E-02));
#2545 = CARTESIAN_POINT('',(0.137406227366,0.9,1.749884414979E-02));
#2546 = ORIENTED_EDGE('',*,*,#2547,.T.);
#2547 = EDGE_CURVE('',#2524,#2548,#2550,.T.);
#2548 = VERTEX_POINT('',#2549);
#2549 = CARTESIAN_POINT('',(0.113047253007,0.9,1.332978765171E-03));
#2550 = B_SPLINE_CURVE_WITH_KNOTS('',3,(#2551,#2552,#2553,#2554,#2555,
    #2556,#2557,#2558,#2559,#2560,#2561,#2562,#2563,#2564,#2565,#2566,
    #2567,#2568,#2569),.UNSPECIFIED.,.F.,.F.,(4,1,1,1,1,1,1,1,1,1,1,1,1,
    1,1,1,4),(0.,5.061342041272E-02,0.100759722755,0.149274812508,
    0.198888437959,0.249306497053,0.302322685942,0.357220648252,
    0.415437321583,0.476442931367,0.539828647983,0.606183848837,
    0.675941200794,0.749782408074,0.828287688421,0.911844924247,1.),
  .UNSPECIFIED.);
#2551 = CARTESIAN_POINT('',(0.137406227366,0.9,1.749884414979E-02));
#2552 = CARTESIAN_POINT('',(0.137387213884,0.9,1.694992394566E-02));
#2553 = CARTESIAN_POINT('',(0.137349362396,0.9,1.585714959586E-02));
#2554 = CARTESIAN_POINT('',(0.137040111781,0.9,1.426247521145E-02));
#2555 = CARTESIAN_POINT('',(0.136551739696,0.9,1.272852697754E-02));
#2556 = CARTESIAN_POINT('',(0.135873331217,0.9,1.126209793774E-02));
#2557 = CARTESIAN_POINT('',(0.134967392301,0.9,9.868593058265E-03));
#2558 = CARTESIAN_POINT('',(0.133898394487,0.9,8.520054412673E-03));
#2559 = CARTESIAN_POINT('',(0.132582118422,0.9,7.286671030349E-03));
#2560 = CARTESIAN_POINT('',(0.131137987302,0.9,6.067508936054E-03));
#2561 = CARTESIAN_POINT('',(0.129463362529,0.9,5.00476728852E-03));
#2562 = CARTESIAN_POINT('',(0.127639800678,0.9,4.024012896438E-03));
#2563 = CARTESIAN_POINT('',(0.125619375718,0.9,3.243635187116E-03));
#2564 = CARTESIAN_POINT('',(0.123451408022,0.9,2.546613347195E-03));
#2565 = CARTESIAN_POINT('',(0.121094888458,0.9,2.037519422486E-03));
#2566 = CARTESIAN_POINT('',(0.118564450138,0.9,1.667867613053E-03));
#2567 = CARTESIAN_POINT('',(0.115864175029,0.9,1.392719130322E-03));
#2568 = CARTESIAN_POINT('',(0.114002840304,0.9,1.35324454946E-03));
#2569 = CARTESIAN_POINT('',(0.113047253007,0.9,1.332978765171E-03));
#2570 = ORIENTED_EDGE('',*,*,#2571,.T.);
#2571 = EDGE_CURVE('',#2548,#2572,#2574,.T.);
#2572 = VERTEX_POINT('',#2573);
#2573 = CARTESIAN_POINT('',(0.113047253007,0.9,-1.53336879015E-02));
#2574 = LINE('',#2575,#2576);
#2575 = CARTESIAN_POINT('',(0.113047253007,0.9,1.332978765171E-03));
#2576 = VECTOR('',#2577,1.);
#2577 = DIRECTION('',(0.,0.,-1.));
#2578 = ORIENTED_EDGE('',*,*,#2579,.T.);
#2579 = EDGE_CURVE('',#2572,#2580,#2582,.T.);
#2580 = VERTEX_POINT('',#2581);
#2581 = CARTESIAN_POINT('',(0.132278022238,0.9,-2.77134955938E-02));
#2582 = B_SPLINE_CURVE_WITH_KNOTS('',3,(#2583,#2584,#2585,#2586,#2587,
    #2588,#2589,#2590,#2591,#2592,#2593,#2594,#2595,#2596,#2597),
  .UNSPECIFIED.,.F.,.F.,(4,1,1,1,1,1,1,1,1,1,1,1,4),(0.,0.141703760812,
    0.26509967418,0.370057990889,0.458023548802,0.535993517771,
    0.60984761505,0.6800751592,0.748587093552,0.81563036397,
    0.878070743886,0.939583928043,1.),.UNSPECIFIED.);
#2583 = CARTESIAN_POINT('',(0.113047253007,0.9,-1.53336879015E-02));
#2584 = CARTESIAN_POINT('',(0.114237016023,0.9,-1.543501192663E-02));
#2585 = CARTESIAN_POINT('',(0.116462827011,0.9,-1.562456911196E-02));
#2586 = CARTESIAN_POINT('',(0.119552372008,0.9,-1.606785517955E-02));
#2587 = CARTESIAN_POINT('',(0.122153370637,0.9,-1.66603799943E-02));
#2588 = CARTESIAN_POINT('',(0.124328337938,0.9,-1.737522911073E-02));
#2589 = CARTESIAN_POINT('',(0.126134291427,0.9,-1.829328161422E-02));
#2590 = CARTESIAN_POINT('',(0.127711962425,0.9,-1.930677103713E-02));
#2591 = CARTESIAN_POINT('',(0.129070727316,0.9,-2.048379088736E-02));
#2592 = CARTESIAN_POINT('',(0.130219065919,0.9,-2.178924258979E-02));
#2593 = CARTESIAN_POINT('',(0.131137701073,0.9,-2.319117530323E-02));
#2594 = CARTESIAN_POINT('',(0.131787857518,0.9,-2.466779883872E-02));
#2595 = CARTESIAN_POINT('',(0.132217186868,0.9,-2.617342464058E-02));
#2596 = CARTESIAN_POINT('',(0.13225786579,0.9,-2.720322731047E-02));
#2597 = CARTESIAN_POINT('',(0.132278022238,0.9,-2.77134955938E-02));
#2598 = ORIENTED_EDGE('',*,*,#2599,.T.);
#2599 = EDGE_CURVE('',#2580,#2326,#2600,.T.);
#2600 = B_SPLINE_CURVE_WITH_KNOTS('',3,(#2601,#2602,#2603,#2604,#2605,
    #2606,#2607,#2608,#2609,#2610,#2611),.UNSPECIFIED.,.F.,.F.,(4,1,1,1,
    1,1,1,1,4),(0.,0.126208080979,0.246331454517,0.363483818335,
    0.48475446166,0.608382756727,0.731214254415,0.860989274683,1.),
  .UNSPECIFIED.);
#2601 = CARTESIAN_POINT('',(0.132278022238,0.9,-2.77134955938E-02));
#2602 = CARTESIAN_POINT('',(0.132243246595,0.9,-2.836454251828E-02));
#2603 = CARTESIAN_POINT('',(0.132175371903,0.9,-2.96352482815E-02));
#2604 = CARTESIAN_POINT('',(0.131648220269,0.9,-3.145389591487E-02));
#2605 = CARTESIAN_POINT('',(0.130733144761,0.9,-3.30750695433E-02));
#2606 = CARTESIAN_POINT('',(0.129506189183,0.9,-3.449535776333E-02));
#2607 = CARTESIAN_POINT('',(0.128011101151,0.9,-3.568168892997E-02));
#2608 = CARTESIAN_POINT('',(0.126258595887,0.9,-3.654294513052E-02));
#2609 = CARTESIAN_POINT('',(0.124286702856,0.9,-3.704897160494E-02));
#2610 = CARTESIAN_POINT('',(0.122899369857,0.9,-3.710142950004E-02));
#2611 = CARTESIAN_POINT('',(0.122181868392,0.9,-3.712855969637E-02));
#2612 = FACE_BOUND('',#2613,.T.);
#2613 = EDGE_LOOP('',(#2614,#2632,#2664,#2696,#2728));
#2614 = ORIENTED_EDGE('',*,*,#2615,.T.);
#2615 = EDGE_CURVE('',#2616,#2618,#2620,.T.);
#2616 = VERTEX_POINT('',#2617);
#2617 = CARTESIAN_POINT('',(1.8696291469E-02,0.9,-4.147551482457E-02));
#2618 = VERTEX_POINT('',#2619);
#2619 = CARTESIAN_POINT('',(4.415702864848E-02,0.9,-5.507727764509E-02)
  );
#2620 = B_SPLINE_CURVE_WITH_KNOTS('',3,(#2621,#2622,#2623,#2624,#2625,
    #2626,#2627,#2628,#2629,#2630,#2631),.UNSPECIFIED.,.F.,.F.,(4,1,1,1,
    1,1,1,1,4),(0.,0.132314033909,0.258700008553,0.380911821486,
    0.500534868973,0.620922617648,0.742375765398,0.868280834179,1.),
  .UNSPECIFIED.);
#2621 = CARTESIAN_POINT('',(1.8696291469E-02,0.9,-4.147551482457E-02));
#2622 = CARTESIAN_POINT('',(1.947274923867E-02,0.9,-4.255720200934E-02)
  );
#2623 = CARTESIAN_POINT('',(2.099087717811E-02,0.9,-4.467211360023E-02)
  );
#2624 = CARTESIAN_POINT('',(2.364536631502E-02,0.9,-4.744859719092E-02)
  );
#2625 = CARTESIAN_POINT('',(2.649726928332E-02,0.9,-4.982318191646E-02)
  );
#2626 = CARTESIAN_POINT('',(2.960516254388E-02,0.9,-5.174212879817E-02)
  );
#2627 = CARTESIAN_POINT('',(3.291989347011E-02,0.9,-5.325541046488E-02)
  );
#2628 = CARTESIAN_POINT('',(3.646992071203E-02,0.9,-5.43242242627E-02));
#2629 = CARTESIAN_POINT('',(4.024213461553E-02,0.9,-5.494696498555E-02)
  );
#2630 = CARTESIAN_POINT('',(4.28325768259E-02,0.9,-5.503319143535E-02));
#2631 = CARTESIAN_POINT('',(4.415702864848E-02,0.9,-5.507727764509E-02)
  );
#2632 = ORIENTED_EDGE('',*,*,#2633,.T.);
#2633 = EDGE_CURVE('',#2618,#2634,#2636,.T.);
#2634 = VERTEX_POINT('',#2635);
#2635 = CARTESIAN_POINT('',(7.843186839207E-02,0.9,-2.473110978419E-03)
  );
#2636 = B_SPLINE_CURVE_WITH_KNOTS('',3,(#2637,#2638,#2639,#2640,#2641,
    #2642,#2643,#2644,#2645,#2646,#2647,#2648,#2649,#2650,#2651,#2652,
    #2653,#2654,#2655,#2656,#2657,#2658,#2659,#2660,#2661,#2662,#2663),
  .UNSPECIFIED.,.F.,.F.,(4,1,1,1,1,1,1,1,1,1,1,1,1,1,1,1,1,1,1,1,1,1,1,1
    ,4),(0.,3.663489025513E-02,7.203398234779E-02,0.106625970607,
    0.140305693938,0.173619470493,0.20642567257,0.239067006133,
    0.271882880563,0.304839888813,0.338529033705,0.372616187859,
    0.407548250027,0.443718905957,0.481311509092,0.520112998146,
    0.560912902833,0.604024600614,0.650074563866,0.699572227777,
    0.752362539089,0.808788717346,0.86895421252,0.932674719938,1.),
  .UNSPECIFIED.);
#2637 = CARTESIAN_POINT('',(4.415702864848E-02,0.9,-5.507727764509E-02)
  );
#2638 = CARTESIAN_POINT('',(4.502582109371E-02,0.9,-5.506438017632E-02)
  );
#2639 = CARTESIAN_POINT('',(4.673409916489E-02,0.9,-5.503902030678E-02)
  );
#2640 = CARTESIAN_POINT('',(4.925007120555E-02,0.9,-5.47643522641E-02));
#2641 = CARTESIAN_POINT('',(5.167364790258E-02,0.9,-5.434940545442E-02)
  );
#2642 = CARTESIAN_POINT('',(5.401431058997E-02,0.9,-5.377069934923E-02)
  );
#2643 = CARTESIAN_POINT('',(5.62552109401E-02,0.9,-5.300480243249E-02));
#2644 = CARTESIAN_POINT('',(5.841265868871E-02,0.9,-5.208803695163E-02)
  );
#2645 = CARTESIAN_POINT('',(6.046097396405E-02,0.9,-5.09723166686E-02));
#2646 = CARTESIAN_POINT('',(6.242627933144E-02,0.9,-4.971205330674E-02)
  );
#2647 = CARTESIAN_POINT('',(6.430781775269E-02,0.9,-4.828525652437E-02)
  );
#2648 = CARTESIAN_POINT('',(6.606036776864E-02,0.9,-4.66586345224E-02));
#2649 = CARTESIAN_POINT('',(6.771593466595E-02,0.9,-4.486961594021E-02)
  );
#2650 = CARTESIAN_POINT('',(6.923868151744E-02,0.9,-4.289115402682E-02)
  );
#2651 = CARTESIAN_POINT('',(7.066233001636E-02,0.9,-4.074124499086E-02)
  );
#2652 = CARTESIAN_POINT('',(7.198220229311E-02,0.9,-3.841954792535E-02)
  );
#2653 = CARTESIAN_POINT('',(7.318819439833E-02,0.9,-3.591469967809E-02)
  );
#2654 = CARTESIAN_POINT('',(7.429382262637E-02,0.9,-3.322218005149E-02)
  );
#2655 = CARTESIAN_POINT('',(7.528247887979E-02,0.9,-3.030162933955E-02)
  );
#2656 = CARTESIAN_POINT('',(7.611522281607E-02,0.9,-2.7119547557E-02));
#2657 = CARTESIAN_POINT('',(7.682944008526E-02,0.9,-2.367520802438E-02)
  );
#2658 = CARTESIAN_POINT('',(7.743228985439E-02,0.9,-1.996003725396E-02)
  );
#2659 = CARTESIAN_POINT('',(7.788794684315E-02,0.9,-1.596909689923E-02)
  );
#2660 = CARTESIAN_POINT('',(7.819506882651E-02,0.9,-1.170503834105E-02)
  );
#2661 = CARTESIAN_POINT('',(7.840583046907E-02,0.9,-7.176082057569E-03)
  );
#2662 = CARTESIAN_POINT('',(7.842303136518E-02,0.9,-4.069255259697E-03)
  );
#2663 = CARTESIAN_POINT('',(7.843186839207E-02,0.9,-2.473110978419E-03)
  );
#2664 = ORIENTED_EDGE('',*,*,#2665,.T.);
#2665 = EDGE_CURVE('',#2634,#2666,#2668,.T.);
#2666 = VERTEX_POINT('',#2667);
#2667 = CARTESIAN_POINT('',(4.467786198182E-02,0.9,5.005092748312E-02));
#2668 = B_SPLINE_CURVE_WITH_KNOTS('',3,(#2669,#2670,#2671,#2672,#2673,
    #2674,#2675,#2676,#2677,#2678,#2679,#2680,#2681,#2682,#2683,#2684,
    #2685,#2686,#2687,#2688,#2689,#2690,#2691,#2692,#2693,#2694,#2695),
  .UNSPECIFIED.,.F.,.F.,(4,1,1,1,1,1,1,1,1,1,1,1,1,1,1,1,1,1,1,1,1,1,1,1
    ,4),(0.,6.849087449695E-02,0.133076540491,0.193828987192,
    0.251082857446,0.304400837153,0.354408343726,0.401294781778,
    0.444700684545,0.485692492089,0.524676484427,0.562306759178,
    0.597946584653,0.632473549027,0.665752042897,0.69798529955,
    0.729586224149,0.760825196874,0.792355079561,0.824312603963,
    0.857156271979,0.890926887145,0.925960442916,0.962061322994,1.),
  .UNSPECIFIED.);
#2669 = CARTESIAN_POINT('',(7.843186839207E-02,0.9,-2.473110978419E-03)
  );
#2670 = CARTESIAN_POINT('',(7.842231795395E-02,0.9,-8.569971373132E-04)
  );
#2671 = CARTESIAN_POINT('',(7.840376162399E-02,0.9,2.283083064515E-03));
#2672 = CARTESIAN_POINT('',(7.820383024967E-02,0.9,6.853463484889E-03));
#2673 = CARTESIAN_POINT('',(7.78595389774E-02,0.9,1.114848166613E-02));
#2674 = CARTESIAN_POINT('',(7.741579153815E-02,0.9,1.516769326466E-02));
#2675 = CARTESIAN_POINT('',(7.680797892843E-02,0.9,1.890897579673E-02));
#2676 = CARTESIAN_POINT('',(7.609614587195E-02,0.9,2.238201666805E-02));
#2677 = CARTESIAN_POINT('',(7.525025732442E-02,0.9,2.558555698864E-02));
#2678 = CARTESIAN_POINT('',(7.42290350513E-02,0.9,2.851237849928E-02));
#2679 = CARTESIAN_POINT('',(7.313009921522E-02,0.9,3.120962677902E-02));
#2680 = CARTESIAN_POINT('',(7.192080820402E-02,0.9,3.37095911683E-02));
#2681 = CARTESIAN_POINT('',(7.062223978797E-02,0.9,3.601904295315E-02));
#2682 = CARTESIAN_POINT('',(6.926417921193E-02,0.9,3.817282335508E-02));
#2683 = CARTESIAN_POINT('',(6.77721726011E-02,0.9,4.010744002157E-02));
#2684 = CARTESIAN_POINT('',(6.621884012298E-02,0.9,4.188868003568E-02));
#2685 = CARTESIAN_POINT('',(6.453654690714E-02,0.9,4.344869368046E-02));
#2686 = CARTESIAN_POINT('',(6.27961240016E-02,0.9,4.486787705809E-02));
#2687 = CARTESIAN_POINT('',(6.093381267673E-02,0.9,4.609433629879E-02));
#2688 = CARTESIAN_POINT('',(5.896881845835E-02,0.9,4.716697732937E-02));
#2689 = CARTESIAN_POINT('',(5.686610891221E-02,0.9,4.803701660393E-02));
#2690 = CARTESIAN_POINT('',(5.466401285683E-02,0.9,4.879373029465E-02));
#2691 = CARTESIAN_POINT('',(5.232499511826E-02,0.9,4.933696907557E-02));
#2692 = CARTESIAN_POINT('',(4.988622236745E-02,0.9,4.976801119537E-02));
#2693 = CARTESIAN_POINT('',(4.732016135232E-02,0.9,5.00062315095E-02));
#2694 = CARTESIAN_POINT('',(4.557308365757E-02,0.9,5.003578430712E-02));
#2695 = CARTESIAN_POINT('',(4.467786198182E-02,0.9,5.005092748312E-02));
#2696 = ORIENTED_EDGE('',*,*,#2697,.T.);
#2697 = EDGE_CURVE('',#2666,#2698,#2700,.T.);
#2698 = VERTEX_POINT('',#2699);
#2699 = CARTESIAN_POINT('',(1.048315044336E-02,0.9,-1.531604568162E-03)
  );
#2700 = B_SPLINE_CURVE_WITH_KNOTS('',3,(#2701,#2702,#2703,#2704,#2705,
    #2706,#2707,#2708,#2709,#2710,#2711,#2712,#2713,#2714,#2715,#2716,
    #2717,#2718,#2719,#2720,#2721,#2722,#2723,#2724,#2725,#2726,#2727),
  .UNSPECIFIED.,.F.,.F.,(4,1,1,1,1,1,1,1,1,1,1,1,1,1,1,1,1,1,1,1,1,1,1,1
    ,4),(0.,3.821733796914E-02,7.486720303994E-02,0.110158081553,
    0.144453926659,0.178079726274,0.211170772594,0.243687054214,
    0.275871733445,0.308375516014,0.341263324936,0.375150339471,
    0.409655260704,0.445157367492,0.482073467205,0.520575756218,
    0.560553680898,0.603107575438,0.648688709529,0.697947677888,
    0.750767767018,0.807309402446,0.867655570791,0.9318612221,1.),
  .UNSPECIFIED.);
#2701 = CARTESIAN_POINT('',(4.467786198182E-02,0.9,5.005092748312E-02));
#2702 = CARTESIAN_POINT('',(4.378266446909E-02,0.9,5.003549220544E-02));
#2703 = CARTESIAN_POINT('',(4.202898570684E-02,0.9,5.000525472347E-02));
#2704 = CARTESIAN_POINT('',(3.945598580818E-02,0.9,4.976978246409E-02));
#2705 = CARTESIAN_POINT('',(3.700428878724E-02,0.9,4.933522291535E-02));
#2706 = CARTESIAN_POINT('',(3.464676565949E-02,0.9,4.878955970901E-02));
#2707 = CARTESIAN_POINT('',(3.239982441446E-02,0.9,4.803869090872E-02));
#2708 = CARTESIAN_POINT('',(3.025269103667E-02,0.9,4.714262068267E-02));
#2709 = CARTESIAN_POINT('',(2.822187512431E-02,0.9,4.60766723971E-02));
#2710 = CARTESIAN_POINT('',(2.63017536679E-02,0.9,4.484735562173E-02));
#2711 = CARTESIAN_POINT('',(2.449888250804E-02,0.9,4.34376676544E-02));
#2712 = CARTESIAN_POINT('',(2.27852450373E-02,0.9,4.186268668908E-02));
#2713 = CARTESIAN_POINT('',(2.116463192169E-02,0.9,4.012640489767E-02));
#2714 = CARTESIAN_POINT('',(1.966169670463E-02,0.9,3.82093744855E-02));
#2715 = CARTESIAN_POINT('',(1.825182565717E-02,0.9,3.61371838124E-02));
#2716 = CARTESIAN_POINT('',(1.694972150392E-02,0.9,3.388616946846E-02));
#2717 = CARTESIAN_POINT('',(1.575616677589E-02,0.9,3.145960887675E-02));
#2718 = CARTESIAN_POINT('',(1.4633826861E-02,0.9,2.88541196618E-02));
#2719 = CARTESIAN_POINT('',(1.365865554115E-02,0.9,2.601360862749E-02));
#2720 = CARTESIAN_POINT('',(1.27907983453E-02,0.9,2.291271037116E-02));
#2721 = CARTESIAN_POINT('',(1.207987255815E-02,0.9,1.952557634895E-02));
#2722 = CARTESIAN_POINT('',(1.150809846929E-02,0.9,1.585329471277E-02));
#2723 = CARTESIAN_POINT('',(1.10515943645E-02,0.9,1.190364535198E-02));
#2724 = CARTESIAN_POINT('',(1.071200778106E-02,0.9,7.674721884922E-03));
#2725 = CARTESIAN_POINT('',(1.051096587974E-02,0.9,3.164554580687E-03));
#2726 = CARTESIAN_POINT('',(1.049260415207E-02,0.9,6.44919321003E-05));
#2727 = CARTESIAN_POINT('',(1.048315044336E-02,0.9,-1.531604568162E-03)
  );
#2728 = ORIENTED_EDGE('',*,*,#2729,.T.);
#2729 = EDGE_CURVE('',#2698,#2616,#2730,.T.);
#2730 = B_SPLINE_CURVE_WITH_KNOTS('',3,(#2731,#2732,#2733,#2734,#2735,
    #2736,#2737,#2738,#2739,#2740,#2741),.UNSPECIFIED.,.F.,.F.,(4,1,1,1,
    1,1,1,1,4),(0.,0.161071123948,0.31078880838,0.449903823831,
    0.578376316506,0.696617211905,0.80598732271,0.906561703289,1.),
  .UNSPECIFIED.);
#2731 = CARTESIAN_POINT('',(1.048315044336E-02,0.9,-1.531604568162E-03)
  );
#2732 = CARTESIAN_POINT('',(1.050027495301E-02,0.9,-3.74925500536E-03));
#2733 = CARTESIAN_POINT('',(1.053331691496E-02,0.9,-8.028240089002E-03)
  );
#2734 = CARTESIAN_POINT('',(1.095204892479E-02,0.9,-1.421012942465E-02)
  );
#2735 = CARTESIAN_POINT('',(1.156664131269E-02,0.9,-1.992421525498E-02)
  );
#2736 = CARTESIAN_POINT('',(1.246933194599E-02,0.9,-2.516093932431E-02)
  );
#2737 = CARTESIAN_POINT('',(1.358549642966E-02,0.9,-2.993969693114E-02)
  );
#2738 = CARTESIAN_POINT('',(1.501480317014E-02,0.9,-3.422900812208E-02)
  );
#2739 = CARTESIAN_POINT('',(1.664196492044E-02,0.9,-3.808822513632E-02)
  );
#2740 = CARTESIAN_POINT('',(1.802851577524E-02,0.9,-4.037444852957E-02)
  );
#2741 = CARTESIAN_POINT('',(1.8696291469E-02,0.9,-4.147551482457E-02));
#2742 = FACE_BOUND('',#2743,.T.);
#2743 = EDGE_LOOP('',(#2744,#2754,#2762,#2770,#2794,#2818,#2842));
#2744 = ORIENTED_EDGE('',*,*,#2745,.T.);
#2745 = EDGE_CURVE('',#2746,#2748,#2750,.T.);
#2746 = VERTEX_POINT('',#2747);
#2747 = CARTESIAN_POINT('',(-5.634377263357E-02,0.9,-5.157405850214E-03)
  );
#2748 = VERTEX_POINT('',#2749);
#2749 = CARTESIAN_POINT('',(-3.094313160793E-02,0.9,-5.507727764509E-02)
  );
#2750 = LINE('',#2751,#2752);
#2751 = CARTESIAN_POINT('',(-5.634377263357E-02,0.9,-5.157405850214E-03)
  );
#2752 = VECTOR('',#2753,1.);
#2753 = DIRECTION('',(0.45349711791,0.,-0.89125774277));
#2754 = ORIENTED_EDGE('',*,*,#2755,.T.);
#2755 = EDGE_CURVE('',#2748,#2756,#2758,.T.);
#2756 = VERTEX_POINT('',#2757);
#2757 = CARTESIAN_POINT('',(-1.505771494126E-02,0.9,-4.70243930297E-02)
  );
#2758 = LINE('',#2759,#2760);
#2759 = CARTESIAN_POINT('',(-3.094313160793E-02,0.9,-5.507727764509E-02)
  );
#2760 = VECTOR('',#2761,1.);
#2761 = DIRECTION('',(0.891939015264,0.,0.4521557177));
#2762 = ORIENTED_EDGE('',*,*,#2763,.T.);
#2763 = EDGE_CURVE('',#2756,#2764,#2766,.T.);
#2764 = VERTEX_POINT('',#2765);
#2765 = CARTESIAN_POINT('',(-3.248559955664E-02,0.9,-1.276958533739E-02)
  );
#2766 = LINE('',#2767,#2768);
#2767 = CARTESIAN_POINT('',(-1.505771494126E-02,0.9,-4.70243930297E-02)
  );
#2768 = VECTOR('',#2769,1.);
#2769 = DIRECTION('',(-0.453457243721,0.,0.891278030761));
#2770 = ORIENTED_EDGE('',*,*,#2771,.T.);
#2771 = EDGE_CURVE('',#2764,#2772,#2774,.T.);
#2772 = VERTEX_POINT('',#2773);
#2773 = CARTESIAN_POINT('',(-2.337362377158E-03,0.9,1.892111979081E-02)
  );
#2774 = B_SPLINE_CURVE_WITH_KNOTS('',3,(#2775,#2776,#2777,#2778,#2779,
    #2780,#2781,#2782,#2783,#2784,#2785,#2786,#2787,#2788,#2789,#2790,
    #2791,#2792,#2793),.UNSPECIFIED.,.F.,.F.,(4,1,1,1,1,1,1,1,1,1,1,1,1,
    1,1,1,4),(0.,6.332879336011E-02,0.124736444163,0.184915748456,
    0.244300408589,0.303825570582,0.364352997673,0.426073143672,
    0.489720908839,0.553755931535,0.616458062928,0.678318862354,
    0.740300940215,0.802656264377,0.8667321228,0.93215673788,1.),
  .UNSPECIFIED.);
#2775 = CARTESIAN_POINT('',(-3.248559955665E-02,0.9,-1.276958533739E-02)
  );
#2776 = CARTESIAN_POINT('',(-3.145597648696E-02,0.9,-1.274292787691E-02)
  );
#2777 = CARTESIAN_POINT('',(-2.942796499763E-02,0.9,-1.269042163678E-02)
  );
#2778 = CARTESIAN_POINT('',(-2.644415759605E-02,0.9,-1.226605742458E-02)
  );
#2779 = CARTESIAN_POINT('',(-2.359158217914E-02,0.9,-1.153243345573E-02)
  );
#2780 = CARTESIAN_POINT('',(-2.084147635063E-02,0.9,-1.056001686944E-02)
  );
#2781 = CARTESIAN_POINT('',(-1.822745755058E-02,0.9,-9.254051735941E-03)
  );
#2782 = CARTESIAN_POINT('',(-1.570742555061E-02,0.9,-7.700538078027E-03)
  );
#2783 = CARTESIAN_POINT('',(-1.334657485219E-02,0.9,-5.805861075407E-03)
  );
#2784 = CARTESIAN_POINT('',(-1.109077317015E-02,0.9,-3.706659479376E-03)
  );
#2785 = CARTESIAN_POINT('',(-9.039584288977E-03,0.9,-1.381045802296E-03)
  );
#2786 = CARTESIAN_POINT('',(-7.257764109837E-03,0.9,1.117899971441E-03)
  );
#2787 = CARTESIAN_POINT('',(-5.704939280942E-03,0.9,3.729378185442E-03)
  );
#2788 = CARTESIAN_POINT('',(-4.497835751196E-03,0.9,6.511813943554E-03)
  );
#2789 = CARTESIAN_POINT('',(-3.524145847754E-03,0.9,9.419085208411E-03)
  );
#2790 = CARTESIAN_POINT('',(-2.821585733403E-03,0.9,1.246281359428E-02)
  );
#2791 = CARTESIAN_POINT('',(-2.420755531234E-03,0.9,1.56518130664E-02));
#2792 = CARTESIAN_POINT('',(-2.365494402217E-03,0.9,1.781824486402E-02)
  );
#2793 = CARTESIAN_POINT('',(-2.337362377158E-03,0.9,1.892111979081E-02)
  );
#2794 = ORIENTED_EDGE('',*,*,#2795,.T.);
#2795 = EDGE_CURVE('',#2772,#2796,#2798,.T.);
#2796 = VERTEX_POINT('',#2797);
#2797 = CARTESIAN_POINT('',(-3.294633673613E-02,0.9,5.005092748312E-02)
  );
#2798 = B_SPLINE_CURVE_WITH_KNOTS('',3,(#2799,#2800,#2801,#2802,#2803,
    #2804,#2805,#2806,#2807,#2808,#2809,#2810,#2811,#2812,#2813,#2814,
    #2815,#2816,#2817),.UNSPECIFIED.,.F.,.F.,(4,1,1,1,1,1,1,1,1,1,1,1,1,
    1,1,1,4),(0.,6.562092715322E-02,0.129704433603,0.192008410051,
    0.253165382518,0.314590013796,0.376532773001,0.439286701649,
    0.503798529066,0.568283999304,0.630628890743,0.691512839648,
    0.751997591163,0.812376852071,0.87357689528,0.936026679163,1.),
  .UNSPECIFIED.);
#2799 = CARTESIAN_POINT('',(-2.337362377158E-03,0.9,1.892111979081E-02)
  );
#2800 = CARTESIAN_POINT('',(-2.363724413026E-03,0.9,1.998422432037E-02)
  );
#2801 = CARTESIAN_POINT('',(-2.415830853445E-03,0.9,2.208552609785E-02)
  );
#2802 = CARTESIAN_POINT('',(-2.846559562145E-03,0.9,2.517180399075E-02)
  );
#2803 = CARTESIAN_POINT('',(-3.542639783112E-03,0.9,2.813290714216E-02)
  );
#2804 = CARTESIAN_POINT('',(-4.537478198038E-03,0.9,3.09629218615E-02));
#2805 = CARTESIAN_POINT('',(-5.80199827867E-03,0.9,3.367568134087E-02));
#2806 = CARTESIAN_POINT('',(-7.348420684687E-03,0.9,3.626959370798E-02)
  );
#2807 = CARTESIAN_POINT('',(-9.189569986831E-03,0.9,3.872527550682E-02)
  );
#2808 = CARTESIAN_POINT('',(-1.127787598082E-02,0.9,4.102967842287E-02)
  );
#2809 = CARTESIAN_POINT('',(-1.356075468747E-02,0.9,4.313015871786E-02)
  );
#2810 = CARTESIAN_POINT('',(-1.596703318546E-02,0.9,4.499718784943E-02)
  );
#2811 = CARTESIAN_POINT('',(-1.85171019773E-02,0.9,4.653942474817E-02));
#2812 = CARTESIAN_POINT('',(-2.116276177714E-02,0.9,4.78418799637E-02));
#2813 = CARTESIAN_POINT('',(-2.395272079907E-02,0.9,4.881379370537E-02)
  );
#2814 = CARTESIAN_POINT('',(-2.684522717436E-02,0.9,4.954742021169E-02)
  );
#2815 = CARTESIAN_POINT('',(-2.986221561206E-02,0.9,4.997075455477E-02)
  );
#2816 = CARTESIAN_POINT('',(-3.191007006466E-02,0.9,5.002398932789E-02)
  );
#2817 = CARTESIAN_POINT('',(-3.294633673613E-02,0.9,5.005092748312E-02)
  );
#2818 = ORIENTED_EDGE('',*,*,#2819,.T.);
#2819 = EDGE_CURVE('',#2796,#2820,#2822,.T.);
#2820 = VERTEX_POINT('',#2821);
#2821 = CARTESIAN_POINT('',(-6.387582391562E-02,0.9,1.878089543184E-02)
  );
#2822 = B_SPLINE_CURVE_WITH_KNOTS('',3,(#2823,#2824,#2825,#2826,#2827,
    #2828,#2829,#2830,#2831,#2832,#2833,#2834,#2835,#2836,#2837,#2838,
    #2839,#2840,#2841),.UNSPECIFIED.,.F.,.F.,(4,1,1,1,1,1,1,1,1,1,1,1,1,
    1,1,1,4),(0.,6.648593787488E-02,0.130735600939,0.193286839504,
    0.255291426707,0.316537602895,0.378866710391,0.441877206471,
    0.507117491466,0.57227139192,0.635427133539,0.696817252458,
    0.757356633381,0.817265116832,0.87713429946,0.938019820316,1.),
  .UNSPECIFIED.);
#2823 = CARTESIAN_POINT('',(-3.294633673613E-02,0.9,5.005092748312E-02)
  );
#2824 = CARTESIAN_POINT('',(-3.402995676565E-02,0.9,5.00288207685E-02));
#2825 = CARTESIAN_POINT('',(-3.61607489343E-02,0.9,4.998535090537E-02));
#2826 = CARTESIAN_POINT('',(-3.92786311539E-02,0.9,4.949860300472E-02));
#2827 = CARTESIAN_POINT('',(-4.2268948542E-02,0.9,4.876587189489E-02));
#2828 = CARTESIAN_POINT('',(-4.511489503191E-02,0.9,4.771965636078E-02)
  );
#2829 = CARTESIAN_POINT('',(-4.783416871818E-02,0.9,4.638749933042E-02)
  );
#2830 = CARTESIAN_POINT('',(-5.039475505793E-02,0.9,4.473908899036E-02)
  );
#2831 = CARTESIAN_POINT('',(-5.281822343935E-02,0.9,4.279260289393E-02)
  );
#2832 = CARTESIAN_POINT('',(-5.507873615009E-02,0.9,4.059183390647E-02)
  );
#2833 = CARTESIAN_POINT('',(-5.711528964149E-02,0.9,3.818119259311E-02)
  );
#2834 = CARTESIAN_POINT('',(-5.893172514322E-02,0.9,3.567831928456E-02)
  );
#2835 = CARTESIAN_POINT('',(-6.046843192251E-02,0.9,3.30792864171E-02));
#2836 = CARTESIAN_POINT('',(-6.171236023889E-02,0.9,3.03868728539E-02));
#2837 = CARTESIAN_POINT('',(-6.268290196041E-02,0.9,2.760965809196E-02)
  );
#2838 = CARTESIAN_POINT('',(-6.335820104987E-02,0.9,2.474237120222E-02)
  );
#2839 = CARTESIAN_POINT('',(-6.379822072816E-02,0.9,2.179261766317E-02)
  );
#2840 = CARTESIAN_POINT('',(-6.384980299756E-02,0.9,1.979074799024E-02)
  );
#2841 = CARTESIAN_POINT('',(-6.387582391562E-02,0.9,1.878089543184E-02)
  );
#2842 = ORIENTED_EDGE('',*,*,#2843,.T.);
#2843 = EDGE_CURVE('',#2820,#2746,#2844,.T.);
#2844 = B_SPLINE_CURVE_WITH_KNOTS('',3,(#2845,#2846,#2847,#2848,#2849,
    #2850,#2851,#2852,#2853,#2854,#2855,#2856,#2857,#2858,#2859),
  .UNSPECIFIED.,.F.,.F.,(4,1,1,1,1,1,1,1,1,1,1,1,4),(0.,
    9.253783465933E-02,0.185590773027,0.27955247916,0.375602295488,
    0.427616715619,0.487116870767,0.554198927807,0.628623986024,
    0.709687560519,0.799180741829,0.895357326612,1.),.UNSPECIFIED.);
#2845 = CARTESIAN_POINT('',(-6.387582391562E-02,0.9,1.878089543184E-02)
  );
#2846 = CARTESIAN_POINT('',(-6.386207497362E-02,0.9,1.799888276116E-02)
  );
#2847 = CARTESIAN_POINT('',(-6.383450055735E-02,0.9,1.643050441512E-02)
  );
#2848 = CARTESIAN_POINT('',(-6.355739415807E-02,0.9,1.408194306875E-02)
  );
#2849 = CARTESIAN_POINT('',(-6.313609509747E-02,0.9,1.172721697069E-02)
  );
#2850 = CARTESIAN_POINT('',(-6.264775432452E-02,0.9,9.740224526694E-03)
  );
#2851 = CARTESIAN_POINT('',(-6.214491033208E-02,0.9,8.060014470663E-03)
  );
#2852 = CARTESIAN_POINT('',(-6.163879399251E-02,0.9,6.638098103616E-03)
  );
#2853 = CARTESIAN_POINT('',(-6.101157430534E-02,0.9,5.060081850315E-03)
  );
#2854 = CARTESIAN_POINT('',(-6.029456929344E-02,0.9,3.321936098265E-03)
  );
#2855 = CARTESIAN_POINT('',(-5.946523175892E-02,0.9,1.425751830852E-03)
  );
#2856 = CARTESIAN_POINT('',(-5.852789401403E-02,0.9,-6.233024475049E-04)
  );
#2857 = CARTESIAN_POINT('',(-5.748022250366E-02,0.9,-2.840743715186E-03)
  );
#2858 = CARTESIAN_POINT('',(-5.673308842153E-02,0.9,-4.363782507662E-03)
  );
#2859 = CARTESIAN_POINT('',(-5.634377263357E-02,0.9,-5.157405850214E-03)
  );
#2860 = FACE_BOUND('',#2861,.T.);
#2861 = EDGE_LOOP('',(#2862,#2880,#2912,#2944,#2976));
#2862 = ORIENTED_EDGE('',*,*,#2863,.T.);
#2863 = EDGE_CURVE('',#2864,#2866,#2868,.T.);
#2864 = VERTEX_POINT('',#2865);
#2865 = CARTESIAN_POINT('',(-0.135149862377,0.9,-4.147551482457E-02));
#2866 = VERTEX_POINT('',#2867);
#2867 = CARTESIAN_POINT('',(-0.109689125198,0.9,-5.507727764509E-02));
#2868 = B_SPLINE_CURVE_WITH_KNOTS('',3,(#2869,#2870,#2871,#2872,#2873,
    #2874,#2875,#2876,#2877,#2878,#2879),.UNSPECIFIED.,.F.,.F.,(4,1,1,1,
    1,1,1,1,4),(0.,0.132314033909,0.258700008553,0.380911821486,
    0.500534868973,0.620922617648,0.742375765398,0.868280834179,1.),
  .UNSPECIFIED.);
#2869 = CARTESIAN_POINT('',(-0.135149862377,0.9,-4.147551482457E-02));
#2870 = CARTESIAN_POINT('',(-0.134373404607,0.9,-4.255720200934E-02));
#2871 = CARTESIAN_POINT('',(-0.132855276668,0.9,-4.467211360023E-02));
#2872 = CARTESIAN_POINT('',(-0.130200787531,0.9,-4.744859719092E-02));
#2873 = CARTESIAN_POINT('',(-0.127348884563,0.9,-4.982318191646E-02));
#2874 = CARTESIAN_POINT('',(-0.124240991302,0.9,-5.174212879817E-02));
#2875 = CARTESIAN_POINT('',(-0.120926260376,0.9,-5.325541046488E-02));
#2876 = CARTESIAN_POINT('',(-0.117376233134,0.9,-5.43242242627E-02));
#2877 = CARTESIAN_POINT('',(-0.113604019231,0.9,-5.494696498555E-02));
#2878 = CARTESIAN_POINT('',(-0.11101357702,0.9,-5.503319143535E-02));
#2879 = CARTESIAN_POINT('',(-0.109689125198,0.9,-5.507727764509E-02));
#2880 = ORIENTED_EDGE('',*,*,#2881,.T.);
#2881 = EDGE_CURVE('',#2866,#2882,#2884,.T.);
#2882 = VERTEX_POINT('',#2883);
#2883 = CARTESIAN_POINT('',(-7.541428545408E-02,0.9,-2.473110978419E-03)
  );
#2884 = B_SPLINE_CURVE_WITH_KNOTS('',3,(#2885,#2886,#2887,#2888,#2889,
    #2890,#2891,#2892,#2893,#2894,#2895,#2896,#2897,#2898,#2899,#2900,
    #2901,#2902,#2903,#2904,#2905,#2906,#2907,#2908,#2909,#2910,#2911),
  .UNSPECIFIED.,.F.,.F.,(4,1,1,1,1,1,1,1,1,1,1,1,1,1,1,1,1,1,1,1,1,1,1,1
    ,4),(0.,3.663489025513E-02,7.203398234779E-02,0.106625970607,
    0.140305693938,0.173619470493,0.20642567257,0.239067006133,
    0.271882880563,0.304839888813,0.338529033705,0.372616187859,
    0.407548250027,0.443718905957,0.481311509092,0.520112998146,
    0.560912902833,0.604024600614,0.650074563866,0.699572227777,
    0.752362539089,0.808788717346,0.86895421252,0.932674719938,1.),
  .UNSPECIFIED.);
#2885 = CARTESIAN_POINT('',(-0.109689125198,0.9,-5.507727764509E-02));
#2886 = CARTESIAN_POINT('',(-0.108820332752,0.9,-5.506438017632E-02));
#2887 = CARTESIAN_POINT('',(-0.107112054681,0.9,-5.503902030678E-02));
#2888 = CARTESIAN_POINT('',(-0.104596082641,0.9,-5.47643522641E-02));
#2889 = CARTESIAN_POINT('',(-0.102172505944,0.9,-5.434940545442E-02));
#2890 = CARTESIAN_POINT('',(-9.983184325618E-02,0.9,-5.377069934923E-02)
  );
#2891 = CARTESIAN_POINT('',(-9.759094290605E-02,0.9,-5.300480243249E-02)
  );
#2892 = CARTESIAN_POINT('',(-9.543349515744E-02,0.9,-5.208803695163E-02)
  );
#2893 = CARTESIAN_POINT('',(-9.338517988211E-02,0.9,-5.09723166686E-02)
  );
#2894 = CARTESIAN_POINT('',(-9.141987451471E-02,0.9,-4.971205330674E-02)
  );
#2895 = CARTESIAN_POINT('',(-8.953833609346E-02,0.9,-4.828525652437E-02)
  );
#2896 = CARTESIAN_POINT('',(-8.778578607752E-02,0.9,-4.66586345224E-02)
  );
#2897 = CARTESIAN_POINT('',(-8.613021918021E-02,0.9,-4.486961594021E-02)
  );
#2898 = CARTESIAN_POINT('',(-8.460747232872E-02,0.9,-4.289115402682E-02)
  );
#2899 = CARTESIAN_POINT('',(-8.31838238298E-02,0.9,-4.074124499086E-02)
  );
#2900 = CARTESIAN_POINT('',(-8.186395155304E-02,0.9,-3.841954792535E-02)
  );
#2901 = CARTESIAN_POINT('',(-8.065795944782E-02,0.9,-3.591469967809E-02)
  );
#2902 = CARTESIAN_POINT('',(-7.955233121978E-02,0.9,-3.322218005149E-02)
  );
#2903 = CARTESIAN_POINT('',(-7.856367496636E-02,0.9,-3.030162933955E-02)
  );
#2904 = CARTESIAN_POINT('',(-7.773093103008E-02,0.9,-2.7119547557E-02));
#2905 = CARTESIAN_POINT('',(-7.701671376089E-02,0.9,-2.367520802438E-02)
  );
#2906 = CARTESIAN_POINT('',(-7.641386399176E-02,0.9,-1.996003725396E-02)
  );
#2907 = CARTESIAN_POINT('',(-7.5958207003E-02,0.9,-1.596909689923E-02));
#2908 = CARTESIAN_POINT('',(-7.565108501964E-02,0.9,-1.170503834105E-02)
  );
#2909 = CARTESIAN_POINT('',(-7.544032337708E-02,0.9,-7.176082057569E-03)
  );
#2910 = CARTESIAN_POINT('',(-7.542312248097E-02,0.9,-4.069255259697E-03)
  );
#2911 = CARTESIAN_POINT('',(-7.541428545408E-02,0.9,-2.473110978419E-03)
  );
#2912 = ORIENTED_EDGE('',*,*,#2913,.T.);
#2913 = EDGE_CURVE('',#2882,#2914,#2916,.T.);
#2914 = VERTEX_POINT('',#2915);
#2915 = CARTESIAN_POINT('',(-0.109168291864,0.9,5.005092748312E-02));
#2916 = B_SPLINE_CURVE_WITH_KNOTS('',3,(#2917,#2918,#2919,#2920,#2921,
    #2922,#2923,#2924,#2925,#2926,#2927,#2928,#2929,#2930,#2931,#2932,
    #2933,#2934,#2935,#2936,#2937,#2938,#2939,#2940,#2941,#2942,#2943),
  .UNSPECIFIED.,.F.,.F.,(4,1,1,1,1,1,1,1,1,1,1,1,1,1,1,1,1,1,1,1,1,1,1,1
    ,4),(0.,6.849087449695E-02,0.133076540491,0.193828987192,
    0.251082857446,0.304400837153,0.354408343726,0.401294781778,
    0.444700684545,0.485692492089,0.524676484427,0.562306759178,
    0.597946584653,0.632473549027,0.665752042897,0.69798529955,
    0.729586224149,0.760825196874,0.792355079561,0.824312603963,
    0.857156271979,0.890926887145,0.925960442916,0.962061322994,1.),
  .UNSPECIFIED.);
#2917 = CARTESIAN_POINT('',(-7.541428545408E-02,0.9,-2.473110978419E-03)
  );
#2918 = CARTESIAN_POINT('',(-7.542383589221E-02,0.9,-8.569971373132E-04)
  );
#2919 = CARTESIAN_POINT('',(-7.544239222216E-02,0.9,2.283083064515E-03)
  );
#2920 = CARTESIAN_POINT('',(-7.564232359648E-02,0.9,6.853463484889E-03)
  );
#2921 = CARTESIAN_POINT('',(-7.598661486875E-02,0.9,1.114848166613E-02)
  );
#2922 = CARTESIAN_POINT('',(-7.6430362308E-02,0.9,1.516769326466E-02));
#2923 = CARTESIAN_POINT('',(-7.703817491772E-02,0.9,1.890897579673E-02)
  );
#2924 = CARTESIAN_POINT('',(-7.77500079742E-02,0.9,2.238201666805E-02));
#2925 = CARTESIAN_POINT('',(-7.859589652173E-02,0.9,2.558555698864E-02)
  );
#2926 = CARTESIAN_POINT('',(-7.961711879485E-02,0.9,2.851237849928E-02)
  );
#2927 = CARTESIAN_POINT('',(-8.071605463093E-02,0.9,3.120962677902E-02)
  );
#2928 = CARTESIAN_POINT('',(-8.192534564214E-02,0.9,3.37095911683E-02));
#2929 = CARTESIAN_POINT('',(-8.322391405819E-02,0.9,3.601904295315E-02)
  );
#2930 = CARTESIAN_POINT('',(-8.458197463423E-02,0.9,3.817282335508E-02)
  );
#2931 = CARTESIAN_POINT('',(-8.607398124505E-02,0.9,4.010744002157E-02)
  );
#2932 = CARTESIAN_POINT('',(-8.762731372317E-02,0.9,4.188868003568E-02)
  );
#2933 = CARTESIAN_POINT('',(-8.930960693901E-02,0.9,4.344869368046E-02)
  );
#2934 = CARTESIAN_POINT('',(-9.105002984456E-02,0.9,4.486787705809E-02)
  );
#2935 = CARTESIAN_POINT('',(-9.291234116942E-02,0.9,4.609433629879E-02)
  );
#2936 = CARTESIAN_POINT('',(-9.487733538781E-02,0.9,4.716697732937E-02)
  );
#2937 = CARTESIAN_POINT('',(-9.698004493395E-02,0.9,4.803701660393E-02)
  );
#2938 = CARTESIAN_POINT('',(-9.918214098932E-02,0.9,4.879373029465E-02)
  );
#2939 = CARTESIAN_POINT('',(-0.101521158728,0.9,4.933696907557E-02));
#2940 = CARTESIAN_POINT('',(-0.103959931479,0.9,4.976801119537E-02));
#2941 = CARTESIAN_POINT('',(-0.106525992494,0.9,5.00062315095E-02));
#2942 = CARTESIAN_POINT('',(-0.108273070189,0.9,5.003578430712E-02));
#2943 = CARTESIAN_POINT('',(-0.109168291864,0.9,5.005092748312E-02));
#2944 = ORIENTED_EDGE('',*,*,#2945,.T.);
#2945 = EDGE_CURVE('',#2914,#2946,#2948,.T.);
#2946 = VERTEX_POINT('',#2947);
#2947 = CARTESIAN_POINT('',(-0.143363003403,0.9,-1.531604568162E-03));
#2948 = B_SPLINE_CURVE_WITH_KNOTS('',3,(#2949,#2950,#2951,#2952,#2953,
    #2954,#2955,#2956,#2957,#2958,#2959,#2960,#2961,#2962,#2963,#2964,
    #2965,#2966,#2967,#2968,#2969,#2970,#2971,#2972,#2973,#2974,#2975),
  .UNSPECIFIED.,.F.,.F.,(4,1,1,1,1,1,1,1,1,1,1,1,1,1,1,1,1,1,1,1,1,1,1,1
    ,4),(0.,3.821733796914E-02,7.486720303994E-02,0.110158081553,
    0.144453926659,0.178079726274,0.211170772594,0.243687054214,
    0.275871733445,0.308375516014,0.341263324936,0.375150339471,
    0.409655260704,0.445157367492,0.482073467205,0.520575756218,
    0.560553680898,0.603107575438,0.648688709529,0.697947677888,
    0.750767767018,0.807309402446,0.867655570791,0.9318612221,1.),
  .UNSPECIFIED.);
#2949 = CARTESIAN_POINT('',(-0.109168291864,0.9,5.005092748312E-02));
#2950 = CARTESIAN_POINT('',(-0.110063489377,0.9,5.003549220544E-02));
#2951 = CARTESIAN_POINT('',(-0.111817168139,0.9,5.000525472347E-02));
#2952 = CARTESIAN_POINT('',(-0.114390168038,0.9,4.976978246409E-02));
#2953 = CARTESIAN_POINT('',(-0.116841865059,0.9,4.933522291535E-02));
#2954 = CARTESIAN_POINT('',(-0.119199388187,0.9,4.878955970901E-02));
#2955 = CARTESIAN_POINT('',(-0.121446329432,0.9,4.803869090872E-02));
#2956 = CARTESIAN_POINT('',(-0.123593462809,0.9,4.714262068267E-02));
#2957 = CARTESIAN_POINT('',(-0.125624278722,0.9,4.60766723971E-02));
#2958 = CARTESIAN_POINT('',(-0.127544400178,0.9,4.484735562173E-02));
#2959 = CARTESIAN_POINT('',(-0.129347271338,0.9,4.34376676544E-02));
#2960 = CARTESIAN_POINT('',(-0.131060908809,0.9,4.186268668908E-02));
#2961 = CARTESIAN_POINT('',(-0.132681521924,0.9,4.012640489767E-02));
#2962 = CARTESIAN_POINT('',(-0.134184457142,0.9,3.82093744855E-02));
#2963 = CARTESIAN_POINT('',(-0.135594328189,0.9,3.61371838124E-02));
#2964 = CARTESIAN_POINT('',(-0.136896432342,0.9,3.388616946846E-02));
#2965 = CARTESIAN_POINT('',(-0.13808998707,0.9,3.145960887675E-02));
#2966 = CARTESIAN_POINT('',(-0.139212326985,0.9,2.88541196618E-02));
#2967 = CARTESIAN_POINT('',(-0.140187498305,0.9,2.601360862749E-02));
#2968 = CARTESIAN_POINT('',(-0.141055355501,0.9,2.291271037116E-02));
#2969 = CARTESIAN_POINT('',(-0.141766281288,0.9,1.952557634895E-02));
#2970 = CARTESIAN_POINT('',(-0.142338055377,0.9,1.585329471277E-02));
#2971 = CARTESIAN_POINT('',(-0.142794559482,0.9,1.190364535198E-02));
#2972 = CARTESIAN_POINT('',(-0.143134146065,0.9,7.674721884922E-03));
#2973 = CARTESIAN_POINT('',(-0.143335187966,0.9,3.164554580687E-03));
#2974 = CARTESIAN_POINT('',(-0.143353549694,0.9,6.44919321003E-05));
#2975 = CARTESIAN_POINT('',(-0.143363003403,0.9,-1.531604568162E-03));
#2976 = ORIENTED_EDGE('',*,*,#2977,.T.);
#2977 = EDGE_CURVE('',#2946,#2864,#2978,.T.);
#2978 = B_SPLINE_CURVE_WITH_KNOTS('',3,(#2979,#2980,#2981,#2982,#2983,
    #2984,#2985,#2986,#2987,#2988,#2989),.UNSPECIFIED.,.F.,.F.,(4,1,1,1,
    1,1,1,1,4),(0.,0.161071123948,0.31078880838,0.449903823831,
    0.578376316506,0.696617211905,0.80598732271,0.906561703289,1.),
  .UNSPECIFIED.);
#2979 = CARTESIAN_POINT('',(-0.143363003403,0.9,-1.531604568162E-03));
#2980 = CARTESIAN_POINT('',(-0.143345878893,0.9,-3.74925500536E-03));
#2981 = CARTESIAN_POINT('',(-0.143312836931,0.9,-8.028240089002E-03));
#2982 = CARTESIAN_POINT('',(-0.142894104921,0.9,-1.421012942465E-02));
#2983 = CARTESIAN_POINT('',(-0.142279512533,0.9,-1.992421525498E-02));
#2984 = CARTESIAN_POINT('',(-0.1413768219,0.9,-2.516093932431E-02));
#2985 = CARTESIAN_POINT('',(-0.140260657416,0.9,-2.993969693114E-02));
#2986 = CARTESIAN_POINT('',(-0.138831350676,0.9,-3.422900812208E-02));
#2987 = CARTESIAN_POINT('',(-0.137204188926,0.9,-3.808822513632E-02));
#2988 = CARTESIAN_POINT('',(-0.135817638071,0.9,-4.037444852957E-02));
#2989 = CARTESIAN_POINT('',(-0.135149862377,0.9,-4.147551482457E-02));
#2990 = FACE_BOUND('',#2991,.T.);
#2991 = EDGE_LOOP('',(#2992,#3003,#3011,#3020));
#2992 = ORIENTED_EDGE('',*,*,#2993,.F.);
#2993 = EDGE_CURVE('',#2994,#2996,#2998,.T.);
#2994 = VERTEX_POINT('',#2995);
#2995 = CARTESIAN_POINT('',(0.648262773312,0.9,-0.398));
#2996 = VERTEX_POINT('',#2997);
#2997 = CARTESIAN_POINT('',(0.648262773312,0.9,0.398));
#2998 = CIRCLE('',#2999,0.608447022513);
#2999 = AXIS2_PLACEMENT_3D('',#3000,#3001,#3002);
#3000 = CARTESIAN_POINT('',(1.108484219145,0.9,9.E-17));
#3001 = DIRECTION('',(0.,1.,-0.));
#3002 = DIRECTION('',(0.,0.,1.));
#3003 = ORIENTED_EDGE('',*,*,#3004,.T.);
#3004 = EDGE_CURVE('',#2994,#3005,#3007,.T.);
#3005 = VERTEX_POINT('',#3006);
#3006 = CARTESIAN_POINT('',(-0.648262773312,0.9,-0.398));
#3007 = LINE('',#3008,#3009);
#3008 = CARTESIAN_POINT('',(0.,0.9,-0.398));
#3009 = VECTOR('',#3010,1.);
#3010 = DIRECTION('',(-1.,-0.,-0.));
#3011 = ORIENTED_EDGE('',*,*,#3012,.T.);
#3012 = EDGE_CURVE('',#3005,#3013,#3015,.T.);
#3013 = VERTEX_POINT('',#3014);
#3014 = CARTESIAN_POINT('',(-0.648262773312,0.9,0.398));
#3015 = CIRCLE('',#3016,0.608447022513);
#3016 = AXIS2_PLACEMENT_3D('',#3017,#3018,#3019);
#3017 = CARTESIAN_POINT('',(-1.108484219145,0.9,9.E-17));
#3018 = DIRECTION('',(0.,-1.,0.));
#3019 = DIRECTION('',(0.,0.,1.));
#3020 = ORIENTED_EDGE('',*,*,#3021,.T.);
#3021 = EDGE_CURVE('',#3013,#2996,#3022,.T.);
#3022 = LINE('',#3023,#3024);
#3023 = CARTESIAN_POINT('',(0.65,0.9,0.398));
#3024 = VECTOR('',#3025,1.);
#3025 = DIRECTION('',(1.,-0.,0.));
#3026 = PLANE('',#3027);
#3027 = AXIS2_PLACEMENT_3D('',#3028,#3029,#3030);
#3028 = CARTESIAN_POINT('',(0.,0.9,0.));
#3029 = DIRECTION('',(0.,1.,-0.));
#3030 = DIRECTION('',(0.,0.,1.));
#3031 = ADVANCED_FACE('',(#3032),#3142,.F.);
#3032 = FACE_BOUND('',#3033,.F.);
#3033 = EDGE_LOOP('',(#3034,#3057,#3065,#3084,#3085,#3106,#3114,#3135));
#3034 = ORIENTED_EDGE('',*,*,#3035,.F.);
#3035 = EDGE_CURVE('',#3036,#3038,#3040,.T.);
#3036 = VERTEX_POINT('',#3037);
#3037 = CARTESIAN_POINT('',(0.65,2.E-03,0.4));
#3038 = VERTEX_POINT('',#3039);
#3039 = CARTESIAN_POINT('',(0.648262773312,0.,0.398));
#3040 = B_SPLINE_CURVE_WITH_KNOTS('',3,(#3041,#3042,#3043,#3044,#3045,
    #3046,#3047,#3048,#3049,#3050,#3051,#3052,#3053,#3054,#3055,#3056),
  .UNSPECIFIED.,.F.,.F.,(4,3,3,3,3,4),(0.,5.5356542558E-07,
    1.10337165638E-06,1.84728542001E-06,2.82106010983E-06,
    3.65392728447E-06),.UNSPECIFIED.);
#3041 = CARTESIAN_POINT('',(0.65,2.E-03,0.4));
#3042 = CARTESIAN_POINT('',(0.65,1.815478191474E-03,0.4));
#3043 = CARTESIAN_POINT('',(0.649976743188,1.62833443794E-03,
    0.399973346489));
#3044 = CARTESIAN_POINT('',(0.649934121085,1.455582122424E-03,
    0.399924476338));
#3045 = CARTESIAN_POINT('',(0.649891663224,1.283495497012E-03,
    0.399875794505));
#3046 = CARTESIAN_POINT('',(0.649829309571,1.120943203332E-03,
    0.399804284756));
#3047 = CARTESIAN_POINT('',(0.649754462633,9.76700080852E-04,
    0.399718387987));
#3048 = CARTESIAN_POINT('',(0.649653554339,7.822321753715E-04,
    0.399602582364));
#3049 = CARTESIAN_POINT('',(0.649527436246,6.151841771219E-04,
    0.399457749914));
#3050 = CARTESIAN_POINT('',(0.649390829082,4.807192204496E-04,
    0.399300686708));
#3051 = CARTESIAN_POINT('',(0.649212436592,3.051241943352E-04,
    0.399095581092));
#3052 = CARTESIAN_POINT('',(0.649010804762,1.78781079661E-04,
    0.398863459456));
#3053 = CARTESIAN_POINT('',(0.64880507382,1.005659706243E-04,
    0.398626219106));
#3054 = CARTESIAN_POINT('',(0.648628239542,3.333684034434E-05,
    0.398422301185));
#3055 = CARTESIAN_POINT('',(0.648444724124,-6.196E-14,0.398210396145));
#3056 = CARTESIAN_POINT('',(0.648262773312,0.,0.398));
#3057 = ORIENTED_EDGE('',*,*,#3058,.F.);
#3058 = EDGE_CURVE('',#3059,#3036,#3061,.T.);
#3059 = VERTEX_POINT('',#3060);
#3060 = CARTESIAN_POINT('',(0.65,0.898,0.4));
#3061 = LINE('',#3062,#3063);
#3062 = CARTESIAN_POINT('',(0.65,0.9,0.4));
#3063 = VECTOR('',#3064,1.);
#3064 = DIRECTION('',(-0.,-1.,-0.));
#3065 = ORIENTED_EDGE('',*,*,#3066,.F.);
#3066 = EDGE_CURVE('',#2996,#3059,#3067,.T.);
#3067 = B_SPLINE_CURVE_WITH_KNOTS('',3,(#3068,#3069,#3070,#3071,#3072,
    #3073,#3074,#3075,#3076,#3077,#3078,#3079,#3080,#3081,#3082,#3083),
  .UNSPECIFIED.,.F.,.F.,(4,3,3,3,3,4),(0.,1.01094098682E-06,
    1.93359162108E-06,2.63259513227E-06,3.20135264683E-06,
    3.64788484322E-06),.UNSPECIFIED.);
#3068 = CARTESIAN_POINT('',(0.648262773312,0.9,0.398));
#3069 = CARTESIAN_POINT('',(0.648483200343,0.9,0.398254887555));
#3070 = CARTESIAN_POINT('',(0.648706476644,0.899950957426,0.398512622641
    ));
#3071 = CARTESIAN_POINT('',(0.648917519212,0.899851672648,0.398755849509
    ));
#3072 = CARTESIAN_POINT('',(0.649110011187,0.899761114978,0.398977696791
    ));
#3073 = CARTESIAN_POINT('',(0.649297092403,0.899626193058,0.399192965919
    ));
#3074 = CARTESIAN_POINT('',(0.649460796235,0.899446553461,0.399381116761
    ));
#3075 = CARTESIAN_POINT('',(0.64958513123,0.899310115064,0.399524019548)
  );
#3076 = CARTESIAN_POINT('',(0.649698671506,0.899144332561,0.399654374575
    ));
#3077 = CARTESIAN_POINT('',(0.649788358556,0.898954961049,0.399757284717
    ));
#3078 = CARTESIAN_POINT('',(0.649861429891,0.89880067312,0.39984112939)
  );
#3079 = CARTESIAN_POINT('',(0.649920082947,0.898626844823,0.399908383551
    ));
#3080 = CARTESIAN_POINT('',(0.649956303795,0.898444807009,0.399949909426
    ));
#3081 = CARTESIAN_POINT('',(0.649984853786,0.898301321194,0.399982640944
    ));
#3082 = CARTESIAN_POINT('',(0.65,0.89814991542,0.4));
#3083 = CARTESIAN_POINT('',(0.65,0.898,0.4));
#3084 = ORIENTED_EDGE('',*,*,#2993,.F.);
#3085 = ORIENTED_EDGE('',*,*,#3086,.F.);
#3086 = EDGE_CURVE('',#3087,#2994,#3089,.T.);
#3087 = VERTEX_POINT('',#3088);
#3088 = CARTESIAN_POINT('',(0.65,0.898,-0.4));
#3089 = B_SPLINE_CURVE_WITH_KNOTS('',3,(#3090,#3091,#3092,#3093,#3094,
    #3095,#3096,#3097,#3098,#3099,#3100,#3101,#3102,#3103,#3104,#3105),
  .UNSPECIFIED.,.F.,.F.,(4,3,3,3,3,4),(0.,5.5356542558E-07,
    1.10337165638E-06,1.84728542001E-06,2.82106010983E-06,
    3.65392728447E-06),.UNSPECIFIED.);
#3090 = CARTESIAN_POINT('',(0.65,0.898,-0.4));
#3091 = CARTESIAN_POINT('',(0.65,0.898184521809,-0.4));
#3092 = CARTESIAN_POINT('',(0.649976743188,0.898371665562,
    -0.399973346489));
#3093 = CARTESIAN_POINT('',(0.649934121085,0.898544417878,
    -0.399924476338));
#3094 = CARTESIAN_POINT('',(0.649891663224,0.898716504503,
    -0.399875794505));
#3095 = CARTESIAN_POINT('',(0.649829309571,0.898879056797,
    -0.399804284756));
#3096 = CARTESIAN_POINT('',(0.649754462633,0.899023299919,
    -0.399718387987));
#3097 = CARTESIAN_POINT('',(0.649653554339,0.899217767825,
    -0.399602582364));
#3098 = CARTESIAN_POINT('',(0.649527436246,0.899384815823,
    -0.399457749914));
#3099 = CARTESIAN_POINT('',(0.649390829082,0.89951928078,-0.399300686708
    ));
#3100 = CARTESIAN_POINT('',(0.649212436592,0.899694875806,
    -0.399095581092));
#3101 = CARTESIAN_POINT('',(0.649010804762,0.89982121892,-0.398863459456
    ));
#3102 = CARTESIAN_POINT('',(0.64880507382,0.899899434029,-0.398626219106
    ));
#3103 = CARTESIAN_POINT('',(0.648628239542,0.89996666316,-0.398422301185
    ));
#3104 = CARTESIAN_POINT('',(0.648444724124,0.9,-0.398210396145));
#3105 = CARTESIAN_POINT('',(0.648262773312,0.9,-0.398));
#3106 = ORIENTED_EDGE('',*,*,#3107,.T.);
#3107 = EDGE_CURVE('',#3087,#3108,#3110,.T.);
#3108 = VERTEX_POINT('',#3109);
#3109 = CARTESIAN_POINT('',(0.65,2.E-03,-0.4));
#3110 = LINE('',#3111,#3112);
#3111 = CARTESIAN_POINT('',(0.65,0.9,-0.4));
#3112 = VECTOR('',#3113,1.);
#3113 = DIRECTION('',(-0.,-1.,-0.));
#3114 = ORIENTED_EDGE('',*,*,#3115,.F.);
#3115 = EDGE_CURVE('',#3116,#3108,#3118,.T.);
#3116 = VERTEX_POINT('',#3117);
#3117 = CARTESIAN_POINT('',(0.648262773312,0.,-0.398));
#3118 = B_SPLINE_CURVE_WITH_KNOTS('',3,(#3119,#3120,#3121,#3122,#3123,
    #3124,#3125,#3126,#3127,#3128,#3129,#3130,#3131,#3132,#3133,#3134),
  .UNSPECIFIED.,.F.,.F.,(4,3,3,3,3,4),(0.,1.01094098682E-06,
    1.93359162108E-06,2.63259513227E-06,3.20135264683E-06,
    3.64788484322E-06),.UNSPECIFIED.);
#3119 = CARTESIAN_POINT('',(0.648262773312,0.,-0.398));
#3120 = CARTESIAN_POINT('',(0.648483200343,0.,-0.398254887555));
#3121 = CARTESIAN_POINT('',(0.648706476644,4.904257382554E-05,
    -0.398512622641));
#3122 = CARTESIAN_POINT('',(0.648917519212,1.48327352484E-04,
    -0.398755849509));
#3123 = CARTESIAN_POINT('',(0.649110011187,2.388850217823E-04,
    -0.398977696791));
#3124 = CARTESIAN_POINT('',(0.649297092403,3.738069421418E-04,
    -0.399192965919));
#3125 = CARTESIAN_POINT('',(0.649460796235,5.534465387861E-04,
    -0.399381116761));
#3126 = CARTESIAN_POINT('',(0.64958513123,6.898849358595E-04,
    -0.399524019548));
#3127 = CARTESIAN_POINT('',(0.649698671506,8.556674385739E-04,
    -0.399654374575));
#3128 = CARTESIAN_POINT('',(0.649788358556,1.045038951371E-03,
    -0.399757284717));
#3129 = CARTESIAN_POINT('',(0.649861429891,1.199326879952E-03,
    -0.39984112939));
#3130 = CARTESIAN_POINT('',(0.649920082947,1.373155176715E-03,
    -0.399908383551));
#3131 = CARTESIAN_POINT('',(0.649956303795,1.555192991014E-03,
    -0.399949909426));
#3132 = CARTESIAN_POINT('',(0.649984853786,1.698678805543E-03,
    -0.399982640944));
#3133 = CARTESIAN_POINT('',(0.65,1.850084579626E-03,-0.4));
#3134 = CARTESIAN_POINT('',(0.65,2.E-03,-0.4));
#3135 = ORIENTED_EDGE('',*,*,#3136,.T.);
#3136 = EDGE_CURVE('',#3116,#3038,#3137,.T.);
#3137 = CIRCLE('',#3138,0.608447022513);
#3138 = AXIS2_PLACEMENT_3D('',#3139,#3140,#3141);
#3139 = CARTESIAN_POINT('',(1.108484219145,0.,9.E-17));
#3140 = DIRECTION('',(0.,1.,-0.));
#3141 = DIRECTION('',(0.,0.,1.));
#3142 = CYLINDRICAL_SURFACE('',#3143,0.608447022513);
#3143 = AXIS2_PLACEMENT_3D('',#3144,#3145,#3146);
#3144 = CARTESIAN_POINT('',(1.108484219145,0.9,9.E-17));
#3145 = DIRECTION('',(-0.,-1.,-0.));
#3146 = DIRECTION('',(0.,0.,-1.));
#3147 = ADVANCED_FACE('',(#3148),#3173,.T.);
#3148 = FACE_BOUND('',#3149,.T.);
#3149 = EDGE_LOOP('',(#3150,#3151,#3159,#3167));
#3150 = ORIENTED_EDGE('',*,*,#3107,.T.);
#3151 = ORIENTED_EDGE('',*,*,#3152,.T.);
#3152 = EDGE_CURVE('',#3108,#3153,#3155,.T.);
#3153 = VERTEX_POINT('',#3154);
#3154 = CARTESIAN_POINT('',(-0.65,2.E-03,-0.4));
#3155 = LINE('',#3156,#3157);
#3156 = CARTESIAN_POINT('',(-0.65,2.E-03,-0.4));
#3157 = VECTOR('',#3158,1.);
#3158 = DIRECTION('',(-1.,-0.,-0.));
#3159 = ORIENTED_EDGE('',*,*,#3160,.F.);
#3160 = EDGE_CURVE('',#3161,#3153,#3163,.T.);
#3161 = VERTEX_POINT('',#3162);
#3162 = CARTESIAN_POINT('',(-0.65,0.898,-0.4));
#3163 = LINE('',#3164,#3165);
#3164 = CARTESIAN_POINT('',(-0.65,0.9,-0.4));
#3165 = VECTOR('',#3166,1.);
#3166 = DIRECTION('',(-0.,-1.,-0.));
#3167 = ORIENTED_EDGE('',*,*,#3168,.T.);
#3168 = EDGE_CURVE('',#3161,#3087,#3169,.T.);
#3169 = LINE('',#3170,#3171);
#3170 = CARTESIAN_POINT('',(0.,0.898,-0.4));
#3171 = VECTOR('',#3172,1.);
#3172 = DIRECTION('',(1.,0.,0.));
#3173 = PLANE('',#3174);
#3174 = AXIS2_PLACEMENT_3D('',#3175,#3176,#3177);
#3175 = CARTESIAN_POINT('',(0.,0.9,-0.4));
#3176 = DIRECTION('',(0.,0.,-1.));
#3177 = DIRECTION('',(-1.,0.,-0.));
#3178 = ADVANCED_FACE('',(#3179),#3280,.F.);
#3179 = FACE_BOUND('',#3180,.F.);
#3180 = EDGE_LOOP('',(#3181,#3200,#3201,#3222,#3230,#3251,#3260,#3279));
#3181 = ORIENTED_EDGE('',*,*,#3182,.F.);
#3182 = EDGE_CURVE('',#3005,#3161,#3183,.T.);
#3183 = B_SPLINE_CURVE_WITH_KNOTS('',3,(#3184,#3185,#3186,#3187,#3188,
    #3189,#3190,#3191,#3192,#3193,#3194,#3195,#3196,#3197,#3198,#3199),
  .UNSPECIFIED.,.F.,.F.,(4,3,3,3,3,4),(0.,1.01094098682E-06,
    1.93359162108E-06,2.63259513227E-06,3.20135264683E-06,
    3.64788484322E-06),.UNSPECIFIED.);
#3184 = CARTESIAN_POINT('',(-0.648262773312,0.9,-0.398));
#3185 = CARTESIAN_POINT('',(-0.648483200343,0.9,-0.398254887555));
#3186 = CARTESIAN_POINT('',(-0.648706476644,0.899950957426,
    -0.398512622641));
#3187 = CARTESIAN_POINT('',(-0.648917519212,0.899851672648,
    -0.398755849509));
#3188 = CARTESIAN_POINT('',(-0.649110011187,0.899761114978,
    -0.398977696791));
#3189 = CARTESIAN_POINT('',(-0.649297092403,0.899626193058,
    -0.399192965919));
#3190 = CARTESIAN_POINT('',(-0.649460796235,0.899446553461,
    -0.399381116761));
#3191 = CARTESIAN_POINT('',(-0.64958513123,0.899310115064,
    -0.399524019548));
#3192 = CARTESIAN_POINT('',(-0.649698671506,0.899144332561,
    -0.399654374575));
#3193 = CARTESIAN_POINT('',(-0.649788358556,0.898954961049,
    -0.399757284717));
#3194 = CARTESIAN_POINT('',(-0.649861429891,0.89880067312,-0.39984112939
    ));
#3195 = CARTESIAN_POINT('',(-0.649920082947,0.898626844823,
    -0.399908383551));
#3196 = CARTESIAN_POINT('',(-0.649956303795,0.898444807009,
    -0.399949909426));
#3197 = CARTESIAN_POINT('',(-0.649984853786,0.898301321194,
    -0.399982640944));
#3198 = CARTESIAN_POINT('',(-0.65,0.89814991542,-0.4));
#3199 = CARTESIAN_POINT('',(-0.65,0.898,-0.4));
#3200 = ORIENTED_EDGE('',*,*,#3012,.T.);
#3201 = ORIENTED_EDGE('',*,*,#3202,.F.);
#3202 = EDGE_CURVE('',#3203,#3013,#3205,.T.);
#3203 = VERTEX_POINT('',#3204);
#3204 = CARTESIAN_POINT('',(-0.65,0.898,0.4));
#3205 = B_SPLINE_CURVE_WITH_KNOTS('',3,(#3206,#3207,#3208,#3209,#3210,
    #3211,#3212,#3213,#3214,#3215,#3216,#3217,#3218,#3219,#3220,#3221),
  .UNSPECIFIED.,.F.,.F.,(4,3,3,3,3,4),(0.,5.5356542558E-07,
    1.10337165638E-06,1.84728542001E-06,2.82106010983E-06,
    3.65392728447E-06),.UNSPECIFIED.);
#3206 = CARTESIAN_POINT('',(-0.65,0.898,0.4));
#3207 = CARTESIAN_POINT('',(-0.65,0.898184521809,0.4));
#3208 = CARTESIAN_POINT('',(-0.649976743188,0.898371665562,
    0.399973346489));
#3209 = CARTESIAN_POINT('',(-0.649934121085,0.898544417878,
    0.399924476338));
#3210 = CARTESIAN_POINT('',(-0.649891663224,0.898716504503,
    0.399875794505));
#3211 = CARTESIAN_POINT('',(-0.649829309571,0.898879056797,
    0.399804284756));
#3212 = CARTESIAN_POINT('',(-0.649754462633,0.899023299919,
    0.399718387987));
#3213 = CARTESIAN_POINT('',(-0.649653554339,0.899217767825,
    0.399602582364));
#3214 = CARTESIAN_POINT('',(-0.649527436246,0.899384815823,
    0.399457749914));
#3215 = CARTESIAN_POINT('',(-0.649390829082,0.89951928078,0.399300686708
    ));
#3216 = CARTESIAN_POINT('',(-0.649212436592,0.899694875806,
    0.399095581092));
#3217 = CARTESIAN_POINT('',(-0.649010804762,0.89982121892,0.398863459456
    ));
#3218 = CARTESIAN_POINT('',(-0.64880507382,0.899899434029,0.398626219106
    ));
#3219 = CARTESIAN_POINT('',(-0.648628239542,0.89996666316,0.398422301185
    ));
#3220 = CARTESIAN_POINT('',(-0.648444724124,0.9,0.398210396145));
#3221 = CARTESIAN_POINT('',(-0.648262773312,0.9,0.398));
#3222 = ORIENTED_EDGE('',*,*,#3223,.T.);
#3223 = EDGE_CURVE('',#3203,#3224,#3226,.T.);
#3224 = VERTEX_POINT('',#3225);
#3225 = CARTESIAN_POINT('',(-0.65,2.E-03,0.4));
#3226 = LINE('',#3227,#3228);
#3227 = CARTESIAN_POINT('',(-0.65,0.9,0.4));
#3228 = VECTOR('',#3229,1.);
#3229 = DIRECTION('',(-0.,-1.,-0.));
#3230 = ORIENTED_EDGE('',*,*,#3231,.F.);
#3231 = EDGE_CURVE('',#3232,#3224,#3234,.T.);
#3232 = VERTEX_POINT('',#3233);
#3233 = CARTESIAN_POINT('',(-0.648262773312,0.,0.398));
#3234 = B_SPLINE_CURVE_WITH_KNOTS('',3,(#3235,#3236,#3237,#3238,#3239,
    #3240,#3241,#3242,#3243,#3244,#3245,#3246,#3247,#3248,#3249,#3250),
  .UNSPECIFIED.,.F.,.F.,(4,3,3,3,3,4),(0.,1.01094098682E-06,
    1.93359162108E-06,2.63259513227E-06,3.20135264683E-06,
    3.64788484322E-06),.UNSPECIFIED.);
#3235 = CARTESIAN_POINT('',(-0.648262773312,0.,0.398));
#3236 = CARTESIAN_POINT('',(-0.648483200343,0.,0.398254887555));
#3237 = CARTESIAN_POINT('',(-0.648706476644,4.904257382561E-05,
    0.398512622641));
#3238 = CARTESIAN_POINT('',(-0.648917519212,1.483273524841E-04,
    0.398755849509));
#3239 = CARTESIAN_POINT('',(-0.649110011187,2.388850217823E-04,
    0.398977696791));
#3240 = CARTESIAN_POINT('',(-0.649297092403,3.738069421419E-04,
    0.399192965919));
#3241 = CARTESIAN_POINT('',(-0.649460796235,5.534465387862E-04,
    0.399381116761));
#3242 = CARTESIAN_POINT('',(-0.64958513123,6.898849358596E-04,
    0.399524019548));
#3243 = CARTESIAN_POINT('',(-0.649698671506,8.556674385739E-04,
    0.399654374575));
#3244 = CARTESIAN_POINT('',(-0.649788358556,1.045038951371E-03,
    0.399757284717));
#3245 = CARTESIAN_POINT('',(-0.649861429891,1.199326879952E-03,
    0.39984112939));
#3246 = CARTESIAN_POINT('',(-0.649920082947,1.373155176714E-03,
    0.399908383551));
#3247 = CARTESIAN_POINT('',(-0.649956303795,1.555192991014E-03,
    0.399949909426));
#3248 = CARTESIAN_POINT('',(-0.649984853786,1.698678805543E-03,
    0.399982640944));
#3249 = CARTESIAN_POINT('',(-0.65,1.850084579626E-03,0.4));
#3250 = CARTESIAN_POINT('',(-0.65,2.E-03,0.4));
#3251 = ORIENTED_EDGE('',*,*,#3252,.F.);
#3252 = EDGE_CURVE('',#3253,#3232,#3255,.T.);
#3253 = VERTEX_POINT('',#3254);
#3254 = CARTESIAN_POINT('',(-0.648262773312,0.,-0.398));
#3255 = CIRCLE('',#3256,0.608447022513);
#3256 = AXIS2_PLACEMENT_3D('',#3257,#3258,#3259);
#3257 = CARTESIAN_POINT('',(-1.108484219145,0.,9.E-17));
#3258 = DIRECTION('',(0.,-1.,0.));
#3259 = DIRECTION('',(0.,0.,1.));
#3260 = ORIENTED_EDGE('',*,*,#3261,.F.);
#3261 = EDGE_CURVE('',#3153,#3253,#3262,.T.);
#3262 = B_SPLINE_CURVE_WITH_KNOTS('',3,(#3263,#3264,#3265,#3266,#3267,
    #3268,#3269,#3270,#3271,#3272,#3273,#3274,#3275,#3276,#3277,#3278),
  .UNSPECIFIED.,.F.,.F.,(4,3,3,3,3,4),(0.,5.5356542558E-07,
    1.10337165638E-06,1.84728542001E-06,2.82106010983E-06,
    3.65392728447E-06),.UNSPECIFIED.);
#3263 = CARTESIAN_POINT('',(-0.65,2.E-03,-0.4));
#3264 = CARTESIAN_POINT('',(-0.65,1.815478191474E-03,-0.4));
#3265 = CARTESIAN_POINT('',(-0.649976743188,1.62833443794E-03,
    -0.399973346489));
#3266 = CARTESIAN_POINT('',(-0.649934121085,1.455582122424E-03,
    -0.399924476338));
#3267 = CARTESIAN_POINT('',(-0.649891663224,1.283495497012E-03,
    -0.399875794505));
#3268 = CARTESIAN_POINT('',(-0.649829309571,1.120943203332E-03,
    -0.399804284756));
#3269 = CARTESIAN_POINT('',(-0.649754462633,9.767000808519E-04,
    -0.399718387987));
#3270 = CARTESIAN_POINT('',(-0.649653554339,7.822321753715E-04,
    -0.399602582364));
#3271 = CARTESIAN_POINT('',(-0.649527436246,6.151841771219E-04,
    -0.399457749914));
#3272 = CARTESIAN_POINT('',(-0.649390829082,4.807192204496E-04,
    -0.399300686708));
#3273 = CARTESIAN_POINT('',(-0.649212436592,3.051241943351E-04,
    -0.399095581092));
#3274 = CARTESIAN_POINT('',(-0.649010804762,1.787810796609E-04,
    -0.398863459456));
#3275 = CARTESIAN_POINT('',(-0.64880507382,1.005659706243E-04,
    -0.398626219106));
#3276 = CARTESIAN_POINT('',(-0.648628239542,3.333684034429E-05,
    -0.398422301185));
#3277 = CARTESIAN_POINT('',(-0.648444724124,-6.202E-14,-0.398210396145)
  );
#3278 = CARTESIAN_POINT('',(-0.648262773312,0.,-0.398));
#3279 = ORIENTED_EDGE('',*,*,#3160,.F.);
#3280 = CYLINDRICAL_SURFACE('',#3281,0.608447022513);
#3281 = AXIS2_PLACEMENT_3D('',#3282,#3283,#3284);
#3282 = CARTESIAN_POINT('',(-1.108484219145,0.9,9.E-17));
#3283 = DIRECTION('',(-0.,-1.,-0.));
#3284 = DIRECTION('',(0.,0.,-1.));
#3285 = ADVANCED_FACE('',(#3286),#3302,.F.);
#3286 = FACE_BOUND('',#3287,.T.);
#3287 = EDGE_LOOP('',(#3288,#3289,#3295,#3296));
#3288 = ORIENTED_EDGE('',*,*,#3223,.T.);
#3289 = ORIENTED_EDGE('',*,*,#3290,.T.);
#3290 = EDGE_CURVE('',#3224,#3036,#3291,.T.);
#3291 = LINE('',#3292,#3293);
#3292 = CARTESIAN_POINT('',(0.,2.E-03,0.4));
#3293 = VECTOR('',#3294,1.);
#3294 = DIRECTION('',(1.,0.,0.));
#3295 = ORIENTED_EDGE('',*,*,#3058,.F.);
#3296 = ORIENTED_EDGE('',*,*,#3297,.T.);
#3297 = EDGE_CURVE('',#3059,#3203,#3298,.T.);
#3298 = LINE('',#3299,#3300);
#3299 = CARTESIAN_POINT('',(-0.65,0.898,0.4));
#3300 = VECTOR('',#3301,1.);
#3301 = DIRECTION('',(-1.,-0.,-0.));
#3302 = PLANE('',#3303);
#3303 = AXIS2_PLACEMENT_3D('',#3304,#3305,#3306);
#3304 = CARTESIAN_POINT('',(0.,0.9,0.4));
#3305 = DIRECTION('',(0.,0.,-1.));
#3306 = DIRECTION('',(-1.,0.,-0.));
#3307 = ADVANCED_FACE('',(#3308),#3324,.F.);
#3308 = FACE_BOUND('',#3309,.T.);
#3309 = EDGE_LOOP('',(#3310,#3311,#3317,#3318));
#3310 = ORIENTED_EDGE('',*,*,#3252,.F.);
#3311 = ORIENTED_EDGE('',*,*,#3312,.T.);
#3312 = EDGE_CURVE('',#3253,#3116,#3313,.T.);
#3313 = LINE('',#3314,#3315);
#3314 = CARTESIAN_POINT('',(0.65,0.,-0.398));
#3315 = VECTOR('',#3316,1.);
#3316 = DIRECTION('',(1.,-0.,0.));
#3317 = ORIENTED_EDGE('',*,*,#3136,.T.);
#3318 = ORIENTED_EDGE('',*,*,#3319,.T.);
#3319 = EDGE_CURVE('',#3038,#3232,#3320,.T.);
#3320 = LINE('',#3321,#3322);
#3321 = CARTESIAN_POINT('',(0.,0.,0.398));
#3322 = VECTOR('',#3323,1.);
#3323 = DIRECTION('',(-1.,-0.,-0.));
#3324 = PLANE('',#3325);
#3325 = AXIS2_PLACEMENT_3D('',#3326,#3327,#3328);
#3326 = CARTESIAN_POINT('',(0.,0.,0.));
#3327 = DIRECTION('',(0.,1.,-0.));
#3328 = DIRECTION('',(0.,0.,1.));
#3329 = ADVANCED_FACE('',(#3330),#3336,.T.);
#3330 = FACE_BOUND('',#3331,.T.);
#3331 = EDGE_LOOP('',(#3332,#3333,#3334,#3335));
#3332 = ORIENTED_EDGE('',*,*,#3261,.F.);
#3333 = ORIENTED_EDGE('',*,*,#3152,.F.);
#3334 = ORIENTED_EDGE('',*,*,#3115,.F.);
#3335 = ORIENTED_EDGE('',*,*,#3312,.F.);
#3336 = CYLINDRICAL_SURFACE('',#3337,2.E-03);
#3337 = AXIS2_PLACEMENT_3D('',#3338,#3339,#3340);
#3338 = CARTESIAN_POINT('',(0.,2.E-03,-0.398));
#3339 = DIRECTION('',(-1.,0.,0.));
#3340 = DIRECTION('',(0.,0.,1.));
#3341 = ADVANCED_FACE('',(#3342),#3348,.T.);
#3342 = FACE_BOUND('',#3343,.T.);
#3343 = EDGE_LOOP('',(#3344,#3345,#3346,#3347));
#3344 = ORIENTED_EDGE('',*,*,#3231,.F.);
#3345 = ORIENTED_EDGE('',*,*,#3319,.F.);
#3346 = ORIENTED_EDGE('',*,*,#3035,.F.);
#3347 = ORIENTED_EDGE('',*,*,#3290,.F.);
#3348 = CYLINDRICAL_SURFACE('',#3349,2.E-03);
#3349 = AXIS2_PLACEMENT_3D('',#3350,#3351,#3352);
#3350 = CARTESIAN_POINT('',(0.,2.E-03,0.398));
#3351 = DIRECTION('',(1.,0.,0.));
#3352 = DIRECTION('',(0.,0.,-1.));
#3353 = ADVANCED_FACE('',(#3354),#3360,.T.);
#3354 = FACE_BOUND('',#3355,.T.);
#3355 = EDGE_LOOP('',(#3356,#3357,#3358,#3359));
#3356 = ORIENTED_EDGE('',*,*,#3182,.F.);
#3357 = ORIENTED_EDGE('',*,*,#3004,.F.);
#3358 = ORIENTED_EDGE('',*,*,#3086,.F.);
#3359 = ORIENTED_EDGE('',*,*,#3168,.F.);
#3360 = CYLINDRICAL_SURFACE('',#3361,2.E-03);
#3361 = AXIS2_PLACEMENT_3D('',#3362,#3363,#3364);
#3362 = CARTESIAN_POINT('',(0.,0.898,-0.398));
#3363 = DIRECTION('',(1.,0.,0.));
#3364 = DIRECTION('',(0.,0.,-1.));
#3365 = ADVANCED_FACE('',(#3366),#3372,.T.);
#3366 = FACE_BOUND('',#3367,.T.);
#3367 = EDGE_LOOP('',(#3368,#3369,#3370,#3371));
#3368 = ORIENTED_EDGE('',*,*,#3202,.F.);
#3369 = ORIENTED_EDGE('',*,*,#3297,.F.);
#3370 = ORIENTED_EDGE('',*,*,#3066,.F.);
#3371 = ORIENTED_EDGE('',*,*,#3021,.F.);
#3372 = CYLINDRICAL_SURFACE('',#3373,2.E-03);
#3373 = AXIS2_PLACEMENT_3D('',#3374,#3375,#3376);
#3374 = CARTESIAN_POINT('',(0.,0.898,0.398));
#3375 = DIRECTION('',(-1.,0.,0.));
#3376 = DIRECTION('',(0.,0.,1.));
#3377 = ADVANCED_FACE('',(#3378,#3508),#3618,.T.);
#3378 = FACE_BOUND('',#3379,.T.);
#3379 = EDGE_LOOP('',(#3380,#3398,#3414,#3446,#3478));
#3380 = ORIENTED_EDGE('',*,*,#3381,.F.);
#3381 = EDGE_CURVE('',#3382,#3384,#3386,.T.);
#3382 = VERTEX_POINT('',#3383);
#3383 = CARTESIAN_POINT('',(-0.135149862377,0.901,-4.147551482457E-02));
#3384 = VERTEX_POINT('',#3385);
#3385 = CARTESIAN_POINT('',(-0.109689125198,0.901,-5.507727764509E-02));
#3386 = B_SPLINE_CURVE_WITH_KNOTS('',3,(#3387,#3388,#3389,#3390,#3391,
    #3392,#3393,#3394,#3395,#3396,#3397),.UNSPECIFIED.,.F.,.F.,(4,1,1,1,
    1,1,1,1,4),(0.,0.132314033909,0.258700008553,0.380911821486,
    0.500534868973,0.620922617648,0.742375765398,0.868280834179,1.),
  .UNSPECIFIED.);
#3387 = CARTESIAN_POINT('',(-0.135149862377,0.901,-4.147551482457E-02));
#3388 = CARTESIAN_POINT('',(-0.134373404607,0.901,-4.255720200934E-02));
#3389 = CARTESIAN_POINT('',(-0.132855276668,0.901,-4.467211360023E-02));
#3390 = CARTESIAN_POINT('',(-0.130200787531,0.901,-4.744859719092E-02));
#3391 = CARTESIAN_POINT('',(-0.127348884563,0.901,-4.982318191646E-02));
#3392 = CARTESIAN_POINT('',(-0.124240991302,0.901,-5.174212879817E-02));
#3393 = CARTESIAN_POINT('',(-0.120926260376,0.901,-5.325541046488E-02));
#3394 = CARTESIAN_POINT('',(-0.117376233134,0.901,-5.43242242627E-02));
#3395 = CARTESIAN_POINT('',(-0.113604019231,0.901,-5.494696498555E-02));
#3396 = CARTESIAN_POINT('',(-0.11101357702,0.901,-5.503319143535E-02));
#3397 = CARTESIAN_POINT('',(-0.109689125198,0.901,-5.507727764509E-02));
#3398 = ORIENTED_EDGE('',*,*,#3399,.F.);
#3399 = EDGE_CURVE('',#3400,#3382,#3402,.T.);
#3400 = VERTEX_POINT('',#3401);
#3401 = CARTESIAN_POINT('',(-0.143363003403,0.901,-1.531604568162E-03));
#3402 = B_SPLINE_CURVE_WITH_KNOTS('',3,(#3403,#3404,#3405,#3406,#3407,
    #3408,#3409,#3410,#3411,#3412,#3413),.UNSPECIFIED.,.F.,.F.,(4,1,1,1,
    1,1,1,1,4),(0.,0.161071123948,0.31078880838,0.449903823831,
    0.578376316506,0.696617211905,0.80598732271,0.906561703289,1.),
  .UNSPECIFIED.);
#3403 = CARTESIAN_POINT('',(-0.143363003403,0.901,-1.531604568162E-03));
#3404 = CARTESIAN_POINT('',(-0.143345878893,0.901,-3.74925500536E-03));
#3405 = CARTESIAN_POINT('',(-0.143312836931,0.901,-8.028240089002E-03));
#3406 = CARTESIAN_POINT('',(-0.142894104921,0.901,-1.421012942465E-02));
#3407 = CARTESIAN_POINT('',(-0.142279512533,0.901,-1.992421525498E-02));
#3408 = CARTESIAN_POINT('',(-0.1413768219,0.901,-2.516093932431E-02));
#3409 = CARTESIAN_POINT('',(-0.140260657416,0.901,-2.993969693114E-02));
#3410 = CARTESIAN_POINT('',(-0.138831350676,0.901,-3.422900812208E-02));
#3411 = CARTESIAN_POINT('',(-0.137204188926,0.901,-3.808822513632E-02));
#3412 = CARTESIAN_POINT('',(-0.135817638071,0.901,-4.037444852957E-02));
#3413 = CARTESIAN_POINT('',(-0.135149862377,0.901,-4.147551482457E-02));
#3414 = ORIENTED_EDGE('',*,*,#3415,.F.);
#3415 = EDGE_CURVE('',#3416,#3400,#3418,.T.);
#3416 = VERTEX_POINT('',#3417);
#3417 = CARTESIAN_POINT('',(-0.109168291864,0.901,5.005092748312E-02));
#3418 = B_SPLINE_CURVE_WITH_KNOTS('',3,(#3419,#3420,#3421,#3422,#3423,
    #3424,#3425,#3426,#3427,#3428,#3429,#3430,#3431,#3432,#3433,#3434,
    #3435,#3436,#3437,#3438,#3439,#3440,#3441,#3442,#3443,#3444,#3445),
  .UNSPECIFIED.,.F.,.F.,(4,1,1,1,1,1,1,1,1,1,1,1,1,1,1,1,1,1,1,1,1,1,1,1
    ,4),(0.,3.821733796914E-02,7.486720303994E-02,0.110158081553,
    0.144453926659,0.178079726274,0.211170772594,0.243687054214,
    0.275871733445,0.308375516014,0.341263324936,0.375150339471,
    0.409655260704,0.445157367492,0.482073467205,0.520575756218,
    0.560553680898,0.603107575438,0.648688709529,0.697947677888,
    0.750767767018,0.807309402446,0.867655570791,0.9318612221,1.),
  .UNSPECIFIED.);
#3419 = CARTESIAN_POINT('',(-0.109168291864,0.901,5.005092748312E-02));
#3420 = CARTESIAN_POINT('',(-0.110063489377,0.901,5.003549220544E-02));
#3421 = CARTESIAN_POINT('',(-0.111817168139,0.901,5.000525472347E-02));
#3422 = CARTESIAN_POINT('',(-0.114390168038,0.901,4.976978246409E-02));
#3423 = CARTESIAN_POINT('',(-0.116841865059,0.901,4.933522291535E-02));
#3424 = CARTESIAN_POINT('',(-0.119199388187,0.901,4.878955970901E-02));
#3425 = CARTESIAN_POINT('',(-0.121446329432,0.901,4.803869090872E-02));
#3426 = CARTESIAN_POINT('',(-0.123593462809,0.901,4.714262068267E-02));
#3427 = CARTESIAN_POINT('',(-0.125624278722,0.901,4.60766723971E-02));
#3428 = CARTESIAN_POINT('',(-0.127544400178,0.901,4.484735562173E-02));
#3429 = CARTESIAN_POINT('',(-0.129347271338,0.901,4.34376676544E-02));
#3430 = CARTESIAN_POINT('',(-0.131060908809,0.901,4.186268668908E-02));
#3431 = CARTESIAN_POINT('',(-0.132681521924,0.901,4.012640489767E-02));
#3432 = CARTESIAN_POINT('',(-0.134184457142,0.901,3.82093744855E-02));
#3433 = CARTESIAN_POINT('',(-0.135594328189,0.901,3.61371838124E-02));
#3434 = CARTESIAN_POINT('',(-0.136896432342,0.901,3.388616946846E-02));
#3435 = CARTESIAN_POINT('',(-0.13808998707,0.901,3.145960887675E-02));
#3436 = CARTESIAN_POINT('',(-0.139212326985,0.901,2.88541196618E-02));
#3437 = CARTESIAN_POINT('',(-0.140187498305,0.901,2.601360862749E-02));
#3438 = CARTESIAN_POINT('',(-0.141055355501,0.901,2.291271037116E-02));
#3439 = CARTESIAN_POINT('',(-0.141766281288,0.901,1.952557634895E-02));
#3440 = CARTESIAN_POINT('',(-0.142338055377,0.901,1.585329471277E-02));
#3441 = CARTESIAN_POINT('',(-0.142794559482,0.901,1.190364535198E-02));
#3442 = CARTESIAN_POINT('',(-0.143134146065,0.901,7.674721884922E-03));
#3443 = CARTESIAN_POINT('',(-0.143335187966,0.901,3.164554580687E-03));
#3444 = CARTESIAN_POINT('',(-0.143353549694,0.901,6.44919321003E-05));
#3445 = CARTESIAN_POINT('',(-0.143363003403,0.901,-1.531604568162E-03));
#3446 = ORIENTED_EDGE('',*,*,#3447,.F.);
#3447 = EDGE_CURVE('',#3448,#3416,#3450,.T.);
#3448 = VERTEX_POINT('',#3449);
#3449 = CARTESIAN_POINT('',(-7.541428545408E-02,0.901,
    -2.473110978419E-03));
#3450 = B_SPLINE_CURVE_WITH_KNOTS('',3,(#3451,#3452,#3453,#3454,#3455,
    #3456,#3457,#3458,#3459,#3460,#3461,#3462,#3463,#3464,#3465,#3466,
    #3467,#3468,#3469,#3470,#3471,#3472,#3473,#3474,#3475,#3476,#3477),
  .UNSPECIFIED.,.F.,.F.,(4,1,1,1,1,1,1,1,1,1,1,1,1,1,1,1,1,1,1,1,1,1,1,1
    ,4),(0.,6.849087449695E-02,0.133076540491,0.193828987192,
    0.251082857446,0.304400837153,0.354408343726,0.401294781778,
    0.444700684545,0.485692492089,0.524676484427,0.562306759178,
    0.597946584653,0.632473549027,0.665752042897,0.69798529955,
    0.729586224149,0.760825196874,0.792355079561,0.824312603963,
    0.857156271979,0.890926887145,0.925960442916,0.962061322994,1.),
  .UNSPECIFIED.);
#3451 = CARTESIAN_POINT('',(-7.541428545408E-02,0.901,
    -2.473110978419E-03));
#3452 = CARTESIAN_POINT('',(-7.542383589221E-02,0.901,
    -8.569971373132E-04));
#3453 = CARTESIAN_POINT('',(-7.544239222216E-02,0.901,2.283083064515E-03
    ));
#3454 = CARTESIAN_POINT('',(-7.564232359648E-02,0.901,6.853463484889E-03
    ));
#3455 = CARTESIAN_POINT('',(-7.598661486875E-02,0.901,1.114848166613E-02
    ));
#3456 = CARTESIAN_POINT('',(-7.6430362308E-02,0.901,1.516769326466E-02)
  );
#3457 = CARTESIAN_POINT('',(-7.703817491772E-02,0.901,1.890897579673E-02
    ));
#3458 = CARTESIAN_POINT('',(-7.77500079742E-02,0.901,2.238201666805E-02)
  );
#3459 = CARTESIAN_POINT('',(-7.859589652173E-02,0.901,2.558555698864E-02
    ));
#3460 = CARTESIAN_POINT('',(-7.961711879485E-02,0.901,2.851237849928E-02
    ));
#3461 = CARTESIAN_POINT('',(-8.071605463093E-02,0.901,3.120962677902E-02
    ));
#3462 = CARTESIAN_POINT('',(-8.192534564214E-02,0.901,3.37095911683E-02)
  );
#3463 = CARTESIAN_POINT('',(-8.322391405819E-02,0.901,3.601904295315E-02
    ));
#3464 = CARTESIAN_POINT('',(-8.458197463423E-02,0.901,3.817282335508E-02
    ));
#3465 = CARTESIAN_POINT('',(-8.607398124505E-02,0.901,4.010744002157E-02
    ));
#3466 = CARTESIAN_POINT('',(-8.762731372317E-02,0.901,4.188868003568E-02
    ));
#3467 = CARTESIAN_POINT('',(-8.930960693901E-02,0.901,4.344869368046E-02
    ));
#3468 = CARTESIAN_POINT('',(-9.105002984456E-02,0.901,4.486787705809E-02
    ));
#3469 = CARTESIAN_POINT('',(-9.291234116942E-02,0.901,4.609433629879E-02
    ));
#3470 = CARTESIAN_POINT('',(-9.487733538781E-02,0.901,4.716697732937E-02
    ));
#3471 = CARTESIAN_POINT('',(-9.698004493395E-02,0.901,4.803701660393E-02
    ));
#3472 = CARTESIAN_POINT('',(-9.918214098932E-02,0.901,4.879373029465E-02
    ));
#3473 = CARTESIAN_POINT('',(-0.101521158728,0.901,4.933696907557E-02));
#3474 = CARTESIAN_POINT('',(-0.103959931479,0.901,4.976801119537E-02));
#3475 = CARTESIAN_POINT('',(-0.106525992494,0.901,5.00062315095E-02));
#3476 = CARTESIAN_POINT('',(-0.108273070189,0.901,5.003578430712E-02));
#3477 = CARTESIAN_POINT('',(-0.109168291864,0.901,5.005092748312E-02));
#3478 = ORIENTED_EDGE('',*,*,#3479,.F.);
#3479 = EDGE_CURVE('',#3384,#3448,#3480,.T.);
#3480 = B_SPLINE_CURVE_WITH_KNOTS('',3,(#3481,#3482,#3483,#3484,#3485,
    #3486,#3487,#3488,#3489,#3490,#3491,#3492,#3493,#3494,#3495,#3496,
    #3497,#3498,#3499,#3500,#3501,#3502,#3503,#3504,#3505,#3506,#3507),
  .UNSPECIFIED.,.F.,.F.,(4,1,1,1,1,1,1,1,1,1,1,1,1,1,1,1,1,1,1,1,1,1,1,1
    ,4),(0.,3.663489025513E-02,7.203398234779E-02,0.106625970607,
    0.140305693938,0.173619470493,0.20642567257,0.239067006133,
    0.271882880563,0.304839888813,0.338529033705,0.372616187859,
    0.407548250027,0.443718905957,0.481311509092,0.520112998146,
    0.560912902833,0.604024600614,0.650074563866,0.699572227777,
    0.752362539089,0.808788717346,0.86895421252,0.932674719938,1.),
  .UNSPECIFIED.);
#3481 = CARTESIAN_POINT('',(-0.109689125198,0.901,-5.507727764509E-02));
#3482 = CARTESIAN_POINT('',(-0.108820332752,0.901,-5.506438017632E-02));
#3483 = CARTESIAN_POINT('',(-0.107112054681,0.901,-5.503902030678E-02));
#3484 = CARTESIAN_POINT('',(-0.104596082641,0.901,-5.47643522641E-02));
#3485 = CARTESIAN_POINT('',(-0.102172505944,0.901,-5.434940545442E-02));
#3486 = CARTESIAN_POINT('',(-9.983184325618E-02,0.901,
    -5.377069934923E-02));
#3487 = CARTESIAN_POINT('',(-9.759094290605E-02,0.901,
    -5.300480243249E-02));
#3488 = CARTESIAN_POINT('',(-9.543349515744E-02,0.901,
    -5.208803695163E-02));
#3489 = CARTESIAN_POINT('',(-9.338517988211E-02,0.901,-5.09723166686E-02
    ));
#3490 = CARTESIAN_POINT('',(-9.141987451471E-02,0.901,
    -4.971205330674E-02));
#3491 = CARTESIAN_POINT('',(-8.953833609346E-02,0.901,
    -4.828525652437E-02));
#3492 = CARTESIAN_POINT('',(-8.778578607752E-02,0.901,-4.66586345224E-02
    ));
#3493 = CARTESIAN_POINT('',(-8.613021918021E-02,0.901,
    -4.486961594021E-02));
#3494 = CARTESIAN_POINT('',(-8.460747232872E-02,0.901,
    -4.289115402682E-02));
#3495 = CARTESIAN_POINT('',(-8.31838238298E-02,0.901,-4.074124499086E-02
    ));
#3496 = CARTESIAN_POINT('',(-8.186395155304E-02,0.901,
    -3.841954792535E-02));
#3497 = CARTESIAN_POINT('',(-8.065795944782E-02,0.901,
    -3.591469967809E-02));
#3498 = CARTESIAN_POINT('',(-7.955233121978E-02,0.901,
    -3.322218005149E-02));
#3499 = CARTESIAN_POINT('',(-7.856367496636E-02,0.901,
    -3.030162933955E-02));
#3500 = CARTESIAN_POINT('',(-7.773093103008E-02,0.901,-2.7119547557E-02)
  );
#3501 = CARTESIAN_POINT('',(-7.701671376089E-02,0.901,
    -2.367520802438E-02));
#3502 = CARTESIAN_POINT('',(-7.641386399176E-02,0.901,
    -1.996003725396E-02));
#3503 = CARTESIAN_POINT('',(-7.5958207003E-02,0.901,-1.596909689923E-02)
  );
#3504 = CARTESIAN_POINT('',(-7.565108501964E-02,0.901,
    -1.170503834105E-02));
#3505 = CARTESIAN_POINT('',(-7.544032337708E-02,0.901,
    -7.176082057569E-03));
#3506 = CARTESIAN_POINT('',(-7.542312248097E-02,0.901,
    -4.069255259697E-03));
#3507 = CARTESIAN_POINT('',(-7.541428545408E-02,0.901,
    -2.473110978419E-03));
#3508 = FACE_BOUND('',#3509,.T.);
#3509 = EDGE_LOOP('',(#3510,#3540,#3564,#3580,#3596));
#3510 = ORIENTED_EDGE('',*,*,#3511,.F.);
#3511 = EDGE_CURVE('',#3512,#3514,#3516,.T.);
#3512 = VERTEX_POINT('',#3513);
#3513 = CARTESIAN_POINT('',(-0.109248420069,0.901,-3.712855969637E-02));
#3514 = VERTEX_POINT('',#3515);
#3515 = CARTESIAN_POINT('',(-0.125414285454,0.901,-1.331284055342E-03));
#3516 = B_SPLINE_CURVE_WITH_KNOTS('',3,(#3517,#3518,#3519,#3520,#3521,
    #3522,#3523,#3524,#3525,#3526,#3527,#3528,#3529,#3530,#3531,#3532,
    #3533,#3534,#3535,#3536,#3537,#3538,#3539),.UNSPECIFIED.,.F.,.F.,(4,
    1,1,1,1,1,1,1,1,1,1,1,1,1,1,1,1,1,1,1,4),(0.,5.383370089592E-02,
    0.105542630409,0.158054172096,0.21198733578,0.240206890329,
    0.26979351036,0.301343098797,0.334608061371,0.370284441665,
    0.408088838015,0.44868134581,0.49206929656,0.538664156666,
    0.590371053875,0.646387784155,0.707195375763,0.772946774682,
    0.843642601247,0.919308357057,1.),.UNSPECIFIED.);
#3517 = CARTESIAN_POINT('',(-0.109248420069,0.901,-3.712855969637E-02));
#3518 = CARTESIAN_POINT('',(-0.110033815644,0.901,-3.709133350761E-02));
#3519 = CARTESIAN_POINT('',(-0.111573607883,0.901,-3.70183504168E-02));
#3520 = CARTESIAN_POINT('',(-0.113807919787,0.901,-3.639882694469E-02));
#3521 = CARTESIAN_POINT('',(-0.11591473641,0.901,-3.544193953851E-02));
#3522 = CARTESIAN_POINT('',(-0.117517335544,0.901,-3.42904751552E-02));
#3523 = CARTESIAN_POINT('',(-0.118716865056,0.901,-3.318665845818E-02));
#3524 = CARTESIAN_POINT('',(-0.119554984928,0.901,-3.218774024504E-02));
#3525 = CARTESIAN_POINT('',(-0.120363219448,0.901,-3.107301951205E-02));
#3526 = CARTESIAN_POINT('',(-0.121077092878,0.901,-2.979219464341E-02));
#3527 = CARTESIAN_POINT('',(-0.121751175742,0.901,-2.839128719109E-02));
#3528 = CARTESIAN_POINT('',(-0.122409957885,0.901,-2.686393787374E-02));
#3529 = CARTESIAN_POINT('',(-0.122949986255,0.901,-2.517263168873E-02));
#3530 = CARTESIAN_POINT('',(-0.123480549812,0.901,-2.334617179742E-02));
#3531 = CARTESIAN_POINT('',(-0.123945372994,0.901,-2.133406143643E-02));
#3532 = CARTESIAN_POINT('',(-0.124334792918,0.901,-1.911985382351E-02));
#3533 = CARTESIAN_POINT('',(-0.12468270539,0.901,-1.668914976313E-02));
#3534 = CARTESIAN_POINT('',(-0.124925378488,0.901,-1.404035714097E-02));
#3535 = CARTESIAN_POINT('',(-0.125151622641,0.901,-1.117624724701E-02));
#3536 = CARTESIAN_POINT('',(-0.125313805164,0.901,-8.090439956129E-03));
#3537 = CARTESIAN_POINT('',(-0.125381609606,0.901,-4.783767752986E-03));
#3538 = CARTESIAN_POINT('',(-0.125403162575,0.901,-2.506511678297E-03));
#3539 = CARTESIAN_POINT('',(-0.125414285454,0.901,-1.331284055342E-03));
#3540 = ORIENTED_EDGE('',*,*,#3541,.F.);
#3541 = EDGE_CURVE('',#3542,#3512,#3544,.T.);
#3542 = VERTEX_POINT('',#3543);
#3543 = CARTESIAN_POINT('',(-9.33630034028E-02,0.901,-2.473110978419E-03
    ));
#3544 = B_SPLINE_CURVE_WITH_KNOTS('',3,(#3545,#3546,#3547,#3548,#3549,
    #3550,#3551,#3552,#3553,#3554,#3555,#3556,#3557,#3558,#3559,#3560,
    #3561,#3562,#3563),.UNSPECIFIED.,.F.,.F.,(4,1,1,1,1,1,1,1,1,1,1,1,1,
    1,1,1,4),(0.,0.112114795662,0.215801842688,0.310202692316,
    0.395992925299,0.473410230742,0.542778420361,0.604548022283,
    0.659357265612,0.708764361712,0.755355505948,0.798686993801,
    0.840016839148,0.880203447007,0.919733348246,0.959048605901,1.),
  .UNSPECIFIED.);
#3545 = CARTESIAN_POINT('',(-9.33630034028E-02,0.901,-2.473110978419E-03
    ));
#3546 = CARTESIAN_POINT('',(-9.336959899498E-02,0.901,
    -4.049312164759E-03));
#3547 = CARTESIAN_POINT('',(-9.3382294384E-02,0.901,-7.083230377343E-03)
  );
#3548 = CARTESIAN_POINT('',(-9.361521801082E-02,0.901,-1.14387768739E-02
    ));
#3549 = CARTESIAN_POINT('',(-9.393958195853E-02,0.901,
    -1.541684573135E-02));
#3550 = CARTESIAN_POINT('',(-9.441403277566E-02,0.901,
    -1.900855553905E-02));
#3551 = CARTESIAN_POINT('',(-9.502449998746E-02,0.901,
    -2.222262539735E-02));
#3552 = CARTESIAN_POINT('',(-9.57769031302E-02,0.901,-2.505884519768E-02
    ));
#3553 = CARTESIAN_POINT('',(-9.666393046568E-02,0.901,-2.7522804584E-02)
  );
#3554 = CARTESIAN_POINT('',(-9.771583917483E-02,0.901,
    -2.961204664994E-02));
#3555 = CARTESIAN_POINT('',(-9.888089342813E-02,0.901,
    -3.138761580963E-02));
#3556 = CARTESIAN_POINT('',(-0.100117634083,0.901,-3.291091642286E-02));
#3557 = CARTESIAN_POINT('',(-0.101431290582,0.901,-3.421147205443E-02));
#3558 = CARTESIAN_POINT('',(-0.102819666066,0.901,-3.529417692305E-02));
#3559 = CARTESIAN_POINT('',(-0.104314894969,0.901,-3.612144464661E-02));
#3560 = CARTESIAN_POINT('',(-0.105888416471,0.901,-3.670556409641E-02));
#3561 = CARTESIAN_POINT('',(-0.10754345641,0.901,-3.705893677448E-02));
#3562 = CARTESIAN_POINT('',(-0.108672427953,0.901,-3.71050388114E-02));
#3563 = CARTESIAN_POINT('',(-0.109248420069,0.901,-3.712855969637E-02));
#3564 = ORIENTED_EDGE('',*,*,#3565,.F.);
#3565 = EDGE_CURVE('',#3566,#3542,#3568,.T.);
#3566 = VERTEX_POINT('',#3567);
#3567 = CARTESIAN_POINT('',(-9.829088801818E-02,0.901,2.523121594466E-02
    ));
#3568 = B_SPLINE_CURVE_WITH_KNOTS('',3,(#3569,#3570,#3571,#3572,#3573,
    #3574,#3575,#3576,#3577,#3578,#3579),.UNSPECIFIED.,.F.,.F.,(4,1,1,1,
    1,1,1,1,4),(0.,8.887073112254E-02,0.186354715971,0.294077654396,
    0.412236527958,0.541778144421,0.682702606632,0.835096352604,1.),
  .UNSPECIFIED.);
#3569 = CARTESIAN_POINT('',(-9.829088801818E-02,0.901,2.523121594466E-02
    ));
#3570 = CARTESIAN_POINT('',(-9.788645621465E-02,0.901,2.449150522857E-02
    ));
#3571 = CARTESIAN_POINT('',(-9.703839552103E-02,0.901,2.294039184561E-02
    ));
#3572 = CARTESIAN_POINT('',(-9.605701822197E-02,0.901,2.032294584787E-02
    ));
#3573 = CARTESIAN_POINT('',(-9.523094950926E-02,0.901,1.73708993665E-02)
  );
#3574 = CARTESIAN_POINT('',(-9.451996424767E-02,0.901,1.407506535256E-02
    ));
#3575 = CARTESIAN_POINT('',(-9.403369370001E-02,0.901,1.042244463013E-02
    ));
#3576 = CARTESIAN_POINT('',(-9.361491809752E-02,0.901,6.436198783256E-03
    ));
#3577 = CARTESIAN_POINT('',(-9.341293221825E-02,0.901,2.096254690847E-03
    ));
#3578 = CARTESIAN_POINT('',(-9.338007811455E-02,0.901,
    -9.104742326478E-04));
#3579 = CARTESIAN_POINT('',(-9.33630034028E-02,0.901,-2.473110978419E-03
    ));
#3580 = ORIENTED_EDGE('',*,*,#3581,.F.);
#3581 = EDGE_CURVE('',#3582,#3566,#3584,.T.);
#3582 = VERTEX_POINT('',#3583);
#3583 = CARTESIAN_POINT('',(-0.109248420069,0.901,3.21022095344E-02));
#3584 = B_SPLINE_CURVE_WITH_KNOTS('',3,(#3585,#3586,#3587,#3588,#3589,
    #3590,#3591,#3592,#3593,#3594,#3595),.UNSPECIFIED.,.F.,.F.,(4,1,1,1,
    1,1,1,1,4),(0.,0.124035433003,0.242845954812,0.36034168245,
    0.479042431656,0.599334110043,0.725488475771,0.858549428527,1.),
  .UNSPECIFIED.);
#3585 = CARTESIAN_POINT('',(-0.109248420069,0.901,3.21022095344E-02));
#3586 = CARTESIAN_POINT('',(-0.108685869973,0.901,3.20855787318E-02));
#3587 = CARTESIAN_POINT('',(-0.107584466834,0.901,3.205301768825E-02));
#3588 = CARTESIAN_POINT('',(-0.10597837439,0.901,3.171878295295E-02));
#3589 = CARTESIAN_POINT('',(-0.104459539252,0.901,3.11753898678E-02));
#3590 = CARTESIAN_POINT('',(-0.103032547256,0.901,3.040672219967E-02));
#3591 = CARTESIAN_POINT('',(-0.10169229425,0.901,2.942924365036E-02));
#3592 = CARTESIAN_POINT('',(-0.100445330567,0.901,2.823865876485E-02));
#3593 = CARTESIAN_POINT('',(-9.930106055465E-02,0.901,2.682310018442E-02
    ));
#3594 = CARTESIAN_POINT('',(-9.863440365109E-02,0.901,2.577254636337E-02
    ));
#3595 = CARTESIAN_POINT('',(-9.829088801818E-02,0.901,2.523121594466E-02
    ));
#3596 = ORIENTED_EDGE('',*,*,#3597,.F.);
#3597 = EDGE_CURVE('',#3514,#3582,#3598,.T.);
#3598 = B_SPLINE_CURVE_WITH_KNOTS('',3,(#3599,#3600,#3601,#3602,#3603,
    #3604,#3605,#3606,#3607,#3608,#3609,#3610,#3611,#3612,#3613,#3614,
    #3615,#3616,#3617),.UNSPECIFIED.,.F.,.F.,(4,1,1,1,1,1,1,1,1,1,1,1,1,
    1,1,1,4),(0.,0.110734280486,0.212341192992,0.305502125563,
    0.389834841086,0.466690457946,0.535261854293,0.596762913889,
    0.651065718984,0.70103555111,0.747860270908,0.791833397136,
    0.834284006909,0.875333889775,0.916034749278,0.957652280723,1.),
  .UNSPECIFIED.);
#3599 = CARTESIAN_POINT('',(-0.125414285454,0.901,-1.331284055342E-03));
#3600 = CARTESIAN_POINT('',(-0.125395978544,0.901,1.912801437515E-04));
#3601 = CARTESIAN_POINT('',(-0.125360873688,0.901,3.110909882816E-03));
#3602 = CARTESIAN_POINT('',(-0.125177010855,0.901,7.309439108918E-03));
#3603 = CARTESIAN_POINT('',(-0.124808473067,0.901,1.11304387805E-02));
#3604 = CARTESIAN_POINT('',(-0.124350086467,0.901,1.459980522674E-02));
#3605 = CARTESIAN_POINT('',(-0.123706263769,0.901,1.769503867721E-02));
#3606 = CARTESIAN_POINT('',(-0.122965504079,0.901,2.04454229117E-02));
#3607 = CARTESIAN_POINT('',(-0.122050731728,0.901,2.281589720856E-02));
#3608 = CARTESIAN_POINT('',(-0.120993536016,0.901,2.484074395873E-02));
#3609 = CARTESIAN_POINT('',(-0.119822644129,0.901,2.656327688198E-02));
#3610 = CARTESIAN_POINT('',(-0.118551589478,0.901,2.802743762481E-02));
#3611 = CARTESIAN_POINT('',(-0.11722364692,0.901,2.929533174978E-02));
#3612 = CARTESIAN_POINT('',(-0.11579736705,0.901,3.032522652347E-02));
#3613 = CARTESIAN_POINT('',(-0.114276152543,0.901,3.111449040326E-02));
#3614 = CARTESIAN_POINT('',(-0.112672702744,0.901,3.168219816482E-02));
#3615 = CARTESIAN_POINT('',(-0.110985998682,0.901,3.202971572816E-02));
#3616 = CARTESIAN_POINT('',(-0.109830961128,0.901,3.207790524201E-02));
#3617 = CARTESIAN_POINT('',(-0.109248420069,0.901,3.21022095344E-02));
#3618 = PLANE('',#3619);
#3619 = AXIS2_PLACEMENT_3D('',#3620,#3621,#3622);
#3620 = CARTESIAN_POINT('',(-0.124226599931,0.901,-5.166421287777E-02));
#3621 = DIRECTION('',(-9.051E-13,1.,-7.4993E-13));
#3622 = DIRECTION('',(-1.,-9.051E-13,0.));
#3623 = ADVANCED_FACE('',(#3624),#3640,.T.);
#3624 = FACE_BOUND('',#3625,.T.);
#3625 = EDGE_LOOP('',(#3626,#3627,#3633,#3634));
#3626 = ORIENTED_EDGE('',*,*,#2863,.F.);
#3627 = ORIENTED_EDGE('',*,*,#3628,.F.);
#3628 = EDGE_CURVE('',#3382,#2864,#3629,.T.);
#3629 = LINE('',#3630,#3631);
#3630 = CARTESIAN_POINT('',(-0.135149862377,0.901,-4.147551482457E-02));
#3631 = VECTOR('',#3632,1.);
#3632 = DIRECTION('',(-0.,-1.,-0.));
#3633 = ORIENTED_EDGE('',*,*,#3381,.T.);
#3634 = ORIENTED_EDGE('',*,*,#3635,.T.);
#3635 = EDGE_CURVE('',#3384,#2866,#3636,.T.);
#3636 = LINE('',#3637,#3638);
#3637 = CARTESIAN_POINT('',(-0.109689125198,0.901,-5.507727764509E-02));
#3638 = VECTOR('',#3639,1.);
#3639 = DIRECTION('',(-0.,-1.,-0.));
#3640 = B_SPLINE_SURFACE_WITH_KNOTS('',3,1,(
    (#3641,#3642)
    ,(#3643,#3644)
    ,(#3645,#3646)
    ,(#3647,#3648)
    ,(#3649,#3650)
    ,(#3651,#3652)
    ,(#3653,#3654)
    ,(#3655,#3656)
    ,(#3657,#3658)
    ,(#3659,#3660)
    ,(#3661,#3662
  )),.UNSPECIFIED.,.F.,.F.,.F.,(4,1,1,1,1,1,1,1,4),(2,2),(0.,
    0.132314033909,0.258700008553,0.380911821486,0.500534868973,
    0.620922617648,0.742375765398,0.868280834179,1.),(0.,1.),
  .UNSPECIFIED.);
#3641 = CARTESIAN_POINT('',(-0.135149862377,0.901,-4.147551482457E-02));
#3642 = CARTESIAN_POINT('',(-0.135149862377,0.9,-4.147551482457E-02));
#3643 = CARTESIAN_POINT('',(-0.134373404607,0.901,-4.255720200934E-02));
#3644 = CARTESIAN_POINT('',(-0.134373404607,0.9,-4.255720200934E-02));
#3645 = CARTESIAN_POINT('',(-0.132855276668,0.901,-4.467211360023E-02));
#3646 = CARTESIAN_POINT('',(-0.132855276668,0.9,-4.467211360023E-02));
#3647 = CARTESIAN_POINT('',(-0.130200787531,0.901,-4.744859719092E-02));
#3648 = CARTESIAN_POINT('',(-0.130200787531,0.9,-4.744859719092E-02));
#3649 = CARTESIAN_POINT('',(-0.127348884563,0.901,-4.982318191646E-02));
#3650 = CARTESIAN_POINT('',(-0.127348884563,0.9,-4.982318191646E-02));
#3651 = CARTESIAN_POINT('',(-0.124240991302,0.901,-5.174212879817E-02));
#3652 = CARTESIAN_POINT('',(-0.124240991302,0.9,-5.174212879817E-02));
#3653 = CARTESIAN_POINT('',(-0.120926260376,0.901,-5.325541046488E-02));
#3654 = CARTESIAN_POINT('',(-0.120926260376,0.9,-5.325541046488E-02));
#3655 = CARTESIAN_POINT('',(-0.117376233134,0.901,-5.43242242627E-02));
#3656 = CARTESIAN_POINT('',(-0.117376233134,0.9,-5.43242242627E-02));
#3657 = CARTESIAN_POINT('',(-0.113604019231,0.901,-5.494696498555E-02));
#3658 = CARTESIAN_POINT('',(-0.113604019231,0.9,-5.494696498555E-02));
#3659 = CARTESIAN_POINT('',(-0.11101357702,0.901,-5.503319143535E-02));
#3660 = CARTESIAN_POINT('',(-0.11101357702,0.9,-5.503319143535E-02));
#3661 = CARTESIAN_POINT('',(-0.109689125198,0.901,-5.507727764509E-02));
#3662 = CARTESIAN_POINT('',(-0.109689125198,0.9,-5.507727764509E-02));
#3663 = ADVANCED_FACE('',(#3664),#3675,.T.);
#3664 = FACE_BOUND('',#3665,.T.);
#3665 = EDGE_LOOP('',(#3666,#3667,#3673,#3674));
#3666 = ORIENTED_EDGE('',*,*,#2977,.F.);
#3667 = ORIENTED_EDGE('',*,*,#3668,.F.);
#3668 = EDGE_CURVE('',#3400,#2946,#3669,.T.);
#3669 = LINE('',#3670,#3671);
#3670 = CARTESIAN_POINT('',(-0.143363003403,0.901,-1.531604568162E-03));
#3671 = VECTOR('',#3672,1.);
#3672 = DIRECTION('',(-0.,-1.,-0.));
#3673 = ORIENTED_EDGE('',*,*,#3399,.T.);
#3674 = ORIENTED_EDGE('',*,*,#3628,.T.);
#3675 = B_SPLINE_SURFACE_WITH_KNOTS('',3,1,(
    (#3676,#3677)
    ,(#3678,#3679)
    ,(#3680,#3681)
    ,(#3682,#3683)
    ,(#3684,#3685)
    ,(#3686,#3687)
    ,(#3688,#3689)
    ,(#3690,#3691)
    ,(#3692,#3693)
    ,(#3694,#3695)
    ,(#3696,#3697
  )),.UNSPECIFIED.,.F.,.F.,.F.,(4,1,1,1,1,1,1,1,4),(2,2),(0.,
    0.161071123948,0.31078880838,0.449903823831,0.578376316506,
    0.696617211905,0.80598732271,0.906561703289,1.),(0.,1.),
  .UNSPECIFIED.);
#3676 = CARTESIAN_POINT('',(-0.143363003403,0.901,-1.531604568162E-03));
#3677 = CARTESIAN_POINT('',(-0.143363003403,0.9,-1.531604568162E-03));
#3678 = CARTESIAN_POINT('',(-0.143345878893,0.901,-3.74925500536E-03));
#3679 = CARTESIAN_POINT('',(-0.143345878893,0.9,-3.74925500536E-03));
#3680 = CARTESIAN_POINT('',(-0.143312836931,0.901,-8.028240089002E-03));
#3681 = CARTESIAN_POINT('',(-0.143312836931,0.9,-8.028240089002E-03));
#3682 = CARTESIAN_POINT('',(-0.142894104921,0.901,-1.421012942465E-02));
#3683 = CARTESIAN_POINT('',(-0.142894104921,0.9,-1.421012942465E-02));
#3684 = CARTESIAN_POINT('',(-0.142279512533,0.901,-1.992421525498E-02));
#3685 = CARTESIAN_POINT('',(-0.142279512533,0.9,-1.992421525498E-02));
#3686 = CARTESIAN_POINT('',(-0.1413768219,0.901,-2.516093932431E-02));
#3687 = CARTESIAN_POINT('',(-0.1413768219,0.9,-2.516093932431E-02));
#3688 = CARTESIAN_POINT('',(-0.140260657416,0.901,-2.993969693114E-02));
#3689 = CARTESIAN_POINT('',(-0.140260657416,0.9,-2.993969693114E-02));
#3690 = CARTESIAN_POINT('',(-0.138831350676,0.901,-3.422900812208E-02));
#3691 = CARTESIAN_POINT('',(-0.138831350676,0.9,-3.422900812208E-02));
#3692 = CARTESIAN_POINT('',(-0.137204188926,0.901,-3.808822513632E-02));
#3693 = CARTESIAN_POINT('',(-0.137204188926,0.9,-3.808822513632E-02));
#3694 = CARTESIAN_POINT('',(-0.135817638071,0.901,-4.037444852957E-02));
#3695 = CARTESIAN_POINT('',(-0.135817638071,0.9,-4.037444852957E-02));
#3696 = CARTESIAN_POINT('',(-0.135149862377,0.901,-4.147551482457E-02));
#3697 = CARTESIAN_POINT('',(-0.135149862377,0.9,-4.147551482457E-02));
#3698 = ADVANCED_FACE('',(#3699),#3710,.T.);
#3699 = FACE_BOUND('',#3700,.T.);
#3700 = EDGE_LOOP('',(#3701,#3702,#3708,#3709));
#3701 = ORIENTED_EDGE('',*,*,#2945,.F.);
#3702 = ORIENTED_EDGE('',*,*,#3703,.F.);
#3703 = EDGE_CURVE('',#3416,#2914,#3704,.T.);
#3704 = LINE('',#3705,#3706);
#3705 = CARTESIAN_POINT('',(-0.109168291864,0.901,5.005092748312E-02));
#3706 = VECTOR('',#3707,1.);
#3707 = DIRECTION('',(-0.,-1.,-0.));
#3708 = ORIENTED_EDGE('',*,*,#3415,.T.);
#3709 = ORIENTED_EDGE('',*,*,#3668,.T.);
#3710 = B_SPLINE_SURFACE_WITH_KNOTS('',3,1,(
    (#3711,#3712)
    ,(#3713,#3714)
    ,(#3715,#3716)
    ,(#3717,#3718)
    ,(#3719,#3720)
    ,(#3721,#3722)
    ,(#3723,#3724)
    ,(#3725,#3726)
    ,(#3727,#3728)
    ,(#3729,#3730)
    ,(#3731,#3732)
    ,(#3733,#3734)
    ,(#3735,#3736)
    ,(#3737,#3738)
    ,(#3739,#3740)
    ,(#3741,#3742)
    ,(#3743,#3744)
    ,(#3745,#3746)
    ,(#3747,#3748)
    ,(#3749,#3750)
    ,(#3751,#3752)
    ,(#3753,#3754)
    ,(#3755,#3756)
    ,(#3757,#3758)
    ,(#3759,#3760)
    ,(#3761,#3762)
    ,(#3763,#3764
    )),.UNSPECIFIED.,.F.,.F.,.F.,(4,1,1,1,1,1,1,1,1,1,1,1,1,1,1,1,1,1,1,
    1,1,1,1,1,4),(2,2),(0.,3.821733796914E-02,7.486720303994E-02,
    0.110158081553,0.144453926659,0.178079726274,0.211170772594,
    0.243687054214,0.275871733445,0.308375516014,0.341263324936,
    0.375150339471,0.409655260704,0.445157367492,0.482073467205,
    0.520575756218,0.560553680898,0.603107575438,0.648688709529,
    0.697947677888,0.750767767018,0.807309402446,0.867655570791,
    0.9318612221,1.),(0.,1.),.UNSPECIFIED.);
#3711 = CARTESIAN_POINT('',(-0.109168291864,0.901,5.005092748312E-02));
#3712 = CARTESIAN_POINT('',(-0.109168291864,0.9,5.005092748312E-02));
#3713 = CARTESIAN_POINT('',(-0.110063489377,0.901,5.003549220544E-02));
#3714 = CARTESIAN_POINT('',(-0.110063489377,0.9,5.003549220544E-02));
#3715 = CARTESIAN_POINT('',(-0.111817168139,0.901,5.000525472347E-02));
#3716 = CARTESIAN_POINT('',(-0.111817168139,0.9,5.000525472347E-02));
#3717 = CARTESIAN_POINT('',(-0.114390168038,0.901,4.976978246409E-02));
#3718 = CARTESIAN_POINT('',(-0.114390168038,0.9,4.976978246409E-02));
#3719 = CARTESIAN_POINT('',(-0.116841865059,0.901,4.933522291535E-02));
#3720 = CARTESIAN_POINT('',(-0.116841865059,0.9,4.933522291535E-02));
#3721 = CARTESIAN_POINT('',(-0.119199388187,0.901,4.878955970901E-02));
#3722 = CARTESIAN_POINT('',(-0.119199388187,0.9,4.878955970901E-02));
#3723 = CARTESIAN_POINT('',(-0.121446329432,0.901,4.803869090872E-02));
#3724 = CARTESIAN_POINT('',(-0.121446329432,0.9,4.803869090872E-02));
#3725 = CARTESIAN_POINT('',(-0.123593462809,0.901,4.714262068267E-02));
#3726 = CARTESIAN_POINT('',(-0.123593462809,0.9,4.714262068267E-02));
#3727 = CARTESIAN_POINT('',(-0.125624278722,0.901,4.60766723971E-02));
#3728 = CARTESIAN_POINT('',(-0.125624278722,0.9,4.60766723971E-02));
#3729 = CARTESIAN_POINT('',(-0.127544400178,0.901,4.484735562173E-02));
#3730 = CARTESIAN_POINT('',(-0.127544400178,0.9,4.484735562173E-02));
#3731 = CARTESIAN_POINT('',(-0.129347271338,0.901,4.34376676544E-02));
#3732 = CARTESIAN_POINT('',(-0.129347271338,0.9,4.34376676544E-02));
#3733 = CARTESIAN_POINT('',(-0.131060908809,0.901,4.186268668908E-02));
#3734 = CARTESIAN_POINT('',(-0.131060908809,0.9,4.186268668908E-02));
#3735 = CARTESIAN_POINT('',(-0.132681521924,0.901,4.012640489767E-02));
#3736 = CARTESIAN_POINT('',(-0.132681521924,0.9,4.012640489767E-02));
#3737 = CARTESIAN_POINT('',(-0.134184457142,0.901,3.82093744855E-02));
#3738 = CARTESIAN_POINT('',(-0.134184457142,0.9,3.82093744855E-02));
#3739 = CARTESIAN_POINT('',(-0.135594328189,0.901,3.61371838124E-02));
#3740 = CARTESIAN_POINT('',(-0.135594328189,0.9,3.61371838124E-02));
#3741 = CARTESIAN_POINT('',(-0.136896432342,0.901,3.388616946846E-02));
#3742 = CARTESIAN_POINT('',(-0.136896432342,0.9,3.388616946846E-02));
#3743 = CARTESIAN_POINT('',(-0.13808998707,0.901,3.145960887675E-02));
#3744 = CARTESIAN_POINT('',(-0.13808998707,0.9,3.145960887675E-02));
#3745 = CARTESIAN_POINT('',(-0.139212326985,0.901,2.88541196618E-02));
#3746 = CARTESIAN_POINT('',(-0.139212326985,0.9,2.88541196618E-02));
#3747 = CARTESIAN_POINT('',(-0.140187498305,0.901,2.601360862749E-02));
#3748 = CARTESIAN_POINT('',(-0.140187498305,0.9,2.601360862749E-02));
#3749 = CARTESIAN_POINT('',(-0.141055355501,0.901,2.291271037116E-02));
#3750 = CARTESIAN_POINT('',(-0.141055355501,0.9,2.291271037116E-02));
#3751 = CARTESIAN_POINT('',(-0.141766281288,0.901,1.952557634895E-02));
#3752 = CARTESIAN_POINT('',(-0.141766281288,0.9,1.952557634895E-02));
#3753 = CARTESIAN_POINT('',(-0.142338055377,0.901,1.585329471277E-02));
#3754 = CARTESIAN_POINT('',(-0.142338055377,0.9,1.585329471277E-02));
#3755 = CARTESIAN_POINT('',(-0.142794559482,0.901,1.190364535198E-02));
#3756 = CARTESIAN_POINT('',(-0.142794559482,0.9,1.190364535198E-02));
#3757 = CARTESIAN_POINT('',(-0.143134146065,0.901,7.674721884922E-03));
#3758 = CARTESIAN_POINT('',(-0.143134146065,0.9,7.674721884922E-03));
#3759 = CARTESIAN_POINT('',(-0.143335187966,0.901,3.164554580687E-03));
#3760 = CARTESIAN_POINT('',(-0.143335187966,0.9,3.164554580687E-03));
#3761 = CARTESIAN_POINT('',(-0.143353549694,0.901,6.44919321003E-05));
#3762 = CARTESIAN_POINT('',(-0.143353549694,0.9,6.44919321003E-05));
#3763 = CARTESIAN_POINT('',(-0.143363003403,0.901,-1.531604568162E-03));
#3764 = CARTESIAN_POINT('',(-0.143363003403,0.9,-1.531604568162E-03));
#3765 = ADVANCED_FACE('',(#3766),#3777,.T.);
#3766 = FACE_BOUND('',#3767,.T.);
#3767 = EDGE_LOOP('',(#3768,#3769,#3775,#3776));
#3768 = ORIENTED_EDGE('',*,*,#2913,.F.);
#3769 = ORIENTED_EDGE('',*,*,#3770,.F.);
#3770 = EDGE_CURVE('',#3448,#2882,#3771,.T.);
#3771 = LINE('',#3772,#3773);
#3772 = CARTESIAN_POINT('',(-7.541428545408E-02,0.901,
    -2.473110978419E-03));
#3773 = VECTOR('',#3774,1.);
#3774 = DIRECTION('',(-0.,-1.,-0.));
#3775 = ORIENTED_EDGE('',*,*,#3447,.T.);
#3776 = ORIENTED_EDGE('',*,*,#3703,.T.);
#3777 = B_SPLINE_SURFACE_WITH_KNOTS('',3,1,(
    (#3778,#3779)
    ,(#3780,#3781)
    ,(#3782,#3783)
    ,(#3784,#3785)
    ,(#3786,#3787)
    ,(#3788,#3789)
    ,(#3790,#3791)
    ,(#3792,#3793)
    ,(#3794,#3795)
    ,(#3796,#3797)
    ,(#3798,#3799)
    ,(#3800,#3801)
    ,(#3802,#3803)
    ,(#3804,#3805)
    ,(#3806,#3807)
    ,(#3808,#3809)
    ,(#3810,#3811)
    ,(#3812,#3813)
    ,(#3814,#3815)
    ,(#3816,#3817)
    ,(#3818,#3819)
    ,(#3820,#3821)
    ,(#3822,#3823)
    ,(#3824,#3825)
    ,(#3826,#3827)
    ,(#3828,#3829)
    ,(#3830,#3831
    )),.UNSPECIFIED.,.F.,.F.,.F.,(4,1,1,1,1,1,1,1,1,1,1,1,1,1,1,1,1,1,1,
    1,1,1,1,1,4),(2,2),(0.,6.849087449695E-02,0.133076540491,
    0.193828987192,0.251082857446,0.304400837153,0.354408343726,
    0.401294781778,0.444700684545,0.485692492089,0.524676484427,
    0.562306759178,0.597946584653,0.632473549027,0.665752042897,
    0.69798529955,0.729586224149,0.760825196874,0.792355079561,
    0.824312603963,0.857156271979,0.890926887145,0.925960442916,
    0.962061322994,1.),(0.,1.),.UNSPECIFIED.);
#3778 = CARTESIAN_POINT('',(-7.541428545408E-02,0.901,
    -2.473110978419E-03));
#3779 = CARTESIAN_POINT('',(-7.541428545408E-02,0.9,-2.473110978419E-03)
  );
#3780 = CARTESIAN_POINT('',(-7.542383589221E-02,0.901,
    -8.569971373132E-04));
#3781 = CARTESIAN_POINT('',(-7.542383589221E-02,0.9,-8.569971373132E-04)
  );
#3782 = CARTESIAN_POINT('',(-7.544239222216E-02,0.901,2.283083064515E-03
    ));
#3783 = CARTESIAN_POINT('',(-7.544239222216E-02,0.9,2.283083064515E-03)
  );
#3784 = CARTESIAN_POINT('',(-7.564232359648E-02,0.901,6.853463484889E-03
    ));
#3785 = CARTESIAN_POINT('',(-7.564232359648E-02,0.9,6.853463484889E-03)
  );
#3786 = CARTESIAN_POINT('',(-7.598661486875E-02,0.901,1.114848166613E-02
    ));
#3787 = CARTESIAN_POINT('',(-7.598661486875E-02,0.9,1.114848166613E-02)
  );
#3788 = CARTESIAN_POINT('',(-7.6430362308E-02,0.901,1.516769326466E-02)
  );
#3789 = CARTESIAN_POINT('',(-7.6430362308E-02,0.9,1.516769326466E-02));
#3790 = CARTESIAN_POINT('',(-7.703817491772E-02,0.901,1.890897579673E-02
    ));
#3791 = CARTESIAN_POINT('',(-7.703817491772E-02,0.9,1.890897579673E-02)
  );
#3792 = CARTESIAN_POINT('',(-7.77500079742E-02,0.901,2.238201666805E-02)
  );
#3793 = CARTESIAN_POINT('',(-7.77500079742E-02,0.9,2.238201666805E-02));
#3794 = CARTESIAN_POINT('',(-7.859589652173E-02,0.901,2.558555698864E-02
    ));
#3795 = CARTESIAN_POINT('',(-7.859589652173E-02,0.9,2.558555698864E-02)
  );
#3796 = CARTESIAN_POINT('',(-7.961711879485E-02,0.901,2.851237849928E-02
    ));
#3797 = CARTESIAN_POINT('',(-7.961711879485E-02,0.9,2.851237849928E-02)
  );
#3798 = CARTESIAN_POINT('',(-8.071605463093E-02,0.901,3.120962677902E-02
    ));
#3799 = CARTESIAN_POINT('',(-8.071605463093E-02,0.9,3.120962677902E-02)
  );
#3800 = CARTESIAN_POINT('',(-8.192534564214E-02,0.901,3.37095911683E-02)
  );
#3801 = CARTESIAN_POINT('',(-8.192534564214E-02,0.9,3.37095911683E-02));
#3802 = CARTESIAN_POINT('',(-8.322391405819E-02,0.901,3.601904295315E-02
    ));
#3803 = CARTESIAN_POINT('',(-8.322391405819E-02,0.9,3.601904295315E-02)
  );
#3804 = CARTESIAN_POINT('',(-8.458197463423E-02,0.901,3.817282335508E-02
    ));
#3805 = CARTESIAN_POINT('',(-8.458197463423E-02,0.9,3.817282335508E-02)
  );
#3806 = CARTESIAN_POINT('',(-8.607398124505E-02,0.901,4.010744002157E-02
    ));
#3807 = CARTESIAN_POINT('',(-8.607398124505E-02,0.9,4.010744002157E-02)
  );
#3808 = CARTESIAN_POINT('',(-8.762731372317E-02,0.901,4.188868003568E-02
    ));
#3809 = CARTESIAN_POINT('',(-8.762731372317E-02,0.9,4.188868003568E-02)
  );
#3810 = CARTESIAN_POINT('',(-8.930960693901E-02,0.901,4.344869368046E-02
    ));
#3811 = CARTESIAN_POINT('',(-8.930960693901E-02,0.9,4.344869368046E-02)
  );
#3812 = CARTESIAN_POINT('',(-9.105002984456E-02,0.901,4.486787705809E-02
    ));
#3813 = CARTESIAN_POINT('',(-9.105002984456E-02,0.9,4.486787705809E-02)
  );
#3814 = CARTESIAN_POINT('',(-9.291234116942E-02,0.901,4.609433629879E-02
    ));
#3815 = CARTESIAN_POINT('',(-9.291234116942E-02,0.9,4.609433629879E-02)
  );
#3816 = CARTESIAN_POINT('',(-9.487733538781E-02,0.901,4.716697732937E-02
    ));
#3817 = CARTESIAN_POINT('',(-9.487733538781E-02,0.9,4.716697732937E-02)
  );
#3818 = CARTESIAN_POINT('',(-9.698004493395E-02,0.901,4.803701660393E-02
    ));
#3819 = CARTESIAN_POINT('',(-9.698004493395E-02,0.9,4.803701660393E-02)
  );
#3820 = CARTESIAN_POINT('',(-9.918214098932E-02,0.901,4.879373029465E-02
    ));
#3821 = CARTESIAN_POINT('',(-9.918214098932E-02,0.9,4.879373029465E-02)
  );
#3822 = CARTESIAN_POINT('',(-0.101521158728,0.901,4.933696907557E-02));
#3823 = CARTESIAN_POINT('',(-0.101521158728,0.9,4.933696907557E-02));
#3824 = CARTESIAN_POINT('',(-0.103959931479,0.901,4.976801119537E-02));
#3825 = CARTESIAN_POINT('',(-0.103959931479,0.9,4.976801119537E-02));
#3826 = CARTESIAN_POINT('',(-0.106525992494,0.901,5.00062315095E-02));
#3827 = CARTESIAN_POINT('',(-0.106525992494,0.9,5.00062315095E-02));
#3828 = CARTESIAN_POINT('',(-0.108273070189,0.901,5.003578430712E-02));
#3829 = CARTESIAN_POINT('',(-0.108273070189,0.9,5.003578430712E-02));
#3830 = CARTESIAN_POINT('',(-0.109168291864,0.901,5.005092748312E-02));
#3831 = CARTESIAN_POINT('',(-0.109168291864,0.9,5.005092748312E-02));
#3832 = ADVANCED_FACE('',(#3833),#3839,.T.);
#3833 = FACE_BOUND('',#3834,.T.);
#3834 = EDGE_LOOP('',(#3835,#3836,#3837,#3838));
#3835 = ORIENTED_EDGE('',*,*,#2881,.F.);
#3836 = ORIENTED_EDGE('',*,*,#3635,.F.);
#3837 = ORIENTED_EDGE('',*,*,#3479,.T.);
#3838 = ORIENTED_EDGE('',*,*,#3770,.T.);
#3839 = B_SPLINE_SURFACE_WITH_KNOTS('',3,1,(
    (#3840,#3841)
    ,(#3842,#3843)
    ,(#3844,#3845)
    ,(#3846,#3847)
    ,(#3848,#3849)
    ,(#3850,#3851)
    ,(#3852,#3853)
    ,(#3854,#3855)
    ,(#3856,#3857)
    ,(#3858,#3859)
    ,(#3860,#3861)
    ,(#3862,#3863)
    ,(#3864,#3865)
    ,(#3866,#3867)
    ,(#3868,#3869)
    ,(#3870,#3871)
    ,(#3872,#3873)
    ,(#3874,#3875)
    ,(#3876,#3877)
    ,(#3878,#3879)
    ,(#3880,#3881)
    ,(#3882,#3883)
    ,(#3884,#3885)
    ,(#3886,#3887)
    ,(#3888,#3889)
    ,(#3890,#3891)
    ,(#3892,#3893
    )),.UNSPECIFIED.,.F.,.F.,.F.,(4,1,1,1,1,1,1,1,1,1,1,1,1,1,1,1,1,1,1,
    1,1,1,1,1,4),(2,2),(0.,3.663489025513E-02,7.203398234779E-02,
    0.106625970607,0.140305693938,0.173619470493,0.20642567257,
    0.239067006133,0.271882880563,0.304839888813,0.338529033705,
    0.372616187859,0.407548250027,0.443718905957,0.481311509092,
    0.520112998146,0.560912902833,0.604024600614,0.650074563866,
    0.699572227777,0.752362539089,0.808788717346,0.86895421252,
    0.932674719938,1.),(0.,1.),.UNSPECIFIED.);
#3840 = CARTESIAN_POINT('',(-0.109689125198,0.901,-5.507727764509E-02));
#3841 = CARTESIAN_POINT('',(-0.109689125198,0.9,-5.507727764509E-02));
#3842 = CARTESIAN_POINT('',(-0.108820332752,0.901,-5.506438017632E-02));
#3843 = CARTESIAN_POINT('',(-0.108820332752,0.9,-5.506438017632E-02));
#3844 = CARTESIAN_POINT('',(-0.107112054681,0.901,-5.503902030678E-02));
#3845 = CARTESIAN_POINT('',(-0.107112054681,0.9,-5.503902030678E-02));
#3846 = CARTESIAN_POINT('',(-0.104596082641,0.901,-5.47643522641E-02));
#3847 = CARTESIAN_POINT('',(-0.104596082641,0.9,-5.47643522641E-02));
#3848 = CARTESIAN_POINT('',(-0.102172505944,0.901,-5.434940545442E-02));
#3849 = CARTESIAN_POINT('',(-0.102172505944,0.9,-5.434940545442E-02));
#3850 = CARTESIAN_POINT('',(-9.983184325618E-02,0.901,
    -5.377069934923E-02));
#3851 = CARTESIAN_POINT('',(-9.983184325618E-02,0.9,-5.377069934923E-02)
  );
#3852 = CARTESIAN_POINT('',(-9.759094290605E-02,0.901,
    -5.300480243249E-02));
#3853 = CARTESIAN_POINT('',(-9.759094290605E-02,0.9,-5.300480243249E-02)
  );
#3854 = CARTESIAN_POINT('',(-9.543349515744E-02,0.901,
    -5.208803695163E-02));
#3855 = CARTESIAN_POINT('',(-9.543349515744E-02,0.9,-5.208803695163E-02)
  );
#3856 = CARTESIAN_POINT('',(-9.338517988211E-02,0.901,-5.09723166686E-02
    ));
#3857 = CARTESIAN_POINT('',(-9.338517988211E-02,0.9,-5.09723166686E-02)
  );
#3858 = CARTESIAN_POINT('',(-9.141987451471E-02,0.901,
    -4.971205330674E-02));
#3859 = CARTESIAN_POINT('',(-9.141987451471E-02,0.9,-4.971205330674E-02)
  );
#3860 = CARTESIAN_POINT('',(-8.953833609346E-02,0.901,
    -4.828525652437E-02));
#3861 = CARTESIAN_POINT('',(-8.953833609346E-02,0.9,-4.828525652437E-02)
  );
#3862 = CARTESIAN_POINT('',(-8.778578607752E-02,0.901,-4.66586345224E-02
    ));
#3863 = CARTESIAN_POINT('',(-8.778578607752E-02,0.9,-4.66586345224E-02)
  );
#3864 = CARTESIAN_POINT('',(-8.613021918021E-02,0.901,
    -4.486961594021E-02));
#3865 = CARTESIAN_POINT('',(-8.613021918021E-02,0.9,-4.486961594021E-02)
  );
#3866 = CARTESIAN_POINT('',(-8.460747232872E-02,0.901,
    -4.289115402682E-02));
#3867 = CARTESIAN_POINT('',(-8.460747232872E-02,0.9,-4.289115402682E-02)
  );
#3868 = CARTESIAN_POINT('',(-8.31838238298E-02,0.901,-4.074124499086E-02
    ));
#3869 = CARTESIAN_POINT('',(-8.31838238298E-02,0.9,-4.074124499086E-02)
  );
#3870 = CARTESIAN_POINT('',(-8.186395155304E-02,0.901,
    -3.841954792535E-02));
#3871 = CARTESIAN_POINT('',(-8.186395155304E-02,0.9,-3.841954792535E-02)
  );
#3872 = CARTESIAN_POINT('',(-8.065795944782E-02,0.901,
    -3.591469967809E-02));
#3873 = CARTESIAN_POINT('',(-8.065795944782E-02,0.9,-3.591469967809E-02)
  );
#3874 = CARTESIAN_POINT('',(-7.955233121978E-02,0.901,
    -3.322218005149E-02));
#3875 = CARTESIAN_POINT('',(-7.955233121978E-02,0.9,-3.322218005149E-02)
  );
#3876 = CARTESIAN_POINT('',(-7.856367496636E-02,0.901,
    -3.030162933955E-02));
#3877 = CARTESIAN_POINT('',(-7.856367496636E-02,0.9,-3.030162933955E-02)
  );
#3878 = CARTESIAN_POINT('',(-7.773093103008E-02,0.901,-2.7119547557E-02)
  );
#3879 = CARTESIAN_POINT('',(-7.773093103008E-02,0.9,-2.7119547557E-02));
#3880 = CARTESIAN_POINT('',(-7.701671376089E-02,0.901,
    -2.367520802438E-02));
#3881 = CARTESIAN_POINT('',(-7.701671376089E-02,0.9,-2.367520802438E-02)
  );
#3882 = CARTESIAN_POINT('',(-7.641386399176E-02,0.901,
    -1.996003725396E-02));
#3883 = CARTESIAN_POINT('',(-7.641386399176E-02,0.9,-1.996003725396E-02)
  );
#3884 = CARTESIAN_POINT('',(-7.5958207003E-02,0.901,-1.596909689923E-02)
  );
#3885 = CARTESIAN_POINT('',(-7.5958207003E-02,0.9,-1.596909689923E-02));
#3886 = CARTESIAN_POINT('',(-7.565108501964E-02,0.901,
    -1.170503834105E-02));
#3887 = CARTESIAN_POINT('',(-7.565108501964E-02,0.9,-1.170503834105E-02)
  );
#3888 = CARTESIAN_POINT('',(-7.544032337708E-02,0.901,
    -7.176082057569E-03));
#3889 = CARTESIAN_POINT('',(-7.544032337708E-02,0.9,-7.176082057569E-03)
  );
#3890 = CARTESIAN_POINT('',(-7.542312248097E-02,0.901,
    -4.069255259697E-03));
#3891 = CARTESIAN_POINT('',(-7.542312248097E-02,0.9,-4.069255259697E-03)
  );
#3892 = CARTESIAN_POINT('',(-7.541428545408E-02,0.901,
    -2.473110978419E-03));
#3893 = CARTESIAN_POINT('',(-7.541428545408E-02,0.9,-2.473110978419E-03)
  );
#3894 = ADVANCED_FACE('',(#3895),#3936,.T.);
#3895 = FACE_BOUND('',#3896,.T.);
#3896 = EDGE_LOOP('',(#3897,#3923,#3929,#3930));
#3897 = ORIENTED_EDGE('',*,*,#3898,.F.);
#3898 = EDGE_CURVE('',#3899,#3901,#3903,.T.);
#3899 = VERTEX_POINT('',#3900);
#3900 = CARTESIAN_POINT('',(-9.33630034028E-02,0.9,-2.473110978419E-03)
  );
#3901 = VERTEX_POINT('',#3902);
#3902 = CARTESIAN_POINT('',(-0.109248420069,0.9,-3.712855969637E-02));
#3903 = B_SPLINE_CURVE_WITH_KNOTS('',3,(#3904,#3905,#3906,#3907,#3908,
    #3909,#3910,#3911,#3912,#3913,#3914,#3915,#3916,#3917,#3918,#3919,
    #3920,#3921,#3922),.UNSPECIFIED.,.F.,.F.,(4,1,1,1,1,1,1,1,1,1,1,1,1,
    1,1,1,4),(0.,0.112114795662,0.215801842688,0.310202692316,
    0.395992925299,0.473410230742,0.542778420361,0.604548022283,
    0.659357265612,0.708764361712,0.755355505948,0.798686993801,
    0.840016839148,0.880203447007,0.919733348246,0.959048605901,1.),
  .UNSPECIFIED.);
#3904 = CARTESIAN_POINT('',(-9.33630034028E-02,0.9,-2.473110978419E-03)
  );
#3905 = CARTESIAN_POINT('',(-9.336959899498E-02,0.9,-4.049312164759E-03)
  );
#3906 = CARTESIAN_POINT('',(-9.3382294384E-02,0.9,-7.083230377343E-03));
#3907 = CARTESIAN_POINT('',(-9.361521801082E-02,0.9,-1.14387768739E-02)
  );
#3908 = CARTESIAN_POINT('',(-9.393958195853E-02,0.9,-1.541684573135E-02)
  );
#3909 = CARTESIAN_POINT('',(-9.441403277566E-02,0.9,-1.900855553905E-02)
  );
#3910 = CARTESIAN_POINT('',(-9.502449998746E-02,0.9,-2.222262539735E-02)
  );
#3911 = CARTESIAN_POINT('',(-9.57769031302E-02,0.9,-2.505884519768E-02)
  );
#3912 = CARTESIAN_POINT('',(-9.666393046568E-02,0.9,-2.7522804584E-02));
#3913 = CARTESIAN_POINT('',(-9.771583917483E-02,0.9,-2.961204664994E-02)
  );
#3914 = CARTESIAN_POINT('',(-9.888089342813E-02,0.9,-3.138761580963E-02)
  );
#3915 = CARTESIAN_POINT('',(-0.100117634083,0.9,-3.291091642286E-02));
#3916 = CARTESIAN_POINT('',(-0.101431290582,0.9,-3.421147205443E-02));
#3917 = CARTESIAN_POINT('',(-0.102819666066,0.9,-3.529417692305E-02));
#3918 = CARTESIAN_POINT('',(-0.104314894969,0.9,-3.612144464661E-02));
#3919 = CARTESIAN_POINT('',(-0.105888416471,0.9,-3.670556409641E-02));
#3920 = CARTESIAN_POINT('',(-0.10754345641,0.9,-3.705893677448E-02));
#3921 = CARTESIAN_POINT('',(-0.108672427953,0.9,-3.71050388114E-02));
#3922 = CARTESIAN_POINT('',(-0.109248420069,0.9,-3.712855969637E-02));
#3923 = ORIENTED_EDGE('',*,*,#3924,.F.);
#3924 = EDGE_CURVE('',#3542,#3899,#3925,.T.);
#3925 = LINE('',#3926,#3927);
#3926 = CARTESIAN_POINT('',(-9.33630034028E-02,0.901,-2.473110978419E-03
    ));
#3927 = VECTOR('',#3928,1.);
#3928 = DIRECTION('',(-0.,-1.,-0.));
#3929 = ORIENTED_EDGE('',*,*,#3541,.T.);
#3930 = ORIENTED_EDGE('',*,*,#3931,.T.);
#3931 = EDGE_CURVE('',#3512,#3901,#3932,.T.);
#3932 = LINE('',#3933,#3934);
#3933 = CARTESIAN_POINT('',(-0.109248420069,0.901,-3.712855969637E-02));
#3934 = VECTOR('',#3935,1.);
#3935 = DIRECTION('',(-0.,-1.,-0.));
#3936 = B_SPLINE_SURFACE_WITH_KNOTS('',3,1,(
    (#3937,#3938)
    ,(#3939,#3940)
    ,(#3941,#3942)
    ,(#3943,#3944)
    ,(#3945,#3946)
    ,(#3947,#3948)
    ,(#3949,#3950)
    ,(#3951,#3952)
    ,(#3953,#3954)
    ,(#3955,#3956)
    ,(#3957,#3958)
    ,(#3959,#3960)
    ,(#3961,#3962)
    ,(#3963,#3964)
    ,(#3965,#3966)
    ,(#3967,#3968)
    ,(#3969,#3970)
    ,(#3971,#3972)
    ,(#3973,#3974
    )),.UNSPECIFIED.,.F.,.F.,.F.,(4,1,1,1,1,1,1,1,1,1,1,1,1,1,1,1,4),(2,
    2),(0.,0.112114795662,0.215801842688,0.310202692316,0.395992925299,
    0.473410230742,0.542778420361,0.604548022283,0.659357265612,
    0.708764361712,0.755355505948,0.798686993801,0.840016839148,
    0.880203447007,0.919733348246,0.959048605901,1.),(0.,1.),
  .UNSPECIFIED.);
#3937 = CARTESIAN_POINT('',(-9.33630034028E-02,0.901,-2.473110978419E-03
    ));
#3938 = CARTESIAN_POINT('',(-9.33630034028E-02,0.9,-2.473110978419E-03)
  );
#3939 = CARTESIAN_POINT('',(-9.336959899498E-02,0.901,
    -4.049312164759E-03));
#3940 = CARTESIAN_POINT('',(-9.336959899498E-02,0.9,-4.049312164759E-03)
  );
#3941 = CARTESIAN_POINT('',(-9.3382294384E-02,0.901,-7.083230377343E-03)
  );
#3942 = CARTESIAN_POINT('',(-9.3382294384E-02,0.9,-7.083230377343E-03));
#3943 = CARTESIAN_POINT('',(-9.361521801082E-02,0.901,-1.14387768739E-02
    ));
#3944 = CARTESIAN_POINT('',(-9.361521801082E-02,0.9,-1.14387768739E-02)
  );
#3945 = CARTESIAN_POINT('',(-9.393958195853E-02,0.901,
    -1.541684573135E-02));
#3946 = CARTESIAN_POINT('',(-9.393958195853E-02,0.9,-1.541684573135E-02)
  );
#3947 = CARTESIAN_POINT('',(-9.441403277566E-02,0.901,
    -1.900855553905E-02));
#3948 = CARTESIAN_POINT('',(-9.441403277566E-02,0.9,-1.900855553905E-02)
  );
#3949 = CARTESIAN_POINT('',(-9.502449998746E-02,0.901,
    -2.222262539735E-02));
#3950 = CARTESIAN_POINT('',(-9.502449998746E-02,0.9,-2.222262539735E-02)
  );
#3951 = CARTESIAN_POINT('',(-9.57769031302E-02,0.901,-2.505884519768E-02
    ));
#3952 = CARTESIAN_POINT('',(-9.57769031302E-02,0.9,-2.505884519768E-02)
  );
#3953 = CARTESIAN_POINT('',(-9.666393046568E-02,0.901,-2.7522804584E-02)
  );
#3954 = CARTESIAN_POINT('',(-9.666393046568E-02,0.9,-2.7522804584E-02));
#3955 = CARTESIAN_POINT('',(-9.771583917483E-02,0.901,
    -2.961204664994E-02));
#3956 = CARTESIAN_POINT('',(-9.771583917483E-02,0.9,-2.961204664994E-02)
  );
#3957 = CARTESIAN_POINT('',(-9.888089342813E-02,0.901,
    -3.138761580963E-02));
#3958 = CARTESIAN_POINT('',(-9.888089342813E-02,0.9,-3.138761580963E-02)
  );
#3959 = CARTESIAN_POINT('',(-0.100117634083,0.901,-3.291091642286E-02));
#3960 = CARTESIAN_POINT('',(-0.100117634083,0.9,-3.291091642286E-02));
#3961 = CARTESIAN_POINT('',(-0.101431290582,0.901,-3.421147205443E-02));
#3962 = CARTESIAN_POINT('',(-0.101431290582,0.9,-3.421147205443E-02));
#3963 = CARTESIAN_POINT('',(-0.102819666066,0.901,-3.529417692305E-02));
#3964 = CARTESIAN_POINT('',(-0.102819666066,0.9,-3.529417692305E-02));
#3965 = CARTESIAN_POINT('',(-0.104314894969,0.901,-3.612144464661E-02));
#3966 = CARTESIAN_POINT('',(-0.104314894969,0.9,-3.612144464661E-02));
#3967 = CARTESIAN_POINT('',(-0.105888416471,0.901,-3.670556409641E-02));
#3968 = CARTESIAN_POINT('',(-0.105888416471,0.9,-3.670556409641E-02));
#3969 = CARTESIAN_POINT('',(-0.10754345641,0.901,-3.705893677448E-02));
#3970 = CARTESIAN_POINT('',(-0.10754345641,0.9,-3.705893677448E-02));
#3971 = CARTESIAN_POINT('',(-0.108672427953,0.901,-3.71050388114E-02));
#3972 = CARTESIAN_POINT('',(-0.108672427953,0.9,-3.71050388114E-02));
#3973 = CARTESIAN_POINT('',(-0.109248420069,0.901,-3.712855969637E-02));
#3974 = CARTESIAN_POINT('',(-0.109248420069,0.9,-3.712855969637E-02));
#3975 = ADVANCED_FACE('',(#3976),#4014,.T.);
#3976 = FACE_BOUND('',#3977,.T.);
#3977 = EDGE_LOOP('',(#3978,#4006,#4007,#4008));
#3978 = ORIENTED_EDGE('',*,*,#3979,.F.);
#3979 = EDGE_CURVE('',#3901,#3980,#3982,.T.);
#3980 = VERTEX_POINT('',#3981);
#3981 = CARTESIAN_POINT('',(-0.125414285454,0.9,-1.331284055342E-03));
#3982 = B_SPLINE_CURVE_WITH_KNOTS('',3,(#3983,#3984,#3985,#3986,#3987,
    #3988,#3989,#3990,#3991,#3992,#3993,#3994,#3995,#3996,#3997,#3998,
    #3999,#4000,#4001,#4002,#4003,#4004,#4005),.UNSPECIFIED.,.F.,.F.,(4,
    1,1,1,1,1,1,1,1,1,1,1,1,1,1,1,1,1,1,1,4),(0.,5.383370089592E-02,
    0.105542630409,0.158054172096,0.21198733578,0.240206890329,
    0.26979351036,0.301343098797,0.334608061371,0.370284441665,
    0.408088838015,0.44868134581,0.49206929656,0.538664156666,
    0.590371053875,0.646387784155,0.707195375763,0.772946774682,
    0.843642601247,0.919308357057,1.),.UNSPECIFIED.);
#3983 = CARTESIAN_POINT('',(-0.109248420069,0.9,-3.712855969637E-02));
#3984 = CARTESIAN_POINT('',(-0.110033815644,0.9,-3.709133350761E-02));
#3985 = CARTESIAN_POINT('',(-0.111573607883,0.9,-3.70183504168E-02));
#3986 = CARTESIAN_POINT('',(-0.113807919787,0.9,-3.639882694469E-02));
#3987 = CARTESIAN_POINT('',(-0.11591473641,0.9,-3.544193953851E-02));
#3988 = CARTESIAN_POINT('',(-0.117517335544,0.9,-3.42904751552E-02));
#3989 = CARTESIAN_POINT('',(-0.118716865056,0.9,-3.318665845818E-02));
#3990 = CARTESIAN_POINT('',(-0.119554984928,0.9,-3.218774024504E-02));
#3991 = CARTESIAN_POINT('',(-0.120363219448,0.9,-3.107301951205E-02));
#3992 = CARTESIAN_POINT('',(-0.121077092878,0.9,-2.979219464341E-02));
#3993 = CARTESIAN_POINT('',(-0.121751175742,0.9,-2.839128719109E-02));
#3994 = CARTESIAN_POINT('',(-0.122409957885,0.9,-2.686393787374E-02));
#3995 = CARTESIAN_POINT('',(-0.122949986255,0.9,-2.517263168873E-02));
#3996 = CARTESIAN_POINT('',(-0.123480549812,0.9,-2.334617179742E-02));
#3997 = CARTESIAN_POINT('',(-0.123945372994,0.9,-2.133406143643E-02));
#3998 = CARTESIAN_POINT('',(-0.124334792918,0.9,-1.911985382351E-02));
#3999 = CARTESIAN_POINT('',(-0.12468270539,0.9,-1.668914976313E-02));
#4000 = CARTESIAN_POINT('',(-0.124925378488,0.9,-1.404035714097E-02));
#4001 = CARTESIAN_POINT('',(-0.125151622641,0.9,-1.117624724701E-02));
#4002 = CARTESIAN_POINT('',(-0.125313805164,0.9,-8.090439956129E-03));
#4003 = CARTESIAN_POINT('',(-0.125381609606,0.9,-4.783767752986E-03));
#4004 = CARTESIAN_POINT('',(-0.125403162575,0.9,-2.506511678297E-03));
#4005 = CARTESIAN_POINT('',(-0.125414285454,0.9,-1.331284055342E-03));
#4006 = ORIENTED_EDGE('',*,*,#3931,.F.);
#4007 = ORIENTED_EDGE('',*,*,#3511,.T.);
#4008 = ORIENTED_EDGE('',*,*,#4009,.T.);
#4009 = EDGE_CURVE('',#3514,#3980,#4010,.T.);
#4010 = LINE('',#4011,#4012);
#4011 = CARTESIAN_POINT('',(-0.125414285454,0.901,-1.331284055342E-03));
#4012 = VECTOR('',#4013,1.);
#4013 = DIRECTION('',(-0.,-1.,-0.));
#4014 = B_SPLINE_SURFACE_WITH_KNOTS('',3,1,(
    (#4015,#4016)
    ,(#4017,#4018)
    ,(#4019,#4020)
    ,(#4021,#4022)
    ,(#4023,#4024)
    ,(#4025,#4026)
    ,(#4027,#4028)
    ,(#4029,#4030)
    ,(#4031,#4032)
    ,(#4033,#4034)
    ,(#4035,#4036)
    ,(#4037,#4038)
    ,(#4039,#4040)
    ,(#4041,#4042)
    ,(#4043,#4044)
    ,(#4045,#4046)
    ,(#4047,#4048)
    ,(#4049,#4050)
    ,(#4051,#4052)
    ,(#4053,#4054)
    ,(#4055,#4056)
    ,(#4057,#4058)
    ,(#4059,#4060
    )),.UNSPECIFIED.,.F.,.F.,.F.,(4,1,1,1,1,1,1,1,1,1,1,1,1,1,1,1,1,1,1,
    1,4),(2,2),(0.,5.383370089592E-02,0.105542630409,0.158054172096,
    0.21198733578,0.240206890329,0.26979351036,0.301343098797,
    0.334608061371,0.370284441665,0.408088838015,0.44868134581,
    0.49206929656,0.538664156666,0.590371053875,0.646387784155,
    0.707195375763,0.772946774682,0.843642601247,0.919308357057,1.),(0.,
    1.),.UNSPECIFIED.);
#4015 = CARTESIAN_POINT('',(-0.109248420069,0.901,-3.712855969637E-02));
#4016 = CARTESIAN_POINT('',(-0.109248420069,0.9,-3.712855969637E-02));
#4017 = CARTESIAN_POINT('',(-0.110033815644,0.901,-3.709133350761E-02));
#4018 = CARTESIAN_POINT('',(-0.110033815644,0.9,-3.709133350761E-02));
#4019 = CARTESIAN_POINT('',(-0.111573607883,0.901,-3.70183504168E-02));
#4020 = CARTESIAN_POINT('',(-0.111573607883,0.9,-3.70183504168E-02));
#4021 = CARTESIAN_POINT('',(-0.113807919787,0.901,-3.639882694469E-02));
#4022 = CARTESIAN_POINT('',(-0.113807919787,0.9,-3.639882694469E-02));
#4023 = CARTESIAN_POINT('',(-0.11591473641,0.901,-3.544193953851E-02));
#4024 = CARTESIAN_POINT('',(-0.11591473641,0.9,-3.544193953851E-02));
#4025 = CARTESIAN_POINT('',(-0.117517335544,0.901,-3.42904751552E-02));
#4026 = CARTESIAN_POINT('',(-0.117517335544,0.9,-3.42904751552E-02));
#4027 = CARTESIAN_POINT('',(-0.118716865056,0.901,-3.318665845818E-02));
#4028 = CARTESIAN_POINT('',(-0.118716865056,0.9,-3.318665845818E-02));
#4029 = CARTESIAN_POINT('',(-0.119554984928,0.901,-3.218774024504E-02));
#4030 = CARTESIAN_POINT('',(-0.119554984928,0.9,-3.218774024504E-02));
#4031 = CARTESIAN_POINT('',(-0.120363219448,0.901,-3.107301951205E-02));
#4032 = CARTESIAN_POINT('',(-0.120363219448,0.9,-3.107301951205E-02));
#4033 = CARTESIAN_POINT('',(-0.121077092878,0.901,-2.979219464341E-02));
#4034 = CARTESIAN_POINT('',(-0.121077092878,0.9,-2.979219464341E-02));
#4035 = CARTESIAN_POINT('',(-0.121751175742,0.901,-2.839128719109E-02));
#4036 = CARTESIAN_POINT('',(-0.121751175742,0.9,-2.839128719109E-02));
#4037 = CARTESIAN_POINT('',(-0.122409957885,0.901,-2.686393787374E-02));
#4038 = CARTESIAN_POINT('',(-0.122409957885,0.9,-2.686393787374E-02));
#4039 = CARTESIAN_POINT('',(-0.122949986255,0.901,-2.517263168873E-02));
#4040 = CARTESIAN_POINT('',(-0.122949986255,0.9,-2.517263168873E-02));
#4041 = CARTESIAN_POINT('',(-0.123480549812,0.901,-2.334617179742E-02));
#4042 = CARTESIAN_POINT('',(-0.123480549812,0.9,-2.334617179742E-02));
#4043 = CARTESIAN_POINT('',(-0.123945372994,0.901,-2.133406143643E-02));
#4044 = CARTESIAN_POINT('',(-0.123945372994,0.9,-2.133406143643E-02));
#4045 = CARTESIAN_POINT('',(-0.124334792918,0.901,-1.911985382351E-02));
#4046 = CARTESIAN_POINT('',(-0.124334792918,0.9,-1.911985382351E-02));
#4047 = CARTESIAN_POINT('',(-0.12468270539,0.901,-1.668914976313E-02));
#4048 = CARTESIAN_POINT('',(-0.12468270539,0.9,-1.668914976313E-02));
#4049 = CARTESIAN_POINT('',(-0.124925378488,0.901,-1.404035714097E-02));
#4050 = CARTESIAN_POINT('',(-0.124925378488,0.9,-1.404035714097E-02));
#4051 = CARTESIAN_POINT('',(-0.125151622641,0.901,-1.117624724701E-02));
#4052 = CARTESIAN_POINT('',(-0.125151622641,0.9,-1.117624724701E-02));
#4053 = CARTESIAN_POINT('',(-0.125313805164,0.901,-8.090439956129E-03));
#4054 = CARTESIAN_POINT('',(-0.125313805164,0.9,-8.090439956129E-03));
#4055 = CARTESIAN_POINT('',(-0.125381609606,0.901,-4.783767752986E-03));
#4056 = CARTESIAN_POINT('',(-0.125381609606,0.9,-4.783767752986E-03));
#4057 = CARTESIAN_POINT('',(-0.125403162575,0.901,-2.506511678297E-03));
#4058 = CARTESIAN_POINT('',(-0.125403162575,0.9,-2.506511678297E-03));
#4059 = CARTESIAN_POINT('',(-0.125414285454,0.901,-1.331284055342E-03));
#4060 = CARTESIAN_POINT('',(-0.125414285454,0.9,-1.331284055342E-03));
#4061 = ADVANCED_FACE('',(#4062),#4096,.T.);
#4062 = FACE_BOUND('',#4063,.T.);
#4063 = EDGE_LOOP('',(#4064,#4088,#4089,#4090));
#4064 = ORIENTED_EDGE('',*,*,#4065,.F.);
#4065 = EDGE_CURVE('',#3980,#4066,#4068,.T.);
#4066 = VERTEX_POINT('',#4067);
#4067 = CARTESIAN_POINT('',(-0.109248420069,0.9,3.21022095344E-02));
#4068 = B_SPLINE_CURVE_WITH_KNOTS('',3,(#4069,#4070,#4071,#4072,#4073,
    #4074,#4075,#4076,#4077,#4078,#4079,#4080,#4081,#4082,#4083,#4084,
    #4085,#4086,#4087),.UNSPECIFIED.,.F.,.F.,(4,1,1,1,1,1,1,1,1,1,1,1,1,
    1,1,1,4),(0.,0.110734280486,0.212341192992,0.305502125563,
    0.389834841086,0.466690457946,0.535261854293,0.596762913889,
    0.651065718984,0.70103555111,0.747860270908,0.791833397136,
    0.834284006909,0.875333889775,0.916034749278,0.957652280723,1.),
  .UNSPECIFIED.);
#4069 = CARTESIAN_POINT('',(-0.125414285454,0.9,-1.331284055342E-03));
#4070 = CARTESIAN_POINT('',(-0.125395978544,0.9,1.912801437515E-04));
#4071 = CARTESIAN_POINT('',(-0.125360873688,0.9,3.110909882816E-03));
#4072 = CARTESIAN_POINT('',(-0.125177010855,0.9,7.309439108918E-03));
#4073 = CARTESIAN_POINT('',(-0.124808473067,0.9,1.11304387805E-02));
#4074 = CARTESIAN_POINT('',(-0.124350086467,0.9,1.459980522674E-02));
#4075 = CARTESIAN_POINT('',(-0.123706263769,0.9,1.769503867721E-02));
#4076 = CARTESIAN_POINT('',(-0.122965504079,0.9,2.04454229117E-02));
#4077 = CARTESIAN_POINT('',(-0.122050731728,0.9,2.281589720856E-02));
#4078 = CARTESIAN_POINT('',(-0.120993536016,0.9,2.484074395873E-02));
#4079 = CARTESIAN_POINT('',(-0.119822644129,0.9,2.656327688198E-02));
#4080 = CARTESIAN_POINT('',(-0.118551589478,0.9,2.802743762481E-02));
#4081 = CARTESIAN_POINT('',(-0.11722364692,0.9,2.929533174978E-02));
#4082 = CARTESIAN_POINT('',(-0.11579736705,0.9,3.032522652347E-02));
#4083 = CARTESIAN_POINT('',(-0.114276152543,0.9,3.111449040326E-02));
#4084 = CARTESIAN_POINT('',(-0.112672702744,0.9,3.168219816482E-02));
#4085 = CARTESIAN_POINT('',(-0.110985998682,0.9,3.202971572816E-02));
#4086 = CARTESIAN_POINT('',(-0.109830961128,0.9,3.207790524201E-02));
#4087 = CARTESIAN_POINT('',(-0.109248420069,0.9,3.21022095344E-02));
#4088 = ORIENTED_EDGE('',*,*,#4009,.F.);
#4089 = ORIENTED_EDGE('',*,*,#3597,.T.);
#4090 = ORIENTED_EDGE('',*,*,#4091,.T.);
#4091 = EDGE_CURVE('',#3582,#4066,#4092,.T.);
#4092 = LINE('',#4093,#4094);
#4093 = CARTESIAN_POINT('',(-0.109248420069,0.901,3.21022095344E-02));
#4094 = VECTOR('',#4095,1.);
#4095 = DIRECTION('',(-0.,-1.,-0.));
#4096 = B_SPLINE_SURFACE_WITH_KNOTS('',3,1,(
    (#4097,#4098)
    ,(#4099,#4100)
    ,(#4101,#4102)
    ,(#4103,#4104)
    ,(#4105,#4106)
    ,(#4107,#4108)
    ,(#4109,#4110)
    ,(#4111,#4112)
    ,(#4113,#4114)
    ,(#4115,#4116)
    ,(#4117,#4118)
    ,(#4119,#4120)
    ,(#4121,#4122)
    ,(#4123,#4124)
    ,(#4125,#4126)
    ,(#4127,#4128)
    ,(#4129,#4130)
    ,(#4131,#4132)
    ,(#4133,#4134
    )),.UNSPECIFIED.,.F.,.F.,.F.,(4,1,1,1,1,1,1,1,1,1,1,1,1,1,1,1,4),(2,
    2),(0.,0.110734280486,0.212341192992,0.305502125563,0.389834841086,
    0.466690457946,0.535261854293,0.596762913889,0.651065718984,
    0.70103555111,0.747860270908,0.791833397136,0.834284006909,
    0.875333889775,0.916034749278,0.957652280723,1.),(0.,1.),
  .UNSPECIFIED.);
#4097 = CARTESIAN_POINT('',(-0.125414285454,0.901,-1.331284055342E-03));
#4098 = CARTESIAN_POINT('',(-0.125414285454,0.9,-1.331284055342E-03));
#4099 = CARTESIAN_POINT('',(-0.125395978544,0.901,1.912801437515E-04));
#4100 = CARTESIAN_POINT('',(-0.125395978544,0.9,1.912801437515E-04));
#4101 = CARTESIAN_POINT('',(-0.125360873688,0.901,3.110909882816E-03));
#4102 = CARTESIAN_POINT('',(-0.125360873688,0.9,3.110909882816E-03));
#4103 = CARTESIAN_POINT('',(-0.125177010855,0.901,7.309439108918E-03));
#4104 = CARTESIAN_POINT('',(-0.125177010855,0.9,7.309439108918E-03));
#4105 = CARTESIAN_POINT('',(-0.124808473067,0.901,1.11304387805E-02));
#4106 = CARTESIAN_POINT('',(-0.124808473067,0.9,1.11304387805E-02));
#4107 = CARTESIAN_POINT('',(-0.124350086467,0.901,1.459980522674E-02));
#4108 = CARTESIAN_POINT('',(-0.124350086467,0.9,1.459980522674E-02));
#4109 = CARTESIAN_POINT('',(-0.123706263769,0.901,1.769503867721E-02));
#4110 = CARTESIAN_POINT('',(-0.123706263769,0.9,1.769503867721E-02));
#4111 = CARTESIAN_POINT('',(-0.122965504079,0.901,2.04454229117E-02));
#4112 = CARTESIAN_POINT('',(-0.122965504079,0.9,2.04454229117E-02));
#4113 = CARTESIAN_POINT('',(-0.122050731728,0.901,2.281589720856E-02));
#4114 = CARTESIAN_POINT('',(-0.122050731728,0.9,2.281589720856E-02));
#4115 = CARTESIAN_POINT('',(-0.120993536016,0.901,2.484074395873E-02));
#4116 = CARTESIAN_POINT('',(-0.120993536016,0.9,2.484074395873E-02));
#4117 = CARTESIAN_POINT('',(-0.119822644129,0.901,2.656327688198E-02));
#4118 = CARTESIAN_POINT('',(-0.119822644129,0.9,2.656327688198E-02));
#4119 = CARTESIAN_POINT('',(-0.118551589478,0.901,2.802743762481E-02));
#4120 = CARTESIAN_POINT('',(-0.118551589478,0.9,2.802743762481E-02));
#4121 = CARTESIAN_POINT('',(-0.11722364692,0.901,2.929533174978E-02));
#4122 = CARTESIAN_POINT('',(-0.11722364692,0.9,2.929533174978E-02));
#4123 = CARTESIAN_POINT('',(-0.11579736705,0.901,3.032522652347E-02));
#4124 = CARTESIAN_POINT('',(-0.11579736705,0.9,3.032522652347E-02));
#4125 = CARTESIAN_POINT('',(-0.114276152543,0.901,3.111449040326E-02));
#4126 = CARTESIAN_POINT('',(-0.114276152543,0.9,3.111449040326E-02));
#4127 = CARTESIAN_POINT('',(-0.112672702744,0.901,3.168219816482E-02));
#4128 = CARTESIAN_POINT('',(-0.112672702744,0.9,3.168219816482E-02));
#4129 = CARTESIAN_POINT('',(-0.110985998682,0.901,3.202971572816E-02));
#4130 = CARTESIAN_POINT('',(-0.110985998682,0.9,3.202971572816E-02));
#4131 = CARTESIAN_POINT('',(-0.109830961128,0.901,3.207790524201E-02));
#4132 = CARTESIAN_POINT('',(-0.109830961128,0.9,3.207790524201E-02));
#4133 = CARTESIAN_POINT('',(-0.109248420069,0.901,3.21022095344E-02));
#4134 = CARTESIAN_POINT('',(-0.109248420069,0.9,3.21022095344E-02));
#4135 = ADVANCED_FACE('',(#4136),#4162,.T.);
#4136 = FACE_BOUND('',#4137,.T.);
#4137 = EDGE_LOOP('',(#4138,#4154,#4155,#4156));
#4138 = ORIENTED_EDGE('',*,*,#4139,.F.);
#4139 = EDGE_CURVE('',#4066,#4140,#4142,.T.);
#4140 = VERTEX_POINT('',#4141);
#4141 = CARTESIAN_POINT('',(-9.829088801818E-02,0.9,2.523121594466E-02)
  );
#4142 = B_SPLINE_CURVE_WITH_KNOTS('',3,(#4143,#4144,#4145,#4146,#4147,
    #4148,#4149,#4150,#4151,#4152,#4153),.UNSPECIFIED.,.F.,.F.,(4,1,1,1,
    1,1,1,1,4),(0.,0.124035433003,0.242845954812,0.36034168245,
    0.479042431656,0.599334110043,0.725488475771,0.858549428527,1.),
  .UNSPECIFIED.);
#4143 = CARTESIAN_POINT('',(-0.109248420069,0.9,3.21022095344E-02));
#4144 = CARTESIAN_POINT('',(-0.108685869973,0.9,3.20855787318E-02));
#4145 = CARTESIAN_POINT('',(-0.107584466834,0.9,3.205301768825E-02));
#4146 = CARTESIAN_POINT('',(-0.10597837439,0.9,3.171878295295E-02));
#4147 = CARTESIAN_POINT('',(-0.104459539252,0.9,3.11753898678E-02));
#4148 = CARTESIAN_POINT('',(-0.103032547256,0.9,3.040672219967E-02));
#4149 = CARTESIAN_POINT('',(-0.10169229425,0.9,2.942924365036E-02));
#4150 = CARTESIAN_POINT('',(-0.100445330567,0.9,2.823865876485E-02));
#4151 = CARTESIAN_POINT('',(-9.930106055465E-02,0.9,2.682310018442E-02)
  );
#4152 = CARTESIAN_POINT('',(-9.863440365109E-02,0.9,2.577254636337E-02)
  );
#4153 = CARTESIAN_POINT('',(-9.829088801818E-02,0.9,2.523121594466E-02)
  );
#4154 = ORIENTED_EDGE('',*,*,#4091,.F.);
#4155 = ORIENTED_EDGE('',*,*,#3581,.T.);
#4156 = ORIENTED_EDGE('',*,*,#4157,.T.);
#4157 = EDGE_CURVE('',#3566,#4140,#4158,.T.);
#4158 = LINE('',#4159,#4160);
#4159 = CARTESIAN_POINT('',(-9.829088801818E-02,0.901,2.523121594466E-02
    ));
#4160 = VECTOR('',#4161,1.);
#4161 = DIRECTION('',(-0.,-1.,-0.));
#4162 = B_SPLINE_SURFACE_WITH_KNOTS('',3,1,(
    (#4163,#4164)
    ,(#4165,#4166)
    ,(#4167,#4168)
    ,(#4169,#4170)
    ,(#4171,#4172)
    ,(#4173,#4174)
    ,(#4175,#4176)
    ,(#4177,#4178)
    ,(#4179,#4180)
    ,(#4181,#4182)
    ,(#4183,#4184
  )),.UNSPECIFIED.,.F.,.F.,.F.,(4,1,1,1,1,1,1,1,4),(2,2),(0.,
    0.124035433003,0.242845954812,0.36034168245,0.479042431656,
    0.599334110043,0.725488475771,0.858549428527,1.),(0.,1.),
  .UNSPECIFIED.);
#4163 = CARTESIAN_POINT('',(-0.109248420069,0.901,3.21022095344E-02));
#4164 = CARTESIAN_POINT('',(-0.109248420069,0.9,3.21022095344E-02));
#4165 = CARTESIAN_POINT('',(-0.108685869973,0.901,3.20855787318E-02));
#4166 = CARTESIAN_POINT('',(-0.108685869973,0.9,3.20855787318E-02));
#4167 = CARTESIAN_POINT('',(-0.107584466834,0.901,3.205301768825E-02));
#4168 = CARTESIAN_POINT('',(-0.107584466834,0.9,3.205301768825E-02));
#4169 = CARTESIAN_POINT('',(-0.10597837439,0.901,3.171878295295E-02));
#4170 = CARTESIAN_POINT('',(-0.10597837439,0.9,3.171878295295E-02));
#4171 = CARTESIAN_POINT('',(-0.104459539252,0.901,3.11753898678E-02));
#4172 = CARTESIAN_POINT('',(-0.104459539252,0.9,3.11753898678E-02));
#4173 = CARTESIAN_POINT('',(-0.103032547256,0.901,3.040672219967E-02));
#4174 = CARTESIAN_POINT('',(-0.103032547256,0.9,3.040672219967E-02));
#4175 = CARTESIAN_POINT('',(-0.10169229425,0.901,2.942924365036E-02));
#4176 = CARTESIAN_POINT('',(-0.10169229425,0.9,2.942924365036E-02));
#4177 = CARTESIAN_POINT('',(-0.100445330567,0.901,2.823865876485E-02));
#4178 = CARTESIAN_POINT('',(-0.100445330567,0.9,2.823865876485E-02));
#4179 = CARTESIAN_POINT('',(-9.930106055465E-02,0.901,2.682310018442E-02
    ));
#4180 = CARTESIAN_POINT('',(-9.930106055465E-02,0.9,2.682310018442E-02)
  );
#4181 = CARTESIAN_POINT('',(-9.863440365109E-02,0.901,2.577254636337E-02
    ));
#4182 = CARTESIAN_POINT('',(-9.863440365109E-02,0.9,2.577254636337E-02)
  );
#4183 = CARTESIAN_POINT('',(-9.829088801818E-02,0.901,2.523121594466E-02
    ));
#4184 = CARTESIAN_POINT('',(-9.829088801818E-02,0.9,2.523121594466E-02)
  );
#4185 = ADVANCED_FACE('',(#4186),#4205,.T.);
#4186 = FACE_BOUND('',#4187,.T.);
#4187 = EDGE_LOOP('',(#4188,#4202,#4203,#4204));
#4188 = ORIENTED_EDGE('',*,*,#4189,.F.);
#4189 = EDGE_CURVE('',#4140,#3899,#4190,.T.);
#4190 = B_SPLINE_CURVE_WITH_KNOTS('',3,(#4191,#4192,#4193,#4194,#4195,
    #4196,#4197,#4198,#4199,#4200,#4201),.UNSPECIFIED.,.F.,.F.,(4,1,1,1,
    1,1,1,1,4),(0.,8.887073112254E-02,0.186354715971,0.294077654396,
    0.412236527958,0.541778144421,0.682702606632,0.835096352604,1.),
  .UNSPECIFIED.);
#4191 = CARTESIAN_POINT('',(-9.829088801818E-02,0.9,2.523121594466E-02)
  );
#4192 = CARTESIAN_POINT('',(-9.788645621465E-02,0.9,2.449150522857E-02)
  );
#4193 = CARTESIAN_POINT('',(-9.703839552103E-02,0.9,2.294039184561E-02)
  );
#4194 = CARTESIAN_POINT('',(-9.605701822197E-02,0.9,2.032294584787E-02)
  );
#4195 = CARTESIAN_POINT('',(-9.523094950926E-02,0.9,1.73708993665E-02));
#4196 = CARTESIAN_POINT('',(-9.451996424767E-02,0.9,1.407506535256E-02)
  );
#4197 = CARTESIAN_POINT('',(-9.403369370001E-02,0.9,1.042244463013E-02)
  );
#4198 = CARTESIAN_POINT('',(-9.361491809752E-02,0.9,6.436198783256E-03)
  );
#4199 = CARTESIAN_POINT('',(-9.341293221825E-02,0.9,2.096254690847E-03)
  );
#4200 = CARTESIAN_POINT('',(-9.338007811455E-02,0.9,-9.104742326478E-04)
  );
#4201 = CARTESIAN_POINT('',(-9.33630034028E-02,0.9,-2.473110978419E-03)
  );
#4202 = ORIENTED_EDGE('',*,*,#4157,.F.);
#4203 = ORIENTED_EDGE('',*,*,#3565,.T.);
#4204 = ORIENTED_EDGE('',*,*,#3924,.T.);
#4205 = B_SPLINE_SURFACE_WITH_KNOTS('',3,1,(
    (#4206,#4207)
    ,(#4208,#4209)
    ,(#4210,#4211)
    ,(#4212,#4213)
    ,(#4214,#4215)
    ,(#4216,#4217)
    ,(#4218,#4219)
    ,(#4220,#4221)
    ,(#4222,#4223)
    ,(#4224,#4225)
    ,(#4226,#4227
  )),.UNSPECIFIED.,.F.,.F.,.F.,(4,1,1,1,1,1,1,1,4),(2,2),(0.,
    8.887073112254E-02,0.186354715971,0.294077654396,0.412236527958,
    0.541778144421,0.682702606632,0.835096352604,1.),(0.,1.),
  .UNSPECIFIED.);
#4206 = CARTESIAN_POINT('',(-9.829088801818E-02,0.901,2.523121594466E-02
    ));
#4207 = CARTESIAN_POINT('',(-9.829088801818E-02,0.9,2.523121594466E-02)
  );
#4208 = CARTESIAN_POINT('',(-9.788645621465E-02,0.901,2.449150522857E-02
    ));
#4209 = CARTESIAN_POINT('',(-9.788645621465E-02,0.9,2.449150522857E-02)
  );
#4210 = CARTESIAN_POINT('',(-9.703839552103E-02,0.901,2.294039184561E-02
    ));
#4211 = CARTESIAN_POINT('',(-9.703839552103E-02,0.9,2.294039184561E-02)
  );
#4212 = CARTESIAN_POINT('',(-9.605701822197E-02,0.901,2.032294584787E-02
    ));
#4213 = CARTESIAN_POINT('',(-9.605701822197E-02,0.9,2.032294584787E-02)
  );
#4214 = CARTESIAN_POINT('',(-9.523094950926E-02,0.901,1.73708993665E-02)
  );
#4215 = CARTESIAN_POINT('',(-9.523094950926E-02,0.9,1.73708993665E-02));
#4216 = CARTESIAN_POINT('',(-9.451996424767E-02,0.901,1.407506535256E-02
    ));
#4217 = CARTESIAN_POINT('',(-9.451996424767E-02,0.9,1.407506535256E-02)
  );
#4218 = CARTESIAN_POINT('',(-9.403369370001E-02,0.901,1.042244463013E-02
    ));
#4219 = CARTESIAN_POINT('',(-9.403369370001E-02,0.9,1.042244463013E-02)
  );
#4220 = CARTESIAN_POINT('',(-9.361491809752E-02,0.901,6.436198783256E-03
    ));
#4221 = CARTESIAN_POINT('',(-9.361491809752E-02,0.9,6.436198783256E-03)
  );
#4222 = CARTESIAN_POINT('',(-9.341293221825E-02,0.901,2.096254690847E-03
    ));
#4223 = CARTESIAN_POINT('',(-9.341293221825E-02,0.9,2.096254690847E-03)
  );
#4224 = CARTESIAN_POINT('',(-9.338007811455E-02,0.901,
    -9.104742326478E-04));
#4225 = CARTESIAN_POINT('',(-9.338007811455E-02,0.9,-9.104742326478E-04)
  );
#4226 = CARTESIAN_POINT('',(-9.33630034028E-02,0.901,-2.473110978419E-03
    ));
#4227 = CARTESIAN_POINT('',(-9.33630034028E-02,0.9,-2.473110978419E-03)
  );
#4228 = ADVANCED_FACE('',(#4229),#4236,.T.);
#4229 = FACE_BOUND('',#4230,.T.);
#4230 = EDGE_LOOP('',(#4231,#4232,#4233,#4234,#4235));
#4231 = ORIENTED_EDGE('',*,*,#3898,.T.);
#4232 = ORIENTED_EDGE('',*,*,#3979,.T.);
#4233 = ORIENTED_EDGE('',*,*,#4065,.T.);
#4234 = ORIENTED_EDGE('',*,*,#4139,.T.);
#4235 = ORIENTED_EDGE('',*,*,#4189,.T.);
#4236 = PLANE('',#4237);
#4237 = AXIS2_PLACEMENT_3D('',#4238,#4239,#4240);
#4238 = CARTESIAN_POINT('',(0.,0.9,0.));
#4239 = DIRECTION('',(0.,1.,-0.));
#4240 = DIRECTION('',(0.,0.,1.));
#4241 = ADVANCED_FACE('',(#4242,#4360),#4426,.T.);
#4242 = FACE_BOUND('',#4243,.T.);
#4243 = EDGE_LOOP('',(#4244,#4254,#4274,#4298,#4322,#4346,#4354));
#4244 = ORIENTED_EDGE('',*,*,#4245,.F.);
#4245 = EDGE_CURVE('',#4246,#4248,#4250,.T.);
#4246 = VERTEX_POINT('',#4247);
#4247 = CARTESIAN_POINT('',(-5.634377263357E-02,0.901,
    -5.157405850214E-03));
#4248 = VERTEX_POINT('',#4249);
#4249 = CARTESIAN_POINT('',(-3.094313160793E-02,0.901,
    -5.507727764509E-02));
#4250 = LINE('',#4251,#4252);
#4251 = CARTESIAN_POINT('',(-5.634377263357E-02,0.901,
    -5.157405850214E-03));
#4252 = VECTOR('',#4253,1.);
#4253 = DIRECTION('',(0.45349711791,0.,-0.89125774277));
#4254 = ORIENTED_EDGE('',*,*,#4255,.F.);
#4255 = EDGE_CURVE('',#4256,#4246,#4258,.T.);
#4256 = VERTEX_POINT('',#4257);
#4257 = CARTESIAN_POINT('',(-6.387582391562E-02,0.901,1.878089543184E-02
    ));
#4258 = B_SPLINE_CURVE_WITH_KNOTS('',3,(#4259,#4260,#4261,#4262,#4263,
    #4264,#4265,#4266,#4267,#4268,#4269,#4270,#4271,#4272,#4273),
  .UNSPECIFIED.,.F.,.F.,(4,1,1,1,1,1,1,1,1,1,1,1,4),(0.,
    9.253783465933E-02,0.185590773027,0.27955247916,0.375602295488,
    0.427616715619,0.487116870767,0.554198927807,0.628623986024,
    0.709687560519,0.799180741829,0.895357326612,1.),.UNSPECIFIED.);
#4259 = CARTESIAN_POINT('',(-6.387582391562E-02,0.901,1.878089543184E-02
    ));
#4260 = CARTESIAN_POINT('',(-6.386207497362E-02,0.901,1.799888276116E-02
    ));
#4261 = CARTESIAN_POINT('',(-6.383450055735E-02,0.901,1.643050441512E-02
    ));
#4262 = CARTESIAN_POINT('',(-6.355739415807E-02,0.901,1.408194306875E-02
    ));
#4263 = CARTESIAN_POINT('',(-6.313609509747E-02,0.901,1.172721697069E-02
    ));
#4264 = CARTESIAN_POINT('',(-6.264775432452E-02,0.901,9.740224526694E-03
    ));
#4265 = CARTESIAN_POINT('',(-6.214491033208E-02,0.901,8.060014470663E-03
    ));
#4266 = CARTESIAN_POINT('',(-6.163879399251E-02,0.901,6.638098103616E-03
    ));
#4267 = CARTESIAN_POINT('',(-6.101157430534E-02,0.901,5.060081850315E-03
    ));
#4268 = CARTESIAN_POINT('',(-6.029456929344E-02,0.901,3.321936098265E-03
    ));
#4269 = CARTESIAN_POINT('',(-5.946523175892E-02,0.901,1.425751830852E-03
    ));
#4270 = CARTESIAN_POINT('',(-5.852789401403E-02,0.901,
    -6.233024475049E-04));
#4271 = CARTESIAN_POINT('',(-5.748022250366E-02,0.901,
    -2.840743715186E-03));
#4272 = CARTESIAN_POINT('',(-5.673308842153E-02,0.901,
    -4.363782507662E-03));
#4273 = CARTESIAN_POINT('',(-5.634377263357E-02,0.901,
    -5.157405850214E-03));
#4274 = ORIENTED_EDGE('',*,*,#4275,.F.);
#4275 = EDGE_CURVE('',#4276,#4256,#4278,.T.);
#4276 = VERTEX_POINT('',#4277);
#4277 = CARTESIAN_POINT('',(-3.294633673613E-02,0.901,5.005092748312E-02
    ));
#4278 = B_SPLINE_CURVE_WITH_KNOTS('',3,(#4279,#4280,#4281,#4282,#4283,
    #4284,#4285,#4286,#4287,#4288,#4289,#4290,#4291,#4292,#4293,#4294,
    #4295,#4296,#4297),.UNSPECIFIED.,.F.,.F.,(4,1,1,1,1,1,1,1,1,1,1,1,1,
    1,1,1,4),(0.,6.648593787488E-02,0.130735600939,0.193286839504,
    0.255291426707,0.316537602895,0.378866710391,0.441877206471,
    0.507117491466,0.57227139192,0.635427133539,0.696817252458,
    0.757356633381,0.817265116832,0.87713429946,0.938019820316,1.),
  .UNSPECIFIED.);
#4279 = CARTESIAN_POINT('',(-3.294633673613E-02,0.901,5.005092748312E-02
    ));
#4280 = CARTESIAN_POINT('',(-3.402995676565E-02,0.901,5.00288207685E-02)
  );
#4281 = CARTESIAN_POINT('',(-3.61607489343E-02,0.901,4.998535090537E-02)
  );
#4282 = CARTESIAN_POINT('',(-3.92786311539E-02,0.901,4.949860300472E-02)
  );
#4283 = CARTESIAN_POINT('',(-4.2268948542E-02,0.901,4.876587189489E-02)
  );
#4284 = CARTESIAN_POINT('',(-4.511489503191E-02,0.901,4.771965636078E-02
    ));
#4285 = CARTESIAN_POINT('',(-4.783416871818E-02,0.901,4.638749933042E-02
    ));
#4286 = CARTESIAN_POINT('',(-5.039475505793E-02,0.901,4.473908899036E-02
    ));
#4287 = CARTESIAN_POINT('',(-5.281822343935E-02,0.901,4.279260289393E-02
    ));
#4288 = CARTESIAN_POINT('',(-5.507873615009E-02,0.901,4.059183390647E-02
    ));
#4289 = CARTESIAN_POINT('',(-5.711528964149E-02,0.901,3.818119259311E-02
    ));
#4290 = CARTESIAN_POINT('',(-5.893172514322E-02,0.901,3.567831928456E-02
    ));
#4291 = CARTESIAN_POINT('',(-6.046843192251E-02,0.901,3.30792864171E-02)
  );
#4292 = CARTESIAN_POINT('',(-6.171236023889E-02,0.901,3.03868728539E-02)
  );
#4293 = CARTESIAN_POINT('',(-6.268290196041E-02,0.901,2.760965809196E-02
    ));
#4294 = CARTESIAN_POINT('',(-6.335820104987E-02,0.901,2.474237120222E-02
    ));
#4295 = CARTESIAN_POINT('',(-6.379822072816E-02,0.901,2.179261766317E-02
    ));
#4296 = CARTESIAN_POINT('',(-6.384980299756E-02,0.901,1.979074799024E-02
    ));
#4297 = CARTESIAN_POINT('',(-6.387582391562E-02,0.901,1.878089543184E-02
    ));
#4298 = ORIENTED_EDGE('',*,*,#4299,.F.);
#4299 = EDGE_CURVE('',#4300,#4276,#4302,.T.);
#4300 = VERTEX_POINT('',#4301);
#4301 = CARTESIAN_POINT('',(-2.337362377158E-03,0.901,1.892111979081E-02
    ));
#4302 = B_SPLINE_CURVE_WITH_KNOTS('',3,(#4303,#4304,#4305,#4306,#4307,
    #4308,#4309,#4310,#4311,#4312,#4313,#4314,#4315,#4316,#4317,#4318,
    #4319,#4320,#4321),.UNSPECIFIED.,.F.,.F.,(4,1,1,1,1,1,1,1,1,1,1,1,1,
    1,1,1,4),(0.,6.562092715322E-02,0.129704433603,0.192008410051,
    0.253165382518,0.314590013796,0.376532773001,0.439286701649,
    0.503798529066,0.568283999304,0.630628890743,0.691512839648,
    0.751997591163,0.812376852071,0.87357689528,0.936026679163,1.),
  .UNSPECIFIED.);
#4303 = CARTESIAN_POINT('',(-2.337362377158E-03,0.901,1.892111979081E-02
    ));
#4304 = CARTESIAN_POINT('',(-2.363724413026E-03,0.901,1.998422432037E-02
    ));
#4305 = CARTESIAN_POINT('',(-2.415830853445E-03,0.901,2.208552609785E-02
    ));
#4306 = CARTESIAN_POINT('',(-2.846559562145E-03,0.901,2.517180399075E-02
    ));
#4307 = CARTESIAN_POINT('',(-3.542639783112E-03,0.901,2.813290714216E-02
    ));
#4308 = CARTESIAN_POINT('',(-4.537478198038E-03,0.901,3.09629218615E-02)
  );
#4309 = CARTESIAN_POINT('',(-5.80199827867E-03,0.901,3.367568134087E-02)
  );
#4310 = CARTESIAN_POINT('',(-7.348420684687E-03,0.901,3.626959370798E-02
    ));
#4311 = CARTESIAN_POINT('',(-9.189569986831E-03,0.901,3.872527550682E-02
    ));
#4312 = CARTESIAN_POINT('',(-1.127787598082E-02,0.901,4.102967842287E-02
    ));
#4313 = CARTESIAN_POINT('',(-1.356075468747E-02,0.901,4.313015871786E-02
    ));
#4314 = CARTESIAN_POINT('',(-1.596703318546E-02,0.901,4.499718784943E-02
    ));
#4315 = CARTESIAN_POINT('',(-1.85171019773E-02,0.901,4.653942474817E-02)
  );
#4316 = CARTESIAN_POINT('',(-2.116276177714E-02,0.901,4.78418799637E-02)
  );
#4317 = CARTESIAN_POINT('',(-2.395272079907E-02,0.901,4.881379370537E-02
    ));
#4318 = CARTESIAN_POINT('',(-2.684522717436E-02,0.901,4.954742021169E-02
    ));
#4319 = CARTESIAN_POINT('',(-2.986221561206E-02,0.901,4.997075455477E-02
    ));
#4320 = CARTESIAN_POINT('',(-3.191007006466E-02,0.901,5.002398932789E-02
    ));
#4321 = CARTESIAN_POINT('',(-3.294633673613E-02,0.901,5.005092748312E-02
    ));
#4322 = ORIENTED_EDGE('',*,*,#4323,.F.);
#4323 = EDGE_CURVE('',#4324,#4300,#4326,.T.);
#4324 = VERTEX_POINT('',#4325);
#4325 = CARTESIAN_POINT('',(-3.248559955664E-02,0.901,
    -1.276958533739E-02));
#4326 = B_SPLINE_CURVE_WITH_KNOTS('',3,(#4327,#4328,#4329,#4330,#4331,
    #4332,#4333,#4334,#4335,#4336,#4337,#4338,#4339,#4340,#4341,#4342,
    #4343,#4344,#4345),.UNSPECIFIED.,.F.,.F.,(4,1,1,1,1,1,1,1,1,1,1,1,1,
    1,1,1,4),(0.,6.332879336011E-02,0.124736444163,0.184915748456,
    0.244300408589,0.303825570582,0.364352997673,0.426073143672,
    0.489720908839,0.553755931535,0.616458062928,0.678318862354,
    0.740300940215,0.802656264377,0.8667321228,0.93215673788,1.),
  .UNSPECIFIED.);
#4327 = CARTESIAN_POINT('',(-3.248559955665E-02,0.901,
    -1.276958533739E-02));
#4328 = CARTESIAN_POINT('',(-3.145597648696E-02,0.901,
    -1.274292787691E-02));
#4329 = CARTESIAN_POINT('',(-2.942796499763E-02,0.901,
    -1.269042163678E-02));
#4330 = CARTESIAN_POINT('',(-2.644415759605E-02,0.901,
    -1.226605742458E-02));
#4331 = CARTESIAN_POINT('',(-2.359158217914E-02,0.901,
    -1.153243345573E-02));
#4332 = CARTESIAN_POINT('',(-2.084147635063E-02,0.901,
    -1.056001686944E-02));
#4333 = CARTESIAN_POINT('',(-1.822745755058E-02,0.901,
    -9.254051735941E-03));
#4334 = CARTESIAN_POINT('',(-1.570742555061E-02,0.901,
    -7.700538078027E-03));
#4335 = CARTESIAN_POINT('',(-1.334657485219E-02,0.901,
    -5.805861075407E-03));
#4336 = CARTESIAN_POINT('',(-1.109077317015E-02,0.901,
    -3.706659479376E-03));
#4337 = CARTESIAN_POINT('',(-9.039584288977E-03,0.901,
    -1.381045802296E-03));
#4338 = CARTESIAN_POINT('',(-7.257764109837E-03,0.901,1.117899971441E-03
    ));
#4339 = CARTESIAN_POINT('',(-5.704939280942E-03,0.901,3.729378185442E-03
    ));
#4340 = CARTESIAN_POINT('',(-4.497835751196E-03,0.901,6.511813943554E-03
    ));
#4341 = CARTESIAN_POINT('',(-3.524145847754E-03,0.901,9.419085208411E-03
    ));
#4342 = CARTESIAN_POINT('',(-2.821585733403E-03,0.901,1.246281359428E-02
    ));
#4343 = CARTESIAN_POINT('',(-2.420755531234E-03,0.901,1.56518130664E-02)
  );
#4344 = CARTESIAN_POINT('',(-2.365494402217E-03,0.901,1.781824486402E-02
    ));
#4345 = CARTESIAN_POINT('',(-2.337362377158E-03,0.901,1.892111979081E-02
    ));
#4346 = ORIENTED_EDGE('',*,*,#4347,.F.);
#4347 = EDGE_CURVE('',#4348,#4324,#4350,.T.);
#4348 = VERTEX_POINT('',#4349);
#4349 = CARTESIAN_POINT('',(-1.505771494126E-02,0.901,-4.70243930297E-02
    ));
#4350 = LINE('',#4351,#4352);
#4351 = CARTESIAN_POINT('',(-1.505771494126E-02,0.901,-4.70243930297E-02
    ));
#4352 = VECTOR('',#4353,1.);
#4353 = DIRECTION('',(-0.453457243721,0.,0.891278030761));
#4354 = ORIENTED_EDGE('',*,*,#4355,.F.);
#4355 = EDGE_CURVE('',#4248,#4348,#4356,.T.);
#4356 = LINE('',#4357,#4358);
#4357 = CARTESIAN_POINT('',(-3.094313160793E-02,0.901,
    -5.507727764509E-02));
#4358 = VECTOR('',#4359,1.);
#4359 = DIRECTION('',(0.891939015264,0.,0.4521557177));
#4360 = FACE_BOUND('',#4361,.T.);
#4361 = EDGE_LOOP('',(#4362,#4380,#4396,#4412));
#4362 = ORIENTED_EDGE('',*,*,#4363,.F.);
#4363 = EDGE_CURVE('',#4364,#4366,#4368,.T.);
#4364 = VERTEX_POINT('',#4365);
#4365 = CARTESIAN_POINT('',(-3.334697776177E-02,0.901,3.897081329274E-03
    ));
#4366 = VERTEX_POINT('',#4367);
#4367 = CARTESIAN_POINT('',(-4.59271059669E-02,0.901,1.789948517543E-02)
  );
#4368 = B_SPLINE_CURVE_WITH_KNOTS('',3,(#4369,#4370,#4371,#4372,#4373,
    #4374,#4375,#4376,#4377,#4378,#4379),.UNSPECIFIED.,.F.,.F.,(4,1,1,1,
    1,1,1,1,4),(0.,0.122718051504,0.240143118045,0.35736237651,
    0.481673852465,0.6078658288,0.732955480675,0.862144461363,1.),
  .UNSPECIFIED.);
#4369 = CARTESIAN_POINT('',(-3.334697776177E-02,0.901,3.897081329274E-03
    ));
#4370 = CARTESIAN_POINT('',(-3.420821187711E-02,0.901,3.936584318433E-03
    ));
#4371 = CARTESIAN_POINT('',(-3.589353398979E-02,0.901,4.013886482805E-03
    ));
#4372 = CARTESIAN_POINT('',(-3.828980999301E-02,0.901,4.823432380191E-03
    ));
#4373 = CARTESIAN_POINT('',(-4.047467002701E-02,0.901,6.093408410241E-03
    ));
#4374 = CARTESIAN_POINT('',(-4.236853372676E-02,0.901,7.862095635813E-03
    ));
#4375 = CARTESIAN_POINT('',(-4.395257645172E-02,0.901,9.975746324095E-03
    ));
#4376 = CARTESIAN_POINT('',(-4.511658662355E-02,0.901,1.238664726053E-02
    ));
#4377 = CARTESIAN_POINT('',(-4.581680343567E-02,0.901,1.506262563393E-02
    ));
#4378 = CARTESIAN_POINT('',(-4.58895514777E-02,0.901,1.693362510097E-02)
  );
#4379 = CARTESIAN_POINT('',(-4.59271059669E-02,0.901,1.789948517543E-02)
  );
#4380 = ORIENTED_EDGE('',*,*,#4381,.F.);
#4381 = EDGE_CURVE('',#4382,#4364,#4384,.T.);
#4382 = VERTEX_POINT('',#4383);
#4383 = CARTESIAN_POINT('',(-2.028608032588E-02,0.901,1.789948517543E-02
    ));
#4384 = B_SPLINE_CURVE_WITH_KNOTS('',3,(#4385,#4386,#4387,#4388,#4389,
    #4390,#4391,#4392,#4393,#4394,#4395),.UNSPECIFIED.,.F.,.F.,(4,1,1,1,
    1,1,1,1,4),(0.,0.135403746714,0.262225165452,0.385849067756,
    0.510857363609,0.634977464764,0.753299076658,0.87393204094,1.),
  .UNSPECIFIED.);
#4385 = CARTESIAN_POINT('',(-2.028608032588E-02,0.901,1.789948517543E-02
    ));
#4386 = CARTESIAN_POINT('',(-2.033303510856E-02,0.901,1.693418905321E-02
    ));
#4387 = CARTESIAN_POINT('',(-2.042396852774E-02,0.901,1.506478040315E-02
    ));
#4388 = CARTESIAN_POINT('',(-2.110698626012E-02,0.901,1.237626568602E-02
    ));
#4389 = CARTESIAN_POINT('',(-2.23264683001E-02,0.901,9.974657252171E-03)
  );
#4390 = CARTESIAN_POINT('',(-2.394635127092E-02,0.901,7.853370818604E-03
    ));
#4391 = CARTESIAN_POINT('',(-2.590539170768E-02,0.901,6.085472254096E-03
    ));
#4392 = CARTESIAN_POINT('',(-2.817769429462E-02,0.901,4.81341695206E-03)
  );
#4393 = CARTESIAN_POINT('',(-3.068343618239E-02,0.901,4.015320735809E-03
    ));
#4394 = CARTESIAN_POINT('',(-3.244618569828E-02,0.901,3.937069110889E-03
    ));
#4395 = CARTESIAN_POINT('',(-3.334697776177E-02,0.901,3.897081329274E-03
    ));
#4396 = ORIENTED_EDGE('',*,*,#4397,.F.);
#4397 = EDGE_CURVE('',#4398,#4382,#4400,.T.);
#4398 = VERTEX_POINT('',#4399);
#4399 = CARTESIAN_POINT('',(-3.328688160793E-02,0.901,3.21022095344E-02)
  );
#4400 = B_SPLINE_CURVE_WITH_KNOTS('',3,(#4401,#4402,#4403,#4404,#4405,
    #4406,#4407,#4408,#4409,#4410,#4411),.UNSPECIFIED.,.F.,.F.,(4,1,1,1,
    1,1,1,1,4),(0.,0.121152242491,0.237600589573,0.356052488087,
    0.480524974489,0.607638611543,0.733429928379,0.862181607382,1.),
  .UNSPECIFIED.);
#4401 = CARTESIAN_POINT('',(-3.328688160793E-02,0.901,3.21022095344E-02)
  );
#4402 = CARTESIAN_POINT('',(-3.24200004429E-02,0.901,3.205153684865E-02)
  );
#4403 = CARTESIAN_POINT('',(-3.071989591602E-02,0.901,3.195215891091E-02
    ));
#4404 = CARTESIAN_POINT('',(-2.826738363598E-02,0.901,3.117846460467E-02
    ));
#4405 = CARTESIAN_POINT('',(-2.602699895328E-02,0.901,2.988576348018E-02
    ));
#4406 = CARTESIAN_POINT('',(-2.404606552789E-02,0.901,2.811371051209E-02
    ));
#4407 = CARTESIAN_POINT('',(-2.234448135969E-02,0.901,2.599648859592E-02
    ));
#4408 = CARTESIAN_POINT('',(-2.116715699159E-02,0.901,2.351635601449E-02
    ));
#4409 = CARTESIAN_POINT('',(-2.040702257552E-02,0.901,2.079539938483E-02
    ));
#4410 = CARTESIAN_POINT('',(-2.032729828316E-02,0.901,1.888643281809E-02
    ));
#4411 = CARTESIAN_POINT('',(-2.028608032588E-02,0.901,1.789948517543E-02
    ));
#4412 = ORIENTED_EDGE('',*,*,#4413,.F.);
#4413 = EDGE_CURVE('',#4366,#4398,#4414,.T.);
#4414 = B_SPLINE_CURVE_WITH_KNOTS('',3,(#4415,#4416,#4417,#4418,#4419,
    #4420,#4421,#4422,#4423,#4424,#4425),.UNSPECIFIED.,.F.,.F.,(4,1,1,1,
    1,1,1,1,4),(0.,0.137284992182,0.267028486572,0.39492564017,
    0.524334761508,0.65081252643,0.769267467046,0.883434683567,1.),
  .UNSPECIFIED.);
#4415 = CARTESIAN_POINT('',(-4.59271059669E-02,0.901,1.789948517543E-02)
  );
#4416 = CARTESIAN_POINT('',(-4.588264027536E-02,0.901,1.886566688431E-02
    ));
#4417 = CARTESIAN_POINT('',(-4.579615153302E-02,0.901,2.074495489224E-02
    ));
#4418 = CARTESIAN_POINT('',(-4.506960565405E-02,0.901,2.344641335738E-02
    ));
#4419 = CARTESIAN_POINT('',(-4.388002461518E-02,0.901,2.591206305688E-02
    ));
#4420 = CARTESIAN_POINT('',(-4.22117130621E-02,0.901,2.805372420994E-02)
  );
#4421 = CARTESIAN_POINT('',(-4.025313927853E-02,0.901,2.983146877489E-02
    ));
#4422 = CARTESIAN_POINT('',(-3.808131325791E-02,0.901,3.114619588808E-02
    ));
#4423 = CARTESIAN_POINT('',(-3.573246183864E-02,0.901,3.195387589502E-02
    ));
#4424 = CARTESIAN_POINT('',(-3.410770394806E-02,0.901,3.205242357217E-02
    ));
#4425 = CARTESIAN_POINT('',(-3.328688160793E-02,0.901,3.21022095344E-02)
  );
#4426 = PLANE('',#4427);
#4427 = AXIS2_PLACEMENT_3D('',#4428,#4429,#4430);
#4428 = CARTESIAN_POINT('',(-1.078447098245E-02,0.901,
    -3.313056085772E-03));
#4429 = DIRECTION('',(1.4466E-13,1.,-1.5204E-12));
#4430 = DIRECTION('',(0.,1.5204E-12,1.));
#4431 = ADVANCED_FACE('',(#4432),#4448,.T.);
#4432 = FACE_BOUND('',#4433,.T.);
#4433 = EDGE_LOOP('',(#4434,#4435,#4441,#4442));
#4434 = ORIENTED_EDGE('',*,*,#2745,.F.);
#4435 = ORIENTED_EDGE('',*,*,#4436,.F.);
#4436 = EDGE_CURVE('',#4246,#2746,#4437,.T.);
#4437 = LINE('',#4438,#4439);
#4438 = CARTESIAN_POINT('',(-5.634377263357E-02,0.901,
    -5.157405850214E-03));
#4439 = VECTOR('',#4440,1.);
#4440 = DIRECTION('',(-0.,-1.,-0.));
#4441 = ORIENTED_EDGE('',*,*,#4245,.T.);
#4442 = ORIENTED_EDGE('',*,*,#4443,.T.);
#4443 = EDGE_CURVE('',#4248,#2748,#4444,.T.);
#4444 = LINE('',#4445,#4446);
#4445 = CARTESIAN_POINT('',(-3.094313160793E-02,0.901,
    -5.507727764509E-02));
#4446 = VECTOR('',#4447,1.);
#4447 = DIRECTION('',(-0.,-1.,-0.));
#4448 = PLANE('',#4449);
#4449 = AXIS2_PLACEMENT_3D('',#4450,#4451,#4452);
#4450 = CARTESIAN_POINT('',(-5.634377263357E-02,0.901,
    -5.157405850214E-03));
#4451 = DIRECTION('',(-0.89125774277,0.,-0.45349711791));
#4452 = DIRECTION('',(-0.45349711791,0.,0.89125774277));
#4453 = ADVANCED_FACE('',(#4454),#4465,.T.);
#4454 = FACE_BOUND('',#4455,.T.);
#4455 = EDGE_LOOP('',(#4456,#4457,#4463,#4464));
#4456 = ORIENTED_EDGE('',*,*,#2843,.F.);
#4457 = ORIENTED_EDGE('',*,*,#4458,.F.);
#4458 = EDGE_CURVE('',#4256,#2820,#4459,.T.);
#4459 = LINE('',#4460,#4461);
#4460 = CARTESIAN_POINT('',(-6.387582391562E-02,0.901,1.878089543184E-02
    ));
#4461 = VECTOR('',#4462,1.);
#4462 = DIRECTION('',(-0.,-1.,-0.));
#4463 = ORIENTED_EDGE('',*,*,#4255,.T.);
#4464 = ORIENTED_EDGE('',*,*,#4436,.T.);
#4465 = B_SPLINE_SURFACE_WITH_KNOTS('',3,1,(
    (#4466,#4467)
    ,(#4468,#4469)
    ,(#4470,#4471)
    ,(#4472,#4473)
    ,(#4474,#4475)
    ,(#4476,#4477)
    ,(#4478,#4479)
    ,(#4480,#4481)
    ,(#4482,#4483)
    ,(#4484,#4485)
    ,(#4486,#4487)
    ,(#4488,#4489)
    ,(#4490,#4491)
    ,(#4492,#4493)
    ,(#4494,#4495
    )),.UNSPECIFIED.,.F.,.F.,.F.,(4,1,1,1,1,1,1,1,1,1,1,1,4),(2,2),(0.,
    9.253783465933E-02,0.185590773027,0.27955247916,0.375602295488,
    0.427616715619,0.487116870767,0.554198927807,0.628623986024,
    0.709687560519,0.799180741829,0.895357326612,1.),(0.,1.),
  .UNSPECIFIED.);
#4466 = CARTESIAN_POINT('',(-6.387582391562E-02,0.901,1.878089543184E-02
    ));
#4467 = CARTESIAN_POINT('',(-6.387582391562E-02,0.9,1.878089543184E-02)
  );
#4468 = CARTESIAN_POINT('',(-6.386207497362E-02,0.901,1.799888276116E-02
    ));
#4469 = CARTESIAN_POINT('',(-6.386207497362E-02,0.9,1.799888276116E-02)
  );
#4470 = CARTESIAN_POINT('',(-6.383450055735E-02,0.901,1.643050441512E-02
    ));
#4471 = CARTESIAN_POINT('',(-6.383450055735E-02,0.9,1.643050441512E-02)
  );
#4472 = CARTESIAN_POINT('',(-6.355739415807E-02,0.901,1.408194306875E-02
    ));
#4473 = CARTESIAN_POINT('',(-6.355739415807E-02,0.9,1.408194306875E-02)
  );
#4474 = CARTESIAN_POINT('',(-6.313609509747E-02,0.901,1.172721697069E-02
    ));
#4475 = CARTESIAN_POINT('',(-6.313609509747E-02,0.9,1.172721697069E-02)
  );
#4476 = CARTESIAN_POINT('',(-6.264775432452E-02,0.901,9.740224526694E-03
    ));
#4477 = CARTESIAN_POINT('',(-6.264775432452E-02,0.9,9.740224526694E-03)
  );
#4478 = CARTESIAN_POINT('',(-6.214491033208E-02,0.901,8.060014470663E-03
    ));
#4479 = CARTESIAN_POINT('',(-6.214491033208E-02,0.9,8.060014470663E-03)
  );
#4480 = CARTESIAN_POINT('',(-6.163879399251E-02,0.901,6.638098103616E-03
    ));
#4481 = CARTESIAN_POINT('',(-6.163879399251E-02,0.9,6.638098103616E-03)
  );
#4482 = CARTESIAN_POINT('',(-6.101157430534E-02,0.901,5.060081850315E-03
    ));
#4483 = CARTESIAN_POINT('',(-6.101157430534E-02,0.9,5.060081850315E-03)
  );
#4484 = CARTESIAN_POINT('',(-6.029456929344E-02,0.901,3.321936098265E-03
    ));
#4485 = CARTESIAN_POINT('',(-6.029456929344E-02,0.9,3.321936098265E-03)
  );
#4486 = CARTESIAN_POINT('',(-5.946523175892E-02,0.901,1.425751830852E-03
    ));
#4487 = CARTESIAN_POINT('',(-5.946523175892E-02,0.9,1.425751830852E-03)
  );
#4488 = CARTESIAN_POINT('',(-5.852789401403E-02,0.901,
    -6.233024475049E-04));
#4489 = CARTESIAN_POINT('',(-5.852789401403E-02,0.9,-6.233024475049E-04)
  );
#4490 = CARTESIAN_POINT('',(-5.748022250366E-02,0.901,
    -2.840743715186E-03));
#4491 = CARTESIAN_POINT('',(-5.748022250366E-02,0.9,-2.840743715186E-03)
  );
#4492 = CARTESIAN_POINT('',(-5.673308842153E-02,0.901,
    -4.363782507662E-03));
#4493 = CARTESIAN_POINT('',(-5.673308842153E-02,0.9,-4.363782507662E-03)
  );
#4494 = CARTESIAN_POINT('',(-5.634377263357E-02,0.901,
    -5.157405850214E-03));
#4495 = CARTESIAN_POINT('',(-5.634377263357E-02,0.9,-5.157405850214E-03)
  );
#4496 = ADVANCED_FACE('',(#4497),#4508,.T.);
#4497 = FACE_BOUND('',#4498,.T.);
#4498 = EDGE_LOOP('',(#4499,#4500,#4506,#4507));
#4499 = ORIENTED_EDGE('',*,*,#2819,.F.);
#4500 = ORIENTED_EDGE('',*,*,#4501,.F.);
#4501 = EDGE_CURVE('',#4276,#2796,#4502,.T.);
#4502 = LINE('',#4503,#4504);
#4503 = CARTESIAN_POINT('',(-3.294633673613E-02,0.901,5.005092748312E-02
    ));
#4504 = VECTOR('',#4505,1.);
#4505 = DIRECTION('',(-0.,-1.,-0.));
#4506 = ORIENTED_EDGE('',*,*,#4275,.T.);
#4507 = ORIENTED_EDGE('',*,*,#4458,.T.);
#4508 = B_SPLINE_SURFACE_WITH_KNOTS('',3,1,(
    (#4509,#4510)
    ,(#4511,#4512)
    ,(#4513,#4514)
    ,(#4515,#4516)
    ,(#4517,#4518)
    ,(#4519,#4520)
    ,(#4521,#4522)
    ,(#4523,#4524)
    ,(#4525,#4526)
    ,(#4527,#4528)
    ,(#4529,#4530)
    ,(#4531,#4532)
    ,(#4533,#4534)
    ,(#4535,#4536)
    ,(#4537,#4538)
    ,(#4539,#4540)
    ,(#4541,#4542)
    ,(#4543,#4544)
    ,(#4545,#4546
    )),.UNSPECIFIED.,.F.,.F.,.F.,(4,1,1,1,1,1,1,1,1,1,1,1,1,1,1,1,4),(2,
    2),(0.,6.648593787488E-02,0.130735600939,0.193286839504,
    0.255291426707,0.316537602895,0.378866710391,0.441877206471,
    0.507117491466,0.57227139192,0.635427133539,0.696817252458,
    0.757356633381,0.817265116832,0.87713429946,0.938019820316,1.),(0.,
    1.),.UNSPECIFIED.);
#4509 = CARTESIAN_POINT('',(-3.294633673613E-02,0.901,5.005092748312E-02
    ));
#4510 = CARTESIAN_POINT('',(-3.294633673613E-02,0.9,5.005092748312E-02)
  );
#4511 = CARTESIAN_POINT('',(-3.402995676565E-02,0.901,5.00288207685E-02)
  );
#4512 = CARTESIAN_POINT('',(-3.402995676565E-02,0.9,5.00288207685E-02));
#4513 = CARTESIAN_POINT('',(-3.61607489343E-02,0.901,4.998535090537E-02)
  );
#4514 = CARTESIAN_POINT('',(-3.61607489343E-02,0.9,4.998535090537E-02));
#4515 = CARTESIAN_POINT('',(-3.92786311539E-02,0.901,4.949860300472E-02)
  );
#4516 = CARTESIAN_POINT('',(-3.92786311539E-02,0.9,4.949860300472E-02));
#4517 = CARTESIAN_POINT('',(-4.2268948542E-02,0.901,4.876587189489E-02)
  );
#4518 = CARTESIAN_POINT('',(-4.2268948542E-02,0.9,4.876587189489E-02));
#4519 = CARTESIAN_POINT('',(-4.511489503191E-02,0.901,4.771965636078E-02
    ));
#4520 = CARTESIAN_POINT('',(-4.511489503191E-02,0.9,4.771965636078E-02)
  );
#4521 = CARTESIAN_POINT('',(-4.783416871818E-02,0.901,4.638749933042E-02
    ));
#4522 = CARTESIAN_POINT('',(-4.783416871818E-02,0.9,4.638749933042E-02)
  );
#4523 = CARTESIAN_POINT('',(-5.039475505793E-02,0.901,4.473908899036E-02
    ));
#4524 = CARTESIAN_POINT('',(-5.039475505793E-02,0.9,4.473908899036E-02)
  );
#4525 = CARTESIAN_POINT('',(-5.281822343935E-02,0.901,4.279260289393E-02
    ));
#4526 = CARTESIAN_POINT('',(-5.281822343935E-02,0.9,4.279260289393E-02)
  );
#4527 = CARTESIAN_POINT('',(-5.507873615009E-02,0.901,4.059183390647E-02
    ));
#4528 = CARTESIAN_POINT('',(-5.507873615009E-02,0.9,4.059183390647E-02)
  );
#4529 = CARTESIAN_POINT('',(-5.711528964149E-02,0.901,3.818119259311E-02
    ));
#4530 = CARTESIAN_POINT('',(-5.711528964149E-02,0.9,3.818119259311E-02)
  );
#4531 = CARTESIAN_POINT('',(-5.893172514322E-02,0.901,3.567831928456E-02
    ));
#4532 = CARTESIAN_POINT('',(-5.893172514322E-02,0.9,3.567831928456E-02)
  );
#4533 = CARTESIAN_POINT('',(-6.046843192251E-02,0.901,3.30792864171E-02)
  );
#4534 = CARTESIAN_POINT('',(-6.046843192251E-02,0.9,3.30792864171E-02));
#4535 = CARTESIAN_POINT('',(-6.171236023889E-02,0.901,3.03868728539E-02)
  );
#4536 = CARTESIAN_POINT('',(-6.171236023889E-02,0.9,3.03868728539E-02));
#4537 = CARTESIAN_POINT('',(-6.268290196041E-02,0.901,2.760965809196E-02
    ));
#4538 = CARTESIAN_POINT('',(-6.268290196041E-02,0.9,2.760965809196E-02)
  );
#4539 = CARTESIAN_POINT('',(-6.335820104987E-02,0.901,2.474237120222E-02
    ));
#4540 = CARTESIAN_POINT('',(-6.335820104987E-02,0.9,2.474237120222E-02)
  );
#4541 = CARTESIAN_POINT('',(-6.379822072816E-02,0.901,2.179261766317E-02
    ));
#4542 = CARTESIAN_POINT('',(-6.379822072816E-02,0.9,2.179261766317E-02)
  );
#4543 = CARTESIAN_POINT('',(-6.384980299756E-02,0.901,1.979074799024E-02
    ));
#4544 = CARTESIAN_POINT('',(-6.384980299756E-02,0.9,1.979074799024E-02)
  );
#4545 = CARTESIAN_POINT('',(-6.387582391562E-02,0.901,1.878089543184E-02
    ));
#4546 = CARTESIAN_POINT('',(-6.387582391562E-02,0.9,1.878089543184E-02)
  );
#4547 = ADVANCED_FACE('',(#4548),#4559,.T.);
#4548 = FACE_BOUND('',#4549,.T.);
#4549 = EDGE_LOOP('',(#4550,#4551,#4557,#4558));
#4550 = ORIENTED_EDGE('',*,*,#2795,.F.);
#4551 = ORIENTED_EDGE('',*,*,#4552,.F.);
#4552 = EDGE_CURVE('',#4300,#2772,#4553,.T.);
#4553 = LINE('',#4554,#4555);
#4554 = CARTESIAN_POINT('',(-2.337362377158E-03,0.901,1.892111979081E-02
    ));
#4555 = VECTOR('',#4556,1.);
#4556 = DIRECTION('',(-0.,-1.,-0.));
#4557 = ORIENTED_EDGE('',*,*,#4299,.T.);
#4558 = ORIENTED_EDGE('',*,*,#4501,.T.);
#4559 = B_SPLINE_SURFACE_WITH_KNOTS('',3,1,(
    (#4560,#4561)
    ,(#4562,#4563)
    ,(#4564,#4565)
    ,(#4566,#4567)
    ,(#4568,#4569)
    ,(#4570,#4571)
    ,(#4572,#4573)
    ,(#4574,#4575)
    ,(#4576,#4577)
    ,(#4578,#4579)
    ,(#4580,#4581)
    ,(#4582,#4583)
    ,(#4584,#4585)
    ,(#4586,#4587)
    ,(#4588,#4589)
    ,(#4590,#4591)
    ,(#4592,#4593)
    ,(#4594,#4595)
    ,(#4596,#4597
    )),.UNSPECIFIED.,.F.,.F.,.F.,(4,1,1,1,1,1,1,1,1,1,1,1,1,1,1,1,4),(2,
    2),(0.,6.562092715322E-02,0.129704433603,0.192008410051,
    0.253165382518,0.314590013796,0.376532773001,0.439286701649,
    0.503798529066,0.568283999304,0.630628890743,0.691512839648,
    0.751997591163,0.812376852071,0.87357689528,0.936026679163,1.),(0.,
    1.),.UNSPECIFIED.);
#4560 = CARTESIAN_POINT('',(-2.337362377158E-03,0.901,1.892111979081E-02
    ));
#4561 = CARTESIAN_POINT('',(-2.337362377158E-03,0.9,1.892111979081E-02)
  );
#4562 = CARTESIAN_POINT('',(-2.363724413026E-03,0.901,1.998422432037E-02
    ));
#4563 = CARTESIAN_POINT('',(-2.363724413026E-03,0.9,1.998422432037E-02)
  );
#4564 = CARTESIAN_POINT('',(-2.415830853445E-03,0.901,2.208552609785E-02
    ));
#4565 = CARTESIAN_POINT('',(-2.415830853445E-03,0.9,2.208552609785E-02)
  );
#4566 = CARTESIAN_POINT('',(-2.846559562145E-03,0.901,2.517180399075E-02
    ));
#4567 = CARTESIAN_POINT('',(-2.846559562145E-03,0.9,2.517180399075E-02)
  );
#4568 = CARTESIAN_POINT('',(-3.542639783112E-03,0.901,2.813290714216E-02
    ));
#4569 = CARTESIAN_POINT('',(-3.542639783112E-03,0.9,2.813290714216E-02)
  );
#4570 = CARTESIAN_POINT('',(-4.537478198038E-03,0.901,3.09629218615E-02)
  );
#4571 = CARTESIAN_POINT('',(-4.537478198038E-03,0.9,3.09629218615E-02));
#4572 = CARTESIAN_POINT('',(-5.80199827867E-03,0.901,3.367568134087E-02)
  );
#4573 = CARTESIAN_POINT('',(-5.80199827867E-03,0.9,3.367568134087E-02));
#4574 = CARTESIAN_POINT('',(-7.348420684687E-03,0.901,3.626959370798E-02
    ));
#4575 = CARTESIAN_POINT('',(-7.348420684687E-03,0.9,3.626959370798E-02)
  );
#4576 = CARTESIAN_POINT('',(-9.189569986831E-03,0.901,3.872527550682E-02
    ));
#4577 = CARTESIAN_POINT('',(-9.189569986831E-03,0.9,3.872527550682E-02)
  );
#4578 = CARTESIAN_POINT('',(-1.127787598082E-02,0.901,4.102967842287E-02
    ));
#4579 = CARTESIAN_POINT('',(-1.127787598082E-02,0.9,4.102967842287E-02)
  );
#4580 = CARTESIAN_POINT('',(-1.356075468747E-02,0.901,4.313015871786E-02
    ));
#4581 = CARTESIAN_POINT('',(-1.356075468747E-02,0.9,4.313015871786E-02)
  );
#4582 = CARTESIAN_POINT('',(-1.596703318546E-02,0.901,4.499718784943E-02
    ));
#4583 = CARTESIAN_POINT('',(-1.596703318546E-02,0.9,4.499718784943E-02)
  );
#4584 = CARTESIAN_POINT('',(-1.85171019773E-02,0.901,4.653942474817E-02)
  );
#4585 = CARTESIAN_POINT('',(-1.85171019773E-02,0.9,4.653942474817E-02));
#4586 = CARTESIAN_POINT('',(-2.116276177714E-02,0.901,4.78418799637E-02)
  );
#4587 = CARTESIAN_POINT('',(-2.116276177714E-02,0.9,4.78418799637E-02));
#4588 = CARTESIAN_POINT('',(-2.395272079907E-02,0.901,4.881379370537E-02
    ));
#4589 = CARTESIAN_POINT('',(-2.395272079907E-02,0.9,4.881379370537E-02)
  );
#4590 = CARTESIAN_POINT('',(-2.684522717436E-02,0.901,4.954742021169E-02
    ));
#4591 = CARTESIAN_POINT('',(-2.684522717436E-02,0.9,4.954742021169E-02)
  );
#4592 = CARTESIAN_POINT('',(-2.986221561206E-02,0.901,4.997075455477E-02
    ));
#4593 = CARTESIAN_POINT('',(-2.986221561206E-02,0.9,4.997075455477E-02)
  );
#4594 = CARTESIAN_POINT('',(-3.191007006466E-02,0.901,5.002398932789E-02
    ));
#4595 = CARTESIAN_POINT('',(-3.191007006466E-02,0.9,5.002398932789E-02)
  );
#4596 = CARTESIAN_POINT('',(-3.294633673613E-02,0.901,5.005092748312E-02
    ));
#4597 = CARTESIAN_POINT('',(-3.294633673613E-02,0.9,5.005092748312E-02)
  );
#4598 = ADVANCED_FACE('',(#4599),#4610,.T.);
#4599 = FACE_BOUND('',#4600,.T.);
#4600 = EDGE_LOOP('',(#4601,#4602,#4608,#4609));
#4601 = ORIENTED_EDGE('',*,*,#2771,.F.);
#4602 = ORIENTED_EDGE('',*,*,#4603,.F.);
#4603 = EDGE_CURVE('',#4324,#2764,#4604,.T.);
#4604 = LINE('',#4605,#4606);
#4605 = CARTESIAN_POINT('',(-3.248559955665E-02,0.901,
    -1.276958533739E-02));
#4606 = VECTOR('',#4607,1.);
#4607 = DIRECTION('',(-0.,-1.,-0.));
#4608 = ORIENTED_EDGE('',*,*,#4323,.T.);
#4609 = ORIENTED_EDGE('',*,*,#4552,.T.);
#4610 = B_SPLINE_SURFACE_WITH_KNOTS('',3,1,(
    (#4611,#4612)
    ,(#4613,#4614)
    ,(#4615,#4616)
    ,(#4617,#4618)
    ,(#4619,#4620)
    ,(#4621,#4622)
    ,(#4623,#4624)
    ,(#4625,#4626)
    ,(#4627,#4628)
    ,(#4629,#4630)
    ,(#4631,#4632)
    ,(#4633,#4634)
    ,(#4635,#4636)
    ,(#4637,#4638)
    ,(#4639,#4640)
    ,(#4641,#4642)
    ,(#4643,#4644)
    ,(#4645,#4646)
    ,(#4647,#4648
    )),.UNSPECIFIED.,.F.,.F.,.F.,(4,1,1,1,1,1,1,1,1,1,1,1,1,1,1,1,4),(2,
    2),(0.,6.332879336011E-02,0.124736444163,0.184915748456,
    0.244300408589,0.303825570582,0.364352997673,0.426073143672,
    0.489720908839,0.553755931535,0.616458062928,0.678318862354,
    0.740300940215,0.802656264377,0.8667321228,0.93215673788,1.),(0.,1.)
  ,.UNSPECIFIED.);
#4611 = CARTESIAN_POINT('',(-3.248559955665E-02,0.901,
    -1.276958533739E-02));
#4612 = CARTESIAN_POINT('',(-3.248559955665E-02,0.9,-1.276958533739E-02)
  );
#4613 = CARTESIAN_POINT('',(-3.145597648696E-02,0.901,
    -1.274292787691E-02));
#4614 = CARTESIAN_POINT('',(-3.145597648696E-02,0.9,-1.274292787691E-02)
  );
#4615 = CARTESIAN_POINT('',(-2.942796499763E-02,0.901,
    -1.269042163678E-02));
#4616 = CARTESIAN_POINT('',(-2.942796499763E-02,0.9,-1.269042163678E-02)
  );
#4617 = CARTESIAN_POINT('',(-2.644415759605E-02,0.901,
    -1.226605742458E-02));
#4618 = CARTESIAN_POINT('',(-2.644415759605E-02,0.9,-1.226605742458E-02)
  );
#4619 = CARTESIAN_POINT('',(-2.359158217914E-02,0.901,
    -1.153243345573E-02));
#4620 = CARTESIAN_POINT('',(-2.359158217914E-02,0.9,-1.153243345573E-02)
  );
#4621 = CARTESIAN_POINT('',(-2.084147635063E-02,0.901,
    -1.056001686944E-02));
#4622 = CARTESIAN_POINT('',(-2.084147635063E-02,0.9,-1.056001686944E-02)
  );
#4623 = CARTESIAN_POINT('',(-1.822745755058E-02,0.901,
    -9.254051735941E-03));
#4624 = CARTESIAN_POINT('',(-1.822745755058E-02,0.9,-9.254051735941E-03)
  );
#4625 = CARTESIAN_POINT('',(-1.570742555061E-02,0.901,
    -7.700538078027E-03));
#4626 = CARTESIAN_POINT('',(-1.570742555061E-02,0.9,-7.700538078027E-03)
  );
#4627 = CARTESIAN_POINT('',(-1.334657485219E-02,0.901,
    -5.805861075407E-03));
#4628 = CARTESIAN_POINT('',(-1.334657485219E-02,0.9,-5.805861075407E-03)
  );
#4629 = CARTESIAN_POINT('',(-1.109077317015E-02,0.901,
    -3.706659479376E-03));
#4630 = CARTESIAN_POINT('',(-1.109077317015E-02,0.9,-3.706659479376E-03)
  );
#4631 = CARTESIAN_POINT('',(-9.039584288977E-03,0.901,
    -1.381045802296E-03));
#4632 = CARTESIAN_POINT('',(-9.039584288977E-03,0.9,-1.381045802296E-03)
  );
#4633 = CARTESIAN_POINT('',(-7.257764109837E-03,0.901,1.117899971441E-03
    ));
#4634 = CARTESIAN_POINT('',(-7.257764109837E-03,0.9,1.117899971441E-03)
  );
#4635 = CARTESIAN_POINT('',(-5.704939280942E-03,0.901,3.729378185442E-03
    ));
#4636 = CARTESIAN_POINT('',(-5.704939280942E-03,0.9,3.729378185442E-03)
  );
#4637 = CARTESIAN_POINT('',(-4.497835751196E-03,0.901,6.511813943554E-03
    ));
#4638 = CARTESIAN_POINT('',(-4.497835751196E-03,0.9,6.511813943554E-03)
  );
#4639 = CARTESIAN_POINT('',(-3.524145847754E-03,0.901,9.419085208411E-03
    ));
#4640 = CARTESIAN_POINT('',(-3.524145847754E-03,0.9,9.419085208411E-03)
  );
#4641 = CARTESIAN_POINT('',(-2.821585733403E-03,0.901,1.246281359428E-02
    ));
#4642 = CARTESIAN_POINT('',(-2.821585733403E-03,0.9,1.246281359428E-02)
  );
#4643 = CARTESIAN_POINT('',(-2.420755531234E-03,0.901,1.56518130664E-02)
  );
#4644 = CARTESIAN_POINT('',(-2.420755531234E-03,0.9,1.56518130664E-02));
#4645 = CARTESIAN_POINT('',(-2.365494402217E-03,0.901,1.781824486402E-02
    ));
#4646 = CARTESIAN_POINT('',(-2.365494402217E-03,0.9,1.781824486402E-02)
  );
#4647 = CARTESIAN_POINT('',(-2.337362377158E-03,0.901,1.892111979081E-02
    ));
#4648 = CARTESIAN_POINT('',(-2.337362377158E-03,0.9,1.892111979081E-02)
  );
#4649 = ADVANCED_FACE('',(#4650),#4661,.T.);
#4650 = FACE_BOUND('',#4651,.T.);
#4651 = EDGE_LOOP('',(#4652,#4653,#4659,#4660));
#4652 = ORIENTED_EDGE('',*,*,#2763,.F.);
#4653 = ORIENTED_EDGE('',*,*,#4654,.F.);
#4654 = EDGE_CURVE('',#4348,#2756,#4655,.T.);
#4655 = LINE('',#4656,#4657);
#4656 = CARTESIAN_POINT('',(-1.505771494126E-02,0.901,-4.70243930297E-02
    ));
#4657 = VECTOR('',#4658,1.);
#4658 = DIRECTION('',(-0.,-1.,-0.));
#4659 = ORIENTED_EDGE('',*,*,#4347,.T.);
#4660 = ORIENTED_EDGE('',*,*,#4603,.T.);
#4661 = PLANE('',#4662);
#4662 = AXIS2_PLACEMENT_3D('',#4663,#4664,#4665);
#4663 = CARTESIAN_POINT('',(-1.505771494126E-02,0.901,-4.70243930297E-02
    ));
#4664 = DIRECTION('',(0.891278030761,-0.,0.453457243721));
#4665 = DIRECTION('',(0.453457243721,0.,-0.891278030761));
#4666 = ADVANCED_FACE('',(#4667),#4673,.T.);
#4667 = FACE_BOUND('',#4668,.T.);
#4668 = EDGE_LOOP('',(#4669,#4670,#4671,#4672));
#4669 = ORIENTED_EDGE('',*,*,#2755,.F.);
#4670 = ORIENTED_EDGE('',*,*,#4443,.F.);
#4671 = ORIENTED_EDGE('',*,*,#4355,.T.);
#4672 = ORIENTED_EDGE('',*,*,#4654,.T.);
#4673 = PLANE('',#4674);
#4674 = AXIS2_PLACEMENT_3D('',#4675,#4676,#4677);
#4675 = CARTESIAN_POINT('',(-3.094313160793E-02,0.901,
    -5.507727764509E-02));
#4676 = DIRECTION('',(0.4521557177,0.,-0.891939015264));
#4677 = DIRECTION('',(-0.891939015264,0.,-0.4521557177));
#4678 = ADVANCED_FACE('',(#4679),#4712,.T.);
#4679 = FACE_BOUND('',#4680,.T.);
#4680 = EDGE_LOOP('',(#4681,#4699,#4705,#4706));
#4681 = ORIENTED_EDGE('',*,*,#4682,.F.);
#4682 = EDGE_CURVE('',#4683,#4685,#4687,.T.);
#4683 = VERTEX_POINT('',#4684);
#4684 = CARTESIAN_POINT('',(-2.028608032588E-02,0.9,1.789948517543E-02)
  );
#4685 = VERTEX_POINT('',#4686);
#4686 = CARTESIAN_POINT('',(-3.334697776177E-02,0.9,3.897081329274E-03)
  );
#4687 = B_SPLINE_CURVE_WITH_KNOTS('',3,(#4688,#4689,#4690,#4691,#4692,
    #4693,#4694,#4695,#4696,#4697,#4698),.UNSPECIFIED.,.F.,.F.,(4,1,1,1,
    1,1,1,1,4),(0.,0.135403746714,0.262225165452,0.385849067756,
    0.510857363609,0.634977464764,0.753299076658,0.87393204094,1.),
  .UNSPECIFIED.);
#4688 = CARTESIAN_POINT('',(-2.028608032588E-02,0.9,1.789948517543E-02)
  );
#4689 = CARTESIAN_POINT('',(-2.033303510856E-02,0.9,1.693418905321E-02)
  );
#4690 = CARTESIAN_POINT('',(-2.042396852774E-02,0.9,1.506478040315E-02)
  );
#4691 = CARTESIAN_POINT('',(-2.110698626012E-02,0.9,1.237626568602E-02)
  );
#4692 = CARTESIAN_POINT('',(-2.23264683001E-02,0.9,9.974657252171E-03));
#4693 = CARTESIAN_POINT('',(-2.394635127092E-02,0.9,7.853370818604E-03)
  );
#4694 = CARTESIAN_POINT('',(-2.590539170768E-02,0.9,6.085472254096E-03)
  );
#4695 = CARTESIAN_POINT('',(-2.817769429462E-02,0.9,4.81341695206E-03));
#4696 = CARTESIAN_POINT('',(-3.068343618239E-02,0.9,4.015320735809E-03)
  );
#4697 = CARTESIAN_POINT('',(-3.244618569828E-02,0.9,3.937069110889E-03)
  );
#4698 = CARTESIAN_POINT('',(-3.334697776177E-02,0.9,3.897081329274E-03)
  );
#4699 = ORIENTED_EDGE('',*,*,#4700,.F.);
#4700 = EDGE_CURVE('',#4382,#4683,#4701,.T.);
#4701 = LINE('',#4702,#4703);
#4702 = CARTESIAN_POINT('',(-2.028608032588E-02,0.901,1.789948517543E-02
    ));
#4703 = VECTOR('',#4704,1.);
#4704 = DIRECTION('',(-0.,-1.,-0.));
#4705 = ORIENTED_EDGE('',*,*,#4381,.T.);
#4706 = ORIENTED_EDGE('',*,*,#4707,.T.);
#4707 = EDGE_CURVE('',#4364,#4685,#4708,.T.);
#4708 = LINE('',#4709,#4710);
#4709 = CARTESIAN_POINT('',(-3.334697776177E-02,0.901,3.897081329274E-03
    ));
#4710 = VECTOR('',#4711,1.);
#4711 = DIRECTION('',(-0.,-1.,-0.));
#4712 = B_SPLINE_SURFACE_WITH_KNOTS('',3,1,(
    (#4713,#4714)
    ,(#4715,#4716)
    ,(#4717,#4718)
    ,(#4719,#4720)
    ,(#4721,#4722)
    ,(#4723,#4724)
    ,(#4725,#4726)
    ,(#4727,#4728)
    ,(#4729,#4730)
    ,(#4731,#4732)
    ,(#4733,#4734
  )),.UNSPECIFIED.,.F.,.F.,.F.,(4,1,1,1,1,1,1,1,4),(2,2),(0.,
    0.135403746714,0.262225165452,0.385849067756,0.510857363609,
    0.634977464764,0.753299076658,0.87393204094,1.),(0.,1.),
  .UNSPECIFIED.);
#4713 = CARTESIAN_POINT('',(-2.028608032588E-02,0.901,1.789948517543E-02
    ));
#4714 = CARTESIAN_POINT('',(-2.028608032588E-02,0.9,1.789948517543E-02)
  );
#4715 = CARTESIAN_POINT('',(-2.033303510856E-02,0.901,1.693418905321E-02
    ));
#4716 = CARTESIAN_POINT('',(-2.033303510856E-02,0.9,1.693418905321E-02)
  );
#4717 = CARTESIAN_POINT('',(-2.042396852774E-02,0.901,1.506478040315E-02
    ));
#4718 = CARTESIAN_POINT('',(-2.042396852774E-02,0.9,1.506478040315E-02)
  );
#4719 = CARTESIAN_POINT('',(-2.110698626012E-02,0.901,1.237626568602E-02
    ));
#4720 = CARTESIAN_POINT('',(-2.110698626012E-02,0.9,1.237626568602E-02)
  );
#4721 = CARTESIAN_POINT('',(-2.23264683001E-02,0.901,9.974657252171E-03)
  );
#4722 = CARTESIAN_POINT('',(-2.23264683001E-02,0.9,9.974657252171E-03));
#4723 = CARTESIAN_POINT('',(-2.394635127092E-02,0.901,7.853370818604E-03
    ));
#4724 = CARTESIAN_POINT('',(-2.394635127092E-02,0.9,7.853370818604E-03)
  );
#4725 = CARTESIAN_POINT('',(-2.590539170768E-02,0.901,6.085472254096E-03
    ));
#4726 = CARTESIAN_POINT('',(-2.590539170768E-02,0.9,6.085472254096E-03)
  );
#4727 = CARTESIAN_POINT('',(-2.817769429462E-02,0.901,4.81341695206E-03)
  );
#4728 = CARTESIAN_POINT('',(-2.817769429462E-02,0.9,4.81341695206E-03));
#4729 = CARTESIAN_POINT('',(-3.068343618239E-02,0.901,4.015320735809E-03
    ));
#4730 = CARTESIAN_POINT('',(-3.068343618239E-02,0.9,4.015320735809E-03)
  );
#4731 = CARTESIAN_POINT('',(-3.244618569828E-02,0.901,3.937069110889E-03
    ));
#4732 = CARTESIAN_POINT('',(-3.244618569828E-02,0.9,3.937069110889E-03)
  );
#4733 = CARTESIAN_POINT('',(-3.334697776177E-02,0.901,3.897081329274E-03
    ));
#4734 = CARTESIAN_POINT('',(-3.334697776177E-02,0.9,3.897081329274E-03)
  );
#4735 = ADVANCED_FACE('',(#4736),#4762,.T.);
#4736 = FACE_BOUND('',#4737,.T.);
#4737 = EDGE_LOOP('',(#4738,#4754,#4755,#4756));
#4738 = ORIENTED_EDGE('',*,*,#4739,.F.);
#4739 = EDGE_CURVE('',#4685,#4740,#4742,.T.);
#4740 = VERTEX_POINT('',#4741);
#4741 = CARTESIAN_POINT('',(-4.59271059669E-02,0.9,1.789948517543E-02));
#4742 = B_SPLINE_CURVE_WITH_KNOTS('',3,(#4743,#4744,#4745,#4746,#4747,
    #4748,#4749,#4750,#4751,#4752,#4753),.UNSPECIFIED.,.F.,.F.,(4,1,1,1,
    1,1,1,1,4),(0.,0.122718051504,0.240143118045,0.35736237651,
    0.481673852465,0.6078658288,0.732955480675,0.862144461363,1.),
  .UNSPECIFIED.);
#4743 = CARTESIAN_POINT('',(-3.334697776177E-02,0.9,3.897081329274E-03)
  );
#4744 = CARTESIAN_POINT('',(-3.420821187711E-02,0.9,3.936584318433E-03)
  );
#4745 = CARTESIAN_POINT('',(-3.589353398979E-02,0.9,4.013886482805E-03)
  );
#4746 = CARTESIAN_POINT('',(-3.828980999301E-02,0.9,4.823432380191E-03)
  );
#4747 = CARTESIAN_POINT('',(-4.047467002701E-02,0.9,6.093408410241E-03)
  );
#4748 = CARTESIAN_POINT('',(-4.236853372676E-02,0.9,7.862095635813E-03)
  );
#4749 = CARTESIAN_POINT('',(-4.395257645172E-02,0.9,9.975746324095E-03)
  );
#4750 = CARTESIAN_POINT('',(-4.511658662355E-02,0.9,1.238664726053E-02)
  );
#4751 = CARTESIAN_POINT('',(-4.581680343567E-02,0.9,1.506262563393E-02)
  );
#4752 = CARTESIAN_POINT('',(-4.58895514777E-02,0.9,1.693362510097E-02));
#4753 = CARTESIAN_POINT('',(-4.59271059669E-02,0.9,1.789948517543E-02));
#4754 = ORIENTED_EDGE('',*,*,#4707,.F.);
#4755 = ORIENTED_EDGE('',*,*,#4363,.T.);
#4756 = ORIENTED_EDGE('',*,*,#4757,.T.);
#4757 = EDGE_CURVE('',#4366,#4740,#4758,.T.);
#4758 = LINE('',#4759,#4760);
#4759 = CARTESIAN_POINT('',(-4.59271059669E-02,0.901,1.789948517543E-02)
  );
#4760 = VECTOR('',#4761,1.);
#4761 = DIRECTION('',(-0.,-1.,-0.));
#4762 = B_SPLINE_SURFACE_WITH_KNOTS('',3,1,(
    (#4763,#4764)
    ,(#4765,#4766)
    ,(#4767,#4768)
    ,(#4769,#4770)
    ,(#4771,#4772)
    ,(#4773,#4774)
    ,(#4775,#4776)
    ,(#4777,#4778)
    ,(#4779,#4780)
    ,(#4781,#4782)
    ,(#4783,#4784
  )),.UNSPECIFIED.,.F.,.F.,.F.,(4,1,1,1,1,1,1,1,4),(2,2),(0.,
    0.122718051504,0.240143118045,0.35736237651,0.481673852465,
    0.6078658288,0.732955480675,0.862144461363,1.),(0.,1.),
  .UNSPECIFIED.);
#4763 = CARTESIAN_POINT('',(-3.334697776177E-02,0.901,3.897081329274E-03
    ));
#4764 = CARTESIAN_POINT('',(-3.334697776177E-02,0.9,3.897081329274E-03)
  );
#4765 = CARTESIAN_POINT('',(-3.420821187711E-02,0.901,3.936584318433E-03
    ));
#4766 = CARTESIAN_POINT('',(-3.420821187711E-02,0.9,3.936584318433E-03)
  );
#4767 = CARTESIAN_POINT('',(-3.589353398979E-02,0.901,4.013886482805E-03
    ));
#4768 = CARTESIAN_POINT('',(-3.589353398979E-02,0.9,4.013886482805E-03)
  );
#4769 = CARTESIAN_POINT('',(-3.828980999301E-02,0.901,4.823432380191E-03
    ));
#4770 = CARTESIAN_POINT('',(-3.828980999301E-02,0.9,4.823432380191E-03)
  );
#4771 = CARTESIAN_POINT('',(-4.047467002701E-02,0.901,6.093408410241E-03
    ));
#4772 = CARTESIAN_POINT('',(-4.047467002701E-02,0.9,6.093408410241E-03)
  );
#4773 = CARTESIAN_POINT('',(-4.236853372676E-02,0.901,7.862095635813E-03
    ));
#4774 = CARTESIAN_POINT('',(-4.236853372676E-02,0.9,7.862095635813E-03)
  );
#4775 = CARTESIAN_POINT('',(-4.395257645172E-02,0.901,9.975746324095E-03
    ));
#4776 = CARTESIAN_POINT('',(-4.395257645172E-02,0.9,9.975746324095E-03)
  );
#4777 = CARTESIAN_POINT('',(-4.511658662355E-02,0.901,1.238664726053E-02
    ));
#4778 = CARTESIAN_POINT('',(-4.511658662355E-02,0.9,1.238664726053E-02)
  );
#4779 = CARTESIAN_POINT('',(-4.581680343567E-02,0.901,1.506262563393E-02
    ));
#4780 = CARTESIAN_POINT('',(-4.581680343567E-02,0.9,1.506262563393E-02)
  );
#4781 = CARTESIAN_POINT('',(-4.58895514777E-02,0.901,1.693362510097E-02)
  );
#4782 = CARTESIAN_POINT('',(-4.58895514777E-02,0.9,1.693362510097E-02));
#4783 = CARTESIAN_POINT('',(-4.59271059669E-02,0.901,1.789948517543E-02)
  );
#4784 = CARTESIAN_POINT('',(-4.59271059669E-02,0.9,1.789948517543E-02));
#4785 = ADVANCED_FACE('',(#4786),#4812,.T.);
#4786 = FACE_BOUND('',#4787,.T.);
#4787 = EDGE_LOOP('',(#4788,#4804,#4805,#4806));
#4788 = ORIENTED_EDGE('',*,*,#4789,.F.);
#4789 = EDGE_CURVE('',#4740,#4790,#4792,.T.);
#4790 = VERTEX_POINT('',#4791);
#4791 = CARTESIAN_POINT('',(-3.328688160793E-02,0.9,3.21022095344E-02));
#4792 = B_SPLINE_CURVE_WITH_KNOTS('',3,(#4793,#4794,#4795,#4796,#4797,
    #4798,#4799,#4800,#4801,#4802,#4803),.UNSPECIFIED.,.F.,.F.,(4,1,1,1,
    1,1,1,1,4),(0.,0.137284992182,0.267028486572,0.39492564017,
    0.524334761508,0.65081252643,0.769267467046,0.883434683567,1.),
  .UNSPECIFIED.);
#4793 = CARTESIAN_POINT('',(-4.59271059669E-02,0.9,1.789948517543E-02));
#4794 = CARTESIAN_POINT('',(-4.588264027536E-02,0.9,1.886566688431E-02)
  );
#4795 = CARTESIAN_POINT('',(-4.579615153302E-02,0.9,2.074495489224E-02)
  );
#4796 = CARTESIAN_POINT('',(-4.506960565405E-02,0.9,2.344641335738E-02)
  );
#4797 = CARTESIAN_POINT('',(-4.388002461518E-02,0.9,2.591206305688E-02)
  );
#4798 = CARTESIAN_POINT('',(-4.22117130621E-02,0.9,2.805372420994E-02));
#4799 = CARTESIAN_POINT('',(-4.025313927853E-02,0.9,2.983146877489E-02)
  );
#4800 = CARTESIAN_POINT('',(-3.808131325791E-02,0.9,3.114619588808E-02)
  );
#4801 = CARTESIAN_POINT('',(-3.573246183864E-02,0.9,3.195387589502E-02)
  );
#4802 = CARTESIAN_POINT('',(-3.410770394806E-02,0.9,3.205242357217E-02)
  );
#4803 = CARTESIAN_POINT('',(-3.328688160793E-02,0.9,3.21022095344E-02));
#4804 = ORIENTED_EDGE('',*,*,#4757,.F.);
#4805 = ORIENTED_EDGE('',*,*,#4413,.T.);
#4806 = ORIENTED_EDGE('',*,*,#4807,.T.);
#4807 = EDGE_CURVE('',#4398,#4790,#4808,.T.);
#4808 = LINE('',#4809,#4810);
#4809 = CARTESIAN_POINT('',(-3.328688160793E-02,0.901,3.21022095344E-02)
  );
#4810 = VECTOR('',#4811,1.);
#4811 = DIRECTION('',(-0.,-1.,-0.));
#4812 = B_SPLINE_SURFACE_WITH_KNOTS('',3,1,(
    (#4813,#4814)
    ,(#4815,#4816)
    ,(#4817,#4818)
    ,(#4819,#4820)
    ,(#4821,#4822)
    ,(#4823,#4824)
    ,(#4825,#4826)
    ,(#4827,#4828)
    ,(#4829,#4830)
    ,(#4831,#4832)
    ,(#4833,#4834
  )),.UNSPECIFIED.,.F.,.F.,.F.,(4,1,1,1,1,1,1,1,4),(2,2),(0.,
    0.137284992182,0.267028486572,0.39492564017,0.524334761508,
    0.65081252643,0.769267467046,0.883434683567,1.),(0.,1.),
  .UNSPECIFIED.);
#4813 = CARTESIAN_POINT('',(-4.59271059669E-02,0.901,1.789948517543E-02)
  );
#4814 = CARTESIAN_POINT('',(-4.59271059669E-02,0.9,1.789948517543E-02));
#4815 = CARTESIAN_POINT('',(-4.588264027536E-02,0.901,1.886566688431E-02
    ));
#4816 = CARTESIAN_POINT('',(-4.588264027536E-02,0.9,1.886566688431E-02)
  );
#4817 = CARTESIAN_POINT('',(-4.579615153302E-02,0.901,2.074495489224E-02
    ));
#4818 = CARTESIAN_POINT('',(-4.579615153302E-02,0.9,2.074495489224E-02)
  );
#4819 = CARTESIAN_POINT('',(-4.506960565405E-02,0.901,2.344641335738E-02
    ));
#4820 = CARTESIAN_POINT('',(-4.506960565405E-02,0.9,2.344641335738E-02)
  );
#4821 = CARTESIAN_POINT('',(-4.388002461518E-02,0.901,2.591206305688E-02
    ));
#4822 = CARTESIAN_POINT('',(-4.388002461518E-02,0.9,2.591206305688E-02)
  );
#4823 = CARTESIAN_POINT('',(-4.22117130621E-02,0.901,2.805372420994E-02)
  );
#4824 = CARTESIAN_POINT('',(-4.22117130621E-02,0.9,2.805372420994E-02));
#4825 = CARTESIAN_POINT('',(-4.025313927853E-02,0.901,2.983146877489E-02
    ));
#4826 = CARTESIAN_POINT('',(-4.025313927853E-02,0.9,2.983146877489E-02)
  );
#4827 = CARTESIAN_POINT('',(-3.808131325791E-02,0.901,3.114619588808E-02
    ));
#4828 = CARTESIAN_POINT('',(-3.808131325791E-02,0.9,3.114619588808E-02)
  );
#4829 = CARTESIAN_POINT('',(-3.573246183864E-02,0.901,3.195387589502E-02
    ));
#4830 = CARTESIAN_POINT('',(-3.573246183864E-02,0.9,3.195387589502E-02)
  );
#4831 = CARTESIAN_POINT('',(-3.410770394806E-02,0.901,3.205242357217E-02
    ));
#4832 = CARTESIAN_POINT('',(-3.410770394806E-02,0.9,3.205242357217E-02)
  );
#4833 = CARTESIAN_POINT('',(-3.328688160793E-02,0.901,3.21022095344E-02)
  );
#4834 = CARTESIAN_POINT('',(-3.328688160793E-02,0.9,3.21022095344E-02));
#4835 = ADVANCED_FACE('',(#4836),#4855,.T.);
#4836 = FACE_BOUND('',#4837,.T.);
#4837 = EDGE_LOOP('',(#4838,#4852,#4853,#4854));
#4838 = ORIENTED_EDGE('',*,*,#4839,.F.);
#4839 = EDGE_CURVE('',#4790,#4683,#4840,.T.);
#4840 = B_SPLINE_CURVE_WITH_KNOTS('',3,(#4841,#4842,#4843,#4844,#4845,
    #4846,#4847,#4848,#4849,#4850,#4851),.UNSPECIFIED.,.F.,.F.,(4,1,1,1,
    1,1,1,1,4),(0.,0.121152242491,0.237600589573,0.356052488087,
    0.480524974489,0.607638611543,0.733429928379,0.862181607382,1.),
  .UNSPECIFIED.);
#4841 = CARTESIAN_POINT('',(-3.328688160793E-02,0.9,3.21022095344E-02));
#4842 = CARTESIAN_POINT('',(-3.24200004429E-02,0.9,3.205153684865E-02));
#4843 = CARTESIAN_POINT('',(-3.071989591602E-02,0.9,3.195215891091E-02)
  );
#4844 = CARTESIAN_POINT('',(-2.826738363598E-02,0.9,3.117846460467E-02)
  );
#4845 = CARTESIAN_POINT('',(-2.602699895328E-02,0.9,2.988576348018E-02)
  );
#4846 = CARTESIAN_POINT('',(-2.404606552789E-02,0.9,2.811371051209E-02)
  );
#4847 = CARTESIAN_POINT('',(-2.234448135969E-02,0.9,2.599648859592E-02)
  );
#4848 = CARTESIAN_POINT('',(-2.116715699159E-02,0.9,2.351635601449E-02)
  );
#4849 = CARTESIAN_POINT('',(-2.040702257552E-02,0.9,2.079539938483E-02)
  );
#4850 = CARTESIAN_POINT('',(-2.032729828316E-02,0.9,1.888643281809E-02)
  );
#4851 = CARTESIAN_POINT('',(-2.028608032588E-02,0.9,1.789948517543E-02)
  );
#4852 = ORIENTED_EDGE('',*,*,#4807,.F.);
#4853 = ORIENTED_EDGE('',*,*,#4397,.T.);
#4854 = ORIENTED_EDGE('',*,*,#4700,.T.);
#4855 = B_SPLINE_SURFACE_WITH_KNOTS('',3,1,(
    (#4856,#4857)
    ,(#4858,#4859)
    ,(#4860,#4861)
    ,(#4862,#4863)
    ,(#4864,#4865)
    ,(#4866,#4867)
    ,(#4868,#4869)
    ,(#4870,#4871)
    ,(#4872,#4873)
    ,(#4874,#4875)
    ,(#4876,#4877
  )),.UNSPECIFIED.,.F.,.F.,.F.,(4,1,1,1,1,1,1,1,4),(2,2),(0.,
    0.121152242491,0.237600589573,0.356052488087,0.480524974489,
    0.607638611543,0.733429928379,0.862181607382,1.),(0.,1.),
  .UNSPECIFIED.);
#4856 = CARTESIAN_POINT('',(-3.328688160793E-02,0.901,3.21022095344E-02)
  );
#4857 = CARTESIAN_POINT('',(-3.328688160793E-02,0.9,3.21022095344E-02));
#4858 = CARTESIAN_POINT('',(-3.24200004429E-02,0.901,3.205153684865E-02)
  );
#4859 = CARTESIAN_POINT('',(-3.24200004429E-02,0.9,3.205153684865E-02));
#4860 = CARTESIAN_POINT('',(-3.071989591602E-02,0.901,3.195215891091E-02
    ));
#4861 = CARTESIAN_POINT('',(-3.071989591602E-02,0.9,3.195215891091E-02)
  );
#4862 = CARTESIAN_POINT('',(-2.826738363598E-02,0.901,3.117846460467E-02
    ));
#4863 = CARTESIAN_POINT('',(-2.826738363598E-02,0.9,3.117846460467E-02)
  );
#4864 = CARTESIAN_POINT('',(-2.602699895328E-02,0.901,2.988576348018E-02
    ));
#4865 = CARTESIAN_POINT('',(-2.602699895328E-02,0.9,2.988576348018E-02)
  );
#4866 = CARTESIAN_POINT('',(-2.404606552789E-02,0.901,2.811371051209E-02
    ));
#4867 = CARTESIAN_POINT('',(-2.404606552789E-02,0.9,2.811371051209E-02)
  );
#4868 = CARTESIAN_POINT('',(-2.234448135969E-02,0.901,2.599648859592E-02
    ));
#4869 = CARTESIAN_POINT('',(-2.234448135969E-02,0.9,2.599648859592E-02)
  );
#4870 = CARTESIAN_POINT('',(-2.116715699159E-02,0.901,2.351635601449E-02
    ));
#4871 = CARTESIAN_POINT('',(-2.116715699159E-02,0.9,2.351635601449E-02)
  );
#4872 = CARTESIAN_POINT('',(-2.040702257552E-02,0.901,2.079539938483E-02
    ));
#4873 = CARTESIAN_POINT('',(-2.040702257552E-02,0.9,2.079539938483E-02)
  );
#4874 = CARTESIAN_POINT('',(-2.032729828316E-02,0.901,1.888643281809E-02
    ));
#4875 = CARTESIAN_POINT('',(-2.032729828316E-02,0.9,1.888643281809E-02)
  );
#4876 = CARTESIAN_POINT('',(-2.028608032588E-02,0.901,1.789948517543E-02
    ));
#4877 = CARTESIAN_POINT('',(-2.028608032588E-02,0.9,1.789948517543E-02)
  );
#4878 = ADVANCED_FACE('',(#4879),#4885,.T.);
#4879 = FACE_BOUND('',#4880,.T.);
#4880 = EDGE_LOOP('',(#4881,#4882,#4883,#4884));
#4881 = ORIENTED_EDGE('',*,*,#4682,.T.);
#4882 = ORIENTED_EDGE('',*,*,#4739,.T.);
#4883 = ORIENTED_EDGE('',*,*,#4789,.T.);
#4884 = ORIENTED_EDGE('',*,*,#4839,.T.);
#4885 = PLANE('',#4886);
#4886 = AXIS2_PLACEMENT_3D('',#4887,#4888,#4889);
#4887 = CARTESIAN_POINT('',(0.,0.9,0.));
#4888 = DIRECTION('',(0.,1.,-0.));
#4889 = DIRECTION('',(0.,0.,1.));
#4890 = ADVANCED_FACE('',(#4891,#5021),#5131,.T.);
#4891 = FACE_BOUND('',#4892,.T.);
#4892 = EDGE_LOOP('',(#4893,#4911,#4927,#4959,#4991));
#4893 = ORIENTED_EDGE('',*,*,#4894,.F.);
#4894 = EDGE_CURVE('',#4895,#4897,#4899,.T.);
#4895 = VERTEX_POINT('',#4896);
#4896 = CARTESIAN_POINT('',(1.8696291469E-02,0.901,-4.147551482457E-02)
  );
#4897 = VERTEX_POINT('',#4898);
#4898 = CARTESIAN_POINT('',(4.415702864848E-02,0.901,-5.507727764509E-02
    ));
#4899 = B_SPLINE_CURVE_WITH_KNOTS('',3,(#4900,#4901,#4902,#4903,#4904,
    #4905,#4906,#4907,#4908,#4909,#4910),.UNSPECIFIED.,.F.,.F.,(4,1,1,1,
    1,1,1,1,4),(0.,0.132314033909,0.258700008553,0.380911821486,
    0.500534868973,0.620922617648,0.742375765398,0.868280834179,1.),
  .UNSPECIFIED.);
#4900 = CARTESIAN_POINT('',(1.8696291469E-02,0.901,-4.147551482457E-02)
  );
#4901 = CARTESIAN_POINT('',(1.947274923867E-02,0.901,-4.255720200934E-02
    ));
#4902 = CARTESIAN_POINT('',(2.099087717811E-02,0.901,-4.467211360023E-02
    ));
#4903 = CARTESIAN_POINT('',(2.364536631502E-02,0.901,-4.744859719092E-02
    ));
#4904 = CARTESIAN_POINT('',(2.649726928332E-02,0.901,-4.982318191646E-02
    ));
#4905 = CARTESIAN_POINT('',(2.960516254388E-02,0.901,-5.174212879817E-02
    ));
#4906 = CARTESIAN_POINT('',(3.291989347011E-02,0.901,-5.325541046488E-02
    ));
#4907 = CARTESIAN_POINT('',(3.646992071203E-02,0.901,-5.43242242627E-02)
  );
#4908 = CARTESIAN_POINT('',(4.024213461553E-02,0.901,-5.494696498555E-02
    ));
#4909 = CARTESIAN_POINT('',(4.28325768259E-02,0.901,-5.503319143535E-02)
  );
#4910 = CARTESIAN_POINT('',(4.415702864848E-02,0.901,-5.507727764509E-02
    ));
#4911 = ORIENTED_EDGE('',*,*,#4912,.F.);
#4912 = EDGE_CURVE('',#4913,#4895,#4915,.T.);
#4913 = VERTEX_POINT('',#4914);
#4914 = CARTESIAN_POINT('',(1.048315044336E-02,0.901,-1.531604568162E-03
    ));
#4915 = B_SPLINE_CURVE_WITH_KNOTS('',3,(#4916,#4917,#4918,#4919,#4920,
    #4921,#4922,#4923,#4924,#4925,#4926),.UNSPECIFIED.,.F.,.F.,(4,1,1,1,
    1,1,1,1,4),(0.,0.161071123948,0.31078880838,0.449903823831,
    0.578376316506,0.696617211905,0.80598732271,0.906561703289,1.),
  .UNSPECIFIED.);
#4916 = CARTESIAN_POINT('',(1.048315044336E-02,0.901,-1.531604568162E-03
    ));
#4917 = CARTESIAN_POINT('',(1.050027495301E-02,0.901,-3.74925500536E-03)
  );
#4918 = CARTESIAN_POINT('',(1.053331691496E-02,0.901,-8.028240089002E-03
    ));
#4919 = CARTESIAN_POINT('',(1.095204892479E-02,0.901,-1.421012942465E-02
    ));
#4920 = CARTESIAN_POINT('',(1.156664131269E-02,0.901,-1.992421525498E-02
    ));
#4921 = CARTESIAN_POINT('',(1.246933194599E-02,0.901,-2.516093932431E-02
    ));
#4922 = CARTESIAN_POINT('',(1.358549642966E-02,0.901,-2.993969693114E-02
    ));
#4923 = CARTESIAN_POINT('',(1.501480317014E-02,0.901,-3.422900812208E-02
    ));
#4924 = CARTESIAN_POINT('',(1.664196492044E-02,0.901,-3.808822513632E-02
    ));
#4925 = CARTESIAN_POINT('',(1.802851577524E-02,0.901,-4.037444852957E-02
    ));
#4926 = CARTESIAN_POINT('',(1.8696291469E-02,0.901,-4.147551482457E-02)
  );
#4927 = ORIENTED_EDGE('',*,*,#4928,.F.);
#4928 = EDGE_CURVE('',#4929,#4913,#4931,.T.);
#4929 = VERTEX_POINT('',#4930);
#4930 = CARTESIAN_POINT('',(4.467786198182E-02,0.901,5.005092748312E-02)
  );
#4931 = B_SPLINE_CURVE_WITH_KNOTS('',3,(#4932,#4933,#4934,#4935,#4936,
    #4937,#4938,#4939,#4940,#4941,#4942,#4943,#4944,#4945,#4946,#4947,
    #4948,#4949,#4950,#4951,#4952,#4953,#4954,#4955,#4956,#4957,#4958),
  .UNSPECIFIED.,.F.,.F.,(4,1,1,1,1,1,1,1,1,1,1,1,1,1,1,1,1,1,1,1,1,1,1,1
    ,4),(0.,3.821733796914E-02,7.486720303994E-02,0.110158081553,
    0.144453926659,0.178079726274,0.211170772594,0.243687054214,
    0.275871733445,0.308375516014,0.341263324936,0.375150339471,
    0.409655260704,0.445157367492,0.482073467205,0.520575756218,
    0.560553680898,0.603107575438,0.648688709529,0.697947677888,
    0.750767767018,0.807309402446,0.867655570791,0.9318612221,1.),
  .UNSPECIFIED.);
#4932 = CARTESIAN_POINT('',(4.467786198182E-02,0.901,5.005092748312E-02)
  );
#4933 = CARTESIAN_POINT('',(4.378266446909E-02,0.901,5.003549220544E-02)
  );
#4934 = CARTESIAN_POINT('',(4.202898570684E-02,0.901,5.000525472347E-02)
  );
#4935 = CARTESIAN_POINT('',(3.945598580818E-02,0.901,4.976978246409E-02)
  );
#4936 = CARTESIAN_POINT('',(3.700428878724E-02,0.901,4.933522291535E-02)
  );
#4937 = CARTESIAN_POINT('',(3.464676565949E-02,0.901,4.878955970901E-02)
  );
#4938 = CARTESIAN_POINT('',(3.239982441446E-02,0.901,4.803869090872E-02)
  );
#4939 = CARTESIAN_POINT('',(3.025269103667E-02,0.901,4.714262068267E-02)
  );
#4940 = CARTESIAN_POINT('',(2.822187512431E-02,0.901,4.60766723971E-02)
  );
#4941 = CARTESIAN_POINT('',(2.63017536679E-02,0.901,4.484735562173E-02)
  );
#4942 = CARTESIAN_POINT('',(2.449888250804E-02,0.901,4.34376676544E-02)
  );
#4943 = CARTESIAN_POINT('',(2.27852450373E-02,0.901,4.186268668908E-02)
  );
#4944 = CARTESIAN_POINT('',(2.116463192169E-02,0.901,4.012640489767E-02)
  );
#4945 = CARTESIAN_POINT('',(1.966169670463E-02,0.901,3.82093744855E-02)
  );
#4946 = CARTESIAN_POINT('',(1.825182565717E-02,0.901,3.61371838124E-02)
  );
#4947 = CARTESIAN_POINT('',(1.694972150392E-02,0.901,3.388616946846E-02)
  );
#4948 = CARTESIAN_POINT('',(1.575616677589E-02,0.901,3.145960887675E-02)
  );
#4949 = CARTESIAN_POINT('',(1.4633826861E-02,0.901,2.88541196618E-02));
#4950 = CARTESIAN_POINT('',(1.365865554115E-02,0.901,2.601360862749E-02)
  );
#4951 = CARTESIAN_POINT('',(1.27907983453E-02,0.901,2.291271037116E-02)
  );
#4952 = CARTESIAN_POINT('',(1.207987255815E-02,0.901,1.952557634895E-02)
  );
#4953 = CARTESIAN_POINT('',(1.150809846929E-02,0.901,1.585329471277E-02)
  );
#4954 = CARTESIAN_POINT('',(1.10515943645E-02,0.901,1.190364535198E-02)
  );
#4955 = CARTESIAN_POINT('',(1.071200778106E-02,0.901,7.674721884922E-03)
  );
#4956 = CARTESIAN_POINT('',(1.051096587974E-02,0.901,3.164554580687E-03)
  );
#4957 = CARTESIAN_POINT('',(1.049260415207E-02,0.901,6.44919321003E-05)
  );
#4958 = CARTESIAN_POINT('',(1.048315044336E-02,0.901,-1.531604568162E-03
    ));
#4959 = ORIENTED_EDGE('',*,*,#4960,.F.);
#4960 = EDGE_CURVE('',#4961,#4929,#4963,.T.);
#4961 = VERTEX_POINT('',#4962);
#4962 = CARTESIAN_POINT('',(7.843186839207E-02,0.901,-2.473110978419E-03
    ));
#4963 = B_SPLINE_CURVE_WITH_KNOTS('',3,(#4964,#4965,#4966,#4967,#4968,
    #4969,#4970,#4971,#4972,#4973,#4974,#4975,#4976,#4977,#4978,#4979,
    #4980,#4981,#4982,#4983,#4984,#4985,#4986,#4987,#4988,#4989,#4990),
  .UNSPECIFIED.,.F.,.F.,(4,1,1,1,1,1,1,1,1,1,1,1,1,1,1,1,1,1,1,1,1,1,1,1
    ,4),(0.,6.849087449695E-02,0.133076540491,0.193828987192,
    0.251082857446,0.304400837153,0.354408343726,0.401294781778,
    0.444700684545,0.485692492089,0.524676484427,0.562306759178,
    0.597946584653,0.632473549027,0.665752042897,0.69798529955,
    0.729586224149,0.760825196874,0.792355079561,0.824312603963,
    0.857156271979,0.890926887145,0.925960442916,0.962061322994,1.),
  .UNSPECIFIED.);
#4964 = CARTESIAN_POINT('',(7.843186839207E-02,0.901,-2.473110978419E-03
    ));
#4965 = CARTESIAN_POINT('',(7.842231795395E-02,0.901,-8.569971373132E-04
    ));
#4966 = CARTESIAN_POINT('',(7.840376162399E-02,0.901,2.283083064515E-03)
  );
#4967 = CARTESIAN_POINT('',(7.820383024967E-02,0.901,6.853463484889E-03)
  );
#4968 = CARTESIAN_POINT('',(7.78595389774E-02,0.901,1.114848166613E-02)
  );
#4969 = CARTESIAN_POINT('',(7.741579153815E-02,0.901,1.516769326466E-02)
  );
#4970 = CARTESIAN_POINT('',(7.680797892843E-02,0.901,1.890897579673E-02)
  );
#4971 = CARTESIAN_POINT('',(7.609614587195E-02,0.901,2.238201666805E-02)
  );
#4972 = CARTESIAN_POINT('',(7.525025732442E-02,0.901,2.558555698864E-02)
  );
#4973 = CARTESIAN_POINT('',(7.42290350513E-02,0.901,2.851237849928E-02)
  );
#4974 = CARTESIAN_POINT('',(7.313009921522E-02,0.901,3.120962677902E-02)
  );
#4975 = CARTESIAN_POINT('',(7.192080820402E-02,0.901,3.37095911683E-02)
  );
#4976 = CARTESIAN_POINT('',(7.062223978797E-02,0.901,3.601904295315E-02)
  );
#4977 = CARTESIAN_POINT('',(6.926417921193E-02,0.901,3.817282335508E-02)
  );
#4978 = CARTESIAN_POINT('',(6.77721726011E-02,0.901,4.010744002157E-02)
  );
#4979 = CARTESIAN_POINT('',(6.621884012298E-02,0.901,4.188868003568E-02)
  );
#4980 = CARTESIAN_POINT('',(6.453654690714E-02,0.901,4.344869368046E-02)
  );
#4981 = CARTESIAN_POINT('',(6.27961240016E-02,0.901,4.486787705809E-02)
  );
#4982 = CARTESIAN_POINT('',(6.093381267673E-02,0.901,4.609433629879E-02)
  );
#4983 = CARTESIAN_POINT('',(5.896881845835E-02,0.901,4.716697732937E-02)
  );
#4984 = CARTESIAN_POINT('',(5.686610891221E-02,0.901,4.803701660393E-02)
  );
#4985 = CARTESIAN_POINT('',(5.466401285683E-02,0.901,4.879373029465E-02)
  );
#4986 = CARTESIAN_POINT('',(5.232499511826E-02,0.901,4.933696907557E-02)
  );
#4987 = CARTESIAN_POINT('',(4.988622236745E-02,0.901,4.976801119537E-02)
  );
#4988 = CARTESIAN_POINT('',(4.732016135232E-02,0.901,5.00062315095E-02)
  );
#4989 = CARTESIAN_POINT('',(4.557308365757E-02,0.901,5.003578430712E-02)
  );
#4990 = CARTESIAN_POINT('',(4.467786198182E-02,0.901,5.005092748312E-02)
  );
#4991 = ORIENTED_EDGE('',*,*,#4992,.F.);
#4992 = EDGE_CURVE('',#4897,#4961,#4993,.T.);
#4993 = B_SPLINE_CURVE_WITH_KNOTS('',3,(#4994,#4995,#4996,#4997,#4998,
    #4999,#5000,#5001,#5002,#5003,#5004,#5005,#5006,#5007,#5008,#5009,
    #5010,#5011,#5012,#5013,#5014,#5015,#5016,#5017,#5018,#5019,#5020),
  .UNSPECIFIED.,.F.,.F.,(4,1,1,1,1,1,1,1,1,1,1,1,1,1,1,1,1,1,1,1,1,1,1,1
    ,4),(0.,3.663489025513E-02,7.203398234779E-02,0.106625970607,
    0.140305693938,0.173619470493,0.20642567257,0.239067006133,
    0.271882880563,0.304839888813,0.338529033705,0.372616187859,
    0.407548250027,0.443718905957,0.481311509092,0.520112998146,
    0.560912902833,0.604024600614,0.650074563866,0.699572227777,
    0.752362539089,0.808788717346,0.86895421252,0.932674719938,1.),
  .UNSPECIFIED.);
#4994 = CARTESIAN_POINT('',(4.415702864848E-02,0.901,-5.507727764509E-02
    ));
#4995 = CARTESIAN_POINT('',(4.502582109371E-02,0.901,-5.506438017632E-02
    ));
#4996 = CARTESIAN_POINT('',(4.673409916489E-02,0.901,-5.503902030678E-02
    ));
#4997 = CARTESIAN_POINT('',(4.925007120555E-02,0.901,-5.47643522641E-02)
  );
#4998 = CARTESIAN_POINT('',(5.167364790258E-02,0.901,-5.434940545442E-02
    ));
#4999 = CARTESIAN_POINT('',(5.401431058997E-02,0.901,-5.377069934923E-02
    ));
#5000 = CARTESIAN_POINT('',(5.62552109401E-02,0.901,-5.300480243249E-02)
  );
#5001 = CARTESIAN_POINT('',(5.841265868871E-02,0.901,-5.208803695163E-02
    ));
#5002 = CARTESIAN_POINT('',(6.046097396405E-02,0.901,-5.09723166686E-02)
  );
#5003 = CARTESIAN_POINT('',(6.242627933144E-02,0.901,-4.971205330674E-02
    ));
#5004 = CARTESIAN_POINT('',(6.430781775269E-02,0.901,-4.828525652437E-02
    ));
#5005 = CARTESIAN_POINT('',(6.606036776864E-02,0.901,-4.66586345224E-02)
  );
#5006 = CARTESIAN_POINT('',(6.771593466595E-02,0.901,-4.486961594021E-02
    ));
#5007 = CARTESIAN_POINT('',(6.923868151744E-02,0.901,-4.289115402682E-02
    ));
#5008 = CARTESIAN_POINT('',(7.066233001636E-02,0.901,-4.074124499086E-02
    ));
#5009 = CARTESIAN_POINT('',(7.198220229311E-02,0.901,-3.841954792535E-02
    ));
#5010 = CARTESIAN_POINT('',(7.318819439833E-02,0.901,-3.591469967809E-02
    ));
#5011 = CARTESIAN_POINT('',(7.429382262637E-02,0.901,-3.322218005149E-02
    ));
#5012 = CARTESIAN_POINT('',(7.528247887979E-02,0.901,-3.030162933955E-02
    ));
#5013 = CARTESIAN_POINT('',(7.611522281607E-02,0.901,-2.7119547557E-02)
  );
#5014 = CARTESIAN_POINT('',(7.682944008526E-02,0.901,-2.367520802438E-02
    ));
#5015 = CARTESIAN_POINT('',(7.743228985439E-02,0.901,-1.996003725396E-02
    ));
#5016 = CARTESIAN_POINT('',(7.788794684315E-02,0.901,-1.596909689923E-02
    ));
#5017 = CARTESIAN_POINT('',(7.819506882651E-02,0.901,-1.170503834105E-02
    ));
#5018 = CARTESIAN_POINT('',(7.840583046907E-02,0.901,-7.176082057569E-03
    ));
#5019 = CARTESIAN_POINT('',(7.842303136518E-02,0.901,-4.069255259697E-03
    ));
#5020 = CARTESIAN_POINT('',(7.843186839207E-02,0.901,-2.473110978419E-03
    ));
#5021 = FACE_BOUND('',#5022,.T.);
#5022 = EDGE_LOOP('',(#5023,#5053,#5077,#5093,#5109));
#5023 = ORIENTED_EDGE('',*,*,#5024,.F.);
#5024 = EDGE_CURVE('',#5025,#5027,#5029,.T.);
#5025 = VERTEX_POINT('',#5026);
#5026 = CARTESIAN_POINT('',(4.459773377669E-02,0.901,-3.712855969637E-02
    ));
#5027 = VERTEX_POINT('',#5028);
#5028 = CARTESIAN_POINT('',(2.843186839207E-02,0.901,-1.331284055342E-03
    ));
#5029 = B_SPLINE_CURVE_WITH_KNOTS('',3,(#5030,#5031,#5032,#5033,#5034,
    #5035,#5036,#5037,#5038,#5039,#5040,#5041,#5042,#5043,#5044,#5045,
    #5046,#5047,#5048,#5049,#5050,#5051,#5052),.UNSPECIFIED.,.F.,.F.,(4,
    1,1,1,1,1,1,1,1,1,1,1,1,1,1,1,1,1,1,1,4),(0.,5.383370089592E-02,
    0.105542630409,0.158054172096,0.21198733578,0.240206890329,
    0.26979351036,0.301343098797,0.334608061371,0.370284441665,
    0.408088838015,0.44868134581,0.49206929656,0.538664156666,
    0.590371053875,0.646387784155,0.707195375763,0.772946774682,
    0.843642601247,0.919308357057,1.),.UNSPECIFIED.);
#5030 = CARTESIAN_POINT('',(4.459773377669E-02,0.901,-3.712855969637E-02
    ));
#5031 = CARTESIAN_POINT('',(4.38123382021E-02,0.901,-3.709133350761E-02)
  );
#5032 = CARTESIAN_POINT('',(4.227254596278E-02,0.901,-3.70183504168E-02)
  );
#5033 = CARTESIAN_POINT('',(4.003823405869E-02,0.901,-3.639882694469E-02
    ));
#5034 = CARTESIAN_POINT('',(3.793141743644E-02,0.901,-3.544193953851E-02
    ));
#5035 = CARTESIAN_POINT('',(3.632881830256E-02,0.901,-3.42904751552E-02)
  );
#5036 = CARTESIAN_POINT('',(3.512928878972E-02,0.901,-3.318665845818E-02
    ));
#5037 = CARTESIAN_POINT('',(3.429116891775E-02,0.901,-3.218774024504E-02
    ));
#5038 = CARTESIAN_POINT('',(3.34829343977E-02,0.901,-3.107301951205E-02)
  );
#5039 = CARTESIAN_POINT('',(3.276906096841E-02,0.901,-2.979219464341E-02
    ));
#5040 = CARTESIAN_POINT('',(3.209497810415E-02,0.901,-2.839128719109E-02
    ));
#5041 = CARTESIAN_POINT('',(3.14361959611E-02,0.901,-2.686393787374E-02)
  );
#5042 = CARTESIAN_POINT('',(3.089616759096E-02,0.901,-2.517263168873E-02
    ));
#5043 = CARTESIAN_POINT('',(3.036560403412E-02,0.901,-2.334617179742E-02
    ));
#5044 = CARTESIAN_POINT('',(2.990078085264E-02,0.901,-2.133406143643E-02
    ));
#5045 = CARTESIAN_POINT('',(2.951136092848E-02,0.901,-1.911985382351E-02
    ));
#5046 = CARTESIAN_POINT('',(2.916344845652E-02,0.901,-1.668914976313E-02
    ));
#5047 = CARTESIAN_POINT('',(2.892077535817E-02,0.901,-1.404035714097E-02
    ));
#5048 = CARTESIAN_POINT('',(2.869453120514E-02,0.901,-1.117624724701E-02
    ));
#5049 = CARTESIAN_POINT('',(2.853234868229E-02,0.901,-8.090439956129E-03
    ));
#5050 = CARTESIAN_POINT('',(2.846454424034E-02,0.901,-4.783767752986E-03
    ));
#5051 = CARTESIAN_POINT('',(2.844299127138E-02,0.901,-2.506511678297E-03
    ));
#5052 = CARTESIAN_POINT('',(2.843186839207E-02,0.901,-1.331284055342E-03
    ));
#5053 = ORIENTED_EDGE('',*,*,#5054,.F.);
#5054 = EDGE_CURVE('',#5055,#5025,#5057,.T.);
#5055 = VERTEX_POINT('',#5056);
#5056 = CARTESIAN_POINT('',(6.048315044335E-02,0.901,-2.473110978419E-03
    ));
#5057 = B_SPLINE_CURVE_WITH_KNOTS('',3,(#5058,#5059,#5060,#5061,#5062,
    #5063,#5064,#5065,#5066,#5067,#5068,#5069,#5070,#5071,#5072,#5073,
    #5074,#5075,#5076),.UNSPECIFIED.,.F.,.F.,(4,1,1,1,1,1,1,1,1,1,1,1,1,
    1,1,1,4),(0.,0.112114795662,0.215801842688,0.310202692316,
    0.395992925299,0.473410230742,0.542778420361,0.604548022283,
    0.659357265612,0.708764361712,0.755355505948,0.798686993801,
    0.840016839148,0.880203447007,0.919733348246,0.959048605901,1.),
  .UNSPECIFIED.);
#5058 = CARTESIAN_POINT('',(6.048315044335E-02,0.901,-2.473110978419E-03
    ));
#5059 = CARTESIAN_POINT('',(6.047655485117E-02,0.901,-4.049312164759E-03
    ));
#5060 = CARTESIAN_POINT('',(6.046385946215E-02,0.901,-7.083230377343E-03
    ));
#5061 = CARTESIAN_POINT('',(6.023093583533E-02,0.901,-1.14387768739E-02)
  );
#5062 = CARTESIAN_POINT('',(5.990657188763E-02,0.901,-1.541684573135E-02
    ));
#5063 = CARTESIAN_POINT('',(5.94321210705E-02,0.901,-1.900855553905E-02)
  );
#5064 = CARTESIAN_POINT('',(5.882165385869E-02,0.901,-2.222262539735E-02
    ));
#5065 = CARTESIAN_POINT('',(5.806925071595E-02,0.901,-2.505884519768E-02
    ));
#5066 = CARTESIAN_POINT('',(5.718222338047E-02,0.901,-2.7522804584E-02)
  );
#5067 = CARTESIAN_POINT('',(5.613031467132E-02,0.901,-2.961204664994E-02
    ));
#5068 = CARTESIAN_POINT('',(5.496526041802E-02,0.901,-3.138761580963E-02
    ));
#5069 = CARTESIAN_POINT('',(5.372851976356E-02,0.901,-3.291091642286E-02
    ));
#5070 = CARTESIAN_POINT('',(5.241486326427E-02,0.901,-3.421147205443E-02
    ));
#5071 = CARTESIAN_POINT('',(5.102648778011E-02,0.901,-3.529417692305E-02
    ));
#5072 = CARTESIAN_POINT('',(4.953125887742E-02,0.901,-3.612144464661E-02
    ));
#5073 = CARTESIAN_POINT('',(4.795773737532E-02,0.901,-3.670556409641E-02
    ));
#5074 = CARTESIAN_POINT('',(4.630269743612E-02,0.901,-3.705893677448E-02
    ));
#5075 = CARTESIAN_POINT('',(4.51737258928E-02,0.901,-3.71050388114E-02)
  );
#5076 = CARTESIAN_POINT('',(4.459773377669E-02,0.901,-3.712855969637E-02
    ));
#5077 = ORIENTED_EDGE('',*,*,#5078,.F.);
#5078 = EDGE_CURVE('',#5079,#5055,#5081,.T.);
#5079 = VERTEX_POINT('',#5080);
#5080 = CARTESIAN_POINT('',(5.555526582797E-02,0.901,2.523121594466E-02)
  );
#5081 = B_SPLINE_CURVE_WITH_KNOTS('',3,(#5082,#5083,#5084,#5085,#5086,
    #5087,#5088,#5089,#5090,#5091,#5092),.UNSPECIFIED.,.F.,.F.,(4,1,1,1,
    1,1,1,1,4),(0.,8.887073112254E-02,0.186354715971,0.294077654396,
    0.412236527958,0.541778144421,0.682702606632,0.835096352604,1.),
  .UNSPECIFIED.);
#5082 = CARTESIAN_POINT('',(5.555526582797E-02,0.901,2.523121594466E-02)
  );
#5083 = CARTESIAN_POINT('',(5.595969763151E-02,0.901,2.449150522857E-02)
  );
#5084 = CARTESIAN_POINT('',(5.680775832512E-02,0.901,2.294039184561E-02)
  );
#5085 = CARTESIAN_POINT('',(5.778913562419E-02,0.901,2.032294584787E-02)
  );
#5086 = CARTESIAN_POINT('',(5.86152043369E-02,0.901,1.73708993665E-02));
#5087 = CARTESIAN_POINT('',(5.932618959849E-02,0.901,1.407506535256E-02)
  );
#5088 = CARTESIAN_POINT('',(5.981246014615E-02,0.901,1.042244463013E-02)
  );
#5089 = CARTESIAN_POINT('',(6.023123574863E-02,0.901,6.436198783256E-03)
  );
#5090 = CARTESIAN_POINT('',(6.04332216279E-02,0.901,2.096254690847E-03)
  );
#5091 = CARTESIAN_POINT('',(6.04660757316E-02,0.901,-9.104742326478E-04)
  );
#5092 = CARTESIAN_POINT('',(6.048315044335E-02,0.901,-2.473110978419E-03
    ));
#5093 = ORIENTED_EDGE('',*,*,#5094,.F.);
#5094 = EDGE_CURVE('',#5095,#5079,#5097,.T.);
#5095 = VERTEX_POINT('',#5096);
#5096 = CARTESIAN_POINT('',(4.459773377669E-02,0.901,3.21022095344E-02)
  );
#5097 = B_SPLINE_CURVE_WITH_KNOTS('',3,(#5098,#5099,#5100,#5101,#5102,
    #5103,#5104,#5105,#5106,#5107,#5108),.UNSPECIFIED.,.F.,.F.,(4,1,1,1,
    1,1,1,1,4),(0.,0.124035433003,0.242845954812,0.36034168245,
    0.479042431656,0.599334110043,0.725488475771,0.858549428527,1.),
  .UNSPECIFIED.);
#5098 = CARTESIAN_POINT('',(4.459773377669E-02,0.901,3.21022095344E-02)
  );
#5099 = CARTESIAN_POINT('',(4.516028387286E-02,0.901,3.20855787318E-02)
  );
#5100 = CARTESIAN_POINT('',(4.626168701169E-02,0.901,3.205301768825E-02)
  );
#5101 = CARTESIAN_POINT('',(4.786777945604E-02,0.901,3.171878295295E-02)
  );
#5102 = CARTESIAN_POINT('',(4.938661459463E-02,0.901,3.11753898678E-02)
  );
#5103 = CARTESIAN_POINT('',(5.081360659037E-02,0.901,3.040672219967E-02)
  );
#5104 = CARTESIAN_POINT('',(5.215385959582E-02,0.901,2.942924365036E-02)
  );
#5105 = CARTESIAN_POINT('',(5.340082327957E-02,0.901,2.823865876485E-02)
  );
#5106 = CARTESIAN_POINT('',(5.45450932915E-02,0.901,2.682310018442E-02)
  );
#5107 = CARTESIAN_POINT('',(5.521175019507E-02,0.901,2.577254636337E-02)
  );
#5108 = CARTESIAN_POINT('',(5.555526582797E-02,0.901,2.523121594466E-02)
  );
#5109 = ORIENTED_EDGE('',*,*,#5110,.F.);
#5110 = EDGE_CURVE('',#5027,#5095,#5111,.T.);
#5111 = B_SPLINE_CURVE_WITH_KNOTS('',3,(#5112,#5113,#5114,#5115,#5116,
    #5117,#5118,#5119,#5120,#5121,#5122,#5123,#5124,#5125,#5126,#5127,
    #5128,#5129,#5130),.UNSPECIFIED.,.F.,.F.,(4,1,1,1,1,1,1,1,1,1,1,1,1,
    1,1,1,4),(0.,0.110734280486,0.212341192992,0.305502125563,
    0.389834841086,0.466690457946,0.535261854293,0.596762913889,
    0.651065718984,0.70103555111,0.747860270908,0.791833397136,
    0.834284006909,0.875333889775,0.916034749278,0.957652280723,1.),
  .UNSPECIFIED.);
#5112 = CARTESIAN_POINT('',(2.843186839207E-02,0.901,-1.331284055342E-03
    ));
#5113 = CARTESIAN_POINT('',(2.845017530177E-02,0.901,1.912801437515E-04)
  );
#5114 = CARTESIAN_POINT('',(2.848528015844E-02,0.901,3.110909882816E-03)
  );
#5115 = CARTESIAN_POINT('',(2.866914299098E-02,0.901,7.309439108918E-03)
  );
#5116 = CARTESIAN_POINT('',(2.903768077964E-02,0.901,1.11304387805E-02)
  );
#5117 = CARTESIAN_POINT('',(2.949606737955E-02,0.901,1.459980522674E-02)
  );
#5118 = CARTESIAN_POINT('',(3.013989007736E-02,0.901,1.769503867721E-02)
  );
#5119 = CARTESIAN_POINT('',(3.088064976688E-02,0.901,2.04454229117E-02)
  );
#5120 = CARTESIAN_POINT('',(3.179542211795E-02,0.901,2.281589720856E-02)
  );
#5121 = CARTESIAN_POINT('',(3.285261783061E-02,0.901,2.484074395873E-02)
  );
#5122 = CARTESIAN_POINT('',(3.402350971728E-02,0.901,2.656327688198E-02)
  );
#5123 = CARTESIAN_POINT('',(3.529456436786E-02,0.901,2.802743762481E-02)
  );
#5124 = CARTESIAN_POINT('',(3.662250692592E-02,0.901,2.929533174978E-02)
  );
#5125 = CARTESIAN_POINT('',(3.804878679606E-02,0.901,3.032522652347E-02)
  );
#5126 = CARTESIAN_POINT('',(3.957000130287E-02,0.901,3.111449040326E-02)
  );
#5127 = CARTESIAN_POINT('',(4.117345110229E-02,0.901,3.168219816482E-02)
  );
#5128 = CARTESIAN_POINT('',(4.2860155164E-02,0.901,3.202971572816E-02));
#5129 = CARTESIAN_POINT('',(4.401519271766E-02,0.901,3.207790524201E-02)
  );
#5130 = CARTESIAN_POINT('',(4.459773377669E-02,0.901,3.21022095344E-02)
  );
#5131 = PLANE('',#5132);
#5132 = AXIS2_PLACEMENT_3D('',#5133,#5134,#5135);
#5133 = CARTESIAN_POINT('',(2.961955391516E-02,0.901,-5.166421287777E-02
    ));
#5134 = DIRECTION('',(0.,1.,0.));
#5135 = DIRECTION('',(0.,-0.,1.));
#5136 = ADVANCED_FACE('',(#5137),#5153,.T.);
#5137 = FACE_BOUND('',#5138,.T.);
#5138 = EDGE_LOOP('',(#5139,#5140,#5146,#5147));
#5139 = ORIENTED_EDGE('',*,*,#2615,.F.);
#5140 = ORIENTED_EDGE('',*,*,#5141,.F.);
#5141 = EDGE_CURVE('',#4895,#2616,#5142,.T.);
#5142 = LINE('',#5143,#5144);
#5143 = CARTESIAN_POINT('',(1.8696291469E-02,0.901,-4.147551482457E-02)
  );
#5144 = VECTOR('',#5145,1.);
#5145 = DIRECTION('',(-0.,-1.,-0.));
#5146 = ORIENTED_EDGE('',*,*,#4894,.T.);
#5147 = ORIENTED_EDGE('',*,*,#5148,.T.);
#5148 = EDGE_CURVE('',#4897,#2618,#5149,.T.);
#5149 = LINE('',#5150,#5151);
#5150 = CARTESIAN_POINT('',(4.415702864848E-02,0.901,-5.507727764509E-02
    ));
#5151 = VECTOR('',#5152,1.);
#5152 = DIRECTION('',(-0.,-1.,-0.));
#5153 = B_SPLINE_SURFACE_WITH_KNOTS('',3,1,(
    (#5154,#5155)
    ,(#5156,#5157)
    ,(#5158,#5159)
    ,(#5160,#5161)
    ,(#5162,#5163)
    ,(#5164,#5165)
    ,(#5166,#5167)
    ,(#5168,#5169)
    ,(#5170,#5171)
    ,(#5172,#5173)
    ,(#5174,#5175
  )),.UNSPECIFIED.,.F.,.F.,.F.,(4,1,1,1,1,1,1,1,4),(2,2),(0.,
    0.132314033909,0.258700008553,0.380911821486,0.500534868973,
    0.620922617648,0.742375765398,0.868280834179,1.),(0.,1.),
  .UNSPECIFIED.);
#5154 = CARTESIAN_POINT('',(1.8696291469E-02,0.901,-4.147551482457E-02)
  );
#5155 = CARTESIAN_POINT('',(1.8696291469E-02,0.9,-4.147551482457E-02));
#5156 = CARTESIAN_POINT('',(1.947274923867E-02,0.901,-4.255720200934E-02
    ));
#5157 = CARTESIAN_POINT('',(1.947274923867E-02,0.9,-4.255720200934E-02)
  );
#5158 = CARTESIAN_POINT('',(2.099087717811E-02,0.901,-4.467211360023E-02
    ));
#5159 = CARTESIAN_POINT('',(2.099087717811E-02,0.9,-4.467211360023E-02)
  );
#5160 = CARTESIAN_POINT('',(2.364536631502E-02,0.901,-4.744859719092E-02
    ));
#5161 = CARTESIAN_POINT('',(2.364536631502E-02,0.9,-4.744859719092E-02)
  );
#5162 = CARTESIAN_POINT('',(2.649726928332E-02,0.901,-4.982318191646E-02
    ));
#5163 = CARTESIAN_POINT('',(2.649726928332E-02,0.9,-4.982318191646E-02)
  );
#5164 = CARTESIAN_POINT('',(2.960516254388E-02,0.901,-5.174212879817E-02
    ));
#5165 = CARTESIAN_POINT('',(2.960516254388E-02,0.9,-5.174212879817E-02)
  );
#5166 = CARTESIAN_POINT('',(3.291989347011E-02,0.901,-5.325541046488E-02
    ));
#5167 = CARTESIAN_POINT('',(3.291989347011E-02,0.9,-5.325541046488E-02)
  );
#5168 = CARTESIAN_POINT('',(3.646992071203E-02,0.901,-5.43242242627E-02)
  );
#5169 = CARTESIAN_POINT('',(3.646992071203E-02,0.9,-5.43242242627E-02));
#5170 = CARTESIAN_POINT('',(4.024213461553E-02,0.901,-5.494696498555E-02
    ));
#5171 = CARTESIAN_POINT('',(4.024213461553E-02,0.9,-5.494696498555E-02)
  );
#5172 = CARTESIAN_POINT('',(4.28325768259E-02,0.901,-5.503319143535E-02)
  );
#5173 = CARTESIAN_POINT('',(4.28325768259E-02,0.9,-5.503319143535E-02));
#5174 = CARTESIAN_POINT('',(4.415702864848E-02,0.901,-5.507727764509E-02
    ));
#5175 = CARTESIAN_POINT('',(4.415702864848E-02,0.9,-5.507727764509E-02)
  );
#5176 = ADVANCED_FACE('',(#5177),#5188,.T.);
#5177 = FACE_BOUND('',#5178,.T.);
#5178 = EDGE_LOOP('',(#5179,#5180,#5186,#5187));
#5179 = ORIENTED_EDGE('',*,*,#2729,.F.);
#5180 = ORIENTED_EDGE('',*,*,#5181,.F.);
#5181 = EDGE_CURVE('',#4913,#2698,#5182,.T.);
#5182 = LINE('',#5183,#5184);
#5183 = CARTESIAN_POINT('',(1.048315044336E-02,0.901,-1.531604568162E-03
    ));
#5184 = VECTOR('',#5185,1.);
#5185 = DIRECTION('',(-0.,-1.,-0.));
#5186 = ORIENTED_EDGE('',*,*,#4912,.T.);
#5187 = ORIENTED_EDGE('',*,*,#5141,.T.);
#5188 = B_SPLINE_SURFACE_WITH_KNOTS('',3,1,(
    (#5189,#5190)
    ,(#5191,#5192)
    ,(#5193,#5194)
    ,(#5195,#5196)
    ,(#5197,#5198)
    ,(#5199,#5200)
    ,(#5201,#5202)
    ,(#5203,#5204)
    ,(#5205,#5206)
    ,(#5207,#5208)
    ,(#5209,#5210
  )),.UNSPECIFIED.,.F.,.F.,.F.,(4,1,1,1,1,1,1,1,4),(2,2),(0.,
    0.161071123948,0.31078880838,0.449903823831,0.578376316506,
    0.696617211905,0.80598732271,0.906561703289,1.),(0.,1.),
  .UNSPECIFIED.);
#5189 = CARTESIAN_POINT('',(1.048315044336E-02,0.901,-1.531604568162E-03
    ));
#5190 = CARTESIAN_POINT('',(1.048315044336E-02,0.9,-1.531604568162E-03)
  );
#5191 = CARTESIAN_POINT('',(1.050027495301E-02,0.901,-3.74925500536E-03)
  );
#5192 = CARTESIAN_POINT('',(1.050027495301E-02,0.9,-3.74925500536E-03));
#5193 = CARTESIAN_POINT('',(1.053331691496E-02,0.901,-8.028240089002E-03
    ));
#5194 = CARTESIAN_POINT('',(1.053331691496E-02,0.9,-8.028240089002E-03)
  );
#5195 = CARTESIAN_POINT('',(1.095204892479E-02,0.901,-1.421012942465E-02
    ));
#5196 = CARTESIAN_POINT('',(1.095204892479E-02,0.9,-1.421012942465E-02)
  );
#5197 = CARTESIAN_POINT('',(1.156664131269E-02,0.901,-1.992421525498E-02
    ));
#5198 = CARTESIAN_POINT('',(1.156664131269E-02,0.9,-1.992421525498E-02)
  );
#5199 = CARTESIAN_POINT('',(1.246933194599E-02,0.901,-2.516093932431E-02
    ));
#5200 = CARTESIAN_POINT('',(1.246933194599E-02,0.9,-2.516093932431E-02)
  );
#5201 = CARTESIAN_POINT('',(1.358549642966E-02,0.901,-2.993969693114E-02
    ));
#5202 = CARTESIAN_POINT('',(1.358549642966E-02,0.9,-2.993969693114E-02)
  );
#5203 = CARTESIAN_POINT('',(1.501480317014E-02,0.901,-3.422900812208E-02
    ));
#5204 = CARTESIAN_POINT('',(1.501480317014E-02,0.9,-3.422900812208E-02)
  );
#5205 = CARTESIAN_POINT('',(1.664196492044E-02,0.901,-3.808822513632E-02
    ));
#5206 = CARTESIAN_POINT('',(1.664196492044E-02,0.9,-3.808822513632E-02)
  );
#5207 = CARTESIAN_POINT('',(1.802851577524E-02,0.901,-4.037444852957E-02
    ));
#5208 = CARTESIAN_POINT('',(1.802851577524E-02,0.9,-4.037444852957E-02)
  );
#5209 = CARTESIAN_POINT('',(1.8696291469E-02,0.901,-4.147551482457E-02)
  );
#5210 = CARTESIAN_POINT('',(1.8696291469E-02,0.9,-4.147551482457E-02));
#5211 = ADVANCED_FACE('',(#5212),#5223,.T.);
#5212 = FACE_BOUND('',#5213,.T.);
#5213 = EDGE_LOOP('',(#5214,#5215,#5221,#5222));
#5214 = ORIENTED_EDGE('',*,*,#2697,.F.);
#5215 = ORIENTED_EDGE('',*,*,#5216,.F.);
#5216 = EDGE_CURVE('',#4929,#2666,#5217,.T.);
#5217 = LINE('',#5218,#5219);
#5218 = CARTESIAN_POINT('',(4.467786198182E-02,0.901,5.005092748312E-02)
  );
#5219 = VECTOR('',#5220,1.);
#5220 = DIRECTION('',(-0.,-1.,-0.));
#5221 = ORIENTED_EDGE('',*,*,#4928,.T.);
#5222 = ORIENTED_EDGE('',*,*,#5181,.T.);
#5223 = B_SPLINE_SURFACE_WITH_KNOTS('',3,1,(
    (#5224,#5225)
    ,(#5226,#5227)
    ,(#5228,#5229)
    ,(#5230,#5231)
    ,(#5232,#5233)
    ,(#5234,#5235)
    ,(#5236,#5237)
    ,(#5238,#5239)
    ,(#5240,#5241)
    ,(#5242,#5243)
    ,(#5244,#5245)
    ,(#5246,#5247)
    ,(#5248,#5249)
    ,(#5250,#5251)
    ,(#5252,#5253)
    ,(#5254,#5255)
    ,(#5256,#5257)
    ,(#5258,#5259)
    ,(#5260,#5261)
    ,(#5262,#5263)
    ,(#5264,#5265)
    ,(#5266,#5267)
    ,(#5268,#5269)
    ,(#5270,#5271)
    ,(#5272,#5273)
    ,(#5274,#5275)
    ,(#5276,#5277
    )),.UNSPECIFIED.,.F.,.F.,.F.,(4,1,1,1,1,1,1,1,1,1,1,1,1,1,1,1,1,1,1,
    1,1,1,1,1,4),(2,2),(0.,3.821733796914E-02,7.486720303994E-02,
    0.110158081553,0.144453926659,0.178079726274,0.211170772594,
    0.243687054214,0.275871733445,0.308375516014,0.341263324936,
    0.375150339471,0.409655260704,0.445157367492,0.482073467205,
    0.520575756218,0.560553680898,0.603107575438,0.648688709529,
    0.697947677888,0.750767767018,0.807309402446,0.867655570791,
    0.9318612221,1.),(0.,1.),.UNSPECIFIED.);
#5224 = CARTESIAN_POINT('',(4.467786198182E-02,0.901,5.005092748312E-02)
  );
#5225 = CARTESIAN_POINT('',(4.467786198182E-02,0.9,5.005092748312E-02));
#5226 = CARTESIAN_POINT('',(4.378266446909E-02,0.901,5.003549220544E-02)
  );
#5227 = CARTESIAN_POINT('',(4.378266446909E-02,0.9,5.003549220544E-02));
#5228 = CARTESIAN_POINT('',(4.202898570684E-02,0.901,5.000525472347E-02)
  );
#5229 = CARTESIAN_POINT('',(4.202898570684E-02,0.9,5.000525472347E-02));
#5230 = CARTESIAN_POINT('',(3.945598580818E-02,0.901,4.976978246409E-02)
  );
#5231 = CARTESIAN_POINT('',(3.945598580818E-02,0.9,4.976978246409E-02));
#5232 = CARTESIAN_POINT('',(3.700428878724E-02,0.901,4.933522291535E-02)
  );
#5233 = CARTESIAN_POINT('',(3.700428878724E-02,0.9,4.933522291535E-02));
#5234 = CARTESIAN_POINT('',(3.464676565949E-02,0.901,4.878955970901E-02)
  );
#5235 = CARTESIAN_POINT('',(3.464676565949E-02,0.9,4.878955970901E-02));
#5236 = CARTESIAN_POINT('',(3.239982441446E-02,0.901,4.803869090872E-02)
  );
#5237 = CARTESIAN_POINT('',(3.239982441446E-02,0.9,4.803869090872E-02));
#5238 = CARTESIAN_POINT('',(3.025269103667E-02,0.901,4.714262068267E-02)
  );
#5239 = CARTESIAN_POINT('',(3.025269103667E-02,0.9,4.714262068267E-02));
#5240 = CARTESIAN_POINT('',(2.822187512431E-02,0.901,4.60766723971E-02)
  );
#5241 = CARTESIAN_POINT('',(2.822187512431E-02,0.9,4.60766723971E-02));
#5242 = CARTESIAN_POINT('',(2.63017536679E-02,0.901,4.484735562173E-02)
  );
#5243 = CARTESIAN_POINT('',(2.63017536679E-02,0.9,4.484735562173E-02));
#5244 = CARTESIAN_POINT('',(2.449888250804E-02,0.901,4.34376676544E-02)
  );
#5245 = CARTESIAN_POINT('',(2.449888250804E-02,0.9,4.34376676544E-02));
#5246 = CARTESIAN_POINT('',(2.27852450373E-02,0.901,4.186268668908E-02)
  );
#5247 = CARTESIAN_POINT('',(2.27852450373E-02,0.9,4.186268668908E-02));
#5248 = CARTESIAN_POINT('',(2.116463192169E-02,0.901,4.012640489767E-02)
  );
#5249 = CARTESIAN_POINT('',(2.116463192169E-02,0.9,4.012640489767E-02));
#5250 = CARTESIAN_POINT('',(1.966169670463E-02,0.901,3.82093744855E-02)
  );
#5251 = CARTESIAN_POINT('',(1.966169670463E-02,0.9,3.82093744855E-02));
#5252 = CARTESIAN_POINT('',(1.825182565717E-02,0.901,3.61371838124E-02)
  );
#5253 = CARTESIAN_POINT('',(1.825182565717E-02,0.9,3.61371838124E-02));
#5254 = CARTESIAN_POINT('',(1.694972150392E-02,0.901,3.388616946846E-02)
  );
#5255 = CARTESIAN_POINT('',(1.694972150392E-02,0.9,3.388616946846E-02));
#5256 = CARTESIAN_POINT('',(1.575616677589E-02,0.901,3.145960887675E-02)
  );
#5257 = CARTESIAN_POINT('',(1.575616677589E-02,0.9,3.145960887675E-02));
#5258 = CARTESIAN_POINT('',(1.4633826861E-02,0.901,2.88541196618E-02));
#5259 = CARTESIAN_POINT('',(1.4633826861E-02,0.9,2.88541196618E-02));
#5260 = CARTESIAN_POINT('',(1.365865554115E-02,0.901,2.601360862749E-02)
  );
#5261 = CARTESIAN_POINT('',(1.365865554115E-02,0.9,2.601360862749E-02));
#5262 = CARTESIAN_POINT('',(1.27907983453E-02,0.901,2.291271037116E-02)
  );
#5263 = CARTESIAN_POINT('',(1.27907983453E-02,0.9,2.291271037116E-02));
#5264 = CARTESIAN_POINT('',(1.207987255815E-02,0.901,1.952557634895E-02)
  );
#5265 = CARTESIAN_POINT('',(1.207987255815E-02,0.9,1.952557634895E-02));
#5266 = CARTESIAN_POINT('',(1.150809846929E-02,0.901,1.585329471277E-02)
  );
#5267 = CARTESIAN_POINT('',(1.150809846929E-02,0.9,1.585329471277E-02));
#5268 = CARTESIAN_POINT('',(1.10515943645E-02,0.901,1.190364535198E-02)
  );
#5269 = CARTESIAN_POINT('',(1.10515943645E-02,0.9,1.190364535198E-02));
#5270 = CARTESIAN_POINT('',(1.071200778106E-02,0.901,7.674721884922E-03)
  );
#5271 = CARTESIAN_POINT('',(1.071200778106E-02,0.9,7.674721884922E-03));
#5272 = CARTESIAN_POINT('',(1.051096587974E-02,0.901,3.164554580687E-03)
  );
#5273 = CARTESIAN_POINT('',(1.051096587974E-02,0.9,3.164554580687E-03));
#5274 = CARTESIAN_POINT('',(1.049260415207E-02,0.901,6.44919321003E-05)
  );
#5275 = CARTESIAN_POINT('',(1.049260415207E-02,0.9,6.44919321003E-05));
#5276 = CARTESIAN_POINT('',(1.048315044336E-02,0.901,-1.531604568162E-03
    ));
#5277 = CARTESIAN_POINT('',(1.048315044336E-02,0.9,-1.531604568162E-03)
  );
#5278 = ADVANCED_FACE('',(#5279),#5290,.T.);
#5279 = FACE_BOUND('',#5280,.T.);
#5280 = EDGE_LOOP('',(#5281,#5282,#5288,#5289));
#5281 = ORIENTED_EDGE('',*,*,#2665,.F.);
#5282 = ORIENTED_EDGE('',*,*,#5283,.F.);
#5283 = EDGE_CURVE('',#4961,#2634,#5284,.T.);
#5284 = LINE('',#5285,#5286);
#5285 = CARTESIAN_POINT('',(7.843186839207E-02,0.901,-2.473110978419E-03
    ));
#5286 = VECTOR('',#5287,1.);
#5287 = DIRECTION('',(-0.,-1.,-0.));
#5288 = ORIENTED_EDGE('',*,*,#4960,.T.);
#5289 = ORIENTED_EDGE('',*,*,#5216,.T.);
#5290 = B_SPLINE_SURFACE_WITH_KNOTS('',3,1,(
    (#5291,#5292)
    ,(#5293,#5294)
    ,(#5295,#5296)
    ,(#5297,#5298)
    ,(#5299,#5300)
    ,(#5301,#5302)
    ,(#5303,#5304)
    ,(#5305,#5306)
    ,(#5307,#5308)
    ,(#5309,#5310)
    ,(#5311,#5312)
    ,(#5313,#5314)
    ,(#5315,#5316)
    ,(#5317,#5318)
    ,(#5319,#5320)
    ,(#5321,#5322)
    ,(#5323,#5324)
    ,(#5325,#5326)
    ,(#5327,#5328)
    ,(#5329,#5330)
    ,(#5331,#5332)
    ,(#5333,#5334)
    ,(#5335,#5336)
    ,(#5337,#5338)
    ,(#5339,#5340)
    ,(#5341,#5342)
    ,(#5343,#5344
    )),.UNSPECIFIED.,.F.,.F.,.F.,(4,1,1,1,1,1,1,1,1,1,1,1,1,1,1,1,1,1,1,
    1,1,1,1,1,4),(2,2),(0.,6.849087449695E-02,0.133076540491,
    0.193828987192,0.251082857446,0.304400837153,0.354408343726,
    0.401294781778,0.444700684545,0.485692492089,0.524676484427,
    0.562306759178,0.597946584653,0.632473549027,0.665752042897,
    0.69798529955,0.729586224149,0.760825196874,0.792355079561,
    0.824312603963,0.857156271979,0.890926887145,0.925960442916,
    0.962061322994,1.),(0.,1.),.UNSPECIFIED.);
#5291 = CARTESIAN_POINT('',(7.843186839207E-02,0.901,-2.473110978419E-03
    ));
#5292 = CARTESIAN_POINT('',(7.843186839207E-02,0.9,-2.473110978419E-03)
  );
#5293 = CARTESIAN_POINT('',(7.842231795395E-02,0.901,-8.569971373132E-04
    ));
#5294 = CARTESIAN_POINT('',(7.842231795395E-02,0.9,-8.569971373132E-04)
  );
#5295 = CARTESIAN_POINT('',(7.840376162399E-02,0.901,2.283083064515E-03)
  );
#5296 = CARTESIAN_POINT('',(7.840376162399E-02,0.9,2.283083064515E-03));
#5297 = CARTESIAN_POINT('',(7.820383024967E-02,0.901,6.853463484889E-03)
  );
#5298 = CARTESIAN_POINT('',(7.820383024967E-02,0.9,6.853463484889E-03));
#5299 = CARTESIAN_POINT('',(7.78595389774E-02,0.901,1.114848166613E-02)
  );
#5300 = CARTESIAN_POINT('',(7.78595389774E-02,0.9,1.114848166613E-02));
#5301 = CARTESIAN_POINT('',(7.741579153815E-02,0.901,1.516769326466E-02)
  );
#5302 = CARTESIAN_POINT('',(7.741579153815E-02,0.9,1.516769326466E-02));
#5303 = CARTESIAN_POINT('',(7.680797892843E-02,0.901,1.890897579673E-02)
  );
#5304 = CARTESIAN_POINT('',(7.680797892843E-02,0.9,1.890897579673E-02));
#5305 = CARTESIAN_POINT('',(7.609614587195E-02,0.901,2.238201666805E-02)
  );
#5306 = CARTESIAN_POINT('',(7.609614587195E-02,0.9,2.238201666805E-02));
#5307 = CARTESIAN_POINT('',(7.525025732442E-02,0.901,2.558555698864E-02)
  );
#5308 = CARTESIAN_POINT('',(7.525025732442E-02,0.9,2.558555698864E-02));
#5309 = CARTESIAN_POINT('',(7.42290350513E-02,0.901,2.851237849928E-02)
  );
#5310 = CARTESIAN_POINT('',(7.42290350513E-02,0.9,2.851237849928E-02));
#5311 = CARTESIAN_POINT('',(7.313009921522E-02,0.901,3.120962677902E-02)
  );
#5312 = CARTESIAN_POINT('',(7.313009921522E-02,0.9,3.120962677902E-02));
#5313 = CARTESIAN_POINT('',(7.192080820402E-02,0.901,3.37095911683E-02)
  );
#5314 = CARTESIAN_POINT('',(7.192080820402E-02,0.9,3.37095911683E-02));
#5315 = CARTESIAN_POINT('',(7.062223978797E-02,0.901,3.601904295315E-02)
  );
#5316 = CARTESIAN_POINT('',(7.062223978797E-02,0.9,3.601904295315E-02));
#5317 = CARTESIAN_POINT('',(6.926417921193E-02,0.901,3.817282335508E-02)
  );
#5318 = CARTESIAN_POINT('',(6.926417921193E-02,0.9,3.817282335508E-02));
#5319 = CARTESIAN_POINT('',(6.77721726011E-02,0.901,4.010744002157E-02)
  );
#5320 = CARTESIAN_POINT('',(6.77721726011E-02,0.9,4.010744002157E-02));
#5321 = CARTESIAN_POINT('',(6.621884012298E-02,0.901,4.188868003568E-02)
  );
#5322 = CARTESIAN_POINT('',(6.621884012298E-02,0.9,4.188868003568E-02));
#5323 = CARTESIAN_POINT('',(6.453654690714E-02,0.901,4.344869368046E-02)
  );
#5324 = CARTESIAN_POINT('',(6.453654690714E-02,0.9,4.344869368046E-02));
#5325 = CARTESIAN_POINT('',(6.27961240016E-02,0.901,4.486787705809E-02)
  );
#5326 = CARTESIAN_POINT('',(6.27961240016E-02,0.9,4.486787705809E-02));
#5327 = CARTESIAN_POINT('',(6.093381267673E-02,0.901,4.609433629879E-02)
  );
#5328 = CARTESIAN_POINT('',(6.093381267673E-02,0.9,4.609433629879E-02));
#5329 = CARTESIAN_POINT('',(5.896881845835E-02,0.901,4.716697732937E-02)
  );
#5330 = CARTESIAN_POINT('',(5.896881845835E-02,0.9,4.716697732937E-02));
#5331 = CARTESIAN_POINT('',(5.686610891221E-02,0.901,4.803701660393E-02)
  );
#5332 = CARTESIAN_POINT('',(5.686610891221E-02,0.9,4.803701660393E-02));
#5333 = CARTESIAN_POINT('',(5.466401285683E-02,0.901,4.879373029465E-02)
  );
#5334 = CARTESIAN_POINT('',(5.466401285683E-02,0.9,4.879373029465E-02));
#5335 = CARTESIAN_POINT('',(5.232499511826E-02,0.901,4.933696907557E-02)
  );
#5336 = CARTESIAN_POINT('',(5.232499511826E-02,0.9,4.933696907557E-02));
#5337 = CARTESIAN_POINT('',(4.988622236745E-02,0.901,4.976801119537E-02)
  );
#5338 = CARTESIAN_POINT('',(4.988622236745E-02,0.9,4.976801119537E-02));
#5339 = CARTESIAN_POINT('',(4.732016135232E-02,0.901,5.00062315095E-02)
  );
#5340 = CARTESIAN_POINT('',(4.732016135232E-02,0.9,5.00062315095E-02));
#5341 = CARTESIAN_POINT('',(4.557308365757E-02,0.901,5.003578430712E-02)
  );
#5342 = CARTESIAN_POINT('',(4.557308365757E-02,0.9,5.003578430712E-02));
#5343 = CARTESIAN_POINT('',(4.467786198182E-02,0.901,5.005092748312E-02)
  );
#5344 = CARTESIAN_POINT('',(4.467786198182E-02,0.9,5.005092748312E-02));
#5345 = ADVANCED_FACE('',(#5346),#5352,.T.);
#5346 = FACE_BOUND('',#5347,.T.);
#5347 = EDGE_LOOP('',(#5348,#5349,#5350,#5351));
#5348 = ORIENTED_EDGE('',*,*,#2633,.F.);
#5349 = ORIENTED_EDGE('',*,*,#5148,.F.);
#5350 = ORIENTED_EDGE('',*,*,#4992,.T.);
#5351 = ORIENTED_EDGE('',*,*,#5283,.T.);
#5352 = B_SPLINE_SURFACE_WITH_KNOTS('',3,1,(
    (#5353,#5354)
    ,(#5355,#5356)
    ,(#5357,#5358)
    ,(#5359,#5360)
    ,(#5361,#5362)
    ,(#5363,#5364)
    ,(#5365,#5366)
    ,(#5367,#5368)
    ,(#5369,#5370)
    ,(#5371,#5372)
    ,(#5373,#5374)
    ,(#5375,#5376)
    ,(#5377,#5378)
    ,(#5379,#5380)
    ,(#5381,#5382)
    ,(#5383,#5384)
    ,(#5385,#5386)
    ,(#5387,#5388)
    ,(#5389,#5390)
    ,(#5391,#5392)
    ,(#5393,#5394)
    ,(#5395,#5396)
    ,(#5397,#5398)
    ,(#5399,#5400)
    ,(#5401,#5402)
    ,(#5403,#5404)
    ,(#5405,#5406
    )),.UNSPECIFIED.,.F.,.F.,.F.,(4,1,1,1,1,1,1,1,1,1,1,1,1,1,1,1,1,1,1,
    1,1,1,1,1,4),(2,2),(0.,3.663489025513E-02,7.203398234779E-02,
    0.106625970607,0.140305693938,0.173619470493,0.20642567257,
    0.239067006133,0.271882880563,0.304839888813,0.338529033705,
    0.372616187859,0.407548250027,0.443718905957,0.481311509092,
    0.520112998146,0.560912902833,0.604024600614,0.650074563866,
    0.699572227777,0.752362539089,0.808788717346,0.86895421252,
    0.932674719938,1.),(0.,1.),.UNSPECIFIED.);
#5353 = CARTESIAN_POINT('',(4.415702864848E-02,0.901,-5.507727764509E-02
    ));
#5354 = CARTESIAN_POINT('',(4.415702864848E-02,0.9,-5.507727764509E-02)
  );
#5355 = CARTESIAN_POINT('',(4.502582109371E-02,0.901,-5.506438017632E-02
    ));
#5356 = CARTESIAN_POINT('',(4.502582109371E-02,0.9,-5.506438017632E-02)
  );
#5357 = CARTESIAN_POINT('',(4.673409916489E-02,0.901,-5.503902030678E-02
    ));
#5358 = CARTESIAN_POINT('',(4.673409916489E-02,0.9,-5.503902030678E-02)
  );
#5359 = CARTESIAN_POINT('',(4.925007120555E-02,0.901,-5.47643522641E-02)
  );
#5360 = CARTESIAN_POINT('',(4.925007120555E-02,0.9,-5.47643522641E-02));
#5361 = CARTESIAN_POINT('',(5.167364790258E-02,0.901,-5.434940545442E-02
    ));
#5362 = CARTESIAN_POINT('',(5.167364790258E-02,0.9,-5.434940545442E-02)
  );
#5363 = CARTESIAN_POINT('',(5.401431058997E-02,0.901,-5.377069934923E-02
    ));
#5364 = CARTESIAN_POINT('',(5.401431058997E-02,0.9,-5.377069934923E-02)
  );
#5365 = CARTESIAN_POINT('',(5.62552109401E-02,0.901,-5.300480243249E-02)
  );
#5366 = CARTESIAN_POINT('',(5.62552109401E-02,0.9,-5.300480243249E-02));
#5367 = CARTESIAN_POINT('',(5.841265868871E-02,0.901,-5.208803695163E-02
    ));
#5368 = CARTESIAN_POINT('',(5.841265868871E-02,0.9,-5.208803695163E-02)
  );
#5369 = CARTESIAN_POINT('',(6.046097396405E-02,0.901,-5.09723166686E-02)
  );
#5370 = CARTESIAN_POINT('',(6.046097396405E-02,0.9,-5.09723166686E-02));
#5371 = CARTESIAN_POINT('',(6.242627933144E-02,0.901,-4.971205330674E-02
    ));
#5372 = CARTESIAN_POINT('',(6.242627933144E-02,0.9,-4.971205330674E-02)
  );
#5373 = CARTESIAN_POINT('',(6.430781775269E-02,0.901,-4.828525652437E-02
    ));
#5374 = CARTESIAN_POINT('',(6.430781775269E-02,0.9,-4.828525652437E-02)
  );
#5375 = CARTESIAN_POINT('',(6.606036776864E-02,0.901,-4.66586345224E-02)
  );
#5376 = CARTESIAN_POINT('',(6.606036776864E-02,0.9,-4.66586345224E-02));
#5377 = CARTESIAN_POINT('',(6.771593466595E-02,0.901,-4.486961594021E-02
    ));
#5378 = CARTESIAN_POINT('',(6.771593466595E-02,0.9,-4.486961594021E-02)
  );
#5379 = CARTESIAN_POINT('',(6.923868151744E-02,0.901,-4.289115402682E-02
    ));
#5380 = CARTESIAN_POINT('',(6.923868151744E-02,0.9,-4.289115402682E-02)
  );
#5381 = CARTESIAN_POINT('',(7.066233001636E-02,0.901,-4.074124499086E-02
    ));
#5382 = CARTESIAN_POINT('',(7.066233001636E-02,0.9,-4.074124499086E-02)
  );
#5383 = CARTESIAN_POINT('',(7.198220229311E-02,0.901,-3.841954792535E-02
    ));
#5384 = CARTESIAN_POINT('',(7.198220229311E-02,0.9,-3.841954792535E-02)
  );
#5385 = CARTESIAN_POINT('',(7.318819439833E-02,0.901,-3.591469967809E-02
    ));
#5386 = CARTESIAN_POINT('',(7.318819439833E-02,0.9,-3.591469967809E-02)
  );
#5387 = CARTESIAN_POINT('',(7.429382262637E-02,0.901,-3.322218005149E-02
    ));
#5388 = CARTESIAN_POINT('',(7.429382262637E-02,0.9,-3.322218005149E-02)
  );
#5389 = CARTESIAN_POINT('',(7.528247887979E-02,0.901,-3.030162933955E-02
    ));
#5390 = CARTESIAN_POINT('',(7.528247887979E-02,0.9,-3.030162933955E-02)
  );
#5391 = CARTESIAN_POINT('',(7.611522281607E-02,0.901,-2.7119547557E-02)
  );
#5392 = CARTESIAN_POINT('',(7.611522281607E-02,0.9,-2.7119547557E-02));
#5393 = CARTESIAN_POINT('',(7.682944008526E-02,0.901,-2.367520802438E-02
    ));
#5394 = CARTESIAN_POINT('',(7.682944008526E-02,0.9,-2.367520802438E-02)
  );
#5395 = CARTESIAN_POINT('',(7.743228985439E-02,0.901,-1.996003725396E-02
    ));
#5396 = CARTESIAN_POINT('',(7.743228985439E-02,0.9,-1.996003725396E-02)
  );
#5397 = CARTESIAN_POINT('',(7.788794684315E-02,0.901,-1.596909689923E-02
    ));
#5398 = CARTESIAN_POINT('',(7.788794684315E-02,0.9,-1.596909689923E-02)
  );
#5399 = CARTESIAN_POINT('',(7.819506882651E-02,0.901,-1.170503834105E-02
    ));
#5400 = CARTESIAN_POINT('',(7.819506882651E-02,0.9,-1.170503834105E-02)
  );
#5401 = CARTESIAN_POINT('',(7.840583046907E-02,0.901,-7.176082057569E-03
    ));
#5402 = CARTESIAN_POINT('',(7.840583046907E-02,0.9,-7.176082057569E-03)
  );
#5403 = CARTESIAN_POINT('',(7.842303136518E-02,0.901,-4.069255259697E-03
    ));
#5404 = CARTESIAN_POINT('',(7.842303136518E-02,0.9,-4.069255259697E-03)
  );
#5405 = CARTESIAN_POINT('',(7.843186839207E-02,0.901,-2.473110978419E-03
    ));
#5406 = CARTESIAN_POINT('',(7.843186839207E-02,0.9,-2.473110978419E-03)
  );
#5407 = ADVANCED_FACE('',(#5408),#5449,.T.);
#5408 = FACE_BOUND('',#5409,.T.);
#5409 = EDGE_LOOP('',(#5410,#5436,#5442,#5443));
#5410 = ORIENTED_EDGE('',*,*,#5411,.F.);
#5411 = EDGE_CURVE('',#5412,#5414,#5416,.T.);
#5412 = VERTEX_POINT('',#5413);
#5413 = CARTESIAN_POINT('',(6.048315044335E-02,0.9,-2.473110978419E-03)
  );
#5414 = VERTEX_POINT('',#5415);
#5415 = CARTESIAN_POINT('',(4.459773377669E-02,0.9,-3.712855969637E-02)
  );
#5416 = B_SPLINE_CURVE_WITH_KNOTS('',3,(#5417,#5418,#5419,#5420,#5421,
    #5422,#5423,#5424,#5425,#5426,#5427,#5428,#5429,#5430,#5431,#5432,
    #5433,#5434,#5435),.UNSPECIFIED.,.F.,.F.,(4,1,1,1,1,1,1,1,1,1,1,1,1,
    1,1,1,4),(0.,0.112114795662,0.215801842688,0.310202692316,
    0.395992925299,0.473410230742,0.542778420361,0.604548022283,
    0.659357265612,0.708764361712,0.755355505948,0.798686993801,
    0.840016839148,0.880203447007,0.919733348246,0.959048605901,1.),
  .UNSPECIFIED.);
#5417 = CARTESIAN_POINT('',(6.048315044335E-02,0.9,-2.473110978419E-03)
  );
#5418 = CARTESIAN_POINT('',(6.047655485117E-02,0.9,-4.049312164759E-03)
  );
#5419 = CARTESIAN_POINT('',(6.046385946215E-02,0.9,-7.083230377343E-03)
  );
#5420 = CARTESIAN_POINT('',(6.023093583533E-02,0.9,-1.14387768739E-02));
#5421 = CARTESIAN_POINT('',(5.990657188763E-02,0.9,-1.541684573135E-02)
  );
#5422 = CARTESIAN_POINT('',(5.94321210705E-02,0.9,-1.900855553905E-02));
#5423 = CARTESIAN_POINT('',(5.882165385869E-02,0.9,-2.222262539735E-02)
  );
#5424 = CARTESIAN_POINT('',(5.806925071595E-02,0.9,-2.505884519768E-02)
  );
#5425 = CARTESIAN_POINT('',(5.718222338047E-02,0.9,-2.7522804584E-02));
#5426 = CARTESIAN_POINT('',(5.613031467132E-02,0.9,-2.961204664994E-02)
  );
#5427 = CARTESIAN_POINT('',(5.496526041802E-02,0.9,-3.138761580963E-02)
  );
#5428 = CARTESIAN_POINT('',(5.372851976356E-02,0.9,-3.291091642286E-02)
  );
#5429 = CARTESIAN_POINT('',(5.241486326427E-02,0.9,-3.421147205443E-02)
  );
#5430 = CARTESIAN_POINT('',(5.102648778011E-02,0.9,-3.529417692305E-02)
  );
#5431 = CARTESIAN_POINT('',(4.953125887742E-02,0.9,-3.612144464661E-02)
  );
#5432 = CARTESIAN_POINT('',(4.795773737532E-02,0.9,-3.670556409641E-02)
  );
#5433 = CARTESIAN_POINT('',(4.630269743612E-02,0.9,-3.705893677448E-02)
  );
#5434 = CARTESIAN_POINT('',(4.51737258928E-02,0.9,-3.71050388114E-02));
#5435 = CARTESIAN_POINT('',(4.459773377669E-02,0.9,-3.712855969637E-02)
  );
#5436 = ORIENTED_EDGE('',*,*,#5437,.F.);
#5437 = EDGE_CURVE('',#5055,#5412,#5438,.T.);
#5438 = LINE('',#5439,#5440);
#5439 = CARTESIAN_POINT('',(6.048315044335E-02,0.901,-2.473110978419E-03
    ));
#5440 = VECTOR('',#5441,1.);
#5441 = DIRECTION('',(-0.,-1.,-0.));
#5442 = ORIENTED_EDGE('',*,*,#5054,.T.);
#5443 = ORIENTED_EDGE('',*,*,#5444,.T.);
#5444 = EDGE_CURVE('',#5025,#5414,#5445,.T.);
#5445 = LINE('',#5446,#5447);
#5446 = CARTESIAN_POINT('',(4.459773377669E-02,0.901,-3.712855969637E-02
    ));
#5447 = VECTOR('',#5448,1.);
#5448 = DIRECTION('',(-0.,-1.,-0.));
#5449 = B_SPLINE_SURFACE_WITH_KNOTS('',3,1,(
    (#5450,#5451)
    ,(#5452,#5453)
    ,(#5454,#5455)
    ,(#5456,#5457)
    ,(#5458,#5459)
    ,(#5460,#5461)
    ,(#5462,#5463)
    ,(#5464,#5465)
    ,(#5466,#5467)
    ,(#5468,#5469)
    ,(#5470,#5471)
    ,(#5472,#5473)
    ,(#5474,#5475)
    ,(#5476,#5477)
    ,(#5478,#5479)
    ,(#5480,#5481)
    ,(#5482,#5483)
    ,(#5484,#5485)
    ,(#5486,#5487
    )),.UNSPECIFIED.,.F.,.F.,.F.,(4,1,1,1,1,1,1,1,1,1,1,1,1,1,1,1,4),(2,
    2),(0.,0.112114795662,0.215801842688,0.310202692316,0.395992925299,
    0.473410230742,0.542778420361,0.604548022283,0.659357265612,
    0.708764361712,0.755355505948,0.798686993801,0.840016839148,
    0.880203447007,0.919733348246,0.959048605901,1.),(0.,1.),
  .UNSPECIFIED.);
#5450 = CARTESIAN_POINT('',(6.048315044335E-02,0.901,-2.473110978419E-03
    ));
#5451 = CARTESIAN_POINT('',(6.048315044335E-02,0.9,-2.473110978419E-03)
  );
#5452 = CARTESIAN_POINT('',(6.047655485117E-02,0.901,-4.049312164759E-03
    ));
#5453 = CARTESIAN_POINT('',(6.047655485117E-02,0.9,-4.049312164759E-03)
  );
#5454 = CARTESIAN_POINT('',(6.046385946215E-02,0.901,-7.083230377343E-03
    ));
#5455 = CARTESIAN_POINT('',(6.046385946215E-02,0.9,-7.083230377343E-03)
  );
#5456 = CARTESIAN_POINT('',(6.023093583533E-02,0.901,-1.14387768739E-02)
  );
#5457 = CARTESIAN_POINT('',(6.023093583533E-02,0.9,-1.14387768739E-02));
#5458 = CARTESIAN_POINT('',(5.990657188763E-02,0.901,-1.541684573135E-02
    ));
#5459 = CARTESIAN_POINT('',(5.990657188763E-02,0.9,-1.541684573135E-02)
  );
#5460 = CARTESIAN_POINT('',(5.94321210705E-02,0.901,-1.900855553905E-02)
  );
#5461 = CARTESIAN_POINT('',(5.94321210705E-02,0.9,-1.900855553905E-02));
#5462 = CARTESIAN_POINT('',(5.882165385869E-02,0.901,-2.222262539735E-02
    ));
#5463 = CARTESIAN_POINT('',(5.882165385869E-02,0.9,-2.222262539735E-02)
  );
#5464 = CARTESIAN_POINT('',(5.806925071595E-02,0.901,-2.505884519768E-02
    ));
#5465 = CARTESIAN_POINT('',(5.806925071595E-02,0.9,-2.505884519768E-02)
  );
#5466 = CARTESIAN_POINT('',(5.718222338047E-02,0.901,-2.7522804584E-02)
  );
#5467 = CARTESIAN_POINT('',(5.718222338047E-02,0.9,-2.7522804584E-02));
#5468 = CARTESIAN_POINT('',(5.613031467132E-02,0.901,-2.961204664994E-02
    ));
#5469 = CARTESIAN_POINT('',(5.613031467132E-02,0.9,-2.961204664994E-02)
  );
#5470 = CARTESIAN_POINT('',(5.496526041802E-02,0.901,-3.138761580963E-02
    ));
#5471 = CARTESIAN_POINT('',(5.496526041802E-02,0.9,-3.138761580963E-02)
  );
#5472 = CARTESIAN_POINT('',(5.372851976356E-02,0.901,-3.291091642286E-02
    ));
#5473 = CARTESIAN_POINT('',(5.372851976356E-02,0.9,-3.291091642286E-02)
  );
#5474 = CARTESIAN_POINT('',(5.241486326427E-02,0.901,-3.421147205443E-02
    ));
#5475 = CARTESIAN_POINT('',(5.241486326427E-02,0.9,-3.421147205443E-02)
  );
#5476 = CARTESIAN_POINT('',(5.102648778011E-02,0.901,-3.529417692305E-02
    ));
#5477 = CARTESIAN_POINT('',(5.102648778011E-02,0.9,-3.529417692305E-02)
  );
#5478 = CARTESIAN_POINT('',(4.953125887742E-02,0.901,-3.612144464661E-02
    ));
#5479 = CARTESIAN_POINT('',(4.953125887742E-02,0.9,-3.612144464661E-02)
  );
#5480 = CARTESIAN_POINT('',(4.795773737532E-02,0.901,-3.670556409641E-02
    ));
#5481 = CARTESIAN_POINT('',(4.795773737532E-02,0.9,-3.670556409641E-02)
  );
#5482 = CARTESIAN_POINT('',(4.630269743612E-02,0.901,-3.705893677448E-02
    ));
#5483 = CARTESIAN_POINT('',(4.630269743612E-02,0.9,-3.705893677448E-02)
  );
#5484 = CARTESIAN_POINT('',(4.51737258928E-02,0.901,-3.71050388114E-02)
  );
#5485 = CARTESIAN_POINT('',(4.51737258928E-02,0.9,-3.71050388114E-02));
#5486 = CARTESIAN_POINT('',(4.459773377669E-02,0.901,-3.712855969637E-02
    ));
#5487 = CARTESIAN_POINT('',(4.459773377669E-02,0.9,-3.712855969637E-02)
  );
#5488 = ADVANCED_FACE('',(#5489),#5527,.T.);
#5489 = FACE_BOUND('',#5490,.T.);
#5490 = EDGE_LOOP('',(#5491,#5519,#5520,#5521));
#5491 = ORIENTED_EDGE('',*,*,#5492,.F.);
#5492 = EDGE_CURVE('',#5414,#5493,#5495,.T.);
#5493 = VERTEX_POINT('',#5494);
#5494 = CARTESIAN_POINT('',(2.843186839207E-02,0.9,-1.331284055342E-03)
  );
#5495 = B_SPLINE_CURVE_WITH_KNOTS('',3,(#5496,#5497,#5498,#5499,#5500,
    #5501,#5502,#5503,#5504,#5505,#5506,#5507,#5508,#5509,#5510,#5511,
    #5512,#5513,#5514,#5515,#5516,#5517,#5518),.UNSPECIFIED.,.F.,.F.,(4,
    1,1,1,1,1,1,1,1,1,1,1,1,1,1,1,1,1,1,1,4),(0.,5.383370089592E-02,
    0.105542630409,0.158054172096,0.21198733578,0.240206890329,
    0.26979351036,0.301343098797,0.334608061371,0.370284441665,
    0.408088838015,0.44868134581,0.49206929656,0.538664156666,
    0.590371053875,0.646387784155,0.707195375763,0.772946774682,
    0.843642601247,0.919308357057,1.),.UNSPECIFIED.);
#5496 = CARTESIAN_POINT('',(4.459773377669E-02,0.9,-3.712855969637E-02)
  );
#5497 = CARTESIAN_POINT('',(4.38123382021E-02,0.9,-3.709133350761E-02));
#5498 = CARTESIAN_POINT('',(4.227254596278E-02,0.9,-3.70183504168E-02));
#5499 = CARTESIAN_POINT('',(4.003823405869E-02,0.9,-3.639882694469E-02)
  );
#5500 = CARTESIAN_POINT('',(3.793141743644E-02,0.9,-3.544193953851E-02)
  );
#5501 = CARTESIAN_POINT('',(3.632881830256E-02,0.9,-3.42904751552E-02));
#5502 = CARTESIAN_POINT('',(3.512928878972E-02,0.9,-3.318665845818E-02)
  );
#5503 = CARTESIAN_POINT('',(3.429116891775E-02,0.9,-3.218774024504E-02)
  );
#5504 = CARTESIAN_POINT('',(3.34829343977E-02,0.9,-3.107301951205E-02));
#5505 = CARTESIAN_POINT('',(3.276906096841E-02,0.9,-2.979219464341E-02)
  );
#5506 = CARTESIAN_POINT('',(3.209497810415E-02,0.9,-2.839128719109E-02)
  );
#5507 = CARTESIAN_POINT('',(3.14361959611E-02,0.9,-2.686393787374E-02));
#5508 = CARTESIAN_POINT('',(3.089616759096E-02,0.9,-2.517263168873E-02)
  );
#5509 = CARTESIAN_POINT('',(3.036560403412E-02,0.9,-2.334617179742E-02)
  );
#5510 = CARTESIAN_POINT('',(2.990078085264E-02,0.9,-2.133406143643E-02)
  );
#5511 = CARTESIAN_POINT('',(2.951136092848E-02,0.9,-1.911985382351E-02)
  );
#5512 = CARTESIAN_POINT('',(2.916344845652E-02,0.9,-1.668914976313E-02)
  );
#5513 = CARTESIAN_POINT('',(2.892077535817E-02,0.9,-1.404035714097E-02)
  );
#5514 = CARTESIAN_POINT('',(2.869453120514E-02,0.9,-1.117624724701E-02)
  );
#5515 = CARTESIAN_POINT('',(2.853234868229E-02,0.9,-8.090439956129E-03)
  );
#5516 = CARTESIAN_POINT('',(2.846454424034E-02,0.9,-4.783767752986E-03)
  );
#5517 = CARTESIAN_POINT('',(2.844299127138E-02,0.9,-2.506511678297E-03)
  );
#5518 = CARTESIAN_POINT('',(2.843186839207E-02,0.9,-1.331284055342E-03)
  );
#5519 = ORIENTED_EDGE('',*,*,#5444,.F.);
#5520 = ORIENTED_EDGE('',*,*,#5024,.T.);
#5521 = ORIENTED_EDGE('',*,*,#5522,.T.);
#5522 = EDGE_CURVE('',#5027,#5493,#5523,.T.);
#5523 = LINE('',#5524,#5525);
#5524 = CARTESIAN_POINT('',(2.843186839207E-02,0.901,-1.331284055342E-03
    ));
#5525 = VECTOR('',#5526,1.);
#5526 = DIRECTION('',(-0.,-1.,-0.));
#5527 = B_SPLINE_SURFACE_WITH_KNOTS('',3,1,(
    (#5528,#5529)
    ,(#5530,#5531)
    ,(#5532,#5533)
    ,(#5534,#5535)
    ,(#5536,#5537)
    ,(#5538,#5539)
    ,(#5540,#5541)
    ,(#5542,#5543)
    ,(#5544,#5545)
    ,(#5546,#5547)
    ,(#5548,#5549)
    ,(#5550,#5551)
    ,(#5552,#5553)
    ,(#5554,#5555)
    ,(#5556,#5557)
    ,(#5558,#5559)
    ,(#5560,#5561)
    ,(#5562,#5563)
    ,(#5564,#5565)
    ,(#5566,#5567)
    ,(#5568,#5569)
    ,(#5570,#5571)
    ,(#5572,#5573
    )),.UNSPECIFIED.,.F.,.F.,.F.,(4,1,1,1,1,1,1,1,1,1,1,1,1,1,1,1,1,1,1,
    1,4),(2,2),(0.,5.383370089592E-02,0.105542630409,0.158054172096,
    0.21198733578,0.240206890329,0.26979351036,0.301343098797,
    0.334608061371,0.370284441665,0.408088838015,0.44868134581,
    0.49206929656,0.538664156666,0.590371053875,0.646387784155,
    0.707195375763,0.772946774682,0.843642601247,0.919308357057,1.),(0.,
    1.),.UNSPECIFIED.);
#5528 = CARTESIAN_POINT('',(4.459773377669E-02,0.901,-3.712855969637E-02
    ));
#5529 = CARTESIAN_POINT('',(4.459773377669E-02,0.9,-3.712855969637E-02)
  );
#5530 = CARTESIAN_POINT('',(4.38123382021E-02,0.901,-3.709133350761E-02)
  );
#5531 = CARTESIAN_POINT('',(4.38123382021E-02,0.9,-3.709133350761E-02));
#5532 = CARTESIAN_POINT('',(4.227254596278E-02,0.901,-3.70183504168E-02)
  );
#5533 = CARTESIAN_POINT('',(4.227254596278E-02,0.9,-3.70183504168E-02));
#5534 = CARTESIAN_POINT('',(4.003823405869E-02,0.901,-3.639882694469E-02
    ));
#5535 = CARTESIAN_POINT('',(4.003823405869E-02,0.9,-3.639882694469E-02)
  );
#5536 = CARTESIAN_POINT('',(3.793141743644E-02,0.901,-3.544193953851E-02
    ));
#5537 = CARTESIAN_POINT('',(3.793141743644E-02,0.9,-3.544193953851E-02)
  );
#5538 = CARTESIAN_POINT('',(3.632881830256E-02,0.901,-3.42904751552E-02)
  );
#5539 = CARTESIAN_POINT('',(3.632881830256E-02,0.9,-3.42904751552E-02));
#5540 = CARTESIAN_POINT('',(3.512928878972E-02,0.901,-3.318665845818E-02
    ));
#5541 = CARTESIAN_POINT('',(3.512928878972E-02,0.9,-3.318665845818E-02)
  );
#5542 = CARTESIAN_POINT('',(3.429116891775E-02,0.901,-3.218774024504E-02
    ));
#5543 = CARTESIAN_POINT('',(3.429116891775E-02,0.9,-3.218774024504E-02)
  );
#5544 = CARTESIAN_POINT('',(3.34829343977E-02,0.901,-3.107301951205E-02)
  );
#5545 = CARTESIAN_POINT('',(3.34829343977E-02,0.9,-3.107301951205E-02));
#5546 = CARTESIAN_POINT('',(3.276906096841E-02,0.901,-2.979219464341E-02
    ));
#5547 = CARTESIAN_POINT('',(3.276906096841E-02,0.9,-2.979219464341E-02)
  );
#5548 = CARTESIAN_POINT('',(3.209497810415E-02,0.901,-2.839128719109E-02
    ));
#5549 = CARTESIAN_POINT('',(3.209497810415E-02,0.9,-2.839128719109E-02)
  );
#5550 = CARTESIAN_POINT('',(3.14361959611E-02,0.901,-2.686393787374E-02)
  );
#5551 = CARTESIAN_POINT('',(3.14361959611E-02,0.9,-2.686393787374E-02));
#5552 = CARTESIAN_POINT('',(3.089616759096E-02,0.901,-2.517263168873E-02
    ));
#5553 = CARTESIAN_POINT('',(3.089616759096E-02,0.9,-2.517263168873E-02)
  );
#5554 = CARTESIAN_POINT('',(3.036560403412E-02,0.901,-2.334617179742E-02
    ));
#5555 = CARTESIAN_POINT('',(3.036560403412E-02,0.9,-2.334617179742E-02)
  );
#5556 = CARTESIAN_POINT('',(2.990078085264E-02,0.901,-2.133406143643E-02
    ));
#5557 = CARTESIAN_POINT('',(2.990078085264E-02,0.9,-2.133406143643E-02)
  );
#5558 = CARTESIAN_POINT('',(2.951136092848E-02,0.901,-1.911985382351E-02
    ));
#5559 = CARTESIAN_POINT('',(2.951136092848E-02,0.9,-1.911985382351E-02)
  );
#5560 = CARTESIAN_POINT('',(2.916344845652E-02,0.901,-1.668914976313E-02
    ));
#5561 = CARTESIAN_POINT('',(2.916344845652E-02,0.9,-1.668914976313E-02)
  );
#5562 = CARTESIAN_POINT('',(2.892077535817E-02,0.901,-1.404035714097E-02
    ));
#5563 = CARTESIAN_POINT('',(2.892077535817E-02,0.9,-1.404035714097E-02)
  );
#5564 = CARTESIAN_POINT('',(2.869453120514E-02,0.901,-1.117624724701E-02
    ));
#5565 = CARTESIAN_POINT('',(2.869453120514E-02,0.9,-1.117624724701E-02)
  );
#5566 = CARTESIAN_POINT('',(2.853234868229E-02,0.901,-8.090439956129E-03
    ));
#5567 = CARTESIAN_POINT('',(2.853234868229E-02,0.9,-8.090439956129E-03)
  );
#5568 = CARTESIAN_POINT('',(2.846454424034E-02,0.901,-4.783767752986E-03
    ));
#5569 = CARTESIAN_POINT('',(2.846454424034E-02,0.9,-4.783767752986E-03)
  );
#5570 = CARTESIAN_POINT('',(2.844299127138E-02,0.901,-2.506511678297E-03
    ));
#5571 = CARTESIAN_POINT('',(2.844299127138E-02,0.9,-2.506511678297E-03)
  );
#5572 = CARTESIAN_POINT('',(2.843186839207E-02,0.901,-1.331284055342E-03
    ));
#5573 = CARTESIAN_POINT('',(2.843186839207E-02,0.9,-1.331284055342E-03)
  );
#5574 = ADVANCED_FACE('',(#5575),#5609,.T.);
#5575 = FACE_BOUND('',#5576,.T.);
#5576 = EDGE_LOOP('',(#5577,#5601,#5602,#5603));
#5577 = ORIENTED_EDGE('',*,*,#5578,.F.);
#5578 = EDGE_CURVE('',#5493,#5579,#5581,.T.);
#5579 = VERTEX_POINT('',#5580);
#5580 = CARTESIAN_POINT('',(4.459773377669E-02,0.9,3.21022095344E-02));
#5581 = B_SPLINE_CURVE_WITH_KNOTS('',3,(#5582,#5583,#5584,#5585,#5586,
    #5587,#5588,#5589,#5590,#5591,#5592,#5593,#5594,#5595,#5596,#5597,
    #5598,#5599,#5600),.UNSPECIFIED.,.F.,.F.,(4,1,1,1,1,1,1,1,1,1,1,1,1,
    1,1,1,4),(0.,0.110734280486,0.212341192992,0.305502125563,
    0.389834841086,0.466690457946,0.535261854293,0.596762913889,
    0.651065718984,0.70103555111,0.747860270908,0.791833397136,
    0.834284006909,0.875333889775,0.916034749278,0.957652280723,1.),
  .UNSPECIFIED.);
#5582 = CARTESIAN_POINT('',(2.843186839207E-02,0.9,-1.331284055342E-03)
  );
#5583 = CARTESIAN_POINT('',(2.845017530177E-02,0.9,1.912801437515E-04));
#5584 = CARTESIAN_POINT('',(2.848528015844E-02,0.9,3.110909882816E-03));
#5585 = CARTESIAN_POINT('',(2.866914299098E-02,0.9,7.309439108918E-03));
#5586 = CARTESIAN_POINT('',(2.903768077964E-02,0.9,1.11304387805E-02));
#5587 = CARTESIAN_POINT('',(2.949606737955E-02,0.9,1.459980522674E-02));
#5588 = CARTESIAN_POINT('',(3.013989007736E-02,0.9,1.769503867721E-02));
#5589 = CARTESIAN_POINT('',(3.088064976688E-02,0.9,2.04454229117E-02));
#5590 = CARTESIAN_POINT('',(3.179542211795E-02,0.9,2.281589720856E-02));
#5591 = CARTESIAN_POINT('',(3.285261783061E-02,0.9,2.484074395873E-02));
#5592 = CARTESIAN_POINT('',(3.402350971728E-02,0.9,2.656327688198E-02));
#5593 = CARTESIAN_POINT('',(3.529456436786E-02,0.9,2.802743762481E-02));
#5594 = CARTESIAN_POINT('',(3.662250692592E-02,0.9,2.929533174978E-02));
#5595 = CARTESIAN_POINT('',(3.804878679606E-02,0.9,3.032522652347E-02));
#5596 = CARTESIAN_POINT('',(3.957000130287E-02,0.9,3.111449040326E-02));
#5597 = CARTESIAN_POINT('',(4.117345110229E-02,0.9,3.168219816482E-02));
#5598 = CARTESIAN_POINT('',(4.2860155164E-02,0.9,3.202971572816E-02));
#5599 = CARTESIAN_POINT('',(4.401519271766E-02,0.9,3.207790524201E-02));
#5600 = CARTESIAN_POINT('',(4.459773377669E-02,0.9,3.21022095344E-02));
#5601 = ORIENTED_EDGE('',*,*,#5522,.F.);
#5602 = ORIENTED_EDGE('',*,*,#5110,.T.);
#5603 = ORIENTED_EDGE('',*,*,#5604,.T.);
#5604 = EDGE_CURVE('',#5095,#5579,#5605,.T.);
#5605 = LINE('',#5606,#5607);
#5606 = CARTESIAN_POINT('',(4.459773377669E-02,0.901,3.21022095344E-02)
  );
#5607 = VECTOR('',#5608,1.);
#5608 = DIRECTION('',(-0.,-1.,-0.));
#5609 = B_SPLINE_SURFACE_WITH_KNOTS('',3,1,(
    (#5610,#5611)
    ,(#5612,#5613)
    ,(#5614,#5615)
    ,(#5616,#5617)
    ,(#5618,#5619)
    ,(#5620,#5621)
    ,(#5622,#5623)
    ,(#5624,#5625)
    ,(#5626,#5627)
    ,(#5628,#5629)
    ,(#5630,#5631)
    ,(#5632,#5633)
    ,(#5634,#5635)
    ,(#5636,#5637)
    ,(#5638,#5639)
    ,(#5640,#5641)
    ,(#5642,#5643)
    ,(#5644,#5645)
    ,(#5646,#5647
    )),.UNSPECIFIED.,.F.,.F.,.F.,(4,1,1,1,1,1,1,1,1,1,1,1,1,1,1,1,4),(2,
    2),(0.,0.110734280486,0.212341192992,0.305502125563,0.389834841086,
    0.466690457946,0.535261854293,0.596762913889,0.651065718984,
    0.70103555111,0.747860270908,0.791833397136,0.834284006909,
    0.875333889775,0.916034749278,0.957652280723,1.),(0.,1.),
  .UNSPECIFIED.);
#5610 = CARTESIAN_POINT('',(2.843186839207E-02,0.901,-1.331284055342E-03
    ));
#5611 = CARTESIAN_POINT('',(2.843186839207E-02,0.9,-1.331284055342E-03)
  );
#5612 = CARTESIAN_POINT('',(2.845017530177E-02,0.901,1.912801437515E-04)
  );
#5613 = CARTESIAN_POINT('',(2.845017530177E-02,0.9,1.912801437515E-04));
#5614 = CARTESIAN_POINT('',(2.848528015844E-02,0.901,3.110909882816E-03)
  );
#5615 = CARTESIAN_POINT('',(2.848528015844E-02,0.9,3.110909882816E-03));
#5616 = CARTESIAN_POINT('',(2.866914299098E-02,0.901,7.309439108918E-03)
  );
#5617 = CARTESIAN_POINT('',(2.866914299098E-02,0.9,7.309439108918E-03));
#5618 = CARTESIAN_POINT('',(2.903768077964E-02,0.901,1.11304387805E-02)
  );
#5619 = CARTESIAN_POINT('',(2.903768077964E-02,0.9,1.11304387805E-02));
#5620 = CARTESIAN_POINT('',(2.949606737955E-02,0.901,1.459980522674E-02)
  );
#5621 = CARTESIAN_POINT('',(2.949606737955E-02,0.9,1.459980522674E-02));
#5622 = CARTESIAN_POINT('',(3.013989007736E-02,0.901,1.769503867721E-02)
  );
#5623 = CARTESIAN_POINT('',(3.013989007736E-02,0.9,1.769503867721E-02));
#5624 = CARTESIAN_POINT('',(3.088064976688E-02,0.901,2.04454229117E-02)
  );
#5625 = CARTESIAN_POINT('',(3.088064976688E-02,0.9,2.04454229117E-02));
#5626 = CARTESIAN_POINT('',(3.179542211795E-02,0.901,2.281589720856E-02)
  );
#5627 = CARTESIAN_POINT('',(3.179542211795E-02,0.9,2.281589720856E-02));
#5628 = CARTESIAN_POINT('',(3.285261783061E-02,0.901,2.484074395873E-02)
  );
#5629 = CARTESIAN_POINT('',(3.285261783061E-02,0.9,2.484074395873E-02));
#5630 = CARTESIAN_POINT('',(3.402350971728E-02,0.901,2.656327688198E-02)
  );
#5631 = CARTESIAN_POINT('',(3.402350971728E-02,0.9,2.656327688198E-02));
#5632 = CARTESIAN_POINT('',(3.529456436786E-02,0.901,2.802743762481E-02)
  );
#5633 = CARTESIAN_POINT('',(3.529456436786E-02,0.9,2.802743762481E-02));
#5634 = CARTESIAN_POINT('',(3.662250692592E-02,0.901,2.929533174978E-02)
  );
#5635 = CARTESIAN_POINT('',(3.662250692592E-02,0.9,2.929533174978E-02));
#5636 = CARTESIAN_POINT('',(3.804878679606E-02,0.901,3.032522652347E-02)
  );
#5637 = CARTESIAN_POINT('',(3.804878679606E-02,0.9,3.032522652347E-02));
#5638 = CARTESIAN_POINT('',(3.957000130287E-02,0.901,3.111449040326E-02)
  );
#5639 = CARTESIAN_POINT('',(3.957000130287E-02,0.9,3.111449040326E-02));
#5640 = CARTESIAN_POINT('',(4.117345110229E-02,0.901,3.168219816482E-02)
  );
#5641 = CARTESIAN_POINT('',(4.117345110229E-02,0.9,3.168219816482E-02));
#5642 = CARTESIAN_POINT('',(4.2860155164E-02,0.901,3.202971572816E-02));
#5643 = CARTESIAN_POINT('',(4.2860155164E-02,0.9,3.202971572816E-02));
#5644 = CARTESIAN_POINT('',(4.401519271766E-02,0.901,3.207790524201E-02)
  );
#5645 = CARTESIAN_POINT('',(4.401519271766E-02,0.9,3.207790524201E-02));
#5646 = CARTESIAN_POINT('',(4.459773377669E-02,0.901,3.21022095344E-02)
  );
#5647 = CARTESIAN_POINT('',(4.459773377669E-02,0.9,3.21022095344E-02));
#5648 = ADVANCED_FACE('',(#5649),#5675,.T.);
#5649 = FACE_BOUND('',#5650,.T.);
#5650 = EDGE_LOOP('',(#5651,#5667,#5668,#5669));
#5651 = ORIENTED_EDGE('',*,*,#5652,.F.);
#5652 = EDGE_CURVE('',#5579,#5653,#5655,.T.);
#5653 = VERTEX_POINT('',#5654);
#5654 = CARTESIAN_POINT('',(5.555526582797E-02,0.9,2.523121594466E-02));
#5655 = B_SPLINE_CURVE_WITH_KNOTS('',3,(#5656,#5657,#5658,#5659,#5660,
    #5661,#5662,#5663,#5664,#5665,#5666),.UNSPECIFIED.,.F.,.F.,(4,1,1,1,
    1,1,1,1,4),(0.,0.124035433003,0.242845954812,0.36034168245,
    0.479042431656,0.599334110043,0.725488475771,0.858549428527,1.),
  .UNSPECIFIED.);
#5656 = CARTESIAN_POINT('',(4.459773377669E-02,0.9,3.21022095344E-02));
#5657 = CARTESIAN_POINT('',(4.516028387286E-02,0.9,3.20855787318E-02));
#5658 = CARTESIAN_POINT('',(4.626168701169E-02,0.9,3.205301768825E-02));
#5659 = CARTESIAN_POINT('',(4.786777945604E-02,0.9,3.171878295295E-02));
#5660 = CARTESIAN_POINT('',(4.938661459463E-02,0.9,3.11753898678E-02));
#5661 = CARTESIAN_POINT('',(5.081360659037E-02,0.9,3.040672219967E-02));
#5662 = CARTESIAN_POINT('',(5.215385959582E-02,0.9,2.942924365036E-02));
#5663 = CARTESIAN_POINT('',(5.340082327957E-02,0.9,2.823865876485E-02));
#5664 = CARTESIAN_POINT('',(5.45450932915E-02,0.9,2.682310018442E-02));
#5665 = CARTESIAN_POINT('',(5.521175019507E-02,0.9,2.577254636337E-02));
#5666 = CARTESIAN_POINT('',(5.555526582797E-02,0.9,2.523121594466E-02));
#5667 = ORIENTED_EDGE('',*,*,#5604,.F.);
#5668 = ORIENTED_EDGE('',*,*,#5094,.T.);
#5669 = ORIENTED_EDGE('',*,*,#5670,.T.);
#5670 = EDGE_CURVE('',#5079,#5653,#5671,.T.);
#5671 = LINE('',#5672,#5673);
#5672 = CARTESIAN_POINT('',(5.555526582797E-02,0.901,2.523121594466E-02)
  );
#5673 = VECTOR('',#5674,1.);
#5674 = DIRECTION('',(-0.,-1.,-0.));
#5675 = B_SPLINE_SURFACE_WITH_KNOTS('',3,1,(
    (#5676,#5677)
    ,(#5678,#5679)
    ,(#5680,#5681)
    ,(#5682,#5683)
    ,(#5684,#5685)
    ,(#5686,#5687)
    ,(#5688,#5689)
    ,(#5690,#5691)
    ,(#5692,#5693)
    ,(#5694,#5695)
    ,(#5696,#5697
  )),.UNSPECIFIED.,.F.,.F.,.F.,(4,1,1,1,1,1,1,1,4),(2,2),(0.,
    0.124035433003,0.242845954812,0.36034168245,0.479042431656,
    0.599334110043,0.725488475771,0.858549428527,1.),(0.,1.),
  .UNSPECIFIED.);
#5676 = CARTESIAN_POINT('',(4.459773377669E-02,0.901,3.21022095344E-02)
  );
#5677 = CARTESIAN_POINT('',(4.459773377669E-02,0.9,3.21022095344E-02));
#5678 = CARTESIAN_POINT('',(4.516028387286E-02,0.901,3.20855787318E-02)
  );
#5679 = CARTESIAN_POINT('',(4.516028387286E-02,0.9,3.20855787318E-02));
#5680 = CARTESIAN_POINT('',(4.626168701169E-02,0.901,3.205301768825E-02)
  );
#5681 = CARTESIAN_POINT('',(4.626168701169E-02,0.9,3.205301768825E-02));
#5682 = CARTESIAN_POINT('',(4.786777945604E-02,0.901,3.171878295295E-02)
  );
#5683 = CARTESIAN_POINT('',(4.786777945604E-02,0.9,3.171878295295E-02));
#5684 = CARTESIAN_POINT('',(4.938661459463E-02,0.901,3.11753898678E-02)
  );
#5685 = CARTESIAN_POINT('',(4.938661459463E-02,0.9,3.11753898678E-02));
#5686 = CARTESIAN_POINT('',(5.081360659037E-02,0.901,3.040672219967E-02)
  );
#5687 = CARTESIAN_POINT('',(5.081360659037E-02,0.9,3.040672219967E-02));
#5688 = CARTESIAN_POINT('',(5.215385959582E-02,0.901,2.942924365036E-02)
  );
#5689 = CARTESIAN_POINT('',(5.215385959582E-02,0.9,2.942924365036E-02));
#5690 = CARTESIAN_POINT('',(5.340082327957E-02,0.901,2.823865876485E-02)
  );
#5691 = CARTESIAN_POINT('',(5.340082327957E-02,0.9,2.823865876485E-02));
#5692 = CARTESIAN_POINT('',(5.45450932915E-02,0.901,2.682310018442E-02)
  );
#5693 = CARTESIAN_POINT('',(5.45450932915E-02,0.9,2.682310018442E-02));
#5694 = CARTESIAN_POINT('',(5.521175019507E-02,0.901,2.577254636337E-02)
  );
#5695 = CARTESIAN_POINT('',(5.521175019507E-02,0.9,2.577254636337E-02));
#5696 = CARTESIAN_POINT('',(5.555526582797E-02,0.901,2.523121594466E-02)
  );
#5697 = CARTESIAN_POINT('',(5.555526582797E-02,0.9,2.523121594466E-02));
#5698 = ADVANCED_FACE('',(#5699),#5718,.T.);
#5699 = FACE_BOUND('',#5700,.T.);
#5700 = EDGE_LOOP('',(#5701,#5715,#5716,#5717));
#5701 = ORIENTED_EDGE('',*,*,#5702,.F.);
#5702 = EDGE_CURVE('',#5653,#5412,#5703,.T.);
#5703 = B_SPLINE_CURVE_WITH_KNOTS('',3,(#5704,#5705,#5706,#5707,#5708,
    #5709,#5710,#5711,#5712,#5713,#5714),.UNSPECIFIED.,.F.,.F.,(4,1,1,1,
    1,1,1,1,4),(0.,8.887073112254E-02,0.186354715971,0.294077654396,
    0.412236527958,0.541778144421,0.682702606632,0.835096352604,1.),
  .UNSPECIFIED.);
#5704 = CARTESIAN_POINT('',(5.555526582797E-02,0.9,2.523121594466E-02));
#5705 = CARTESIAN_POINT('',(5.595969763151E-02,0.9,2.449150522857E-02));
#5706 = CARTESIAN_POINT('',(5.680775832512E-02,0.9,2.294039184561E-02));
#5707 = CARTESIAN_POINT('',(5.778913562419E-02,0.9,2.032294584787E-02));
#5708 = CARTESIAN_POINT('',(5.86152043369E-02,0.9,1.73708993665E-02));
#5709 = CARTESIAN_POINT('',(5.932618959849E-02,0.9,1.407506535256E-02));
#5710 = CARTESIAN_POINT('',(5.981246014615E-02,0.9,1.042244463013E-02));
#5711 = CARTESIAN_POINT('',(6.023123574863E-02,0.9,6.436198783256E-03));
#5712 = CARTESIAN_POINT('',(6.04332216279E-02,0.9,2.096254690847E-03));
#5713 = CARTESIAN_POINT('',(6.04660757316E-02,0.9,-9.104742326478E-04));
#5714 = CARTESIAN_POINT('',(6.048315044335E-02,0.9,-2.473110978419E-03)
  );
#5715 = ORIENTED_EDGE('',*,*,#5670,.F.);
#5716 = ORIENTED_EDGE('',*,*,#5078,.T.);
#5717 = ORIENTED_EDGE('',*,*,#5437,.T.);
#5718 = B_SPLINE_SURFACE_WITH_KNOTS('',3,1,(
    (#5719,#5720)
    ,(#5721,#5722)
    ,(#5723,#5724)
    ,(#5725,#5726)
    ,(#5727,#5728)
    ,(#5729,#5730)
    ,(#5731,#5732)
    ,(#5733,#5734)
    ,(#5735,#5736)
    ,(#5737,#5738)
    ,(#5739,#5740
  )),.UNSPECIFIED.,.F.,.F.,.F.,(4,1,1,1,1,1,1,1,4),(2,2),(0.,
    8.887073112254E-02,0.186354715971,0.294077654396,0.412236527958,
    0.541778144421,0.682702606632,0.835096352604,1.),(0.,1.),
  .UNSPECIFIED.);
#5719 = CARTESIAN_POINT('',(5.555526582797E-02,0.901,2.523121594466E-02)
  );
#5720 = CARTESIAN_POINT('',(5.555526582797E-02,0.9,2.523121594466E-02));
#5721 = CARTESIAN_POINT('',(5.595969763151E-02,0.901,2.449150522857E-02)
  );
#5722 = CARTESIAN_POINT('',(5.595969763151E-02,0.9,2.449150522857E-02));
#5723 = CARTESIAN_POINT('',(5.680775832512E-02,0.901,2.294039184561E-02)
  );
#5724 = CARTESIAN_POINT('',(5.680775832512E-02,0.9,2.294039184561E-02));
#5725 = CARTESIAN_POINT('',(5.778913562419E-02,0.901,2.032294584787E-02)
  );
#5726 = CARTESIAN_POINT('',(5.778913562419E-02,0.9,2.032294584787E-02));
#5727 = CARTESIAN_POINT('',(5.86152043369E-02,0.901,1.73708993665E-02));
#5728 = CARTESIAN_POINT('',(5.86152043369E-02,0.9,1.73708993665E-02));
#5729 = CARTESIAN_POINT('',(5.932618959849E-02,0.901,1.407506535256E-02)
  );
#5730 = CARTESIAN_POINT('',(5.932618959849E-02,0.9,1.407506535256E-02));
#5731 = CARTESIAN_POINT('',(5.981246014615E-02,0.901,1.042244463013E-02)
  );
#5732 = CARTESIAN_POINT('',(5.981246014615E-02,0.9,1.042244463013E-02));
#5733 = CARTESIAN_POINT('',(6.023123574863E-02,0.901,6.436198783256E-03)
  );
#5734 = CARTESIAN_POINT('',(6.023123574863E-02,0.9,6.436198783256E-03));
#5735 = CARTESIAN_POINT('',(6.04332216279E-02,0.901,2.096254690847E-03)
  );
#5736 = CARTESIAN_POINT('',(6.04332216279E-02,0.9,2.096254690847E-03));
#5737 = CARTESIAN_POINT('',(6.04660757316E-02,0.901,-9.104742326478E-04)
  );
#5738 = CARTESIAN_POINT('',(6.04660757316E-02,0.9,-9.104742326478E-04));
#5739 = CARTESIAN_POINT('',(6.048315044335E-02,0.901,-2.473110978419E-03
    ));
#5740 = CARTESIAN_POINT('',(6.048315044335E-02,0.9,-2.473110978419E-03)
  );
#5741 = ADVANCED_FACE('',(#5742),#5749,.T.);
#5742 = FACE_BOUND('',#5743,.T.);
#5743 = EDGE_LOOP('',(#5744,#5745,#5746,#5747,#5748));
#5744 = ORIENTED_EDGE('',*,*,#5411,.T.);
#5745 = ORIENTED_EDGE('',*,*,#5492,.T.);
#5746 = ORIENTED_EDGE('',*,*,#5578,.T.);
#5747 = ORIENTED_EDGE('',*,*,#5652,.T.);
#5748 = ORIENTED_EDGE('',*,*,#5702,.T.);
#5749 = PLANE('',#5750);
#5750 = AXIS2_PLACEMENT_3D('',#5751,#5752,#5753);
#5751 = CARTESIAN_POINT('',(0.,0.9,0.));
#5752 = DIRECTION('',(0.,1.,-0.));
#5753 = DIRECTION('',(0.,0.,1.));
#5754 = ADVANCED_FACE('',(#5755),#5788,.T.);
#5755 = FACE_BOUND('',#5756,.T.);
#5756 = EDGE_LOOP('',(#5757,#5758,#5766,#5782));
#5757 = ORIENTED_EDGE('',*,*,#2325,.F.);
#5758 = ORIENTED_EDGE('',*,*,#5759,.F.);
#5759 = EDGE_CURVE('',#5760,#2326,#5762,.T.);
#5760 = VERTEX_POINT('',#5761);
#5761 = CARTESIAN_POINT('',(0.122181868392,0.901,-3.712855969637E-02));
#5762 = LINE('',#5763,#5764);
#5763 = CARTESIAN_POINT('',(0.122181868392,0.901,-3.712855969637E-02));
#5764 = VECTOR('',#5765,1.);
#5765 = DIRECTION('',(-0.,-1.,-0.));
#5766 = ORIENTED_EDGE('',*,*,#5767,.T.);
#5767 = EDGE_CURVE('',#5760,#5768,#5770,.T.);
#5768 = VERTEX_POINT('',#5769);
#5769 = CARTESIAN_POINT('',(0.110483150443,0.901,-2.815420072201E-02));
#5770 = B_SPLINE_CURVE_WITH_KNOTS('',3,(#5771,#5772,#5773,#5774,#5775,
    #5776,#5777,#5778,#5779,#5780,#5781),.UNSPECIFIED.,.F.,.F.,(4,1,1,1,
    1,1,1,1,4),(0.,0.123522588812,0.245106649278,0.367265609728,
    0.494690545642,0.622323872948,0.746002836025,0.872253147945,1.),
  .UNSPECIFIED.);
#5771 = CARTESIAN_POINT('',(0.122181868392,0.901,-3.712855969637E-02));
#5772 = CARTESIAN_POINT('',(0.121531533985,0.901,-3.709654891774E-02));
#5773 = CARTESIAN_POINT('',(0.120241071335,0.901,-3.703302972853E-02));
#5774 = CARTESIAN_POINT('',(0.118354028689,0.901,-3.655893932868E-02));
#5775 = CARTESIAN_POINT('',(0.116561966873,0.901,-3.576086714141E-02));
#5776 = CARTESIAN_POINT('',(0.114901994427,0.901,-3.466037262701E-02));
#5777 = CARTESIAN_POINT('',(0.113398073389,0.901,-3.33387253672E-02));
#5778 = CARTESIAN_POINT('',(0.112163788122,0.901,-3.177350851878E-02));
#5779 = CARTESIAN_POINT('',(0.111137168158,0.901,-3.005849693723E-02));
#5780 = CARTESIAN_POINT('',(0.110702010991,0.901,-2.879145457972E-02));
#5781 = CARTESIAN_POINT('',(0.110483150443,0.901,-2.815420072201E-02));
#5782 = ORIENTED_EDGE('',*,*,#5783,.T.);
#5783 = EDGE_CURVE('',#5768,#2328,#5784,.T.);
#5784 = LINE('',#5785,#5786);
#5785 = CARTESIAN_POINT('',(0.110483150443,0.901,-2.815420072201E-02));
#5786 = VECTOR('',#5787,1.);
#5787 = DIRECTION('',(-0.,-1.,-0.));
#5788 = B_SPLINE_SURFACE_WITH_KNOTS('',3,1,(
    (#5789,#5790)
    ,(#5791,#5792)
    ,(#5793,#5794)
    ,(#5795,#5796)
    ,(#5797,#5798)
    ,(#5799,#5800)
    ,(#5801,#5802)
    ,(#5803,#5804)
    ,(#5805,#5806)
    ,(#5807,#5808)
    ,(#5809,#5810
  )),.UNSPECIFIED.,.F.,.F.,.F.,(4,1,1,1,1,1,1,1,4),(2,2),(0.,
    0.123522588812,0.245106649278,0.367265609728,0.494690545642,
    0.622323872948,0.746002836025,0.872253147945,1.),(0.,1.),
  .UNSPECIFIED.);
#5789 = CARTESIAN_POINT('',(0.122181868392,0.901,-3.712855969637E-02));
#5790 = CARTESIAN_POINT('',(0.122181868392,0.9,-3.712855969637E-02));
#5791 = CARTESIAN_POINT('',(0.121531533985,0.901,-3.709654891774E-02));
#5792 = CARTESIAN_POINT('',(0.121531533985,0.9,-3.709654891774E-02));
#5793 = CARTESIAN_POINT('',(0.120241071335,0.901,-3.703302972853E-02));
#5794 = CARTESIAN_POINT('',(0.120241071335,0.9,-3.703302972853E-02));
#5795 = CARTESIAN_POINT('',(0.118354028689,0.901,-3.655893932868E-02));
#5796 = CARTESIAN_POINT('',(0.118354028689,0.9,-3.655893932868E-02));
#5797 = CARTESIAN_POINT('',(0.116561966873,0.901,-3.576086714141E-02));
#5798 = CARTESIAN_POINT('',(0.116561966873,0.9,-3.576086714141E-02));
#5799 = CARTESIAN_POINT('',(0.114901994427,0.901,-3.466037262701E-02));
#5800 = CARTESIAN_POINT('',(0.114901994427,0.9,-3.466037262701E-02));
#5801 = CARTESIAN_POINT('',(0.113398073389,0.901,-3.33387253672E-02));
#5802 = CARTESIAN_POINT('',(0.113398073389,0.9,-3.33387253672E-02));
#5803 = CARTESIAN_POINT('',(0.112163788122,0.901,-3.177350851878E-02));
#5804 = CARTESIAN_POINT('',(0.112163788122,0.9,-3.177350851878E-02));
#5805 = CARTESIAN_POINT('',(0.111137168158,0.901,-3.005849693723E-02));
#5806 = CARTESIAN_POINT('',(0.111137168158,0.9,-3.005849693723E-02));
#5807 = CARTESIAN_POINT('',(0.110702010991,0.901,-2.879145457972E-02));
#5808 = CARTESIAN_POINT('',(0.110702010991,0.9,-2.879145457972E-02));
#5809 = CARTESIAN_POINT('',(0.110483150443,0.901,-2.815420072201E-02));
#5810 = CARTESIAN_POINT('',(0.110483150443,0.9,-2.815420072201E-02));
#5811 = ADVANCED_FACE('',(#5812),#5838,.T.);
#5812 = FACE_BOUND('',#5813,.T.);
#5813 = EDGE_LOOP('',(#5814,#5815,#5823,#5837));
#5814 = ORIENTED_EDGE('',*,*,#2599,.F.);
#5815 = ORIENTED_EDGE('',*,*,#5816,.F.);
#5816 = EDGE_CURVE('',#5817,#2580,#5819,.T.);
#5817 = VERTEX_POINT('',#5818);
#5818 = CARTESIAN_POINT('',(0.132278022238,0.901,-2.77134955938E-02));
#5819 = LINE('',#5820,#5821);
#5820 = CARTESIAN_POINT('',(0.132278022238,0.901,-2.77134955938E-02));
#5821 = VECTOR('',#5822,1.);
#5822 = DIRECTION('',(-0.,-1.,-0.));
#5823 = ORIENTED_EDGE('',*,*,#5824,.T.);
#5824 = EDGE_CURVE('',#5817,#5760,#5825,.T.);
#5825 = B_SPLINE_CURVE_WITH_KNOTS('',3,(#5826,#5827,#5828,#5829,#5830,
    #5831,#5832,#5833,#5834,#5835,#5836),.UNSPECIFIED.,.F.,.F.,(4,1,1,1,
    1,1,1,1,4),(0.,0.126208080979,0.246331454517,0.363483818335,
    0.48475446166,0.608382756727,0.731214254415,0.860989274683,1.),
  .UNSPECIFIED.);
#5826 = CARTESIAN_POINT('',(0.132278022238,0.901,-2.77134955938E-02));
#5827 = CARTESIAN_POINT('',(0.132243246595,0.901,-2.836454251828E-02));
#5828 = CARTESIAN_POINT('',(0.132175371903,0.901,-2.96352482815E-02));
#5829 = CARTESIAN_POINT('',(0.131648220269,0.901,-3.145389591487E-02));
#5830 = CARTESIAN_POINT('',(0.130733144761,0.901,-3.30750695433E-02));
#5831 = CARTESIAN_POINT('',(0.129506189183,0.901,-3.449535776333E-02));
#5832 = CARTESIAN_POINT('',(0.128011101151,0.901,-3.568168892997E-02));
#5833 = CARTESIAN_POINT('',(0.126258595887,0.901,-3.654294513052E-02));
#5834 = CARTESIAN_POINT('',(0.124286702856,0.901,-3.704897160494E-02));
#5835 = CARTESIAN_POINT('',(0.122899369857,0.901,-3.710142950004E-02));
#5836 = CARTESIAN_POINT('',(0.122181868392,0.901,-3.712855969637E-02));
#5837 = ORIENTED_EDGE('',*,*,#5759,.T.);
#5838 = B_SPLINE_SURFACE_WITH_KNOTS('',3,1,(
    (#5839,#5840)
    ,(#5841,#5842)
    ,(#5843,#5844)
    ,(#5845,#5846)
    ,(#5847,#5848)
    ,(#5849,#5850)
    ,(#5851,#5852)
    ,(#5853,#5854)
    ,(#5855,#5856)
    ,(#5857,#5858)
    ,(#5859,#5860
  )),.UNSPECIFIED.,.F.,.F.,.F.,(4,1,1,1,1,1,1,1,4),(2,2),(0.,
    0.126208080979,0.246331454517,0.363483818335,0.48475446166,
    0.608382756727,0.731214254415,0.860989274683,1.),(0.,1.),
  .UNSPECIFIED.);
#5839 = CARTESIAN_POINT('',(0.132278022238,0.901,-2.77134955938E-02));
#5840 = CARTESIAN_POINT('',(0.132278022238,0.9,-2.77134955938E-02));
#5841 = CARTESIAN_POINT('',(0.132243246595,0.901,-2.836454251828E-02));
#5842 = CARTESIAN_POINT('',(0.132243246595,0.9,-2.836454251828E-02));
#5843 = CARTESIAN_POINT('',(0.132175371903,0.901,-2.96352482815E-02));
#5844 = CARTESIAN_POINT('',(0.132175371903,0.9,-2.96352482815E-02));
#5845 = CARTESIAN_POINT('',(0.131648220269,0.901,-3.145389591487E-02));
#5846 = CARTESIAN_POINT('',(0.131648220269,0.9,-3.145389591487E-02));
#5847 = CARTESIAN_POINT('',(0.130733144761,0.901,-3.30750695433E-02));
#5848 = CARTESIAN_POINT('',(0.130733144761,0.9,-3.30750695433E-02));
#5849 = CARTESIAN_POINT('',(0.129506189183,0.901,-3.449535776333E-02));
#5850 = CARTESIAN_POINT('',(0.129506189183,0.9,-3.449535776333E-02));
#5851 = CARTESIAN_POINT('',(0.128011101151,0.901,-3.568168892997E-02));
#5852 = CARTESIAN_POINT('',(0.128011101151,0.9,-3.568168892997E-02));
#5853 = CARTESIAN_POINT('',(0.126258595887,0.901,-3.654294513052E-02));
#5854 = CARTESIAN_POINT('',(0.126258595887,0.9,-3.654294513052E-02));
#5855 = CARTESIAN_POINT('',(0.124286702856,0.901,-3.704897160494E-02));
#5856 = CARTESIAN_POINT('',(0.124286702856,0.9,-3.704897160494E-02));
#5857 = CARTESIAN_POINT('',(0.122899369857,0.901,-3.710142950004E-02));
#5858 = CARTESIAN_POINT('',(0.122899369857,0.9,-3.710142950004E-02));
#5859 = CARTESIAN_POINT('',(0.122181868392,0.901,-3.712855969637E-02));
#5860 = CARTESIAN_POINT('',(0.122181868392,0.9,-3.712855969637E-02));
#5861 = ADVANCED_FACE('',(#5862),#5892,.T.);
#5862 = FACE_BOUND('',#5863,.T.);
#5863 = EDGE_LOOP('',(#5864,#5865,#5873,#5891));
#5864 = ORIENTED_EDGE('',*,*,#2579,.F.);
#5865 = ORIENTED_EDGE('',*,*,#5866,.F.);
#5866 = EDGE_CURVE('',#5867,#2572,#5869,.T.);
#5867 = VERTEX_POINT('',#5868);
#5868 = CARTESIAN_POINT('',(0.113047253007,0.901,-1.53336879015E-02));
#5869 = LINE('',#5870,#5871);
#5870 = CARTESIAN_POINT('',(0.113047253007,0.901,-1.53336879015E-02));
#5871 = VECTOR('',#5872,1.);
#5872 = DIRECTION('',(-0.,-1.,-0.));
#5873 = ORIENTED_EDGE('',*,*,#5874,.T.);
#5874 = EDGE_CURVE('',#5867,#5817,#5875,.T.);
#5875 = B_SPLINE_CURVE_WITH_KNOTS('',3,(#5876,#5877,#5878,#5879,#5880,
    #5881,#5882,#5883,#5884,#5885,#5886,#5887,#5888,#5889,#5890),
  .UNSPECIFIED.,.F.,.F.,(4,1,1,1,1,1,1,1,1,1,1,1,4),(0.,0.141703760812,
    0.26509967418,0.370057990889,0.458023548802,0.535993517771,
    0.60984761505,0.6800751592,0.748587093552,0.81563036397,
    0.878070743886,0.939583928043,1.),.UNSPECIFIED.);
#5876 = CARTESIAN_POINT('',(0.113047253007,0.901,-1.53336879015E-02));
#5877 = CARTESIAN_POINT('',(0.114237016023,0.901,-1.543501192663E-02));
#5878 = CARTESIAN_POINT('',(0.116462827011,0.901,-1.562456911196E-02));
#5879 = CARTESIAN_POINT('',(0.119552372008,0.901,-1.606785517955E-02));
#5880 = CARTESIAN_POINT('',(0.122153370637,0.901,-1.66603799943E-02));
#5881 = CARTESIAN_POINT('',(0.124328337938,0.901,-1.737522911073E-02));
#5882 = CARTESIAN_POINT('',(0.126134291427,0.901,-1.829328161422E-02));
#5883 = CARTESIAN_POINT('',(0.127711962425,0.901,-1.930677103713E-02));
#5884 = CARTESIAN_POINT('',(0.129070727316,0.901,-2.048379088736E-02));
#5885 = CARTESIAN_POINT('',(0.130219065919,0.901,-2.178924258979E-02));
#5886 = CARTESIAN_POINT('',(0.131137701073,0.901,-2.319117530323E-02));
#5887 = CARTESIAN_POINT('',(0.131787857518,0.901,-2.466779883872E-02));
#5888 = CARTESIAN_POINT('',(0.132217186868,0.901,-2.617342464058E-02));
#5889 = CARTESIAN_POINT('',(0.13225786579,0.901,-2.720322731047E-02));
#5890 = CARTESIAN_POINT('',(0.132278022238,0.901,-2.77134955938E-02));
#5891 = ORIENTED_EDGE('',*,*,#5816,.T.);
#5892 = B_SPLINE_SURFACE_WITH_KNOTS('',3,1,(
    (#5893,#5894)
    ,(#5895,#5896)
    ,(#5897,#5898)
    ,(#5899,#5900)
    ,(#5901,#5902)
    ,(#5903,#5904)
    ,(#5905,#5906)
    ,(#5907,#5908)
    ,(#5909,#5910)
    ,(#5911,#5912)
    ,(#5913,#5914)
    ,(#5915,#5916)
    ,(#5917,#5918)
    ,(#5919,#5920)
    ,(#5921,#5922
    )),.UNSPECIFIED.,.F.,.F.,.F.,(4,1,1,1,1,1,1,1,1,1,1,1,4),(2,2),(0.,
    0.141703760812,0.26509967418,0.370057990889,0.458023548802,
    0.535993517771,0.60984761505,0.6800751592,0.748587093552,
    0.81563036397,0.878070743886,0.939583928043,1.),(0.,1.),
  .UNSPECIFIED.);
#5893 = CARTESIAN_POINT('',(0.113047253007,0.901,-1.53336879015E-02));
#5894 = CARTESIAN_POINT('',(0.113047253007,0.9,-1.53336879015E-02));
#5895 = CARTESIAN_POINT('',(0.114237016023,0.901,-1.543501192663E-02));
#5896 = CARTESIAN_POINT('',(0.114237016023,0.9,-1.543501192663E-02));
#5897 = CARTESIAN_POINT('',(0.116462827011,0.901,-1.562456911196E-02));
#5898 = CARTESIAN_POINT('',(0.116462827011,0.9,-1.562456911196E-02));
#5899 = CARTESIAN_POINT('',(0.119552372008,0.901,-1.606785517955E-02));
#5900 = CARTESIAN_POINT('',(0.119552372008,0.9,-1.606785517955E-02));
#5901 = CARTESIAN_POINT('',(0.122153370637,0.901,-1.66603799943E-02));
#5902 = CARTESIAN_POINT('',(0.122153370637,0.9,-1.66603799943E-02));
#5903 = CARTESIAN_POINT('',(0.124328337938,0.901,-1.737522911073E-02));
#5904 = CARTESIAN_POINT('',(0.124328337938,0.9,-1.737522911073E-02));
#5905 = CARTESIAN_POINT('',(0.126134291427,0.901,-1.829328161422E-02));
#5906 = CARTESIAN_POINT('',(0.126134291427,0.9,-1.829328161422E-02));
#5907 = CARTESIAN_POINT('',(0.127711962425,0.901,-1.930677103713E-02));
#5908 = CARTESIAN_POINT('',(0.127711962425,0.9,-1.930677103713E-02));
#5909 = CARTESIAN_POINT('',(0.129070727316,0.901,-2.048379088736E-02));
#5910 = CARTESIAN_POINT('',(0.129070727316,0.9,-2.048379088736E-02));
#5911 = CARTESIAN_POINT('',(0.130219065919,0.901,-2.178924258979E-02));
#5912 = CARTESIAN_POINT('',(0.130219065919,0.9,-2.178924258979E-02));
#5913 = CARTESIAN_POINT('',(0.131137701073,0.901,-2.319117530323E-02));
#5914 = CARTESIAN_POINT('',(0.131137701073,0.9,-2.319117530323E-02));
#5915 = CARTESIAN_POINT('',(0.131787857518,0.901,-2.466779883872E-02));
#5916 = CARTESIAN_POINT('',(0.131787857518,0.9,-2.466779883872E-02));
#5917 = CARTESIAN_POINT('',(0.132217186868,0.901,-2.617342464058E-02));
#5918 = CARTESIAN_POINT('',(0.132217186868,0.9,-2.617342464058E-02));
#5919 = CARTESIAN_POINT('',(0.13225786579,0.901,-2.720322731047E-02));
#5920 = CARTESIAN_POINT('',(0.13225786579,0.9,-2.720322731047E-02));
#5921 = CARTESIAN_POINT('',(0.132278022238,0.901,-2.77134955938E-02));
#5922 = CARTESIAN_POINT('',(0.132278022238,0.9,-2.77134955938E-02));
#5923 = ADVANCED_FACE('',(#5924),#5942,.T.);
#5924 = FACE_BOUND('',#5925,.T.);
#5925 = EDGE_LOOP('',(#5926,#5927,#5935,#5941));
#5926 = ORIENTED_EDGE('',*,*,#2571,.F.);
#5927 = ORIENTED_EDGE('',*,*,#5928,.F.);
#5928 = EDGE_CURVE('',#5929,#2548,#5931,.T.);
#5929 = VERTEX_POINT('',#5930);
#5930 = CARTESIAN_POINT('',(0.113047253007,0.901,1.332978765171E-03));
#5931 = LINE('',#5932,#5933);
#5932 = CARTESIAN_POINT('',(0.113047253007,0.901,1.332978765171E-03));
#5933 = VECTOR('',#5934,1.);
#5934 = DIRECTION('',(-0.,-1.,-0.));
#5935 = ORIENTED_EDGE('',*,*,#5936,.T.);
#5936 = EDGE_CURVE('',#5929,#5867,#5937,.T.);
#5937 = LINE('',#5938,#5939);
#5938 = CARTESIAN_POINT('',(0.113047253007,0.901,1.332978765171E-03));
#5939 = VECTOR('',#5940,1.);
#5940 = DIRECTION('',(0.,0.,-1.));
#5941 = ORIENTED_EDGE('',*,*,#5866,.T.);
#5942 = PLANE('',#5943);
#5943 = AXIS2_PLACEMENT_3D('',#5944,#5945,#5946);
#5944 = CARTESIAN_POINT('',(0.113047253007,0.901,1.332978765171E-03));
#5945 = DIRECTION('',(-1.,0.,0.));
#5946 = DIRECTION('',(0.,0.,1.));
#5947 = ADVANCED_FACE('',(#5948),#5982,.T.);
#5948 = FACE_BOUND('',#5949,.T.);
#5949 = EDGE_LOOP('',(#5950,#5951,#5959,#5981));
#5950 = ORIENTED_EDGE('',*,*,#2547,.F.);
#5951 = ORIENTED_EDGE('',*,*,#5952,.F.);
#5952 = EDGE_CURVE('',#5953,#2524,#5955,.T.);
#5953 = VERTEX_POINT('',#5954);
#5954 = CARTESIAN_POINT('',(0.137406227366,0.901,1.749884414979E-02));
#5955 = LINE('',#5956,#5957);
#5956 = CARTESIAN_POINT('',(0.137406227366,0.901,1.749884414979E-02));
#5957 = VECTOR('',#5958,1.);
#5958 = DIRECTION('',(-0.,-1.,-0.));
#5959 = ORIENTED_EDGE('',*,*,#5960,.T.);
#5960 = EDGE_CURVE('',#5953,#5929,#5961,.T.);
#5961 = B_SPLINE_CURVE_WITH_KNOTS('',3,(#5962,#5963,#5964,#5965,#5966,
    #5967,#5968,#5969,#5970,#5971,#5972,#5973,#5974,#5975,#5976,#5977,
    #5978,#5979,#5980),.UNSPECIFIED.,.F.,.F.,(4,1,1,1,1,1,1,1,1,1,1,1,1,
    1,1,1,4),(0.,5.061342041272E-02,0.100759722755,0.149274812508,
    0.198888437959,0.249306497053,0.302322685942,0.357220648252,
    0.415437321583,0.476442931367,0.539828647983,0.606183848837,
    0.675941200794,0.749782408074,0.828287688421,0.911844924247,1.),
  .UNSPECIFIED.);
#5962 = CARTESIAN_POINT('',(0.137406227366,0.901,1.749884414979E-02));
#5963 = CARTESIAN_POINT('',(0.137387213884,0.901,1.694992394566E-02));
#5964 = CARTESIAN_POINT('',(0.137349362396,0.901,1.585714959586E-02));
#5965 = CARTESIAN_POINT('',(0.137040111781,0.901,1.426247521145E-02));
#5966 = CARTESIAN_POINT('',(0.136551739696,0.901,1.272852697754E-02));
#5967 = CARTESIAN_POINT('',(0.135873331217,0.901,1.126209793774E-02));
#5968 = CARTESIAN_POINT('',(0.134967392301,0.901,9.868593058265E-03));
#5969 = CARTESIAN_POINT('',(0.133898394487,0.901,8.520054412673E-03));
#5970 = CARTESIAN_POINT('',(0.132582118422,0.901,7.286671030349E-03));
#5971 = CARTESIAN_POINT('',(0.131137987302,0.901,6.067508936054E-03));
#5972 = CARTESIAN_POINT('',(0.129463362529,0.901,5.00476728852E-03));
#5973 = CARTESIAN_POINT('',(0.127639800678,0.901,4.024012896438E-03));
#5974 = CARTESIAN_POINT('',(0.125619375718,0.901,3.243635187116E-03));
#5975 = CARTESIAN_POINT('',(0.123451408022,0.901,2.546613347195E-03));
#5976 = CARTESIAN_POINT('',(0.121094888458,0.901,2.037519422486E-03));
#5977 = CARTESIAN_POINT('',(0.118564450138,0.901,1.667867613053E-03));
#5978 = CARTESIAN_POINT('',(0.115864175029,0.901,1.392719130322E-03));
#5979 = CARTESIAN_POINT('',(0.114002840304,0.901,1.35324454946E-03));
#5980 = CARTESIAN_POINT('',(0.113047253007,0.901,1.332978765171E-03));
#5981 = ORIENTED_EDGE('',*,*,#5928,.T.);
#5982 = B_SPLINE_SURFACE_WITH_KNOTS('',3,1,(
    (#5983,#5984)
    ,(#5985,#5986)
    ,(#5987,#5988)
    ,(#5989,#5990)
    ,(#5991,#5992)
    ,(#5993,#5994)
    ,(#5995,#5996)
    ,(#5997,#5998)
    ,(#5999,#6000)
    ,(#6001,#6002)
    ,(#6003,#6004)
    ,(#6005,#6006)
    ,(#6007,#6008)
    ,(#6009,#6010)
    ,(#6011,#6012)
    ,(#6013,#6014)
    ,(#6015,#6016)
    ,(#6017,#6018)
    ,(#6019,#6020
    )),.UNSPECIFIED.,.F.,.F.,.F.,(4,1,1,1,1,1,1,1,1,1,1,1,1,1,1,1,4),(2,
    2),(0.,5.061342041272E-02,0.100759722755,0.149274812508,
    0.198888437959,0.249306497053,0.302322685942,0.357220648252,
    0.415437321583,0.476442931367,0.539828647983,0.606183848837,
    0.675941200794,0.749782408074,0.828287688421,0.911844924247,1.),(0.,
    1.),.UNSPECIFIED.);
#5983 = CARTESIAN_POINT('',(0.137406227366,0.901,1.749884414979E-02));
#5984 = CARTESIAN_POINT('',(0.137406227366,0.9,1.749884414979E-02));
#5985 = CARTESIAN_POINT('',(0.137387213884,0.901,1.694992394566E-02));
#5986 = CARTESIAN_POINT('',(0.137387213884,0.9,1.694992394566E-02));
#5987 = CARTESIAN_POINT('',(0.137349362396,0.901,1.585714959586E-02));
#5988 = CARTESIAN_POINT('',(0.137349362396,0.9,1.585714959586E-02));
#5989 = CARTESIAN_POINT('',(0.137040111781,0.901,1.426247521145E-02));
#5990 = CARTESIAN_POINT('',(0.137040111781,0.9,1.426247521145E-02));
#5991 = CARTESIAN_POINT('',(0.136551739696,0.901,1.272852697754E-02));
#5992 = CARTESIAN_POINT('',(0.136551739696,0.9,1.272852697754E-02));
#5993 = CARTESIAN_POINT('',(0.135873331217,0.901,1.126209793774E-02));
#5994 = CARTESIAN_POINT('',(0.135873331217,0.9,1.126209793774E-02));
#5995 = CARTESIAN_POINT('',(0.134967392301,0.901,9.868593058265E-03));
#5996 = CARTESIAN_POINT('',(0.134967392301,0.9,9.868593058265E-03));
#5997 = CARTESIAN_POINT('',(0.133898394487,0.901,8.520054412673E-03));
#5998 = CARTESIAN_POINT('',(0.133898394487,0.9,8.520054412673E-03));
#5999 = CARTESIAN_POINT('',(0.132582118422,0.901,7.286671030349E-03));
#6000 = CARTESIAN_POINT('',(0.132582118422,0.9,7.286671030349E-03));
#6001 = CARTESIAN_POINT('',(0.131137987302,0.901,6.067508936054E-03));
#6002 = CARTESIAN_POINT('',(0.131137987302,0.9,6.067508936054E-03));
#6003 = CARTESIAN_POINT('',(0.129463362529,0.901,5.00476728852E-03));
#6004 = CARTESIAN_POINT('',(0.129463362529,0.9,5.00476728852E-03));
#6005 = CARTESIAN_POINT('',(0.127639800678,0.901,4.024012896438E-03));
#6006 = CARTESIAN_POINT('',(0.127639800678,0.9,4.024012896438E-03));
#6007 = CARTESIAN_POINT('',(0.125619375718,0.901,3.243635187116E-03));
#6008 = CARTESIAN_POINT('',(0.125619375718,0.9,3.243635187116E-03));
#6009 = CARTESIAN_POINT('',(0.123451408022,0.901,2.546613347195E-03));
#6010 = CARTESIAN_POINT('',(0.123451408022,0.9,2.546613347195E-03));
#6011 = CARTESIAN_POINT('',(0.121094888458,0.901,2.037519422486E-03));
#6012 = CARTESIAN_POINT('',(0.121094888458,0.9,2.037519422486E-03));
#6013 = CARTESIAN_POINT('',(0.118564450138,0.901,1.667867613053E-03));
#6014 = CARTESIAN_POINT('',(0.118564450138,0.9,1.667867613053E-03));
#6015 = CARTESIAN_POINT('',(0.115864175029,0.901,1.392719130322E-03));
#6016 = CARTESIAN_POINT('',(0.115864175029,0.9,1.392719130322E-03));
#6017 = CARTESIAN_POINT('',(0.114002840304,0.901,1.35324454946E-03));
#6018 = CARTESIAN_POINT('',(0.114002840304,0.9,1.35324454946E-03));
#6019 = CARTESIAN_POINT('',(0.113047253007,0.901,1.332978765171E-03));
#6020 = CARTESIAN_POINT('',(0.113047253007,0.9,1.332978765171E-03));
#6021 = ADVANCED_FACE('',(#6022),#6056,.T.);
#6022 = FACE_BOUND('',#6023,.T.);
#6023 = EDGE_LOOP('',(#6024,#6025,#6033,#6055));
#6024 = ORIENTED_EDGE('',*,*,#2523,.F.);
#6025 = ORIENTED_EDGE('',*,*,#6026,.F.);
#6026 = EDGE_CURVE('',#6027,#2504,#6029,.T.);
#6027 = VERTEX_POINT('',#6028);
#6028 = CARTESIAN_POINT('',(0.121661035059,0.901,3.21022095344E-02));
#6029 = LINE('',#6030,#6031);
#6030 = CARTESIAN_POINT('',(0.121661035059,0.901,3.21022095344E-02));
#6031 = VECTOR('',#6032,1.);
#6032 = DIRECTION('',(-0.,-1.,-0.));
#6033 = ORIENTED_EDGE('',*,*,#6034,.T.);
#6034 = EDGE_CURVE('',#6027,#5953,#6035,.T.);
#6035 = B_SPLINE_CURVE_WITH_KNOTS('',3,(#6036,#6037,#6038,#6039,#6040,
    #6041,#6042,#6043,#6044,#6045,#6046,#6047,#6048,#6049,#6050,#6051,
    #6052,#6053,#6054),.UNSPECIFIED.,.F.,.F.,(4,1,1,1,1,1,1,1,1,1,1,1,1,
    1,1,1,4),(0.,6.940222273328E-02,0.135943427742,0.201020377282,
    0.264180635486,0.325954798227,0.388453790625,0.450818568855,
    0.514265619787,0.57749217639,0.638835298577,0.698633644704,
    0.758057149317,0.817032435308,0.87641479808,0.937277955528,1.),
  .UNSPECIFIED.);
#6036 = CARTESIAN_POINT('',(0.121661035059,0.901,3.21022095344E-02));
#6037 = CARTESIAN_POINT('',(0.122215884425,0.901,3.209269478948E-02));
#6038 = CARTESIAN_POINT('',(0.123302710203,0.901,3.207405753281E-02));
#6039 = CARTESIAN_POINT('',(0.124899095438,0.901,3.186748849621E-02));
#6040 = CARTESIAN_POINT('',(0.126419877149,0.901,3.152726913651E-02));
#6041 = CARTESIAN_POINT('',(0.127867887872,0.901,3.106492363651E-02));
#6042 = CARTESIAN_POINT('',(0.129252345726,0.901,3.048534464538E-02));
#6043 = CARTESIAN_POINT('',(0.130546799262,0.901,2.97380122186E-02));
#6044 = CARTESIAN_POINT('',(0.131777632678,0.901,2.886913158717E-02));
#6045 = CARTESIAN_POINT('',(0.132931465695,0.901,2.789227909562E-02));
#6046 = CARTESIAN_POINT('',(0.13399763118,0.901,2.682785956393E-02));
#6047 = CARTESIAN_POINT('',(0.134884743564,0.901,2.564919577235E-02));
#6048 = CARTESIAN_POINT('',(0.135695500092,0.901,2.44514626942E-02));
#6049 = CARTESIAN_POINT('',(0.136295141463,0.901,2.315630041107E-02));
#6050 = CARTESIAN_POINT('',(0.136820556487,0.901,2.183340248995E-02));
#6051 = CARTESIAN_POINT('',(0.137142137322,0.901,2.043475188419E-02));
#6052 = CARTESIAN_POINT('',(0.137384953946,0.901,1.898968852013E-02));
#6053 = CARTESIAN_POINT('',(0.137399065474,0.901,1.80007505904E-02));
#6054 = CARTESIAN_POINT('',(0.137406227366,0.901,1.749884414979E-02));
#6055 = ORIENTED_EDGE('',*,*,#5952,.T.);
#6056 = B_SPLINE_SURFACE_WITH_KNOTS('',3,1,(
    (#6057,#6058)
    ,(#6059,#6060)
    ,(#6061,#6062)
    ,(#6063,#6064)
    ,(#6065,#6066)
    ,(#6067,#6068)
    ,(#6069,#6070)
    ,(#6071,#6072)
    ,(#6073,#6074)
    ,(#6075,#6076)
    ,(#6077,#6078)
    ,(#6079,#6080)
    ,(#6081,#6082)
    ,(#6083,#6084)
    ,(#6085,#6086)
    ,(#6087,#6088)
    ,(#6089,#6090)
    ,(#6091,#6092)
    ,(#6093,#6094
    )),.UNSPECIFIED.,.F.,.F.,.F.,(4,1,1,1,1,1,1,1,1,1,1,1,1,1,1,1,4),(2,
    2),(0.,6.940222273328E-02,0.135943427742,0.201020377282,
    0.264180635486,0.325954798227,0.388453790625,0.450818568855,
    0.514265619787,0.57749217639,0.638835298577,0.698633644704,
    0.758057149317,0.817032435308,0.87641479808,0.937277955528,1.),(0.,
    1.),.UNSPECIFIED.);
#6057 = CARTESIAN_POINT('',(0.121661035059,0.901,3.21022095344E-02));
#6058 = CARTESIAN_POINT('',(0.121661035059,0.9,3.21022095344E-02));
#6059 = CARTESIAN_POINT('',(0.122215884425,0.901,3.209269478948E-02));
#6060 = CARTESIAN_POINT('',(0.122215884425,0.9,3.209269478948E-02));
#6061 = CARTESIAN_POINT('',(0.123302710203,0.901,3.207405753281E-02));
#6062 = CARTESIAN_POINT('',(0.123302710203,0.9,3.207405753281E-02));
#6063 = CARTESIAN_POINT('',(0.124899095438,0.901,3.186748849621E-02));
#6064 = CARTESIAN_POINT('',(0.124899095438,0.9,3.186748849621E-02));
#6065 = CARTESIAN_POINT('',(0.126419877149,0.901,3.152726913651E-02));
#6066 = CARTESIAN_POINT('',(0.126419877149,0.9,3.152726913651E-02));
#6067 = CARTESIAN_POINT('',(0.127867887872,0.901,3.106492363651E-02));
#6068 = CARTESIAN_POINT('',(0.127867887872,0.9,3.106492363651E-02));
#6069 = CARTESIAN_POINT('',(0.129252345726,0.901,3.048534464538E-02));
#6070 = CARTESIAN_POINT('',(0.129252345726,0.9,3.048534464538E-02));
#6071 = CARTESIAN_POINT('',(0.130546799262,0.901,2.97380122186E-02));
#6072 = CARTESIAN_POINT('',(0.130546799262,0.9,2.97380122186E-02));
#6073 = CARTESIAN_POINT('',(0.131777632678,0.901,2.886913158717E-02));
#6074 = CARTESIAN_POINT('',(0.131777632678,0.9,2.886913158717E-02));
#6075 = CARTESIAN_POINT('',(0.132931465695,0.901,2.789227909562E-02));
#6076 = CARTESIAN_POINT('',(0.132931465695,0.9,2.789227909562E-02));
#6077 = CARTESIAN_POINT('',(0.13399763118,0.901,2.682785956393E-02));
#6078 = CARTESIAN_POINT('',(0.13399763118,0.9,2.682785956393E-02));
#6079 = CARTESIAN_POINT('',(0.134884743564,0.901,2.564919577235E-02));
#6080 = CARTESIAN_POINT('',(0.134884743564,0.9,2.564919577235E-02));
#6081 = CARTESIAN_POINT('',(0.135695500092,0.901,2.44514626942E-02));
#6082 = CARTESIAN_POINT('',(0.135695500092,0.9,2.44514626942E-02));
#6083 = CARTESIAN_POINT('',(0.136295141463,0.901,2.315630041107E-02));
#6084 = CARTESIAN_POINT('',(0.136295141463,0.9,2.315630041107E-02));
#6085 = CARTESIAN_POINT('',(0.136820556487,0.901,2.183340248995E-02));
#6086 = CARTESIAN_POINT('',(0.136820556487,0.9,2.183340248995E-02));
#6087 = CARTESIAN_POINT('',(0.137142137322,0.901,2.043475188419E-02));
#6088 = CARTESIAN_POINT('',(0.137142137322,0.9,2.043475188419E-02));
#6089 = CARTESIAN_POINT('',(0.137384953946,0.901,1.898968852013E-02));
#6090 = CARTESIAN_POINT('',(0.137384953946,0.9,1.898968852013E-02));
#6091 = CARTESIAN_POINT('',(0.137399065474,0.901,1.80007505904E-02));
#6092 = CARTESIAN_POINT('',(0.137399065474,0.9,1.80007505904E-02));
#6093 = CARTESIAN_POINT('',(0.137406227366,0.901,1.749884414979E-02));
#6094 = CARTESIAN_POINT('',(0.137406227366,0.9,1.749884414979E-02));
#6095 = ADVANCED_FACE('',(#6096),#6126,.T.);
#6096 = FACE_BOUND('',#6097,.T.);
#6097 = EDGE_LOOP('',(#6098,#6099,#6107,#6125));
#6098 = ORIENTED_EDGE('',*,*,#2503,.F.);
#6099 = ORIENTED_EDGE('',*,*,#6100,.F.);
#6100 = EDGE_CURVE('',#6101,#2496,#6103,.T.);
#6101 = VERTEX_POINT('',#6102);
#6102 = CARTESIAN_POINT('',(0.105354945315,0.901,1.671759414979E-02));
#6103 = LINE('',#6104,#6105);
#6104 = CARTESIAN_POINT('',(0.105354945315,0.901,1.671759414979E-02));
#6105 = VECTOR('',#6106,1.);
#6106 = DIRECTION('',(-0.,-1.,-0.));
#6107 = ORIENTED_EDGE('',*,*,#6108,.T.);
#6108 = EDGE_CURVE('',#6101,#6027,#6109,.T.);
#6109 = B_SPLINE_CURVE_WITH_KNOTS('',3,(#6110,#6111,#6112,#6113,#6114,
    #6115,#6116,#6117,#6118,#6119,#6120,#6121,#6122,#6123,#6124),
  .UNSPECIFIED.,.F.,.F.,(4,1,1,1,1,1,1,1,1,1,1,1,4),(0.,
    7.734635258732E-02,0.150652305442,0.220677485415,0.286575187134,
    0.350188469654,0.411378838716,0.469946038553,0.528233786467,
    0.642194431665,0.755364322913,0.873556121598,1.),.UNSPECIFIED.);
#6110 = CARTESIAN_POINT('',(0.105354945315,0.901,1.671759414979E-02));
#6111 = CARTESIAN_POINT('',(0.105468684469,0.901,1.734651682594E-02));
#6112 = CARTESIAN_POINT('',(0.105690221299,0.901,1.857150867026E-02));
#6113 = CARTESIAN_POINT('',(0.1061223153,0.901,2.034502454149E-02));
#6114 = CARTESIAN_POINT('',(0.106685394065,0.901,2.198208923131E-02));
#6115 = CARTESIAN_POINT('',(0.107336453212,0.901,2.349725292308E-02));
#6116 = CARTESIAN_POINT('',(0.108039695109,0.901,2.491040918851E-02));
#6117 = CARTESIAN_POINT('',(0.108889379488,0.901,2.616936667797E-02));
#6118 = CARTESIAN_POINT('',(0.109823245943,0.901,2.730831124737E-02));
#6119 = CARTESIAN_POINT('',(0.111170822046,0.901,2.866230110284E-02));
#6120 = CARTESIAN_POINT('',(0.113097274902,0.901,3.005346915414E-02));
#6121 = CARTESIAN_POINT('',(0.115698624483,0.901,3.126246037246E-02));
#6122 = CARTESIAN_POINT('',(0.118592379546,0.901,3.19710777613E-02));
#6123 = CARTESIAN_POINT('',(0.120615402933,0.901,3.205752690577E-02));
#6124 = CARTESIAN_POINT('',(0.121661035059,0.901,3.21022095344E-02));
#6125 = ORIENTED_EDGE('',*,*,#6026,.T.);
#6126 = B_SPLINE_SURFACE_WITH_KNOTS('',3,1,(
    (#6127,#6128)
    ,(#6129,#6130)
    ,(#6131,#6132)
    ,(#6133,#6134)
    ,(#6135,#6136)
    ,(#6137,#6138)
    ,(#6139,#6140)
    ,(#6141,#6142)
    ,(#6143,#6144)
    ,(#6145,#6146)
    ,(#6147,#6148)
    ,(#6149,#6150)
    ,(#6151,#6152)
    ,(#6153,#6154)
    ,(#6155,#6156
    )),.UNSPECIFIED.,.F.,.F.,.F.,(4,1,1,1,1,1,1,1,1,1,1,1,4),(2,2),(0.,
    7.734635258732E-02,0.150652305442,0.220677485415,0.286575187134,
    0.350188469654,0.411378838716,0.469946038553,0.528233786467,
    0.642194431665,0.755364322913,0.873556121598,1.),(0.,1.),
  .UNSPECIFIED.);
#6127 = CARTESIAN_POINT('',(0.105354945315,0.901,1.671759414979E-02));
#6128 = CARTESIAN_POINT('',(0.105354945315,0.9,1.671759414979E-02));
#6129 = CARTESIAN_POINT('',(0.105468684469,0.901,1.734651682594E-02));
#6130 = CARTESIAN_POINT('',(0.105468684469,0.9,1.734651682594E-02));
#6131 = CARTESIAN_POINT('',(0.105690221299,0.901,1.857150867026E-02));
#6132 = CARTESIAN_POINT('',(0.105690221299,0.9,1.857150867026E-02));
#6133 = CARTESIAN_POINT('',(0.1061223153,0.901,2.034502454149E-02));
#6134 = CARTESIAN_POINT('',(0.1061223153,0.9,2.034502454149E-02));
#6135 = CARTESIAN_POINT('',(0.106685394065,0.901,2.198208923131E-02));
#6136 = CARTESIAN_POINT('',(0.106685394065,0.9,2.198208923131E-02));
#6137 = CARTESIAN_POINT('',(0.107336453212,0.901,2.349725292308E-02));
#6138 = CARTESIAN_POINT('',(0.107336453212,0.9,2.349725292308E-02));
#6139 = CARTESIAN_POINT('',(0.108039695109,0.901,2.491040918851E-02));
#6140 = CARTESIAN_POINT('',(0.108039695109,0.9,2.491040918851E-02));
#6141 = CARTESIAN_POINT('',(0.108889379488,0.901,2.616936667797E-02));
#6142 = CARTESIAN_POINT('',(0.108889379488,0.9,2.616936667797E-02));
#6143 = CARTESIAN_POINT('',(0.109823245943,0.901,2.730831124737E-02));
#6144 = CARTESIAN_POINT('',(0.109823245943,0.9,2.730831124737E-02));
#6145 = CARTESIAN_POINT('',(0.111170822046,0.901,2.866230110284E-02));
#6146 = CARTESIAN_POINT('',(0.111170822046,0.9,2.866230110284E-02));
#6147 = CARTESIAN_POINT('',(0.113097274902,0.901,3.005346915414E-02));
#6148 = CARTESIAN_POINT('',(0.113097274902,0.9,3.005346915414E-02));
#6149 = CARTESIAN_POINT('',(0.115698624483,0.901,3.126246037246E-02));
#6150 = CARTESIAN_POINT('',(0.115698624483,0.9,3.126246037246E-02));
#6151 = CARTESIAN_POINT('',(0.118592379546,0.901,3.19710777613E-02));
#6152 = CARTESIAN_POINT('',(0.118592379546,0.9,3.19710777613E-02));
#6153 = CARTESIAN_POINT('',(0.120615402933,0.901,3.205752690577E-02));
#6154 = CARTESIAN_POINT('',(0.120615402933,0.9,3.205752690577E-02));
#6155 = CARTESIAN_POINT('',(0.121661035059,0.901,3.21022095344E-02));
#6156 = CARTESIAN_POINT('',(0.121661035059,0.9,3.21022095344E-02));
#6157 = ADVANCED_FACE('',(#6158),#6176,.T.);
#6158 = FACE_BOUND('',#6159,.T.);
#6159 = EDGE_LOOP('',(#6160,#6161,#6169,#6175));
#6160 = ORIENTED_EDGE('',*,*,#2495,.F.);
#6161 = ORIENTED_EDGE('',*,*,#6162,.F.);
#6162 = EDGE_CURVE('',#6163,#2472,#6165,.T.);
#6163 = VERTEX_POINT('',#6164);
#6164 = CARTESIAN_POINT('',(8.740622736643E-02,0.901,1.671759414979E-02)
  );
#6165 = LINE('',#6166,#6167);
#6166 = CARTESIAN_POINT('',(8.740622736643E-02,0.901,1.671759414979E-02)
  );
#6167 = VECTOR('',#6168,1.);
#6168 = DIRECTION('',(-0.,-1.,-0.));
#6169 = ORIENTED_EDGE('',*,*,#6170,.T.);
#6170 = EDGE_CURVE('',#6163,#6101,#6171,.T.);
#6171 = LINE('',#6172,#6173);
#6172 = CARTESIAN_POINT('',(8.740622736643E-02,0.901,1.671759414979E-02)
  );
#6173 = VECTOR('',#6174,1.);
#6174 = DIRECTION('',(1.,0.,0.));
#6175 = ORIENTED_EDGE('',*,*,#6100,.T.);
#6176 = PLANE('',#6177);
#6177 = AXIS2_PLACEMENT_3D('',#6178,#6179,#6180);
#6178 = CARTESIAN_POINT('',(8.740622736643E-02,0.901,1.671759414979E-02)
  );
#6179 = DIRECTION('',(0.,0.,-1.));
#6180 = DIRECTION('',(-1.,0.,-0.));
#6181 = ADVANCED_FACE('',(#6182),#6216,.T.);
#6182 = FACE_BOUND('',#6183,.T.);
#6183 = EDGE_LOOP('',(#6184,#6185,#6193,#6215));
#6184 = ORIENTED_EDGE('',*,*,#2471,.F.);
#6185 = ORIENTED_EDGE('',*,*,#6186,.F.);
#6186 = EDGE_CURVE('',#6187,#2448,#6189,.T.);
#6187 = VERTEX_POINT('',#6188);
#6188 = CARTESIAN_POINT('',(0.120679464546,0.901,5.005092748312E-02));
#6189 = LINE('',#6190,#6191);
#6190 = CARTESIAN_POINT('',(0.120679464546,0.901,5.005092748312E-02));
#6191 = VECTOR('',#6192,1.);
#6192 = DIRECTION('',(-0.,-1.,-0.));
#6193 = ORIENTED_EDGE('',*,*,#6194,.T.);
#6194 = EDGE_CURVE('',#6187,#6163,#6195,.T.);
#6195 = B_SPLINE_CURVE_WITH_KNOTS('',3,(#6196,#6197,#6198,#6199,#6200,
    #6201,#6202,#6203,#6204,#6205,#6206,#6207,#6208,#6209,#6210,#6211,
    #6212,#6213,#6214),.UNSPECIFIED.,.F.,.F.,(4,1,1,1,1,1,1,1,1,1,1,1,1,
    1,1,1,4),(0.,6.665904530593E-02,0.130342942327,0.191936223546,
    0.251995801621,0.311121943232,0.369754799699,0.428602207934,
    0.488435845155,0.548524359472,0.608661069918,0.669235798611,
    0.730880799387,0.794196271722,0.859830406015,0.928533466102,1.),
  .UNSPECIFIED.);
#6196 = CARTESIAN_POINT('',(0.120679464546,0.901,5.005092748312E-02));
#6197 = CARTESIAN_POINT('',(0.119509595771,0.901,5.002540721167E-02));
#6198 = CARTESIAN_POINT('',(0.117222072186,0.901,4.997550569785E-02));
#6199 = CARTESIAN_POINT('',(0.113876090189,0.901,4.954358280627E-02));
#6200 = CARTESIAN_POINT('',(0.11069605102,0.901,4.884685613187E-02));
#6201 = CARTESIAN_POINT('',(0.107673839173,0.901,4.786476210977E-02));
#6202 = CARTESIAN_POINT('',(0.104821147327,0.901,4.659115399772E-02));
#6203 = CARTESIAN_POINT('',(0.102112106178,0.901,4.507457250386E-02));
#6204 = CARTESIAN_POINT('',(9.960077404113E-02,0.901,4.322754473611E-02)
  );
#6205 = CARTESIAN_POINT('',(9.725916972808E-02,0.901,4.113344901638E-02)
  );
#6206 = CARTESIAN_POINT('',(9.5139237092E-02,0.901,3.878399252165E-02));
#6207 = CARTESIAN_POINT('',(9.324451654763E-02,0.901,3.623359924253E-02)
  );
#6208 = CARTESIAN_POINT('',(9.161678701537E-02,0.901,3.347257107867E-02)
  );
#6209 = CARTESIAN_POINT('',(9.024937315542E-02,0.901,3.051270429639E-02)
  );
#6210 = CARTESIAN_POINT('',(8.915296505169E-02,0.901,2.734880639751E-02)
  );
#6211 = CARTESIAN_POINT('',(8.82881215577E-02,0.901,2.3987311329E-02));
#6212 = CARTESIAN_POINT('',(8.768401422292E-02,0.901,2.042165176964E-02)
  );
#6213 = CARTESIAN_POINT('',(8.75000320679E-02,0.901,1.796840213846E-02)
  );
#6214 = CARTESIAN_POINT('',(8.740622736643E-02,0.901,1.671759414979E-02)
  );
#6215 = ORIENTED_EDGE('',*,*,#6162,.T.);
#6216 = B_SPLINE_SURFACE_WITH_KNOTS('',3,1,(
    (#6217,#6218)
    ,(#6219,#6220)
    ,(#6221,#6222)
    ,(#6223,#6224)
    ,(#6225,#6226)
    ,(#6227,#6228)
    ,(#6229,#6230)
    ,(#6231,#6232)
    ,(#6233,#6234)
    ,(#6235,#6236)
    ,(#6237,#6238)
    ,(#6239,#6240)
    ,(#6241,#6242)
    ,(#6243,#6244)
    ,(#6245,#6246)
    ,(#6247,#6248)
    ,(#6249,#6250)
    ,(#6251,#6252)
    ,(#6253,#6254
    )),.UNSPECIFIED.,.F.,.F.,.F.,(4,1,1,1,1,1,1,1,1,1,1,1,1,1,1,1,4),(2,
    2),(0.,6.665904530593E-02,0.130342942327,0.191936223546,
    0.251995801621,0.311121943232,0.369754799699,0.428602207934,
    0.488435845155,0.548524359472,0.608661069918,0.669235798611,
    0.730880799387,0.794196271722,0.859830406015,0.928533466102,1.),(0.,
    1.),.UNSPECIFIED.);
#6217 = CARTESIAN_POINT('',(0.120679464546,0.901,5.005092748312E-02));
#6218 = CARTESIAN_POINT('',(0.120679464546,0.9,5.005092748312E-02));
#6219 = CARTESIAN_POINT('',(0.119509595771,0.901,5.002540721167E-02));
#6220 = CARTESIAN_POINT('',(0.119509595771,0.9,5.002540721167E-02));
#6221 = CARTESIAN_POINT('',(0.117222072186,0.901,4.997550569785E-02));
#6222 = CARTESIAN_POINT('',(0.117222072186,0.9,4.997550569785E-02));
#6223 = CARTESIAN_POINT('',(0.113876090189,0.901,4.954358280627E-02));
#6224 = CARTESIAN_POINT('',(0.113876090189,0.9,4.954358280627E-02));
#6225 = CARTESIAN_POINT('',(0.11069605102,0.901,4.884685613187E-02));
#6226 = CARTESIAN_POINT('',(0.11069605102,0.9,4.884685613187E-02));
#6227 = CARTESIAN_POINT('',(0.107673839173,0.901,4.786476210977E-02));
#6228 = CARTESIAN_POINT('',(0.107673839173,0.9,4.786476210977E-02));
#6229 = CARTESIAN_POINT('',(0.104821147327,0.901,4.659115399772E-02));
#6230 = CARTESIAN_POINT('',(0.104821147327,0.9,4.659115399772E-02));
#6231 = CARTESIAN_POINT('',(0.102112106178,0.901,4.507457250386E-02));
#6232 = CARTESIAN_POINT('',(0.102112106178,0.9,4.507457250386E-02));
#6233 = CARTESIAN_POINT('',(9.960077404113E-02,0.901,4.322754473611E-02)
  );
#6234 = CARTESIAN_POINT('',(9.960077404113E-02,0.9,4.322754473611E-02));
#6235 = CARTESIAN_POINT('',(9.725916972808E-02,0.901,4.113344901638E-02)
  );
#6236 = CARTESIAN_POINT('',(9.725916972808E-02,0.9,4.113344901638E-02));
#6237 = CARTESIAN_POINT('',(9.5139237092E-02,0.901,3.878399252165E-02));
#6238 = CARTESIAN_POINT('',(9.5139237092E-02,0.9,3.878399252165E-02));
#6239 = CARTESIAN_POINT('',(9.324451654763E-02,0.901,3.623359924253E-02)
  );
#6240 = CARTESIAN_POINT('',(9.324451654763E-02,0.9,3.623359924253E-02));
#6241 = CARTESIAN_POINT('',(9.161678701537E-02,0.901,3.347257107867E-02)
  );
#6242 = CARTESIAN_POINT('',(9.161678701537E-02,0.9,3.347257107867E-02));
#6243 = CARTESIAN_POINT('',(9.024937315542E-02,0.901,3.051270429639E-02)
  );
#6244 = CARTESIAN_POINT('',(9.024937315542E-02,0.9,3.051270429639E-02));
#6245 = CARTESIAN_POINT('',(8.915296505169E-02,0.901,2.734880639751E-02)
  );
#6246 = CARTESIAN_POINT('',(8.915296505169E-02,0.9,2.734880639751E-02));
#6247 = CARTESIAN_POINT('',(8.82881215577E-02,0.901,2.3987311329E-02));
#6248 = CARTESIAN_POINT('',(8.82881215577E-02,0.9,2.3987311329E-02));
#6249 = CARTESIAN_POINT('',(8.768401422292E-02,0.901,2.042165176964E-02)
  );
#6250 = CARTESIAN_POINT('',(8.768401422292E-02,0.9,2.042165176964E-02));
#6251 = CARTESIAN_POINT('',(8.75000320679E-02,0.901,1.796840213846E-02)
  );
#6252 = CARTESIAN_POINT('',(8.75000320679E-02,0.9,1.796840213846E-02));
#6253 = CARTESIAN_POINT('',(8.740622736643E-02,0.901,1.671759414979E-02)
  );
#6254 = CARTESIAN_POINT('',(8.740622736643E-02,0.9,1.671759414979E-02));
#6255 = ADVANCED_FACE('',(#6256),#6290,.T.);
#6256 = FACE_BOUND('',#6257,.T.);
#6257 = EDGE_LOOP('',(#6258,#6259,#6267,#6289));
#6258 = ORIENTED_EDGE('',*,*,#2447,.F.);
#6259 = ORIENTED_EDGE('',*,*,#6260,.F.);
#6260 = EDGE_CURVE('',#6261,#2424,#6263,.T.);
#6261 = VERTEX_POINT('',#6262);
#6262 = CARTESIAN_POINT('',(0.155354945315,0.901,1.767913261133E-02));
#6263 = LINE('',#6264,#6265);
#6264 = CARTESIAN_POINT('',(0.155354945315,0.901,1.767913261132E-02));
#6265 = VECTOR('',#6266,1.);
#6266 = DIRECTION('',(-0.,-1.,-0.));
#6267 = ORIENTED_EDGE('',*,*,#6268,.T.);
#6268 = EDGE_CURVE('',#6261,#6187,#6269,.T.);
#6269 = B_SPLINE_CURVE_WITH_KNOTS('',3,(#6270,#6271,#6272,#6273,#6274,
    #6275,#6276,#6277,#6278,#6279,#6280,#6281,#6282,#6283,#6284,#6285,
    #6286,#6287,#6288),.UNSPECIFIED.,.F.,.F.,(4,1,1,1,1,1,1,1,1,1,1,1,1,
    1,1,1,4),(0.,6.28211608051E-02,0.123870534889,0.18355416898,
    0.242266291488,0.30126488735,0.360846687496,0.42194869994,
    0.484789190858,0.548013913019,0.610412876152,0.672536447151,
    0.734828840315,0.797947254846,0.862973491004,0.930019584604,1.),
  .UNSPECIFIED.);
#6270 = CARTESIAN_POINT('',(0.155354945315,0.901,1.767913261132E-02));
#6271 = CARTESIAN_POINT('',(0.155320619647,0.901,1.87887025381E-02));
#6272 = CARTESIAN_POINT('',(0.155252936421,0.901,2.09765484576E-02));
#6273 = CARTESIAN_POINT('',(0.154822638142,0.901,2.419902159851E-02));
#6274 = CARTESIAN_POINT('',(0.154021500281,0.901,2.72713634367E-02));
#6275 = CARTESIAN_POINT('',(0.152967559045,0.901,3.022892589919E-02));
#6276 = CARTESIAN_POINT('',(0.151561715824,0.901,3.303352793416E-02));
#6277 = CARTESIAN_POINT('',(0.1499072747,0.901,3.574953132953E-02));
#6278 = CARTESIAN_POINT('',(0.147873634143,0.901,3.828274583644E-02));
#6279 = CARTESIAN_POINT('',(0.145613591855,0.901,4.070014308304E-02));
#6280 = CARTESIAN_POINT('',(0.143103683136,0.901,4.289793241576E-02));
#6281 = CARTESIAN_POINT('',(0.140382533761,0.901,4.48033168687E-02));
#6282 = CARTESIAN_POINT('',(0.137509979476,0.901,4.643847573952E-02));
#6283 = CARTESIAN_POINT('',(0.134467846441,0.901,4.776594429725E-02));
#6284 = CARTESIAN_POINT('',(0.131257191563,0.901,4.878824691138E-02));
#6285 = CARTESIAN_POINT('',(0.12788517111,0.901,4.95272143637E-02));
#6286 = CARTESIAN_POINT('',(0.124337616776,0.901,4.997932687706E-02));
#6287 = CARTESIAN_POINT('',(0.121916133384,0.901,5.002672230173E-02));
#6288 = CARTESIAN_POINT('',(0.120679464546,0.901,5.005092748312E-02));
#6289 = ORIENTED_EDGE('',*,*,#6186,.T.);
#6290 = B_SPLINE_SURFACE_WITH_KNOTS('',3,1,(
    (#6291,#6292)
    ,(#6293,#6294)
    ,(#6295,#6296)
    ,(#6297,#6298)
    ,(#6299,#6300)
    ,(#6301,#6302)
    ,(#6303,#6304)
    ,(#6305,#6306)
    ,(#6307,#6308)
    ,(#6309,#6310)
    ,(#6311,#6312)
    ,(#6313,#6314)
    ,(#6315,#6316)
    ,(#6317,#6318)
    ,(#6319,#6320)
    ,(#6321,#6322)
    ,(#6323,#6324)
    ,(#6325,#6326)
    ,(#6327,#6328
    )),.UNSPECIFIED.,.F.,.F.,.F.,(4,1,1,1,1,1,1,1,1,1,1,1,1,1,1,1,4),(2,
    2),(0.,6.28211608051E-02,0.123870534889,0.18355416898,0.242266291488
    ,0.30126488735,0.360846687496,0.42194869994,0.484789190858,
    0.548013913019,0.610412876152,0.672536447151,0.734828840315,
    0.797947254846,0.862973491004,0.930019584604,1.),(0.,1.),
  .UNSPECIFIED.);
#6291 = CARTESIAN_POINT('',(0.155354945315,0.901,1.767913261132E-02));
#6292 = CARTESIAN_POINT('',(0.155354945315,0.9,1.767913261132E-02));
#6293 = CARTESIAN_POINT('',(0.155320619647,0.901,1.87887025381E-02));
#6294 = CARTESIAN_POINT('',(0.155320619647,0.9,1.87887025381E-02));
#6295 = CARTESIAN_POINT('',(0.155252936421,0.901,2.09765484576E-02));
#6296 = CARTESIAN_POINT('',(0.155252936421,0.9,2.09765484576E-02));
#6297 = CARTESIAN_POINT('',(0.154822638142,0.901,2.419902159851E-02));
#6298 = CARTESIAN_POINT('',(0.154822638142,0.9,2.419902159851E-02));
#6299 = CARTESIAN_POINT('',(0.154021500281,0.901,2.72713634367E-02));
#6300 = CARTESIAN_POINT('',(0.154021500281,0.9,2.72713634367E-02));
#6301 = CARTESIAN_POINT('',(0.152967559045,0.901,3.022892589919E-02));
#6302 = CARTESIAN_POINT('',(0.152967559045,0.9,3.022892589919E-02));
#6303 = CARTESIAN_POINT('',(0.151561715824,0.901,3.303352793416E-02));
#6304 = CARTESIAN_POINT('',(0.151561715824,0.9,3.303352793416E-02));
#6305 = CARTESIAN_POINT('',(0.1499072747,0.901,3.574953132953E-02));
#6306 = CARTESIAN_POINT('',(0.1499072747,0.9,3.574953132953E-02));
#6307 = CARTESIAN_POINT('',(0.147873634143,0.901,3.828274583644E-02));
#6308 = CARTESIAN_POINT('',(0.147873634143,0.9,3.828274583644E-02));
#6309 = CARTESIAN_POINT('',(0.145613591855,0.901,4.070014308304E-02));
#6310 = CARTESIAN_POINT('',(0.145613591855,0.9,4.070014308304E-02));
#6311 = CARTESIAN_POINT('',(0.143103683136,0.901,4.289793241576E-02));
#6312 = CARTESIAN_POINT('',(0.143103683136,0.9,4.289793241576E-02));
#6313 = CARTESIAN_POINT('',(0.140382533761,0.901,4.48033168687E-02));
#6314 = CARTESIAN_POINT('',(0.140382533761,0.9,4.48033168687E-02));
#6315 = CARTESIAN_POINT('',(0.137509979476,0.901,4.643847573952E-02));
#6316 = CARTESIAN_POINT('',(0.137509979476,0.9,4.643847573952E-02));
#6317 = CARTESIAN_POINT('',(0.134467846441,0.901,4.776594429725E-02));
#6318 = CARTESIAN_POINT('',(0.134467846441,0.9,4.776594429725E-02));
#6319 = CARTESIAN_POINT('',(0.131257191563,0.901,4.878824691138E-02));
#6320 = CARTESIAN_POINT('',(0.131257191563,0.9,4.878824691138E-02));
#6321 = CARTESIAN_POINT('',(0.12788517111,0.901,4.95272143637E-02));
#6322 = CARTESIAN_POINT('',(0.12788517111,0.9,4.95272143637E-02));
#6323 = CARTESIAN_POINT('',(0.124337616776,0.901,4.997932687706E-02));
#6324 = CARTESIAN_POINT('',(0.124337616776,0.9,4.997932687706E-02));
#6325 = CARTESIAN_POINT('',(0.121916133384,0.901,5.002672230173E-02));
#6326 = CARTESIAN_POINT('',(0.121916133384,0.9,5.002672230173E-02));
#6327 = CARTESIAN_POINT('',(0.120679464546,0.901,5.005092748312E-02));
#6328 = CARTESIAN_POINT('',(0.120679464546,0.9,5.005092748312E-02));
#6329 = ADVANCED_FACE('',(#6330),#6364,.T.);
#6330 = FACE_BOUND('',#6331,.T.);
#6331 = EDGE_LOOP('',(#6332,#6333,#6341,#6363));
#6332 = ORIENTED_EDGE('',*,*,#2423,.F.);
#6333 = ORIENTED_EDGE('',*,*,#6334,.F.);
#6334 = EDGE_CURVE('',#6335,#2408,#6337,.T.);
#6335 = VERTEX_POINT('',#6336);
#6336 = CARTESIAN_POINT('',(0.136845329931,0.901,-7.901796875855E-03));
#6337 = LINE('',#6338,#6339);
#6338 = CARTESIAN_POINT('',(0.136845329931,0.901,-7.901796875855E-03));
#6339 = VECTOR('',#6340,1.);
#6340 = DIRECTION('',(-0.,-1.,-0.));
#6341 = ORIENTED_EDGE('',*,*,#6342,.T.);
#6342 = EDGE_CURVE('',#6335,#6261,#6343,.T.);
#6343 = B_SPLINE_CURVE_WITH_KNOTS('',3,(#6344,#6345,#6346,#6347,#6348,
    #6349,#6350,#6351,#6352,#6353,#6354,#6355,#6356,#6357,#6358,#6359,
    #6360,#6361,#6362),.UNSPECIFIED.,.F.,.F.,(4,1,1,1,1,1,1,1,1,1,1,1,1,
    1,1,1,4),(0.,6.622147296505E-02,0.130122224193,0.192921889644,
    0.254764174308,0.315756781054,0.376302843093,0.436814419049,
    0.498168159097,0.559516228481,0.620243021154,0.680969813826,
    0.742349065375,0.804583896593,0.868102397545,0.93330738018,1.),
  .UNSPECIFIED.);
#6344 = CARTESIAN_POINT('',(0.136845329931,0.901,-7.901796875855E-03));
#6345 = CARTESIAN_POINT('',(0.13755812368,0.901,-7.667771680018E-03));
#6346 = CARTESIAN_POINT('',(0.138958731427,0.901,-7.207922666762E-03));
#6347 = CARTESIAN_POINT('',(0.140949526931,0.901,-6.302255237922E-03));
#6348 = CARTESIAN_POINT('',(0.142842545973,0.901,-5.312510858299E-03));
#6349 = CARTESIAN_POINT('',(0.144605191446,0.901,-4.162688792819E-03));
#6350 = CARTESIAN_POINT('',(0.146254994987,0.901,-2.899282750661E-03));
#6351 = CARTESIAN_POINT('',(0.147781899199,0.901,-1.511492681635E-03));
#6352 = CARTESIAN_POINT('',(0.149195026979,0.901,-2.3446137589E-06));
#6353 = CARTESIAN_POINT('',(0.150471309593,0.901,1.636461194485E-03));
#6354 = CARTESIAN_POINT('',(0.151604060279,0.901,3.378715235055E-03));
#6355 = CARTESIAN_POINT('',(0.152620417153,0.901,5.184172471512E-03));
#6356 = CARTESIAN_POINT('',(0.153456935515,0.901,7.080212985276E-03));
#6357 = CARTESIAN_POINT('',(0.154165570709,0.901,9.045182717417E-03));
#6358 = CARTESIAN_POINT('',(0.154705085202,0.901,1.109674178381E-02));
#6359 = CARTESIAN_POINT('',(0.155084951615,0.901,1.322694055909E-02));
#6360 = CARTESIAN_POINT('',(0.155304523725,0.901,1.543091992027E-02));
#6361 = CARTESIAN_POINT('',(0.155338012216,0.901,1.692411460207E-02));
#6362 = CARTESIAN_POINT('',(0.155354945315,0.901,1.767913261132E-02));
#6363 = ORIENTED_EDGE('',*,*,#6260,.T.);
#6364 = B_SPLINE_SURFACE_WITH_KNOTS('',3,1,(
    (#6365,#6366)
    ,(#6367,#6368)
    ,(#6369,#6370)
    ,(#6371,#6372)
    ,(#6373,#6374)
    ,(#6375,#6376)
    ,(#6377,#6378)
    ,(#6379,#6380)
    ,(#6381,#6382)
    ,(#6383,#6384)
    ,(#6385,#6386)
    ,(#6387,#6388)
    ,(#6389,#6390)
    ,(#6391,#6392)
    ,(#6393,#6394)
    ,(#6395,#6396)
    ,(#6397,#6398)
    ,(#6399,#6400)
    ,(#6401,#6402
    )),.UNSPECIFIED.,.F.,.F.,.F.,(4,1,1,1,1,1,1,1,1,1,1,1,1,1,1,1,4),(2,
    2),(0.,6.622147296505E-02,0.130122224193,0.192921889644,
    0.254764174308,0.315756781054,0.376302843093,0.436814419049,
    0.498168159097,0.559516228481,0.620243021154,0.680969813826,
    0.742349065375,0.804583896593,0.868102397545,0.93330738018,1.),(0.,
    1.),.UNSPECIFIED.);
#6365 = CARTESIAN_POINT('',(0.136845329931,0.901,-7.901796875855E-03));
#6366 = CARTESIAN_POINT('',(0.136845329931,0.9,-7.901796875855E-03));
#6367 = CARTESIAN_POINT('',(0.13755812368,0.901,-7.667771680018E-03));
#6368 = CARTESIAN_POINT('',(0.13755812368,0.9,-7.667771680018E-03));
#6369 = CARTESIAN_POINT('',(0.138958731427,0.901,-7.207922666762E-03));
#6370 = CARTESIAN_POINT('',(0.138958731427,0.9,-7.207922666762E-03));
#6371 = CARTESIAN_POINT('',(0.140949526931,0.901,-6.302255237922E-03));
#6372 = CARTESIAN_POINT('',(0.140949526931,0.9,-6.302255237922E-03));
#6373 = CARTESIAN_POINT('',(0.142842545973,0.901,-5.312510858299E-03));
#6374 = CARTESIAN_POINT('',(0.142842545973,0.9,-5.312510858299E-03));
#6375 = CARTESIAN_POINT('',(0.144605191446,0.901,-4.162688792819E-03));
#6376 = CARTESIAN_POINT('',(0.144605191446,0.9,-4.162688792819E-03));
#6377 = CARTESIAN_POINT('',(0.146254994987,0.901,-2.899282750661E-03));
#6378 = CARTESIAN_POINT('',(0.146254994987,0.9,-2.899282750661E-03));
#6379 = CARTESIAN_POINT('',(0.147781899199,0.901,-1.511492681635E-03));
#6380 = CARTESIAN_POINT('',(0.147781899199,0.9,-1.511492681635E-03));
#6381 = CARTESIAN_POINT('',(0.149195026979,0.901,-2.3446137589E-06));
#6382 = CARTESIAN_POINT('',(0.149195026979,0.9,-2.3446137589E-06));
#6383 = CARTESIAN_POINT('',(0.150471309593,0.901,1.636461194485E-03));
#6384 = CARTESIAN_POINT('',(0.150471309593,0.9,1.636461194485E-03));
#6385 = CARTESIAN_POINT('',(0.151604060279,0.901,3.378715235055E-03));
#6386 = CARTESIAN_POINT('',(0.151604060279,0.9,3.378715235055E-03));
#6387 = CARTESIAN_POINT('',(0.152620417153,0.901,5.184172471512E-03));
#6388 = CARTESIAN_POINT('',(0.152620417153,0.9,5.184172471512E-03));
#6389 = CARTESIAN_POINT('',(0.153456935515,0.901,7.080212985276E-03));
#6390 = CARTESIAN_POINT('',(0.153456935515,0.9,7.080212985276E-03));
#6391 = CARTESIAN_POINT('',(0.154165570709,0.901,9.045182717417E-03));
#6392 = CARTESIAN_POINT('',(0.154165570709,0.9,9.045182717417E-03));
#6393 = CARTESIAN_POINT('',(0.154705085202,0.901,1.109674178381E-02));
#6394 = CARTESIAN_POINT('',(0.154705085202,0.9,1.109674178381E-02));
#6395 = CARTESIAN_POINT('',(0.155084951615,0.901,1.322694055909E-02));
#6396 = CARTESIAN_POINT('',(0.155084951615,0.9,1.322694055909E-02));
#6397 = CARTESIAN_POINT('',(0.155304523725,0.901,1.543091992027E-02));
#6398 = CARTESIAN_POINT('',(0.155304523725,0.9,1.543091992027E-02));
#6399 = CARTESIAN_POINT('',(0.155338012216,0.901,1.692411460207E-02));
#6400 = CARTESIAN_POINT('',(0.155338012216,0.9,1.692411460207E-02));
#6401 = CARTESIAN_POINT('',(0.155354945315,0.901,1.767913261132E-02));
#6402 = CARTESIAN_POINT('',(0.155354945315,0.9,1.767913261132E-02));
#6403 = ADVANCED_FACE('',(#6404),#6430,.T.);
#6404 = FACE_BOUND('',#6405,.T.);
#6405 = EDGE_LOOP('',(#6406,#6407,#6415,#6429));
#6406 = ORIENTED_EDGE('',*,*,#2407,.F.);
#6407 = ORIENTED_EDGE('',*,*,#6408,.F.);
#6408 = EDGE_CURVE('',#6409,#2384,#6411,.T.);
#6409 = VERTEX_POINT('',#6410);
#6410 = CARTESIAN_POINT('',(0.150226740187,0.901,-2.885532251688E-02));
#6411 = LINE('',#6412,#6413);
#6412 = CARTESIAN_POINT('',(0.150226740187,0.901,-2.885532251688E-02));
#6413 = VECTOR('',#6414,1.);
#6414 = DIRECTION('',(-0.,-1.,-0.));
#6415 = ORIENTED_EDGE('',*,*,#6416,.T.);
#6416 = EDGE_CURVE('',#6409,#6335,#6417,.T.);
#6417 = B_SPLINE_CURVE_WITH_KNOTS('',3,(#6418,#6419,#6420,#6421,#6422,
    #6423,#6424,#6425,#6426,#6427,#6428),.UNSPECIFIED.,.F.,.F.,(4,1,1,1,
    1,1,1,1,4),(0.,0.124100703454,0.244316130375,0.364465940832,
    0.485853993067,0.608914794177,0.734300918759,0.863942816946,1.),
  .UNSPECIFIED.);
#6418 = CARTESIAN_POINT('',(0.150226740187,0.901,-2.885532251688E-02));
#6419 = CARTESIAN_POINT('',(0.150185054897,0.901,-2.777011761659E-02));
#6420 = CARTESIAN_POINT('',(0.150102989376,0.901,-2.563368281385E-02));
#6421 = CARTESIAN_POINT('',(0.149429582366,0.901,-2.250685174674E-02));
#6422 = CARTESIAN_POINT('',(0.148375517276,0.901,-1.951704324109E-02));
#6423 = CARTESIAN_POINT('',(0.146852817731,0.901,-1.670608921638E-02));
#6424 = CARTESIAN_POINT('',(0.144949055474,0.901,-1.40816395074E-02));
#6425 = CARTESIAN_POINT('',(0.142613202944,0.901,-1.173143734823E-02));
#6426 = CARTESIAN_POINT('',(0.139911791286,0.901,-9.618634755213E-03));
#6427 = CARTESIAN_POINT('',(0.137883805571,0.901,-8.4832143829E-03));
#6428 = CARTESIAN_POINT('',(0.136845329931,0.901,-7.901796875855E-03));
#6429 = ORIENTED_EDGE('',*,*,#6334,.T.);
#6430 = B_SPLINE_SURFACE_WITH_KNOTS('',3,1,(
    (#6431,#6432)
    ,(#6433,#6434)
    ,(#6435,#6436)
    ,(#6437,#6438)
    ,(#6439,#6440)
    ,(#6441,#6442)
    ,(#6443,#6444)
    ,(#6445,#6446)
    ,(#6447,#6448)
    ,(#6449,#6450)
    ,(#6451,#6452
  )),.UNSPECIFIED.,.F.,.F.,.F.,(4,1,1,1,1,1,1,1,4),(2,2),(0.,
    0.124100703454,0.244316130375,0.364465940832,0.485853993067,
    0.608914794177,0.734300918759,0.863942816946,1.),(0.,1.),
  .UNSPECIFIED.);
#6431 = CARTESIAN_POINT('',(0.150226740187,0.901,-2.885532251688E-02));
#6432 = CARTESIAN_POINT('',(0.150226740187,0.9,-2.885532251688E-02));
#6433 = CARTESIAN_POINT('',(0.150185054897,0.901,-2.777011761659E-02));
#6434 = CARTESIAN_POINT('',(0.150185054897,0.9,-2.777011761659E-02));
#6435 = CARTESIAN_POINT('',(0.150102989376,0.901,-2.563368281385E-02));
#6436 = CARTESIAN_POINT('',(0.150102989376,0.9,-2.563368281385E-02));
#6437 = CARTESIAN_POINT('',(0.149429582366,0.901,-2.250685174674E-02));
#6438 = CARTESIAN_POINT('',(0.149429582366,0.9,-2.250685174674E-02));
#6439 = CARTESIAN_POINT('',(0.148375517276,0.901,-1.951704324109E-02));
#6440 = CARTESIAN_POINT('',(0.148375517276,0.9,-1.951704324109E-02));
#6441 = CARTESIAN_POINT('',(0.146852817731,0.901,-1.670608921638E-02));
#6442 = CARTESIAN_POINT('',(0.146852817731,0.9,-1.670608921638E-02));
#6443 = CARTESIAN_POINT('',(0.144949055474,0.901,-1.40816395074E-02));
#6444 = CARTESIAN_POINT('',(0.144949055474,0.9,-1.40816395074E-02));
#6445 = CARTESIAN_POINT('',(0.142613202944,0.901,-1.173143734823E-02));
#6446 = CARTESIAN_POINT('',(0.142613202944,0.9,-1.173143734823E-02));
#6447 = CARTESIAN_POINT('',(0.139911791286,0.901,-9.618634755213E-03));
#6448 = CARTESIAN_POINT('',(0.139911791286,0.9,-9.618634755213E-03));
#6449 = CARTESIAN_POINT('',(0.137883805571,0.901,-8.4832143829E-03));
#6450 = CARTESIAN_POINT('',(0.137883805571,0.9,-8.4832143829E-03));
#6451 = CARTESIAN_POINT('',(0.136845329931,0.901,-7.901796875855E-03));
#6452 = CARTESIAN_POINT('',(0.136845329931,0.9,-7.901796875855E-03));
#6453 = ADVANCED_FACE('',(#6454),#6488,.T.);
#6454 = FACE_BOUND('',#6455,.T.);
#6455 = EDGE_LOOP('',(#6456,#6457,#6465,#6487));
#6456 = ORIENTED_EDGE('',*,*,#2383,.F.);
#6457 = ORIENTED_EDGE('',*,*,#6458,.F.);
#6458 = EDGE_CURVE('',#6459,#2368,#6461,.T.);
#6459 = VERTEX_POINT('',#6460);
#6460 = CARTESIAN_POINT('',(0.1223020607,0.901,-5.507727764509E-02));
#6461 = LINE('',#6462,#6463);
#6462 = CARTESIAN_POINT('',(0.1223020607,0.901,-5.507727764509E-02));
#6463 = VECTOR('',#6464,1.);
#6464 = DIRECTION('',(-0.,-1.,-0.));
#6465 = ORIENTED_EDGE('',*,*,#6466,.T.);
#6466 = EDGE_CURVE('',#6459,#6409,#6467,.T.);
#6467 = B_SPLINE_CURVE_WITH_KNOTS('',3,(#6468,#6469,#6470,#6471,#6472,
    #6473,#6474,#6475,#6476,#6477,#6478,#6479,#6480,#6481,#6482,#6483,
    #6484,#6485,#6486),.UNSPECIFIED.,.F.,.F.,(4,1,1,1,1,1,1,1,1,1,1,1,1,
    1,1,1,4),(0.,6.821391069664E-02,0.134094802713,0.198285615136,
    0.261160186189,0.32363465429,0.386366750156,0.449642385896,
    0.514244902031,0.578413338421,0.640374686037,0.700614849735,
    0.760103977171,0.81929898001,0.878465983635,0.938360401689,1.),
  .UNSPECIFIED.);
#6468 = CARTESIAN_POINT('',(0.1223020607,0.901,-5.507727764509E-02));
#6469 = CARTESIAN_POINT('',(0.123271271107,0.901,-5.505439648655E-02));
#6470 = CARTESIAN_POINT('',(0.125176543463,0.901,-5.500941673963E-02));
#6471 = CARTESIAN_POINT('',(0.127976814425,0.901,-5.464834374033E-02));
#6472 = CARTESIAN_POINT('',(0.130646638442,0.901,-5.401506190712E-02));
#6473 = CARTESIAN_POINT('',(0.133214236334,0.901,-5.318706012173E-02));
#6474 = CARTESIAN_POINT('',(0.1356418471,0.901,-5.206042531073E-02));
#6475 = CARTESIAN_POINT('',(0.137983050465,0.901,-5.075264209118E-02));
#6476 = CARTESIAN_POINT('',(0.140172433126,0.901,-4.914859162608E-02));
#6477 = CARTESIAN_POINT('',(0.14221511782,0.901,-4.733617602642E-02));
#6478 = CARTESIAN_POINT('',(0.1440917133,0.901,-4.537587113213E-02));
#6479 = CARTESIAN_POINT('',(0.145716853209,0.901,-4.328046641319E-02));
#6480 = CARTESIAN_POINT('',(0.14711401515,0.901,-4.110593495847E-02));
#6481 = CARTESIAN_POINT('',(0.148265091788,0.901,-3.883421052761E-02));
#6482 = CARTESIAN_POINT('',(0.149150113299,0.901,-3.64614490867E-02));
#6483 = CARTESIAN_POINT('',(0.149764344476,0.901,-3.40013577573E-02));
#6484 = CARTESIAN_POINT('',(0.150166373694,0.901,-3.145936491837E-02));
#6485 = CARTESIAN_POINT('',(0.15020642631,0.901,-2.973160662524E-02));
#6486 = CARTESIAN_POINT('',(0.150226740187,0.901,-2.885532251688E-02));
#6487 = ORIENTED_EDGE('',*,*,#6408,.T.);
#6488 = B_SPLINE_SURFACE_WITH_KNOTS('',3,1,(
    (#6489,#6490)
    ,(#6491,#6492)
    ,(#6493,#6494)
    ,(#6495,#6496)
    ,(#6497,#6498)
    ,(#6499,#6500)
    ,(#6501,#6502)
    ,(#6503,#6504)
    ,(#6505,#6506)
    ,(#6507,#6508)
    ,(#6509,#6510)
    ,(#6511,#6512)
    ,(#6513,#6514)
    ,(#6515,#6516)
    ,(#6517,#6518)
    ,(#6519,#6520)
    ,(#6521,#6522)
    ,(#6523,#6524)
    ,(#6525,#6526
    )),.UNSPECIFIED.,.F.,.F.,.F.,(4,1,1,1,1,1,1,1,1,1,1,1,1,1,1,1,4),(2,
    2),(0.,6.821391069664E-02,0.134094802713,0.198285615136,
    0.261160186189,0.32363465429,0.386366750156,0.449642385896,
    0.514244902031,0.578413338421,0.640374686037,0.700614849735,
    0.760103977171,0.81929898001,0.878465983635,0.938360401689,1.),(0.,
    1.),.UNSPECIFIED.);
#6489 = CARTESIAN_POINT('',(0.1223020607,0.901,-5.507727764509E-02));
#6490 = CARTESIAN_POINT('',(0.1223020607,0.9,-5.507727764509E-02));
#6491 = CARTESIAN_POINT('',(0.123271271107,0.901,-5.505439648655E-02));
#6492 = CARTESIAN_POINT('',(0.123271271107,0.9,-5.505439648655E-02));
#6493 = CARTESIAN_POINT('',(0.125176543463,0.901,-5.500941673963E-02));
#6494 = CARTESIAN_POINT('',(0.125176543463,0.9,-5.500941673963E-02));
#6495 = CARTESIAN_POINT('',(0.127976814425,0.901,-5.464834374033E-02));
#6496 = CARTESIAN_POINT('',(0.127976814425,0.9,-5.464834374033E-02));
#6497 = CARTESIAN_POINT('',(0.130646638442,0.901,-5.401506190712E-02));
#6498 = CARTESIAN_POINT('',(0.130646638442,0.9,-5.401506190712E-02));
#6499 = CARTESIAN_POINT('',(0.133214236334,0.901,-5.318706012173E-02));
#6500 = CARTESIAN_POINT('',(0.133214236334,0.9,-5.318706012173E-02));
#6501 = CARTESIAN_POINT('',(0.1356418471,0.901,-5.206042531073E-02));
#6502 = CARTESIAN_POINT('',(0.1356418471,0.9,-5.206042531073E-02));
#6503 = CARTESIAN_POINT('',(0.137983050465,0.901,-5.075264209118E-02));
#6504 = CARTESIAN_POINT('',(0.137983050465,0.9,-5.075264209118E-02));
#6505 = CARTESIAN_POINT('',(0.140172433126,0.901,-4.914859162608E-02));
#6506 = CARTESIAN_POINT('',(0.140172433126,0.9,-4.914859162608E-02));
#6507 = CARTESIAN_POINT('',(0.14221511782,0.901,-4.733617602642E-02));
#6508 = CARTESIAN_POINT('',(0.14221511782,0.9,-4.733617602642E-02));
#6509 = CARTESIAN_POINT('',(0.1440917133,0.901,-4.537587113213E-02));
#6510 = CARTESIAN_POINT('',(0.1440917133,0.9,-4.537587113213E-02));
#6511 = CARTESIAN_POINT('',(0.145716853209,0.901,-4.328046641319E-02));
#6512 = CARTESIAN_POINT('',(0.145716853209,0.9,-4.328046641319E-02));
#6513 = CARTESIAN_POINT('',(0.14711401515,0.901,-4.110593495847E-02));
#6514 = CARTESIAN_POINT('',(0.14711401515,0.9,-4.110593495847E-02));
#6515 = CARTESIAN_POINT('',(0.148265091788,0.901,-3.883421052761E-02));
#6516 = CARTESIAN_POINT('',(0.148265091788,0.9,-3.883421052761E-02));
#6517 = CARTESIAN_POINT('',(0.149150113299,0.901,-3.64614490867E-02));
#6518 = CARTESIAN_POINT('',(0.149150113299,0.9,-3.64614490867E-02));
#6519 = CARTESIAN_POINT('',(0.149764344476,0.901,-3.40013577573E-02));
#6520 = CARTESIAN_POINT('',(0.149764344476,0.9,-3.40013577573E-02));
#6521 = CARTESIAN_POINT('',(0.150166373694,0.901,-3.145936491837E-02));
#6522 = CARTESIAN_POINT('',(0.150166373694,0.9,-3.145936491837E-02));
#6523 = CARTESIAN_POINT('',(0.15020642631,0.901,-2.973160662524E-02));
#6524 = CARTESIAN_POINT('',(0.15020642631,0.9,-2.973160662524E-02));
#6525 = CARTESIAN_POINT('',(0.150226740187,0.901,-2.885532251688E-02));
#6526 = CARTESIAN_POINT('',(0.150226740187,0.9,-2.885532251688E-02));
#6527 = ADVANCED_FACE('',(#6528),#6554,.T.);
#6528 = FACE_BOUND('',#6529,.T.);
#6529 = EDGE_LOOP('',(#6530,#6531,#6539,#6553));
#6530 = ORIENTED_EDGE('',*,*,#2367,.F.);
#6531 = ORIENTED_EDGE('',*,*,#6532,.F.);
#6532 = EDGE_CURVE('',#6533,#2352,#6535,.T.);
#6533 = VERTEX_POINT('',#6534);
#6534 = CARTESIAN_POINT('',(0.100206708136,0.901,-4.578240585021E-02));
#6535 = LINE('',#6536,#6537);
#6536 = CARTESIAN_POINT('',(0.100206708136,0.901,-4.578240585021E-02));
#6537 = VECTOR('',#6538,1.);
#6538 = DIRECTION('',(-0.,-1.,-0.));
#6539 = ORIENTED_EDGE('',*,*,#6540,.T.);
#6540 = EDGE_CURVE('',#6533,#6459,#6541,.T.);
#6541 = B_SPLINE_CURVE_WITH_KNOTS('',3,(#6542,#6543,#6544,#6545,#6546,
    #6547,#6548,#6549,#6550,#6551,#6552),.UNSPECIFIED.,.F.,.F.,(4,1,1,1,
    1,1,1,1,4),(0.,0.127406863811,0.251105538765,0.372907791639,
    0.494496301598,0.616171436208,0.740562898173,0.867604850605,1.),
  .UNSPECIFIED.);
#6542 = CARTESIAN_POINT('',(0.100206708136,0.901,-4.578240585021E-02));
#6543 = CARTESIAN_POINT('',(0.100945592617,0.901,-4.652756390793E-02));
#6544 = CARTESIAN_POINT('',(0.102401856278,0.901,-4.799619212741E-02));
#6545 = CARTESIAN_POINT('',(0.104835443655,0.901,-4.987734265223E-02));
#6546 = CARTESIAN_POINT('',(0.10738629265,0.901,-5.150535050285E-02));
#6547 = CARTESIAN_POINT('',(0.110105561664,0.901,-5.279604689753E-02));
#6548 = CARTESIAN_POINT('',(0.112950936815,0.901,-5.384071610675E-02));
#6549 = CARTESIAN_POINT('',(0.115945045519,0.901,-5.454242277509E-02));
#6550 = CARTESIAN_POINT('',(0.119075652761,0.901,-5.500801134453E-02));
#6551 = CARTESIAN_POINT('',(0.121211898367,0.901,-5.50538734404E-02));
#6552 = CARTESIAN_POINT('',(0.1223020607,0.901,-5.507727764509E-02));
#6553 = ORIENTED_EDGE('',*,*,#6458,.T.);
#6554 = B_SPLINE_SURFACE_WITH_KNOTS('',3,1,(
    (#6555,#6556)
    ,(#6557,#6558)
    ,(#6559,#6560)
    ,(#6561,#6562)
    ,(#6563,#6564)
    ,(#6565,#6566)
    ,(#6567,#6568)
    ,(#6569,#6570)
    ,(#6571,#6572)
    ,(#6573,#6574)
    ,(#6575,#6576
  )),.UNSPECIFIED.,.F.,.F.,.F.,(4,1,1,1,1,1,1,1,4),(2,2),(0.,
    0.127406863811,0.251105538765,0.372907791639,0.494496301598,
    0.616171436208,0.740562898173,0.867604850605,1.),(0.,1.),
  .UNSPECIFIED.);
#6555 = CARTESIAN_POINT('',(0.100206708136,0.901,-4.578240585021E-02));
#6556 = CARTESIAN_POINT('',(0.100206708136,0.9,-4.578240585021E-02));
#6557 = CARTESIAN_POINT('',(0.100945592617,0.901,-4.652756390793E-02));
#6558 = CARTESIAN_POINT('',(0.100945592617,0.9,-4.652756390793E-02));
#6559 = CARTESIAN_POINT('',(0.102401856278,0.901,-4.799619212741E-02));
#6560 = CARTESIAN_POINT('',(0.102401856278,0.9,-4.799619212741E-02));
#6561 = CARTESIAN_POINT('',(0.104835443655,0.901,-4.987734265223E-02));
#6562 = CARTESIAN_POINT('',(0.104835443655,0.9,-4.987734265223E-02));
#6563 = CARTESIAN_POINT('',(0.10738629265,0.901,-5.150535050285E-02));
#6564 = CARTESIAN_POINT('',(0.10738629265,0.9,-5.150535050285E-02));
#6565 = CARTESIAN_POINT('',(0.110105561664,0.901,-5.279604689753E-02));
#6566 = CARTESIAN_POINT('',(0.110105561664,0.9,-5.279604689753E-02));
#6567 = CARTESIAN_POINT('',(0.112950936815,0.901,-5.384071610675E-02));
#6568 = CARTESIAN_POINT('',(0.112950936815,0.9,-5.384071610675E-02));
#6569 = CARTESIAN_POINT('',(0.115945045519,0.901,-5.454242277509E-02));
#6570 = CARTESIAN_POINT('',(0.115945045519,0.9,-5.454242277509E-02));
#6571 = CARTESIAN_POINT('',(0.119075652761,0.901,-5.500801134453E-02));
#6572 = CARTESIAN_POINT('',(0.119075652761,0.9,-5.500801134453E-02));
#6573 = CARTESIAN_POINT('',(0.121211898367,0.901,-5.50538734404E-02));
#6574 = CARTESIAN_POINT('',(0.121211898367,0.9,-5.50538734404E-02));
#6575 = CARTESIAN_POINT('',(0.1223020607,0.901,-5.507727764509E-02));
#6576 = CARTESIAN_POINT('',(0.1223020607,0.9,-5.507727764509E-02));
#6577 = ADVANCED_FACE('',(#6578),#6604,.T.);
#6578 = FACE_BOUND('',#6579,.T.);
#6579 = EDGE_LOOP('',(#6580,#6581,#6589,#6603));
#6580 = ORIENTED_EDGE('',*,*,#2351,.F.);
#6581 = ORIENTED_EDGE('',*,*,#6582,.F.);
#6582 = EDGE_CURVE('',#6583,#2344,#6585,.T.);
#6583 = VERTEX_POINT('',#6584);
#6584 = CARTESIAN_POINT('',(9.253443249464E-02,0.901,-2.815420072201E-02
    ));
#6585 = LINE('',#6586,#6587);
#6586 = CARTESIAN_POINT('',(9.253443249464E-02,0.901,-2.815420072201E-02
    ));
#6587 = VECTOR('',#6588,1.);
#6588 = DIRECTION('',(-0.,-1.,-0.));
#6589 = ORIENTED_EDGE('',*,*,#6590,.T.);
#6590 = EDGE_CURVE('',#6583,#6533,#6591,.T.);
#6591 = B_SPLINE_CURVE_WITH_KNOTS('',3,(#6592,#6593,#6594,#6595,#6596,
    #6597,#6598,#6599,#6600,#6601,#6602),.UNSPECIFIED.,.F.,.F.,(4,1,1,1,
    1,1,1,1,4),(0.,0.138934236069,0.272371366668,0.400701979522,
    0.524915333225,0.646775011332,0.765706492503,0.883115225661,1.),
  .UNSPECIFIED.);
#6592 = CARTESIAN_POINT('',(9.253443249464E-02,0.901,-2.815420072201E-02
    ));
#6593 = CARTESIAN_POINT('',(9.266115726933E-02,0.901,-2.905139310101E-02
    ));
#6594 = CARTESIAN_POINT('',(9.290959279573E-02,0.901,-3.081027932911E-02
    ));
#6595 = CARTESIAN_POINT('',(9.350406578579E-02,0.901,-3.335670842475E-02
    ));
#6596 = CARTESIAN_POINT('',(9.42151196317E-02,0.901,-3.577217069383E-02)
  );
#6597 = CARTESIAN_POINT('',(9.510283403058E-02,0.901,-3.804901686015E-02
    ));
#6598 = CARTESIAN_POINT('',(9.614397859981E-02,0.901,-4.019130273948E-02
    ));
#6599 = CARTESIAN_POINT('',(9.73279660647E-02,0.901,-4.220637961387E-02)
  );
#6600 = CARTESIAN_POINT('',(9.86675957736E-02,0.901,-4.408559839285E-02)
  );
#6601 = CARTESIAN_POINT('',(9.969443613472E-02,0.901,-4.521764724466E-02
    ));
#6602 = CARTESIAN_POINT('',(0.100206708136,0.901,-4.578240585021E-02));
#6603 = ORIENTED_EDGE('',*,*,#6532,.T.);
#6604 = B_SPLINE_SURFACE_WITH_KNOTS('',3,1,(
    (#6605,#6606)
    ,(#6607,#6608)
    ,(#6609,#6610)
    ,(#6611,#6612)
    ,(#6613,#6614)
    ,(#6615,#6616)
    ,(#6617,#6618)
    ,(#6619,#6620)
    ,(#6621,#6622)
    ,(#6623,#6624)
    ,(#6625,#6626
  )),.UNSPECIFIED.,.F.,.F.,.F.,(4,1,1,1,1,1,1,1,4),(2,2),(0.,
    0.138934236069,0.272371366668,0.400701979522,0.524915333225,
    0.646775011332,0.765706492503,0.883115225661,1.),(0.,1.),
  .UNSPECIFIED.);
#6605 = CARTESIAN_POINT('',(9.253443249464E-02,0.901,-2.815420072201E-02
    ));
#6606 = CARTESIAN_POINT('',(9.253443249464E-02,0.9,-2.815420072201E-02)
  );
#6607 = CARTESIAN_POINT('',(9.266115726933E-02,0.901,-2.905139310101E-02
    ));
#6608 = CARTESIAN_POINT('',(9.266115726933E-02,0.9,-2.905139310101E-02)
  );
#6609 = CARTESIAN_POINT('',(9.290959279573E-02,0.901,-3.081027932911E-02
    ));
#6610 = CARTESIAN_POINT('',(9.290959279573E-02,0.9,-3.081027932911E-02)
  );
#6611 = CARTESIAN_POINT('',(9.350406578579E-02,0.901,-3.335670842475E-02
    ));
#6612 = CARTESIAN_POINT('',(9.350406578579E-02,0.9,-3.335670842475E-02)
  );
#6613 = CARTESIAN_POINT('',(9.42151196317E-02,0.901,-3.577217069383E-02)
  );
#6614 = CARTESIAN_POINT('',(9.42151196317E-02,0.9,-3.577217069383E-02));
#6615 = CARTESIAN_POINT('',(9.510283403058E-02,0.901,-3.804901686015E-02
    ));
#6616 = CARTESIAN_POINT('',(9.510283403058E-02,0.9,-3.804901686015E-02)
  );
#6617 = CARTESIAN_POINT('',(9.614397859981E-02,0.901,-4.019130273948E-02
    ));
#6618 = CARTESIAN_POINT('',(9.614397859981E-02,0.9,-4.019130273948E-02)
  );
#6619 = CARTESIAN_POINT('',(9.73279660647E-02,0.901,-4.220637961387E-02)
  );
#6620 = CARTESIAN_POINT('',(9.73279660647E-02,0.9,-4.220637961387E-02));
#6621 = CARTESIAN_POINT('',(9.86675957736E-02,0.901,-4.408559839285E-02)
  );
#6622 = CARTESIAN_POINT('',(9.86675957736E-02,0.9,-4.408559839285E-02));
#6623 = CARTESIAN_POINT('',(9.969443613472E-02,0.901,-4.521764724466E-02
    ));
#6624 = CARTESIAN_POINT('',(9.969443613472E-02,0.9,-4.521764724466E-02)
  );
#6625 = CARTESIAN_POINT('',(0.100206708136,0.901,-4.578240585021E-02));
#6626 = CARTESIAN_POINT('',(0.100206708136,0.9,-4.578240585021E-02));
#6627 = ADVANCED_FACE('',(#6628),#6639,.T.);
#6628 = FACE_BOUND('',#6629,.T.);
#6629 = EDGE_LOOP('',(#6630,#6631,#6632,#6638));
#6630 = ORIENTED_EDGE('',*,*,#2343,.F.);
#6631 = ORIENTED_EDGE('',*,*,#5783,.F.);
#6632 = ORIENTED_EDGE('',*,*,#6633,.T.);
#6633 = EDGE_CURVE('',#5768,#6583,#6634,.T.);
#6634 = LINE('',#6635,#6636);
#6635 = CARTESIAN_POINT('',(0.110483150443,0.901,-2.815420072201E-02));
#6636 = VECTOR('',#6637,1.);
#6637 = DIRECTION('',(-1.,0.,0.));
#6638 = ORIENTED_EDGE('',*,*,#6582,.T.);
#6639 = PLANE('',#6640);
#6640 = AXIS2_PLACEMENT_3D('',#6641,#6642,#6643);
#6641 = CARTESIAN_POINT('',(0.110483150443,0.901,-2.815420072201E-02));
#6642 = DIRECTION('',(0.,-0.,1.));
#6643 = DIRECTION('',(1.,0.,0.));
#6644 = ADVANCED_FACE('',(#6645),#6663,.F.);
#6645 = FACE_BOUND('',#6646,.T.);
#6646 = EDGE_LOOP('',(#6647,#6648,#6649,#6650,#6651,#6652,#6653,#6654,
    #6655,#6656,#6657,#6658,#6659,#6660,#6661,#6662));
#6647 = ORIENTED_EDGE('',*,*,#5767,.F.);
#6648 = ORIENTED_EDGE('',*,*,#5824,.F.);
#6649 = ORIENTED_EDGE('',*,*,#5874,.F.);
#6650 = ORIENTED_EDGE('',*,*,#5936,.F.);
#6651 = ORIENTED_EDGE('',*,*,#5960,.F.);
#6652 = ORIENTED_EDGE('',*,*,#6034,.F.);
#6653 = ORIENTED_EDGE('',*,*,#6108,.F.);
#6654 = ORIENTED_EDGE('',*,*,#6170,.F.);
#6655 = ORIENTED_EDGE('',*,*,#6194,.F.);
#6656 = ORIENTED_EDGE('',*,*,#6268,.F.);
#6657 = ORIENTED_EDGE('',*,*,#6342,.F.);
#6658 = ORIENTED_EDGE('',*,*,#6416,.F.);
#6659 = ORIENTED_EDGE('',*,*,#6466,.F.);
#6660 = ORIENTED_EDGE('',*,*,#6540,.F.);
#6661 = ORIENTED_EDGE('',*,*,#6590,.F.);
#6662 = ORIENTED_EDGE('',*,*,#6633,.F.);
#6663 = PLANE('',#6664);
#6664 = AXIS2_PLACEMENT_3D('',#6665,#6666,#6667);
#6665 = CARTESIAN_POINT('',(0.114863735004,0.901,-3.457334019345E-02));
#6666 = DIRECTION('',(5.2623E-13,-1.,3.91692E-12));
#6667 = DIRECTION('',(0.,-3.91692E-12,-1.));
#6668 = ( GEOMETRIC_REPRESENTATION_CONTEXT(3) 
GLOBAL_UNCERTAINTY_ASSIGNED_CONTEXT((#6672)) 
GLOBAL_UNIT_ASSIGNED_CONTEXT((#6669,#6670,#6671)) REPRESENTATION_CONTEXT
('Context #1','3D Context with UNIT and UNCERTAINTY') );
#6669 = ( LENGTH_UNIT() NAMED_UNIT(*) SI_UNIT(.MILLI.,.METRE.) );
#6670 = ( NAMED_UNIT(*) PLANE_ANGLE_UNIT() SI_UNIT($,.RADIAN.) );
#6671 = ( NAMED_UNIT(*) SI_UNIT($,.STERADIAN.) SOLID_ANGLE_UNIT() );
#6672 = UNCERTAINTY_MEASURE_WITH_UNIT(LENGTH_MEASURE(1.E-07),#6669,
  'distance_accuracy_value','confusion accuracy');
#6673 = CONTEXT_DEPENDENT_SHAPE_REPRESENTATION(#6674,#6676);
#6674 = ( REPRESENTATION_RELATIONSHIP('','',#2318,#1241) 
REPRESENTATION_RELATIONSHIP_WITH_TRANSFORMATION(#6675) 
SHAPE_REPRESENTATION_RELATIONSHIP() );
#6675 = ITEM_DEFINED_TRANSFORMATION('','',#11,#1250);
#6676 = PRODUCT_DEFINITION_SHAPE('Placement','Placement of an item',
  #6677);
#6677 = NEXT_ASSEMBLY_USAGE_OCCURRENCE('12','C0605','',#1236,#2313,$);
#6678 = PRODUCT_RELATED_PRODUCT_CATEGORY('part',$,(#2315));
#6679 = CONTEXT_DEPENDENT_SHAPE_REPRESENTATION(#6680,#6682);
#6680 = ( REPRESENTATION_RELATIONSHIP('','',#1241,#10) 
REPRESENTATION_RELATIONSHIP_WITH_TRANSFORMATION(#6681) 
SHAPE_REPRESENTATION_RELATIONSHIP() );
#6681 = ITEM_DEFINED_TRANSFORMATION('','',#11,#27);
#6682 = PRODUCT_DEFINITION_SHAPE('Placement','Placement of an item',
  #6683);
#6683 = NEXT_ASSEMBLY_USAGE_OCCURRENCE('14','C0607','',#5,#1236,$);
#6684 = MECHANICAL_DESIGN_GEOMETRIC_PRESENTATION_REPRESENTATION('',(
    #6685,#6696,#6704,#6711,#6718,#6725,#6732,#6739,#6746,#6753,#6760,
    #6767,#6774,#6781,#6788,#6795,#6802,#6809,#6816,#6823,#6830,#6837,
    #6844,#6851,#6858,#6865,#6872,#6879,#6886,#6893,#6900,#6907,#6914,
    #6921,#6928,#6935,#6942,#6949,#6956,#6963,#6970,#6977,#6984,#6991,
    #6998,#7005,#7012,#7019,#7026,#7033,#7040,#7047),#6668);
#6685 = STYLED_ITEM('color',(#6686),#2319);
#6686 = PRESENTATION_STYLE_ASSIGNMENT((#6687,#6693));
#6687 = SURFACE_STYLE_USAGE(.BOTH.,#6688);
#6688 = SURFACE_SIDE_STYLE('',(#6689));
#6689 = SURFACE_STYLE_FILL_AREA(#6690);
#6690 = FILL_AREA_STYLE('',(#6691));
#6691 = FILL_AREA_STYLE_COLOUR('',#6692);
#6692 = COLOUR_RGB('',0.901960800373,0.709803936702,0.439215698892);
#6693 = CURVE_STYLE('',#6694,POSITIVE_LENGTH_MEASURE(0.1),#6695);
#6694 = DRAUGHTING_PRE_DEFINED_CURVE_FONT('continuous');
#6695 = COLOUR_RGB('',9.803921802644E-02,9.803921802644E-02,
  9.803921802644E-02);
#6696 = OVER_RIDING_STYLED_ITEM('overriding color',(#6697),#3377,#6685);
#6697 = PRESENTATION_STYLE_ASSIGNMENT((#6698));
#6698 = SURFACE_STYLE_USAGE(.BOTH.,#6699);
#6699 = SURFACE_SIDE_STYLE('',(#6700));
#6700 = SURFACE_STYLE_FILL_AREA(#6701);
#6701 = FILL_AREA_STYLE('',(#6702));
#6702 = FILL_AREA_STYLE_COLOUR('',#6703);
#6703 = COLOUR_RGB('',0.792156867455,0.819607860991,0.933333342953);
#6704 = OVER_RIDING_STYLED_ITEM('overriding color',(#6705),#3623,#6685);
#6705 = PRESENTATION_STYLE_ASSIGNMENT((#6706));
#6706 = SURFACE_STYLE_USAGE(.BOTH.,#6707);
#6707 = SURFACE_SIDE_STYLE('',(#6708));
#6708 = SURFACE_STYLE_FILL_AREA(#6709);
#6709 = FILL_AREA_STYLE('',(#6710));
#6710 = FILL_AREA_STYLE_COLOUR('',#6703);
#6711 = OVER_RIDING_STYLED_ITEM('overriding color',(#6712),#3663,#6685);
#6712 = PRESENTATION_STYLE_ASSIGNMENT((#6713));
#6713 = SURFACE_STYLE_USAGE(.BOTH.,#6714);
#6714 = SURFACE_SIDE_STYLE('',(#6715));
#6715 = SURFACE_STYLE_FILL_AREA(#6716);
#6716 = FILL_AREA_STYLE('',(#6717));
#6717 = FILL_AREA_STYLE_COLOUR('',#6703);
#6718 = OVER_RIDING_STYLED_ITEM('overriding color',(#6719),#3698,#6685);
#6719 = PRESENTATION_STYLE_ASSIGNMENT((#6720));
#6720 = SURFACE_STYLE_USAGE(.BOTH.,#6721);
#6721 = SURFACE_SIDE_STYLE('',(#6722));
#6722 = SURFACE_STYLE_FILL_AREA(#6723);
#6723 = FILL_AREA_STYLE('',(#6724));
#6724 = FILL_AREA_STYLE_COLOUR('',#6703);
#6725 = OVER_RIDING_STYLED_ITEM('overriding color',(#6726),#3765,#6685);
#6726 = PRESENTATION_STYLE_ASSIGNMENT((#6727));
#6727 = SURFACE_STYLE_USAGE(.BOTH.,#6728);
#6728 = SURFACE_SIDE_STYLE('',(#6729));
#6729 = SURFACE_STYLE_FILL_AREA(#6730);
#6730 = FILL_AREA_STYLE('',(#6731));
#6731 = FILL_AREA_STYLE_COLOUR('',#6703);
#6732 = OVER_RIDING_STYLED_ITEM('overriding color',(#6733),#3832,#6685);
#6733 = PRESENTATION_STYLE_ASSIGNMENT((#6734));
#6734 = SURFACE_STYLE_USAGE(.BOTH.,#6735);
#6735 = SURFACE_SIDE_STYLE('',(#6736));
#6736 = SURFACE_STYLE_FILL_AREA(#6737);
#6737 = FILL_AREA_STYLE('',(#6738));
#6738 = FILL_AREA_STYLE_COLOUR('',#6703);
#6739 = OVER_RIDING_STYLED_ITEM('overriding color',(#6740),#3894,#6685);
#6740 = PRESENTATION_STYLE_ASSIGNMENT((#6741));
#6741 = SURFACE_STYLE_USAGE(.BOTH.,#6742);
#6742 = SURFACE_SIDE_STYLE('',(#6743));
#6743 = SURFACE_STYLE_FILL_AREA(#6744);
#6744 = FILL_AREA_STYLE('',(#6745));
#6745 = FILL_AREA_STYLE_COLOUR('',#6703);
#6746 = OVER_RIDING_STYLED_ITEM('overriding color',(#6747),#3975,#6685);
#6747 = PRESENTATION_STYLE_ASSIGNMENT((#6748));
#6748 = SURFACE_STYLE_USAGE(.BOTH.,#6749);
#6749 = SURFACE_SIDE_STYLE('',(#6750));
#6750 = SURFACE_STYLE_FILL_AREA(#6751);
#6751 = FILL_AREA_STYLE('',(#6752));
#6752 = FILL_AREA_STYLE_COLOUR('',#6703);
#6753 = OVER_RIDING_STYLED_ITEM('overriding color',(#6754),#4061,#6685);
#6754 = PRESENTATION_STYLE_ASSIGNMENT((#6755));
#6755 = SURFACE_STYLE_USAGE(.BOTH.,#6756);
#6756 = SURFACE_SIDE_STYLE('',(#6757));
#6757 = SURFACE_STYLE_FILL_AREA(#6758);
#6758 = FILL_AREA_STYLE('',(#6759));
#6759 = FILL_AREA_STYLE_COLOUR('',#6703);
#6760 = OVER_RIDING_STYLED_ITEM('overriding color',(#6761),#4135,#6685);
#6761 = PRESENTATION_STYLE_ASSIGNMENT((#6762));
#6762 = SURFACE_STYLE_USAGE(.BOTH.,#6763);
#6763 = SURFACE_SIDE_STYLE('',(#6764));
#6764 = SURFACE_STYLE_FILL_AREA(#6765);
#6765 = FILL_AREA_STYLE('',(#6766));
#6766 = FILL_AREA_STYLE_COLOUR('',#6703);
#6767 = OVER_RIDING_STYLED_ITEM('overriding color',(#6768),#4185,#6685);
#6768 = PRESENTATION_STYLE_ASSIGNMENT((#6769));
#6769 = SURFACE_STYLE_USAGE(.BOTH.,#6770);
#6770 = SURFACE_SIDE_STYLE('',(#6771));
#6771 = SURFACE_STYLE_FILL_AREA(#6772);
#6772 = FILL_AREA_STYLE('',(#6773));
#6773 = FILL_AREA_STYLE_COLOUR('',#6703);
#6774 = OVER_RIDING_STYLED_ITEM('overriding color',(#6775),#4241,#6685);
#6775 = PRESENTATION_STYLE_ASSIGNMENT((#6776));
#6776 = SURFACE_STYLE_USAGE(.BOTH.,#6777);
#6777 = SURFACE_SIDE_STYLE('',(#6778));
#6778 = SURFACE_STYLE_FILL_AREA(#6779);
#6779 = FILL_AREA_STYLE('',(#6780));
#6780 = FILL_AREA_STYLE_COLOUR('',#6703);
#6781 = OVER_RIDING_STYLED_ITEM('overriding color',(#6782),#4431,#6685);
#6782 = PRESENTATION_STYLE_ASSIGNMENT((#6783));
#6783 = SURFACE_STYLE_USAGE(.BOTH.,#6784);
#6784 = SURFACE_SIDE_STYLE('',(#6785));
#6785 = SURFACE_STYLE_FILL_AREA(#6786);
#6786 = FILL_AREA_STYLE('',(#6787));
#6787 = FILL_AREA_STYLE_COLOUR('',#6703);
#6788 = OVER_RIDING_STYLED_ITEM('overriding color',(#6789),#4453,#6685);
#6789 = PRESENTATION_STYLE_ASSIGNMENT((#6790));
#6790 = SURFACE_STYLE_USAGE(.BOTH.,#6791);
#6791 = SURFACE_SIDE_STYLE('',(#6792));
#6792 = SURFACE_STYLE_FILL_AREA(#6793);
#6793 = FILL_AREA_STYLE('',(#6794));
#6794 = FILL_AREA_STYLE_COLOUR('',#6703);
#6795 = OVER_RIDING_STYLED_ITEM('overriding color',(#6796),#4496,#6685);
#6796 = PRESENTATION_STYLE_ASSIGNMENT((#6797));
#6797 = SURFACE_STYLE_USAGE(.BOTH.,#6798);
#6798 = SURFACE_SIDE_STYLE('',(#6799));
#6799 = SURFACE_STYLE_FILL_AREA(#6800);
#6800 = FILL_AREA_STYLE('',(#6801));
#6801 = FILL_AREA_STYLE_COLOUR('',#6703);
#6802 = OVER_RIDING_STYLED_ITEM('overriding color',(#6803),#4547,#6685);
#6803 = PRESENTATION_STYLE_ASSIGNMENT((#6804));
#6804 = SURFACE_STYLE_USAGE(.BOTH.,#6805);
#6805 = SURFACE_SIDE_STYLE('',(#6806));
#6806 = SURFACE_STYLE_FILL_AREA(#6807);
#6807 = FILL_AREA_STYLE('',(#6808));
#6808 = FILL_AREA_STYLE_COLOUR('',#6703);
#6809 = OVER_RIDING_STYLED_ITEM('overriding color',(#6810),#4598,#6685);
#6810 = PRESENTATION_STYLE_ASSIGNMENT((#6811));
#6811 = SURFACE_STYLE_USAGE(.BOTH.,#6812);
#6812 = SURFACE_SIDE_STYLE('',(#6813));
#6813 = SURFACE_STYLE_FILL_AREA(#6814);
#6814 = FILL_AREA_STYLE('',(#6815));
#6815 = FILL_AREA_STYLE_COLOUR('',#6703);
#6816 = OVER_RIDING_STYLED_ITEM('overriding color',(#6817),#4649,#6685);
#6817 = PRESENTATION_STYLE_ASSIGNMENT((#6818));
#6818 = SURFACE_STYLE_USAGE(.BOTH.,#6819);
#6819 = SURFACE_SIDE_STYLE('',(#6820));
#6820 = SURFACE_STYLE_FILL_AREA(#6821);
#6821 = FILL_AREA_STYLE('',(#6822));
#6822 = FILL_AREA_STYLE_COLOUR('',#6703);
#6823 = OVER_RIDING_STYLED_ITEM('overriding color',(#6824),#4666,#6685);
#6824 = PRESENTATION_STYLE_ASSIGNMENT((#6825));
#6825 = SURFACE_STYLE_USAGE(.BOTH.,#6826);
#6826 = SURFACE_SIDE_STYLE('',(#6827));
#6827 = SURFACE_STYLE_FILL_AREA(#6828);
#6828 = FILL_AREA_STYLE('',(#6829));
#6829 = FILL_AREA_STYLE_COLOUR('',#6703);
#6830 = OVER_RIDING_STYLED_ITEM('overriding color',(#6831),#4678,#6685);
#6831 = PRESENTATION_STYLE_ASSIGNMENT((#6832));
#6832 = SURFACE_STYLE_USAGE(.BOTH.,#6833);
#6833 = SURFACE_SIDE_STYLE('',(#6834));
#6834 = SURFACE_STYLE_FILL_AREA(#6835);
#6835 = FILL_AREA_STYLE('',(#6836));
#6836 = FILL_AREA_STYLE_COLOUR('',#6703);
#6837 = OVER_RIDING_STYLED_ITEM('overriding color',(#6838),#4735,#6685);
#6838 = PRESENTATION_STYLE_ASSIGNMENT((#6839));
#6839 = SURFACE_STYLE_USAGE(.BOTH.,#6840);
#6840 = SURFACE_SIDE_STYLE('',(#6841));
#6841 = SURFACE_STYLE_FILL_AREA(#6842);
#6842 = FILL_AREA_STYLE('',(#6843));
#6843 = FILL_AREA_STYLE_COLOUR('',#6703);
#6844 = OVER_RIDING_STYLED_ITEM('overriding color',(#6845),#4785,#6685);
#6845 = PRESENTATION_STYLE_ASSIGNMENT((#6846));
#6846 = SURFACE_STYLE_USAGE(.BOTH.,#6847);
#6847 = SURFACE_SIDE_STYLE('',(#6848));
#6848 = SURFACE_STYLE_FILL_AREA(#6849);
#6849 = FILL_AREA_STYLE('',(#6850));
#6850 = FILL_AREA_STYLE_COLOUR('',#6703);
#6851 = OVER_RIDING_STYLED_ITEM('overriding color',(#6852),#4835,#6685);
#6852 = PRESENTATION_STYLE_ASSIGNMENT((#6853));
#6853 = SURFACE_STYLE_USAGE(.BOTH.,#6854);
#6854 = SURFACE_SIDE_STYLE('',(#6855));
#6855 = SURFACE_STYLE_FILL_AREA(#6856);
#6856 = FILL_AREA_STYLE('',(#6857));
#6857 = FILL_AREA_STYLE_COLOUR('',#6703);
#6858 = OVER_RIDING_STYLED_ITEM('overriding color',(#6859),#4890,#6685);
#6859 = PRESENTATION_STYLE_ASSIGNMENT((#6860));
#6860 = SURFACE_STYLE_USAGE(.BOTH.,#6861);
#6861 = SURFACE_SIDE_STYLE('',(#6862));
#6862 = SURFACE_STYLE_FILL_AREA(#6863);
#6863 = FILL_AREA_STYLE('',(#6864));
#6864 = FILL_AREA_STYLE_COLOUR('',#6703);
#6865 = OVER_RIDING_STYLED_ITEM('overriding color',(#6866),#5136,#6685);
#6866 = PRESENTATION_STYLE_ASSIGNMENT((#6867));
#6867 = SURFACE_STYLE_USAGE(.BOTH.,#6868);
#6868 = SURFACE_SIDE_STYLE('',(#6869));
#6869 = SURFACE_STYLE_FILL_AREA(#6870);
#6870 = FILL_AREA_STYLE('',(#6871));
#6871 = FILL_AREA_STYLE_COLOUR('',#6703);
#6872 = OVER_RIDING_STYLED_ITEM('overriding color',(#6873),#5176,#6685);
#6873 = PRESENTATION_STYLE_ASSIGNMENT((#6874));
#6874 = SURFACE_STYLE_USAGE(.BOTH.,#6875);
#6875 = SURFACE_SIDE_STYLE('',(#6876));
#6876 = SURFACE_STYLE_FILL_AREA(#6877);
#6877 = FILL_AREA_STYLE('',(#6878));
#6878 = FILL_AREA_STYLE_COLOUR('',#6703);
#6879 = OVER_RIDING_STYLED_ITEM('overriding color',(#6880),#5211,#6685);
#6880 = PRESENTATION_STYLE_ASSIGNMENT((#6881));
#6881 = SURFACE_STYLE_USAGE(.BOTH.,#6882);
#6882 = SURFACE_SIDE_STYLE('',(#6883));
#6883 = SURFACE_STYLE_FILL_AREA(#6884);
#6884 = FILL_AREA_STYLE('',(#6885));
#6885 = FILL_AREA_STYLE_COLOUR('',#6703);
#6886 = OVER_RIDING_STYLED_ITEM('overriding color',(#6887),#5278,#6685);
#6887 = PRESENTATION_STYLE_ASSIGNMENT((#6888));
#6888 = SURFACE_STYLE_USAGE(.BOTH.,#6889);
#6889 = SURFACE_SIDE_STYLE('',(#6890));
#6890 = SURFACE_STYLE_FILL_AREA(#6891);
#6891 = FILL_AREA_STYLE('',(#6892));
#6892 = FILL_AREA_STYLE_COLOUR('',#6703);
#6893 = OVER_RIDING_STYLED_ITEM('overriding color',(#6894),#5345,#6685);
#6894 = PRESENTATION_STYLE_ASSIGNMENT((#6895));
#6895 = SURFACE_STYLE_USAGE(.BOTH.,#6896);
#6896 = SURFACE_SIDE_STYLE('',(#6897));
#6897 = SURFACE_STYLE_FILL_AREA(#6898);
#6898 = FILL_AREA_STYLE('',(#6899));
#6899 = FILL_AREA_STYLE_COLOUR('',#6703);
#6900 = OVER_RIDING_STYLED_ITEM('overriding color',(#6901),#5407,#6685);
#6901 = PRESENTATION_STYLE_ASSIGNMENT((#6902));
#6902 = SURFACE_STYLE_USAGE(.BOTH.,#6903);
#6903 = SURFACE_SIDE_STYLE('',(#6904));
#6904 = SURFACE_STYLE_FILL_AREA(#6905);
#6905 = FILL_AREA_STYLE('',(#6906));
#6906 = FILL_AREA_STYLE_COLOUR('',#6703);
#6907 = OVER_RIDING_STYLED_ITEM('overriding color',(#6908),#5488,#6685);
#6908 = PRESENTATION_STYLE_ASSIGNMENT((#6909));
#6909 = SURFACE_STYLE_USAGE(.BOTH.,#6910);
#6910 = SURFACE_SIDE_STYLE('',(#6911));
#6911 = SURFACE_STYLE_FILL_AREA(#6912);
#6912 = FILL_AREA_STYLE('',(#6913));
#6913 = FILL_AREA_STYLE_COLOUR('',#6703);
#6914 = OVER_RIDING_STYLED_ITEM('overriding color',(#6915),#5574,#6685);
#6915 = PRESENTATION_STYLE_ASSIGNMENT((#6916));
#6916 = SURFACE_STYLE_USAGE(.BOTH.,#6917);
#6917 = SURFACE_SIDE_STYLE('',(#6918));
#6918 = SURFACE_STYLE_FILL_AREA(#6919);
#6919 = FILL_AREA_STYLE('',(#6920));
#6920 = FILL_AREA_STYLE_COLOUR('',#6703);
#6921 = OVER_RIDING_STYLED_ITEM('overriding color',(#6922),#5648,#6685);
#6922 = PRESENTATION_STYLE_ASSIGNMENT((#6923));
#6923 = SURFACE_STYLE_USAGE(.BOTH.,#6924);
#6924 = SURFACE_SIDE_STYLE('',(#6925));
#6925 = SURFACE_STYLE_FILL_AREA(#6926);
#6926 = FILL_AREA_STYLE('',(#6927));
#6927 = FILL_AREA_STYLE_COLOUR('',#6703);
#6928 = OVER_RIDING_STYLED_ITEM('overriding color',(#6929),#5698,#6685);
#6929 = PRESENTATION_STYLE_ASSIGNMENT((#6930));
#6930 = SURFACE_STYLE_USAGE(.BOTH.,#6931);
#6931 = SURFACE_SIDE_STYLE('',(#6932));
#6932 = SURFACE_STYLE_FILL_AREA(#6933);
#6933 = FILL_AREA_STYLE('',(#6934));
#6934 = FILL_AREA_STYLE_COLOUR('',#6703);
#6935 = OVER_RIDING_STYLED_ITEM('overriding color',(#6936),#5754,#6685);
#6936 = PRESENTATION_STYLE_ASSIGNMENT((#6937));
#6937 = SURFACE_STYLE_USAGE(.BOTH.,#6938);
#6938 = SURFACE_SIDE_STYLE('',(#6939));
#6939 = SURFACE_STYLE_FILL_AREA(#6940);
#6940 = FILL_AREA_STYLE('',(#6941));
#6941 = FILL_AREA_STYLE_COLOUR('',#6703);
#6942 = OVER_RIDING_STYLED_ITEM('overriding color',(#6943),#5811,#6685);
#6943 = PRESENTATION_STYLE_ASSIGNMENT((#6944));
#6944 = SURFACE_STYLE_USAGE(.BOTH.,#6945);
#6945 = SURFACE_SIDE_STYLE('',(#6946));
#6946 = SURFACE_STYLE_FILL_AREA(#6947);
#6947 = FILL_AREA_STYLE('',(#6948));
#6948 = FILL_AREA_STYLE_COLOUR('',#6703);
#6949 = OVER_RIDING_STYLED_ITEM('overriding color',(#6950),#5861,#6685);
#6950 = PRESENTATION_STYLE_ASSIGNMENT((#6951));
#6951 = SURFACE_STYLE_USAGE(.BOTH.,#6952);
#6952 = SURFACE_SIDE_STYLE('',(#6953));
#6953 = SURFACE_STYLE_FILL_AREA(#6954);
#6954 = FILL_AREA_STYLE('',(#6955));
#6955 = FILL_AREA_STYLE_COLOUR('',#6703);
#6956 = OVER_RIDING_STYLED_ITEM('overriding color',(#6957),#5923,#6685);
#6957 = PRESENTATION_STYLE_ASSIGNMENT((#6958));
#6958 = SURFACE_STYLE_USAGE(.BOTH.,#6959);
#6959 = SURFACE_SIDE_STYLE('',(#6960));
#6960 = SURFACE_STYLE_FILL_AREA(#6961);
#6961 = FILL_AREA_STYLE('',(#6962));
#6962 = FILL_AREA_STYLE_COLOUR('',#6703);
#6963 = OVER_RIDING_STYLED_ITEM('overriding color',(#6964),#5947,#6685);
#6964 = PRESENTATION_STYLE_ASSIGNMENT((#6965));
#6965 = SURFACE_STYLE_USAGE(.BOTH.,#6966);
#6966 = SURFACE_SIDE_STYLE('',(#6967));
#6967 = SURFACE_STYLE_FILL_AREA(#6968);
#6968 = FILL_AREA_STYLE('',(#6969));
#6969 = FILL_AREA_STYLE_COLOUR('',#6703);
#6970 = OVER_RIDING_STYLED_ITEM('overriding color',(#6971),#6021,#6685);
#6971 = PRESENTATION_STYLE_ASSIGNMENT((#6972));
#6972 = SURFACE_STYLE_USAGE(.BOTH.,#6973);
#6973 = SURFACE_SIDE_STYLE('',(#6974));
#6974 = SURFACE_STYLE_FILL_AREA(#6975);
#6975 = FILL_AREA_STYLE('',(#6976));
#6976 = FILL_AREA_STYLE_COLOUR('',#6703);
#6977 = OVER_RIDING_STYLED_ITEM('overriding color',(#6978),#6095,#6685);
#6978 = PRESENTATION_STYLE_ASSIGNMENT((#6979));
#6979 = SURFACE_STYLE_USAGE(.BOTH.,#6980);
#6980 = SURFACE_SIDE_STYLE('',(#6981));
#6981 = SURFACE_STYLE_FILL_AREA(#6982);
#6982 = FILL_AREA_STYLE('',(#6983));
#6983 = FILL_AREA_STYLE_COLOUR('',#6703);
#6984 = OVER_RIDING_STYLED_ITEM('overriding color',(#6985),#6157,#6685);
#6985 = PRESENTATION_STYLE_ASSIGNMENT((#6986));
#6986 = SURFACE_STYLE_USAGE(.BOTH.,#6987);
#6987 = SURFACE_SIDE_STYLE('',(#6988));
#6988 = SURFACE_STYLE_FILL_AREA(#6989);
#6989 = FILL_AREA_STYLE('',(#6990));
#6990 = FILL_AREA_STYLE_COLOUR('',#6703);
#6991 = OVER_RIDING_STYLED_ITEM('overriding color',(#6992),#6181,#6685);
#6992 = PRESENTATION_STYLE_ASSIGNMENT((#6993));
#6993 = SURFACE_STYLE_USAGE(.BOTH.,#6994);
#6994 = SURFACE_SIDE_STYLE('',(#6995));
#6995 = SURFACE_STYLE_FILL_AREA(#6996);
#6996 = FILL_AREA_STYLE('',(#6997));
#6997 = FILL_AREA_STYLE_COLOUR('',#6703);
#6998 = OVER_RIDING_STYLED_ITEM('overriding color',(#6999),#6255,#6685);
#6999 = PRESENTATION_STYLE_ASSIGNMENT((#7000));
#7000 = SURFACE_STYLE_USAGE(.BOTH.,#7001);
#7001 = SURFACE_SIDE_STYLE('',(#7002));
#7002 = SURFACE_STYLE_FILL_AREA(#7003);
#7003 = FILL_AREA_STYLE('',(#7004));
#7004 = FILL_AREA_STYLE_COLOUR('',#6703);
#7005 = OVER_RIDING_STYLED_ITEM('overriding color',(#7006),#6329,#6685);
#7006 = PRESENTATION_STYLE_ASSIGNMENT((#7007));
#7007 = SURFACE_STYLE_USAGE(.BOTH.,#7008);
#7008 = SURFACE_SIDE_STYLE('',(#7009));
#7009 = SURFACE_STYLE_FILL_AREA(#7010);
#7010 = FILL_AREA_STYLE('',(#7011));
#7011 = FILL_AREA_STYLE_COLOUR('',#6703);
#7012 = OVER_RIDING_STYLED_ITEM('overriding color',(#7013),#6403,#6685);
#7013 = PRESENTATION_STYLE_ASSIGNMENT((#7014));
#7014 = SURFACE_STYLE_USAGE(.BOTH.,#7015);
#7015 = SURFACE_SIDE_STYLE('',(#7016));
#7016 = SURFACE_STYLE_FILL_AREA(#7017);
#7017 = FILL_AREA_STYLE('',(#7018));
#7018 = FILL_AREA_STYLE_COLOUR('',#6703);
#7019 = OVER_RIDING_STYLED_ITEM('overriding color',(#7020),#6453,#6685);
#7020 = PRESENTATION_STYLE_ASSIGNMENT((#7021));
#7021 = SURFACE_STYLE_USAGE(.BOTH.,#7022);
#7022 = SURFACE_SIDE_STYLE('',(#7023));
#7023 = SURFACE_STYLE_FILL_AREA(#7024);
#7024 = FILL_AREA_STYLE('',(#7025));
#7025 = FILL_AREA_STYLE_COLOUR('',#6703);
#7026 = OVER_RIDING_STYLED_ITEM('overriding color',(#7027),#6527,#6685);
#7027 = PRESENTATION_STYLE_ASSIGNMENT((#7028));
#7028 = SURFACE_STYLE_USAGE(.BOTH.,#7029);
#7029 = SURFACE_SIDE_STYLE('',(#7030));
#7030 = SURFACE_STYLE_FILL_AREA(#7031);
#7031 = FILL_AREA_STYLE('',(#7032));
#7032 = FILL_AREA_STYLE_COLOUR('',#6703);
#7033 = OVER_RIDING_STYLED_ITEM('overriding color',(#7034),#6577,#6685);
#7034 = PRESENTATION_STYLE_ASSIGNMENT((#7035));
#7035 = SURFACE_STYLE_USAGE(.BOTH.,#7036);
#7036 = SURFACE_SIDE_STYLE('',(#7037));
#7037 = SURFACE_STYLE_FILL_AREA(#7038);
#7038 = FILL_AREA_STYLE('',(#7039));
#7039 = FILL_AREA_STYLE_COLOUR('',#6703);
#7040 = OVER_RIDING_STYLED_ITEM('overriding color',(#7041),#6627,#6685);
#7041 = PRESENTATION_STYLE_ASSIGNMENT((#7042));
#7042 = SURFACE_STYLE_USAGE(.BOTH.,#7043);
#7043 = SURFACE_SIDE_STYLE('',(#7044));
#7044 = SURFACE_STYLE_FILL_AREA(#7045);
#7045 = FILL_AREA_STYLE('',(#7046));
#7046 = FILL_AREA_STYLE_COLOUR('',#6703);
#7047 = OVER_RIDING_STYLED_ITEM('overriding color',(#7048),#6644,#6685);
#7048 = PRESENTATION_STYLE_ASSIGNMENT((#7049));
#7049 = SURFACE_STYLE_USAGE(.BOTH.,#7050);
#7050 = SURFACE_SIDE_STYLE('',(#7051));
#7051 = SURFACE_STYLE_FILL_AREA(#7052);
#7052 = FILL_AREA_STYLE('',(#7053));
#7053 = FILL_AREA_STYLE_COLOUR('',#6703);
#7054 = MECHANICAL_DESIGN_GEOMETRIC_PRESENTATION_REPRESENTATION('',(
    #7055),#585);
#7055 = STYLED_ITEM('color',(#7056),#45);
#7056 = PRESENTATION_STYLE_ASSIGNMENT((#7057,#7063));
#7057 = SURFACE_STYLE_USAGE(.BOTH.,#7058);
#7058 = SURFACE_SIDE_STYLE('',(#7059));
#7059 = SURFACE_STYLE_FILL_AREA(#7060);
#7060 = FILL_AREA_STYLE('',(#7061));
#7061 = FILL_AREA_STYLE_COLOUR('',#7062);
#7062 = COLOUR_RGB('',0.300000011149,0.,0.449999985486);
#7063 = CURVE_STYLE('',#7064,POSITIVE_LENGTH_MEASURE(0.1),#6695);
#7064 = DRAUGHTING_PRE_DEFINED_CURVE_FONT('continuous');
#7065 = MECHANICAL_DESIGN_GEOMETRIC_PRESENTATION_REPRESENTATION('',(
    #7066),#1777);
#7066 = STYLED_ITEM('color',(#7067),#1273);
#7067 = PRESENTATION_STYLE_ASSIGNMENT((#7068,#7074));
#7068 = SURFACE_STYLE_USAGE(.BOTH.,#7069);
#7069 = SURFACE_SIDE_STYLE('',(#7070));
#7070 = SURFACE_STYLE_FILL_AREA(#7071);
#7071 = FILL_AREA_STYLE('',(#7072));
#7072 = FILL_AREA_STYLE_COLOUR('',#7073);
#7073 = COLOUR_RGB('',0.941176459967,0.941176459967,0.941176459967);
#7074 = CURVE_STYLE('',#7075,POSITIVE_LENGTH_MEASURE(0.1),#6695);
#7075 = DRAUGHTING_PRE_DEFINED_CURVE_FONT('continuous');
#7076 = MECHANICAL_DESIGN_GEOMETRIC_PRESENTATION_REPRESENTATION('',(
    #7077),#1223);
#7077 = STYLED_ITEM('color',(#7078),#604);
#7078 = PRESENTATION_STYLE_ASSIGNMENT((#7079,#7085));
#7079 = SURFACE_STYLE_USAGE(.BOTH.,#7080);
#7080 = SURFACE_SIDE_STYLE('',(#7081));
#7081 = SURFACE_STYLE_FILL_AREA(#7082);
#7082 = FILL_AREA_STYLE('',(#7083));
#7083 = FILL_AREA_STYLE_COLOUR('',#7084);
#7084 = COLOUR_RGB('',0.14117647753,0.14117647753,0.14117647753);
#7085 = CURVE_STYLE('',#7086,POSITIVE_LENGTH_MEASURE(0.1),#6695);
#7086 = DRAUGHTING_PRE_DEFINED_CURVE_FONT('continuous');
#7087 = MECHANICAL_DESIGN_GEOMETRIC_PRESENTATION_REPRESENTATION('',(
    #7088),#2300);
#7088 = STYLED_ITEM('color',(#7089),#1796);
#7089 = PRESENTATION_STYLE_ASSIGNMENT((#7090,#7095));
#7090 = SURFACE_STYLE_USAGE(.BOTH.,#7091);
#7091 = SURFACE_SIDE_STYLE('',(#7092));
#7092 = SURFACE_STYLE_FILL_AREA(#7093);
#7093 = FILL_AREA_STYLE('',(#7094));
#7094 = FILL_AREA_STYLE_COLOUR('',#7073);
#7095 = CURVE_STYLE('',#7096,POSITIVE_LENGTH_MEASURE(0.1),#6695);
#7096 = DRAUGHTING_PRE_DEFINED_CURVE_FONT('continuous');
ENDSEC;
END-ISO-10303-21;
